0,0.057,-0.085,0.095,1.22,NaN,NaN,NaN
0.77346,0.057,-0.085,0.095,NaN,NaN,NaN,NaN
0.82351,0.057,-0.085,0.095,NaN,1,-1,1
0.87852,0.056,0.085,0.095,NaN,NaN,NaN,NaN
0.92851,0.056,-0.085,0.095,NaN,NaN,NaN,NaN
0.98352,0.056,-0.085,0.095,NaN,NaN,NaN,NaN
1.0335,0.056,-0.085,0.095,0,-0.009521,-0.035617,0.19893
1.0885,0.056,-0.085,0.095,0.01,-0.009448,-0.035603,0.1989
1.1437,0.056,-0.085,0.095,0.02,-0.009515,-0.035622,0.19892
1.1935,0.056,-0.085,0.094,0.03,NaN,NaN,NaN
1.2485,0.056,-0.085,0.094,0.04,-0.00952,-0.035629,0.19893
1.2985,0.056,-0.085,0.094,0.05,-0.009539,-0.035622,0.19893
1.3535,0.056,-0.085,0.094,0.06,-0.009524,-0.035629,0.19892
1.4035,0.056,-0.085,0.094,0.07,-0.009529,-0.03565,0.19893
1.4586,0.056,-0.086,0.095,0.08,-0.009537,-0.035628,0.19892
1.5086,0.056,-0.086,0.095,0.09,-0.009536,-0.035633,0.19892
1.5636,0.056,-0.086,0.095,0.1,-0.009524,-0.035621,0.19893
1.6136,0.056,-0.086,0.095,0.11,-0.009521,-0.035624,0.19892
1.6686,0.056,-0.086,0.095,0.12,-0.009521,-0.035621,0.19893
1.7186,0.056,-0.086,0.095,0.13,-0.00953,-0.035624,0.19892
1.7736,0.057,-0.086,0.096,0.14,-0.00943,-0.035677,0.19897
1.8236,0.057,-0.086,0.096,0.15,-0.009435,-0.035678,0.19899
1.8786,0.057,-0.086,0.096,0.16,-0.009424,-0.035681,0.19896
1.9286,0.057,-0.086,0.096,0.17,-0.009522,-0.035633,0.19894
1.9836,0.057,-0.086,0.096,0.18,-0.009439,-0.035666,0.19897
2.0336,0.057,-0.086,0.096,0.19,-0.009446,-0.035619,0.1989
2.0886,0.057,-0.086,0.096,0.2,-0.009515,-0.035635,0.19892
2.1436,0.057,-0.086,0.096,0.21,-0.00952,-0.035641,0.19892
2.1936,0.057,-0.086,0.096,0.22,-0.009522,-0.035645,0.19892
2.2486,0.057,-0.086,0.096,0.23,-0.009521,-0.035627,0.19892
2.2987,0.057,-0.086,0.096,0.24,-0.009507,-0.035642,0.19894
2.3537,0.057,-0.086,0.096,0.25,-0.009525,-0.035647,0.19892
2.4037,0.057,-0.086,0.096,0.26,-0.009506,-0.035639,0.19893
2.4587,0.057,-0.086,0.096,0.27,-0.009356,-0.035612,0.19897
2.5087,0.057,-0.086,0.096,0.28,-0.009525,-0.035629,0.19894
2.5637,0.057,-0.086,0.096,0.29,-0.009511,-0.035628,0.19892
2.6137,0.059,-0.086,0.097,0.3,-0.009513,-0.035641,0.19893
2.6687,0.059,-0.086,0.097,0.31,-0.009534,-0.035619,0.19893
2.7187,0.059,-0.086,0.097,0.32,-0.009438,-0.035689,0.19898
2.7737,0.059,-0.086,0.097,0.33,-0.009465,-0.035613,0.19889
2.8237,0.059,-0.086,0.097,0.34,-0.009515,-0.035635,0.19893
2.8787,0.059,-0.086,0.097,0.35,-0.009452,-0.035624,0.19889
2.9287,0.059,-0.086,0.096,0.36,-0.009448,-0.035673,0.19899
2.9838,0.059,-0.086,0.096,0.37,-0.009509,-0.035632,0.19893
3.0337,0.059,-0.086,0.096,0.38,-0.00951,-0.035628,0.19894
3.0888,0.059,-0.086,0.096,0.39,-0.009456,-0.03561,0.1989
3.1435,0.059,-0.086,0.096,0.4,-0.009442,-0.035682,0.19898
3.1937,0.059,-0.087,0.097,0.41,-0.009433,-0.035662,0.19899
3.2488,0.059,-0.087,0.097,0.42,-0.009518,-0.035611,0.19892
3.2988,0.059,-0.087,0.097,0.43,-0.009442,-0.035656,0.19898
3.3538,0.059,-0.087,0.097,0.44,-0.009438,-0.035664,0.19897
3.4038,0.059,-0.087,0.097,0.45,-0.009448,-0.035661,0.19899
3.4588,0.059,-0.087,0.097,0.46,-0.009518,-0.035617,0.19892
3.5088,0.059,-0.088,0.098,0.47,-0.009525,-0.035617,0.19892
3.5638,0.059,-0.088,0.098,0.48,-0.009379,-0.035602,0.19897
3.6139,0.059,-0.088,0.098,0.49,-0.009467,-0.035622,0.19888
3.6688,0.059,-0.088,0.098,0.5,-0.009527,-0.035637,0.19891
3.7188,0.059,-0.088,0.098,0.51,-0.009446,-0.035681,0.19898
3.7739,0.059,-0.089,0.097,0.52,-0.00945,-0.035681,0.19899
3.8238,0.059,-0.089,0.097,0.53,-0.009533,-0.035662,0.19893
3.8789,0.059,-0.089,0.097,0.54,-0.009459,-0.035674,0.19899
3.9289,0.059,-0.089,0.097,0.55,-0.009528,-0.035651,0.19892
3.9839,0.059,-0.089,0.097,0.56,-0.00947,-0.035616,0.1989
4.0339,0.059,-0.089,0.097,0.57,-0.00946,-0.035632,0.19889
4.0889,0.059,-0.089,0.096,0.58,-0.009521,-0.035642,0.19894
4.1434,0.059,-0.089,0.096,0.59,-0.00947,-0.03561,0.19889
4.1939,0.059,-0.089,0.096,0.6,-0.009541,-0.035643,0.19894
4.2489,0.059,-0.089,0.096,0.61,-0.00952,-0.035637,0.19893
4.2989,0.059,-0.089,0.096,0.62,-0.009541,-0.035636,0.19892
4.3539,0.058,-0.088,0.096,0.63,-0.009467,-0.035613,0.19889
4.4039,0.058,-0.088,0.096,0.64,-0.009527,-0.035634,0.19893
4.4589,0.058,-0.088,0.096,0.65,-0.009525,-0.035633,0.19894
4.5089,0.058,-0.088,0.096,0.66,-0.009458,-0.035615,0.1989
4.564,0.058,-0.088,0.096,0.67,-0.009544,-0.03563,0.19893
4.6139,0.058,-0.088,0.096,0.68,-0.009472,-0.035621,0.1989
4.6689,0.058,-0.087,0.096,0.69,-0.009538,-0.035626,0.19892
4.719,0.058,-0.087,0.096,0.7,-0.009534,-0.035641,0.19893
4.774,0.058,-0.087,0.096,0.71,-0.009538,-0.035631,0.19893
4.824,0.058,-0.087,0.096,0.72,-0.009534,-0.035635,0.19893
4.879,0.058,-0.087,0.096,0.73,-0.009527,-0.035626,0.19894
4.929,0.058,-0.087,0.095,0.74,-0.009529,-0.035615,0.19892
4.984,0.058,-0.087,0.095,0.75,-0.009517,-0.03564,0.19892
5.034,0.058,-0.087,0.095,0.76,-0.009519,-0.035626,0.19893
5.089,0.058,-0.087,0.095,0.77,-0.009456,-0.035668,0.19898
5.1435,0.058,-0.087,0.095,0.78,-0.009524,-0.035626,0.19892
5.194,0.058,-0.087,0.095,0.79,-0.009525,-0.035626,0.19892
5.249,0.058,-0.087,0.096,0.8,-0.009454,-0.035673,0.19897
5.299,0.058,-0.087,0.096,0.81,-0.009466,-0.03562,0.1989
5.354,0.058,-0.087,0.096,0.82,-0.009452,-0.035662,0.19898
5.4041,0.058,-0.087,0.096,0.83,-0.009448,-0.03567,0.19898
5.459,0.058,-0.087,0.096,0.84,-0.009446,-0.035677,0.19897
5.509,0.057,-0.087,0.096,0.85,-0.00953,-0.035617,0.19892
5.564,0.057,-0.087,0.096,0.86,-0.009514,-0.035632,0.19893
5.6141,0.057,-0.087,0.096,0.87,-0.009454,-0.035672,0.19898
5.6691,0.057,-0.087,0.096,0.88,-0.009531,-0.035624,0.19893
5.7191,0.057,-0.087,0.096,0.89,-0.009532,-0.035633,0.19892
5.7741,0.057,-0.087,0.097,0.9,-0.009522,-0.035608,0.19893
5.8241,0.057,-0.087,0.097,0.91,-0.00952,-0.035631,0.19891
5.8791,0.057,-0.087,0.097,0.92,-0.009523,-0.035638,0.19894
5.9291,0.057,-0.087,0.097,0.93,-0.00952,-0.03563,0.19893
5.9841,0.057,-0.087,0.097,0.94,-0.00951,-0.035626,0.19893
6.0341,0.057,-0.087,0.097,0.95,-0.009514,-0.035621,0.19893
6.0891,0.058,-0.087,0.097,0.96,-0.009513,-0.035642,0.19894
6.1443,0.058,-0.087,0.097,0.97,-0.009523,-0.035622,0.19893
6.1941,0.058,-0.087,0.097,0.98,-0.009511,-0.035632,0.19893
6.2491,0.058,-0.087,0.097,0.99,-0.009518,-0.035625,0.19892
6.2991,0.058,-0.087,0.097,1,-0.009515,-0.035641,0.19893
6.3541,0.059,-0.086,0.096,1.01,-0.009525,-0.035634,0.19893
6.4042,0.059,-0.086,0.096,1.02,-0.009525,-0.035628,0.19892
6.4592,0.059,-0.086,0.096,1.03,-0.009534,-0.035613,0.19893
6.5092,0.059,-0.086,0.096,1.04,-0.009431,-0.035676,0.19898
6.5642,0.059,-0.086,0.096,1.05,-0.00952,-0.035625,0.19892
6.6142,0.059,-0.086,0.096,1.06,-0.009519,-0.035632,0.19893
6.6692,0.059,-0.087,0.097,1.07,-0.009518,-0.035638,0.19892
6.7192,0.059,-0.087,0.097,1.08,-0.009531,-0.035632,0.19893
6.7742,0.059,-0.087,0.097,1.09,-0.00944,-0.035685,0.19898
6.8242,0.059,-0.087,0.097,1.1,-0.009467,-0.035603,0.19888
6.8793,0.059,-0.087,0.097,1.11,-0.009526,-0.035641,0.19891
6.9293,0.06,-0.086,0.096,1.12,-0.009461,-0.035633,0.19888
6.9843,0.06,-0.086,0.096,1.13,-0.00951,-0.035617,0.19893
7.0342,0.06,-0.086,0.096,1.14,-0.009467,-0.035617,0.19889
7.0892,0.06,-0.086,0.096,1.15,-0.009534,-0.035636,0.19892
7.1443,0.06,-0.086,0.096,1.16,-0.009447,-0.035682,0.19897
7.1943,0.06,-0.086,0.096,1.17,-0.009527,-0.035624,0.19892
7.2492,0.06,-0.086,0.095,1.18,-0.009518,-0.035638,0.19892
7.2993,0.06,-0.086,0.095,1.19,-0.009526,-0.035621,0.19893
7.3544,0.06,-0.086,0.095,1.2,-0.00943,-0.035684,0.19898
7.4043,0.06,-0.086,0.095,1.21,-0.00953,-0.035622,0.19893
7.4593,0.06,-0.086,0.095,1.22,-0.009526,-0.035639,0.19891
7.5093,0.06,-0.087,0.094,1.23,-0.009523,-0.035644,0.19892
7.5643,0.06,-0.087,0.094,1.24,-0.00953,-0.035623,0.19893
7.6143,0.06,-0.087,0.094,1.25,-0.009525,-0.035635,0.19892
7.6694,0.06,-0.087,0.094,1.26,-0.009529,-0.035631,0.19893
7.7193,0.06,-0.087,0.094,1.27,-0.009527,-0.035639,0.19893
7.7744,0.06,-0.087,0.094,1.28,-0.009523,-0.035641,0.19894
7.8244,0.06,-0.087,0.095,1.29,-0.009519,-0.035629,0.19893
7.8744,0.06,-0.087,0.095,1.3,-0.00951,-0.035632,0.19892
7.9244,0.06,-0.087,0.095,1.31,-0.009524,-0.035624,0.19893
7.9794,0.06,-0.087,0.095,1.32,-0.009527,-0.03564,0.19893
8.0293,0.06,-0.087,0.095,1.33,-0.009525,-0.035632,0.19892
8.0843,0.06,-0.087,0.095,1.34,-0.009529,-0.03564,0.19893
8.1344,0.06,-0.087,0.095,1.35,-0.009521,-0.035631,0.19892
8.1844,0.06,-0.087,0.095,1.36,-0.009531,-0.035644,0.19892
8.2344,0.06,-0.087,0.095,1.37,-0.009505,-0.035633,0.19893
8.2844,0.06,-0.087,0.095,1.38,-0.009449,-0.035672,0.19898
8.3344,0.06,-0.087,0.095,1.39,-0.009531,-0.035617,0.19892
8.3844,0.06,-0.087,0.095,1.4,-0.009446,-0.035675,0.19899
8.4344,0.06,-0.087,0.095,1.41,-0.009505,-0.03564,0.19892
8.4845,0.06,-0.087,0.095,1.42,-0.009442,-0.035665,0.19898
8.5344,0.06,-0.087,0.095,1.43,-0.009513,-0.035634,0.19893
8.5844,0.06,-0.087,0.095,1.44,-0.009513,-0.035638,0.19892
8.6345,0.06,-0.087,0.095,1.45,-0.009475,-0.03561,0.19888
8.6845,0.059,-0.087,0.095,1.46,-0.009451,-0.035676,0.19898
8.7345,0.059,-0.087,0.095,1.47,-0.009528,-0.035629,0.19892
8.7845,0.059,-0.087,0.095,1.48,-0.00944,-0.035675,0.19897
8.8345,0.059,-0.087,0.095,1.49,-0.009454,-0.035674,0.19898
8.8845,0.059,-0.087,0.095,1.5,-0.009521,-0.035635,0.19893
8.9345,0.059,-0.087,0.095,1.51,-0.00945,-0.035675,0.19898
8.9845,0.059,-0.087,0.093,1.52,-0.009528,-0.035628,0.19892
9.0345,0.059,-0.087,0.093,1.53,-0.00953,-0.03562,0.19893
9.0845,0.059,-0.087,0.093,1.54,-0.009533,-0.035616,0.19892
9.1345,0.059,-0.087,0.093,1.55,-0.009532,-0.035617,0.19894
9.1845,0.059,-0.087,0.093,1.56,-0.009474,-0.035607,0.1989
9.2346,0.059,-0.086,0.094,1.57,-0.009435,-0.035671,0.19898
9.2845,0.059,-0.086,0.094,1.58,-0.00952,-0.035643,0.19892
9.3345,0.059,-0.086,0.094,1.59,-0.009525,-0.035615,0.19892
9.3845,0.059,-0.086,0.094,1.6,-0.009526,-0.03564,0.19893
9.4346,0.059,-0.086,0.094,1.61,-0.009537,-0.03563,0.19894
9.4846,0.059,-0.086,0.094,1.62,-0.009528,-0.035643,0.19893
9.5346,0.058,-0.086,0.094,1.63,-0.009525,-0.035634,0.19892
9.5846,0.058,-0.086,0.094,1.64,-0.00953,-0.035641,0.19893
9.6346,0.058,-0.086,0.094,1.65,-0.009526,-0.035649,0.19892
9.6846,0.058,-0.086,0.094,1.66,-0.009534,-0.035635,0.19892
9.7346,0.058,-0.086,0.094,1.67,-0.009526,-0.035627,0.19892
9.7846,0.058,-0.086,0.094,1.68,-0.009521,-0.035639,0.19893
9.8346,0.058,-0.086,0.094,1.69,-0.009532,-0.035639,0.19893
9.8846,0.058,-0.086,0.094,1.7,-0.009519,-0.035626,0.19892
9.9346,0.058,-0.086,0.094,1.71,-0.00952,-0.035636,0.19893
9.9846,0.058,-0.086,0.094,1.72,-0.009525,-0.035643,0.19892
10.035,0.058,-0.086,0.094,1.73,-0.009528,-0.035626,0.19892
10.085,0.058,-0.086,0.094,1.74,-0.009525,-0.035617,0.19892
10.135,0.059,-0.086,0.095,1.75,-0.009527,-0.035628,0.19892
10.185,0.059,-0.086,0.095,1.76,-0.009517,-0.035629,0.19893
10.235,0.059,-0.086,0.095,1.77,-0.009544,-0.035639,0.19892
10.285,0.059,-0.086,0.095,1.78,-0.009522,-0.035635,0.19891
10.335,0.059,-0.086,0.095,1.79,-0.00953,-0.035622,0.19893
10.385,0.06,-0.086,0.095,1.8,-0.00945,-0.035613,0.19888
10.435,0.06,-0.086,0.095,1.81,-0.009519,-0.035623,0.19892
10.485,0.06,-0.086,0.095,1.82,-0.009456,-0.0356,0.19889
10.535,0.06,-0.086,0.095,1.83,-0.009461,-0.03562,0.19888
10.585,0.06,-0.086,0.095,1.84,-0.009443,-0.035602,0.19889
10.635,0.06,-0.086,0.095,1.85,-0.009444,-0.035662,0.19897
10.685,0.06,-0.086,0.095,1.86,-0.009517,-0.035629,0.19892
10.735,0.06,-0.086,0.095,1.87,-0.009523,-0.035628,0.19892
10.785,0.06,-0.086,0.095,1.88,-0.009515,-0.03562,0.19892
10.835,0.06,-0.086,0.095,1.89,-0.009442,-0.035678,0.19898
10.885,0.06,-0.086,0.095,1.9,-0.00951,-0.035622,0.19893
10.935,0.06,-0.086,0.095,1.91,-0.00946,-0.035597,0.19889
10.985,0.061,-0.087,0.095,1.92,-0.009508,-0.035622,0.19892
11.035,0.061,-0.087,0.095,1.93,-0.009505,-0.035619,0.19892
11.085,0.061,-0.087,0.095,1.94,-0.009526,-0.035645,0.19894
11.135,0.061,-0.087,0.095,1.95,-0.009544,-0.035623,0.19893
11.185,0.061,-0.087,0.095,1.96,-0.009523,-0.035626,0.19893
11.235,0.061,-0.087,0.095,1.97,-0.009529,-0.035636,0.19892
11.285,0.06,-0.087,0.095,1.98,-0.009526,-0.035631,0.19893
11.335,0.06,-0.087,0.095,1.99,-0.009524,-0.035642,0.19893
11.385,0.06,-0.087,0.095,2,-0.009525,-0.03564,0.19892
11.435,0.06,-0.087,0.095,2.01,-0.009516,-0.035615,0.19892
11.485,0.06,-0.087,0.095,2.02,-0.009437,-0.035679,0.19898
11.535,0.06,-0.087,0.095,2.03,-0.009451,-0.035604,0.19889
11.585,0.06,-0.087,0.095,2.04,-0.009434,-0.035672,0.19897
11.635,0.06,-0.087,0.095,2.05,-0.009523,-0.035653,0.19893
11.685,0.06,-0.087,0.095,2.06,-0.009539,-0.035619,0.19892
11.735,0.06,-0.087,0.095,2.07,-0.009524,-0.035629,0.19892
11.785,0.06,-0.087,0.095,2.08,-0.009527,-0.035638,0.19892
11.835,0.061,-0.087,0.094,2.09,-0.009523,-0.035639,0.19892
11.885,0.061,-0.087,0.094,2.1,-0.009463,-0.035608,0.19888
11.935,0.061,-0.087,0.094,2.11,-0.009445,-0.035687,0.19897
11.985,0.061,-0.087,0.094,2.12,-0.009517,-0.035648,0.19893
12.035,0.061,-0.087,0.094,2.13,-0.009521,-0.035634,0.19892
12.085,0.061,-0.087,0.094,2.14,-0.009449,-0.035684,0.19898
12.135,0.062,-0.087,0.094,2.15,-0.009462,-0.035682,0.19898
12.185,0.062,-0.087,0.094,2.16,-0.009377,-0.035607,0.19897
12.235,0.062,-0.087,0.094,2.17,-0.009525,-0.035629,0.19892
12.285,0.062,-0.087,0.094,2.18,-0.009527,-0.035622,0.19892
12.335,0.062,-0.087,0.094,2.19,-0.009454,-0.035683,0.19897
12.385,0.062,-0.087,0.094,2.2,-0.009469,-0.035609,0.1989
12.435,0.062,-0.087,0.094,2.21,-0.009518,-0.035627,0.19893
12.485,0.062,-0.087,0.094,2.22,-0.009535,-0.035634,0.19893
12.535,0.062,-0.087,0.094,2.23,-0.009525,-0.035642,0.19892
12.585,0.062,-0.087,0.094,2.24,-0.009466,-0.035618,0.19889
12.635,0.062,-0.087,0.094,2.25,-0.009481,-0.035601,0.1989
12.685,0.062,-0.087,0.093,2.26,-0.009515,-0.035634,0.19893
12.735,0.062,-0.087,0.093,2.27,-0.009526,-0.035632,0.19892
12.785,0.062,-0.087,0.093,2.28,-0.009451,-0.035619,0.19888
12.835,0.062,-0.087,0.093,2.29,-0.009521,-0.035646,0.19892
12.885,0.062,-0.087,0.093,2.3,-0.009529,-0.03563,0.19893
12.935,0.062,-0.087,0.093,2.31,-0.009459,-0.035617,0.19889
12.985,0.061,-0.086,0.093,2.32,-0.009526,-0.035633,0.19893
13.035,0.061,-0.086,0.093,2.33,-0.009533,-0.035631,0.19892
13.085,0.061,-0.086,0.093,2.34,-0.009517,-0.035635,0.19894
13.135,0.061,-0.086,0.093,2.35,-0.009532,-0.035639,0.19893
13.185,0.061,-0.086,0.093,2.36,-0.009533,-0.035631,0.19894
13.235,0.061,-0.086,0.093,2.37,-0.00945,-0.035676,0.19898
13.285,0.061,-0.087,0.093,2.38,-0.009534,-0.035633,0.19893
13.335,0.061,-0.087,0.093,2.39,-0.00954,-0.035632,0.19892
13.385,0.061,-0.087,0.093,2.4,-0.00953,-0.035628,0.19893
13.435,0.061,-0.087,0.093,2.41,-0.00952,-0.035632,0.19894
13.485,0.061,-0.087,0.093,2.42,-0.009527,-0.035631,0.19893
13.535,0.061,-0.087,0.093,2.43,-0.009527,-0.035632,0.19893
13.585,0.061,-0.086,0.093,2.44,-0.009445,-0.035678,0.19899
13.635,0.061,-0.086,0.093,2.45,-0.009446,-0.035694,0.19898
13.685,0.061,-0.086,0.093,2.46,-0.009459,-0.03561,0.19889
13.735,0.061,-0.086,0.093,2.47,-0.009436,-0.035674,0.19898
13.785,0.061,-0.086,0.093,2.48,-0.009526,-0.035631,0.19892
13.835,0.061,-0.087,0.094,2.49,-0.009446,-0.035677,0.19898
13.885,0.061,-0.087,0.094,2.5,-0.009519,-0.035631,0.19893
13.935,0.061,-0.087,0.094,2.51,-0.009529,-0.035625,0.19892
13.985,0.061,-0.087,0.094,2.52,-0.009522,-0.035626,0.19893
14.035,0.061,-0.087,0.094,2.53,-0.009519,-0.035623,0.19891
14.085,0.061,-0.087,0.094,2.54,-0.00953,-0.035636,0.19893
14.135,0.061,-0.087,0.094,2.55,-0.009526,-0.035634,0.19892
14.185,0.061,-0.087,0.094,2.56,-0.009525,-0.035636,0.19893
14.235,0.061,-0.087,0.094,2.57,-0.009522,-0.035618,0.19892
14.285,0.061,-0.087,0.094,2.58,-0.009516,-0.035638,0.19893
14.335,0.061,-0.087,0.094,2.59,-0.009512,-0.035627,0.19893
14.385,0.061,-0.087,0.094,2.6,-0.009527,-0.035622,0.19893
14.435,0.061,-0.087,0.094,2.61,-0.009358,-0.035599,0.19897
14.485,0.061,-0.087,0.094,2.62,-0.009525,-0.035638,0.19892
14.535,0.061,-0.087,0.094,2.63,-0.009531,-0.035629,0.19892
14.585,0.061,-0.087,0.094,2.64,-0.009522,-0.035627,0.19893
14.635,0.061,-0.087,0.094,2.65,-0.009542,-0.035622,0.19892
14.685,0.061,-0.087,0.094,2.66,-0.00953,-0.035631,0.19892
14.735,0.061,-0.087,0.093,2.67,-0.009519,-0.035645,0.19893
14.785,0.061,-0.087,0.093,2.68,-0.009486,-0.035619,0.19889
14.835,0.061,-0.087,0.093,2.69,-0.009517,-0.035637,0.19893
14.885,0.061,-0.087,0.093,2.7,-0.009452,-0.035683,0.19898
14.935,0.061,-0.087,0.093,2.71,-0.009471,-0.035615,0.19889
14.985,0.06,-0.087,0.092,2.72,-0.009526,-0.035639,0.19893
15.035,0.06,-0.087,0.092,2.73,-0.009544,-0.035628,0.19893
15.085,0.06,-0.087,0.092,2.74,-0.00952,-0.035629,0.19892
15.135,0.06,-0.087,0.092,2.75,-0.009472,-0.035627,0.19889
15.185,0.06,-0.087,0.092,2.76,-0.009529,-0.035626,0.19892
15.235,0.06,-0.087,0.092,2.77,-0.009518,-0.035628,0.19893
15.285,0.06,-0.087,0.093,2.78,-0.009451,-0.035674,0.19898
15.335,0.06,-0.087,0.093,2.79,-0.009531,-0.035624,0.19893
15.385,0.06,-0.087,0.093,2.8,-0.009525,-0.03564,0.19893
15.435,0.06,-0.087,0.093,2.81,-0.009451,-0.035679,0.19897
15.485,0.06,-0.087,0.093,2.82,-0.009532,-0.035636,0.19893
15.535,0.06,-0.087,0.093,2.83,-0.009521,-0.035635,0.19891
15.585,0.06,-0.087,0.093,2.84,-0.009535,-0.035621,0.19892
15.635,0.06,-0.087,0.093,2.85,-0.009529,-0.035637,0.19892
15.685,0.06,-0.087,0.093,2.86,-0.009535,-0.035647,0.19893
15.735,0.06,-0.087,0.093,2.87,-0.009542,-0.035638,0.19892
15.785,0.06,-0.087,0.093,2.88,-0.009527,-0.035644,0.19892
15.835,0.06,-0.087,0.093,2.89,-0.009536,-0.035627,0.19893
15.886,0.06,-0.087,0.094,2.9,-0.009541,-0.035637,0.19892
15.935,0.06,-0.087,0.094,2.91,-0.009535,-0.035641,0.19892
15.986,0.06,-0.087,0.094,2.92,-0.009542,-0.035631,0.19892
16.035,0.06,-0.087,0.094,2.93,-0.009549,-0.03564,0.19892
16.085,0.06,-0.087,0.094,2.94,-0.009545,-0.035637,0.19893
16.135,0.058,-0.087,0.095,2.95,-0.009532,-0.035635,0.19892
16.185,0.058,-0.087,0.095,2.96,-0.009532,-0.035639,0.19893
16.236,0.058,-0.087,0.095,2.97,-0.00952,-0.035639,0.19892
16.285,0.058,-0.087,0.095,2.98,-0.009523,-0.035628,0.19893
16.335,0.058,-0.087,0.095,2.99,-0.009512,-0.03562,0.19893
16.386,0.058,-0.087,0.095,3,-0.00952,-0.03564,0.19892
16.436,0.055,-0.087,0.095,3.01,-0.009463,-0.035612,0.19888
16.486,0.055,-0.087,0.095,3.02,-0.009516,-0.035633,0.19892
16.536,0.055,-0.087,0.095,3.03,-0.009516,-0.035633,0.19892
16.586,0.055,-0.087,0.095,3.04,-0.009457,-0.035598,0.19889
16.636,0.055,-0.087,0.095,3.05,-0.009536,-0.035626,0.19892
16.686,0.055,-0.087,0.095,3.06,-0.009535,-0.035634,0.19892
16.736,0.056,-0.086,0.096,3.07,-0.009464,-0.035669,0.19898
16.786,0.056,-0.086,0.096,3.08,-0.009521,-0.035638,0.19892
16.841,0.056,-0.086,0.096,3.09,-0.009536,-0.035637,0.19893
16.891,0.056,-0.086,0.096,3.1,-0.009542,-0.035622,0.19893
16.946,0.056,-0.086,0.096,3.11,-0.009534,-0.035636,0.19892
16.996,0.063,-0.088,0.118,3.12,-0.009525,-0.035625,0.19893
17.051,0.063,-0.088,0.118,3.13,-0.009532,-0.035645,0.19892
17.101,0.063,-0.088,0.118,3.14,-0.009547,-0.035636,0.19893
17.156,0.063,-0.088,0.118,3.15,-0.009522,-0.035638,0.19892
17.206,0.063,-0.088,0.118,3.16,-0.009515,-0.035632,0.19891
17.261,0.063,-0.088,0.118,3.17,-0.009521,-0.035637,0.19893
17.311,0.064,-0.074,0.14,3.18,-0.009525,-0.03562,0.19892
17.366,0.064,-0.074,0.14,3.19,-0.009524,-0.035635,0.19892
17.416,0.064,-0.074,0.14,3.2,-0.009528,-0.035634,0.19891
17.471,0.064,-0.074,0.14,3.21,-0.009462,-0.035613,0.19889
17.521,0.064,-0.074,0.14,3.22,-0.009516,-0.035638,0.19892
17.576,0.064,-0.074,0.14,3.23,-0.009519,-0.035634,0.19891
17.626,0.064,-0.074,0.14,3.24,-0.009526,-0.035621,0.19893
17.681,0.064,-0.074,0.14,3.25,-0.009516,-0.035628,0.19892
17.731,0.064,-0.074,0.14,3.26,-0.009517,-0.03565,0.19892
17.786,0.064,-0.074,0.14,3.27,-0.009526,-0.035623,0.19893
17.841,0.064,-0.074,0.14,3.28,-0.009526,-0.035613,0.19893
17.891,1.152,-1.654,0.463,3.29,-0.009515,-0.035635,0.19893
17.946,1.152,-1.654,0.463,3.3,-0.009514,-0.035645,0.19892
17.996,1.152,-1.654,0.463,3.31,-0.009532,-0.035637,0.19892
18.051,1.152,-1.654,0.463,3.32,-0.009528,-0.035632,0.19892
18.101,1.152,-1.654,0.463,3.33,-0.009522,-0.035635,0.19893
18.156,1.152,-1.654,0.463,3.34,-0.009531,-0.035623,0.19893
18.206,1.152,-1.654,0.463,3.35,-0.009525,-0.03563,0.19894
18.261,1.152,-1.654,0.463,3.36,-0.009518,-0.035648,0.19892
18.311,1.152,-1.654,0.463,3.37,-0.009536,-0.035629,0.19892
18.366,1.152,-1.654,0.463,3.38,-0.009386,-0.03562,0.19897
18.416,1.152,-1.654,0.463,3.39,-0.009511,-0.035635,0.19893
18.471,1.073,-1.606,0.53,3.4,-0.009451,-0.035682,0.19897
18.521,1.073,-1.606,0.53,3.41,-0.009511,-0.035627,0.19893
18.576,1.073,-1.606,0.53,3.42,-0.009532,-0.03564,0.19894
18.626,1.073,-1.606,0.53,3.43,-0.009527,-0.03564,0.19892
18.681,1.073,-1.606,0.53,3.44,-0.009453,-0.035615,0.1989
18.731,0.827,-1.444,0.209,3.45,-0.009447,-0.035678,0.19897
18.786,0.827,-1.444,0.209,3.46,-0.009505,-0.035631,0.19892
18.841,0.827,-1.444,0.209,3.47,-0.009524,-0.03564,0.19892
18.891,0.827,-1.444,0.209,3.48,-0.009519,-0.035645,0.19892
18.946,0.827,-1.444,0.209,3.49,-0.009531,-0.035616,0.19892
18.996,0.827,-1.444,0.209,3.5,-0.009522,-0.035641,0.19892
19.051,0.728,-1.381,0.246,3.51,-0.009516,-0.035632,0.19892
19.101,0.728,-1.381,0.246,3.52,-0.009521,-0.035632,0.19891
19.156,0.728,-1.381,0.246,3.53,-0.009516,-0.035639,0.19892
19.206,0.728,-1.381,0.246,3.54,-0.009515,-0.035633,0.19892
19.261,0.728,-1.381,0.246,3.55,-0.00952,-0.035644,0.19892
19.311,0.728,-1.381,0.246,3.56,-0.009524,-0.035635,0.19894
19.366,0.728,-1.381,0.246,3.57,-0.009517,-0.03564,0.19892
19.416,0.728,-1.381,0.246,3.58,-0.00952,-0.035634,0.19893
19.471,0.728,-1.381,0.246,3.59,-0.009521,-0.035635,0.19892
19.521,0.728,-1.381,0.246,3.6,-0.009513,-0.035639,0.19892
19.576,0.728,-1.381,0.246,3.61,-0.009543,-0.035646,0.19893
19.626,1.688,-2.717,-0.406,3.62,-0.00953,-0.035634,0.19893
19.681,1.688,-2.717,-0.406,3.63,-0.009526,-0.035624,0.19892
19.731,1.688,-2.717,-0.406,3.64,-0.009533,-0.035649,0.19893
19.786,1.688,-2.717,-0.406,3.65,-0.009524,-0.035643,0.19892
19.841,1.688,-2.717,-0.406,3.66,-0.00952,-0.035634,0.19894
19.891,1.74,-2.675,-0.423,3.67,-0.009532,-0.035643,0.19893
19.946,1.74,-2.675,-0.423,3.68,-0.009536,-0.035631,0.19893
19.996,1.74,-2.675,-0.423,3.69,-0.009524,-0.035639,0.19892
20.051,1.74,-2.675,-0.423,3.7,-0.009532,-0.035633,0.19892
20.101,1.74,-2.675,-0.423,3.71,-0.009512,-0.035638,0.19893
20.156,1.74,-2.675,-0.423,3.72,-0.009509,-0.035625,0.19893
20.206,1.818,-2.665,-0.444,3.73,-0.00951,-0.035638,0.19892
20.261,1.818,-2.665,-0.444,3.74,-0.009532,-0.035633,0.19892
20.311,1.818,-2.665,-0.444,3.75,-0.009454,-0.03569,0.19897
20.366,1.818,-2.665,-0.444,3.76,-0.009463,-0.03561,0.19889
20.416,1.818,-2.665,-0.444,3.77,-0.009525,-0.035628,0.19892
20.471,1.818,-2.665,-0.444,3.78,-0.009449,-0.035678,0.19898
20.521,1.818,-2.665,-0.444,3.79,-0.009523,-0.035634,0.19891
20.576,1.818,-2.665,-0.444,3.8,-0.009511,-0.035637,0.19892
20.626,1.818,-2.665,-0.444,3.81,-0.009528,-0.03564,0.19892
20.681,1.818,-2.665,-0.444,3.82,-0.009525,-0.035625,0.19892
20.731,1.818,-2.665,-0.444,3.83,-0.009525,-0.035634,0.19892
20.786,1.818,-2.665,-0.444,3.84,-0.009531,-0.035625,0.19891
20.842,1.818,-2.665,-0.444,3.85,-0.00944,-0.03568,0.19898
20.891,1.818,-2.665,-0.444,3.86,-0.009523,-0.035626,0.19893
20.946,1.818,-2.665,-0.444,3.87,-0.009522,-0.035633,0.19892
20.996,1.818,-2.665,-0.444,3.88,-0.009522,-0.035631,0.19893
21.051,-0.018,0.013,0.442,3.89,-0.009527,-0.035631,0.19892
21.101,-0.018,0.013,0.442,3.9,-0.009519,-0.035637,0.19893
21.156,-0.018,0.013,0.442,3.91,-0.009526,-0.035621,0.19893
21.206,-0.018,0.013,0.442,3.92,-0.009523,-0.035624,0.19894
21.261,-0.018,0.013,0.442,3.93,-0.00951,-0.035633,0.19892
21.311,-0.018,0.013,0.442,3.94,-0.009515,-0.03562,0.19892
21.366,0.024,-0.193,0.464,3.95,-0.009525,-0.035625,0.19892
21.416,0.024,-0.193,0.464,3.96,-0.009449,-0.035677,0.19897
21.471,0.024,-0.193,0.464,3.97,-0.009474,-0.035597,0.19889
21.521,0.024,-0.193,0.464,3.98,-0.009508,-0.035635,0.19893
21.576,0.024,-0.193,0.464,3.99,-0.009528,-0.035626,0.19893
21.626,0.017,-0.38,0.53,4,-0.009524,-0.035635,0.19893
21.681,0.017,-0.38,0.53,4.01,-0.009526,-0.035635,0.19893
21.731,0.017,-0.38,0.53,4.02,-0.009525,-0.035634,0.19892
21.786,0.017,-0.38,0.53,4.03,-0.009525,-0.035632,0.19892
21.842,0.017,-0.38,0.53,4.04,-0.009443,-0.035626,0.19888
21.891,-0.016,-0.529,0.633,4.05,-0.00952,-0.035626,0.19892
21.946,-0.016,-0.529,0.633,4.06,-0.009519,-0.035638,0.19892
21.996,-0.016,-0.529,0.633,4.07,-0.009523,-0.03564,0.19892
22.051,-0.016,-0.529,0.633,4.08,-0.009505,-0.035626,0.19892
22.101,-0.016,-0.529,0.633,4.09,-0.009527,-0.035638,0.19892
22.156,-0.016,-0.529,0.633,4.1,-0.00952,-0.035639,0.19892
22.206,-0.069,-0.611,0.752,4.11,-0.00952,-0.035655,0.19892
22.261,-0.069,-0.611,0.752,4.12,-0.009526,-0.035632,0.19892
22.311,-0.069,-0.611,0.752,4.13,-0.009458,-0.035687,0.19897
22.366,-0.069,-0.611,0.752,4.14,-0.009532,-0.035642,0.19892
22.416,-0.069,-0.611,0.752,4.15,-0.009522,-0.035645,0.19891
22.471,-0.069,-0.611,0.752,4.16,-0.009531,-0.035633,0.19893
22.521,-0.069,-0.611,0.752,4.17,-0.00945,-0.035675,0.19898
22.576,-0.069,-0.611,0.752,4.18,-0.009523,-0.035623,0.19893
22.626,-0.069,-0.611,0.752,4.19,-0.009531,-0.035628,0.19893
22.681,-0.069,-0.611,0.752,4.2,-0.009524,-0.035636,0.19893
22.731,-0.069,-0.611,0.752,4.21,-0.009465,-0.035613,0.19889
22.786,-0.069,-0.611,0.752,4.22,-0.009475,-0.035618,0.19889
22.842,-0.069,-0.611,0.752,4.23,-0.009518,-0.035627,0.19892
22.891,-0.069,-0.611,0.752,4.24,-0.009538,-0.035623,0.19893
22.946,-0.069,-0.611,0.752,4.25,-0.009511,-0.035638,0.19893
22.996,-0.069,-0.611,0.752,4.26,-0.009528,-0.035632,0.19893
23.051,-1.187,0.859,0.624,4.27,-0.009525,-0.035647,0.19892
23.101,-1.187,0.859,0.624,4.28,-0.009519,-0.035639,0.19891
23.156,-1.187,0.859,0.624,4.29,-0.009534,-0.035634,0.19893
23.206,-1.187,0.859,0.624,4.3,-0.009522,-0.035625,0.19893
23.261,-1.187,0.859,0.624,4.31,-0.009524,-0.035637,0.19893
23.311,-1.187,0.859,0.624,4.32,-0.00953,-0.035632,0.19892
23.366,-1.186,1.244,0.692,4.33,-0.009464,-0.03562,0.19888
23.416,-1.186,1.244,0.692,4.34,-0.009524,-0.035637,0.19892
23.471,-1.186,1.244,0.692,4.35,-0.00951,-0.03563,0.19893
23.521,-1.186,1.244,0.692,4.36,-0.009536,-0.035643,0.19892
23.576,-1.186,1.244,0.692,4.37,-0.009529,-0.035632,0.19892
23.626,-1.163,1.642,0.678,4.38,-0.009519,-0.035631,0.19892
23.682,-1.163,1.642,0.678,4.39,-0.009454,-0.035626,0.19889
23.732,-1.163,1.642,0.678,4.4,-0.009531,-0.035636,0.19892
23.787,-1.163,1.642,0.678,4.41,-0.009518,-0.035641,0.19893
23.842,-1.163,1.642,0.678,4.42,-0.009524,-0.035642,0.19892
23.892,-1.163,1.642,0.678,4.43,-0.009517,-0.035635,0.19893
23.947,-1.163,1.642,0.678,4.44,-0.009511,-0.035631,0.19892
23.997,-1.163,1.642,0.678,4.45,-0.009521,-0.03564,0.19892
24.052,-1.163,1.642,0.678,4.46,-0.009539,-0.035632,0.19893
24.102,-1.163,1.642,0.678,4.47,-0.009515,-0.035633,0.19891
24.157,-1.163,1.642,0.678,4.48,-0.009456,-0.035667,0.19897
24.207,-1.163,1.642,0.678,4.49,-0.00951,-0.035622,0.19893
24.262,-1.163,1.642,0.678,4.5,-0.009464,-0.035634,0.1989
24.312,-1.163,1.642,0.678,4.51,-0.009536,-0.035648,0.19893
24.367,-1.163,1.642,0.678,4.52,-0.009534,-0.035625,0.19893
24.417,-1.163,1.642,0.678,4.53,-0.009522,-0.035626,0.19892
24.472,-1.163,1.642,0.678,4.54,-0.009536,-0.035638,0.19893
24.522,-1.163,1.642,0.678,4.55,-0.009531,-0.035639,0.19891
24.577,-1.163,1.642,0.678,4.56,-0.009532,-0.035627,0.19892
24.627,-1.163,1.642,0.678,4.57,-0.009533,-0.035619,0.19892
24.682,-1.163,1.642,0.678,4.58,-0.009528,-0.035635,0.19892
24.732,-1.163,1.642,0.678,4.59,-0.009532,-0.03563,0.19892
24.787,-1.163,1.642,0.678,4.6,-0.009529,-0.035646,0.19892
24.842,-1.163,1.642,0.678,4.61,-0.009522,-0.035624,0.19894
24.892,-1.163,1.642,0.678,4.62,-0.009467,-0.03562,0.1989
24.947,-1.163,1.642,0.678,4.63,-0.009508,-0.035628,0.19892
24.997,-1.163,1.642,0.678,4.64,-0.009523,-0.035629,0.19892
25.052,-1.163,1.642,0.678,4.65,-0.009436,-0.035679,0.19897
25.102,-1.163,1.642,0.678,4.66,-0.00952,-0.035647,0.19893
25.157,-1.163,1.642,0.678,4.67,-0.009526,-0.035635,0.19893
25.207,-1.163,1.642,0.678,4.68,-0.009518,-0.035625,0.19893
25.262,-1.163,1.642,0.678,4.69,-0.009517,-0.035629,0.19892
25.312,-1.163,1.642,0.678,4.7,-0.009534,-0.035635,0.19893
25.367,2.443,-2.659,-0.109,4.71,-0.009511,-0.035629,0.19893
25.417,2.443,-2.659,-0.109,4.72,-0.009528,-0.035639,0.19893
25.472,2.443,-2.659,-0.109,4.73,-0.009523,-0.035642,0.19893
25.522,2.443,-2.659,-0.109,4.74,-0.009508,-0.035639,0.19893
25.577,2.443,-2.659,-0.109,4.75,-0.009519,-0.03564,0.19893
25.627,2.443,-2.659,-0.109,4.76,-0.009528,-0.035648,0.19892
25.682,2.443,-2.659,-0.109,4.77,-0.009522,-0.035635,0.19892
25.732,2.443,-2.659,-0.109,4.78,-0.009515,-0.035628,0.19893
25.787,2.443,-2.659,-0.109,4.79,-0.009463,-0.035679,0.19897
25.842,2.443,-2.659,-0.109,4.8,-0.009515,-0.03564,0.19893
25.892,2.443,-2.659,-0.109,4.81,-0.009451,-0.035692,0.19897
25.947,2.443,-2.659,-0.109,4.82,-0.009507,-0.035638,0.19892
25.997,2.443,-2.659,-0.109,4.83,-0.009509,-0.035645,0.19893
26.052,2.443,-2.659,-0.109,4.84,-0.009517,-0.03564,0.19892
26.102,2.443,-2.659,-0.109,4.85,-0.00953,-0.035633,0.19893
26.157,2.443,-2.659,-0.109,4.86,-0.009526,-0.03563,0.19892
26.207,0.746,-0.052,0.931,4.87,-0.009541,-0.035631,0.19893
26.262,0.746,-0.052,0.931,4.88,-0.009522,-0.035636,0.19893
26.312,0.746,-0.052,0.931,4.89,-0.009523,-0.035631,0.19894
26.367,0.746,-0.052,0.931,4.9,-0.009526,-0.035623,0.19893
26.417,0.746,-0.052,0.931,4.91,-0.00952,-0.035626,0.19893
26.472,0.746,-0.052,0.931,4.92,-0.00951,-0.03563,0.19892
26.522,0.682,-0.109,1.015,4.93,-0.009531,-0.035631,0.19892
26.577,0.682,-0.109,1.015,4.94,-0.009517,-0.035628,0.19894
26.627,0.682,-0.109,1.015,4.95,-0.009527,-0.035632,0.19893
26.682,0.682,-0.109,1.015,4.96,-0.009521,-0.03563,0.19893
26.732,0.682,-0.109,1.015,4.97,-0.009509,-0.035644,0.19893
26.787,0.507,-0.143,1.1,4.98,-0.00952,-0.035636,0.19893
26.842,0.507,-0.143,1.1,4.99,-0.009522,-0.035635,0.19893
26.892,0.507,-0.143,1.1,5,-0.00953,-0.035637,0.19893
26.947,0.507,-0.143,1.1,5.01,-0.009528,-0.035624,0.19892
26.997,0.507,-0.143,1.1,5.02,-0.009518,-0.035629,0.19892
27.052,0.507,-0.143,1.1,5.03,-0.009455,-0.035614,0.19889
27.102,0.281,-0.172,1.174,5.04,-0.009517,-0.035646,0.19892
27.157,0.281,-0.172,1.174,5.05,-0.00952,-0.035635,0.19892
27.207,0.281,-0.172,1.174,5.06,-0.009519,-0.035636,0.19892
27.262,0.281,-0.172,1.174,5.07,-0.009459,-0.035626,0.19889
27.312,0.281,-0.172,1.174,5.08,-0.009523,-0.035635,0.19891
27.367,0.017,-0.204,1.189,5.09,-0.009518,-0.035663,0.19892
27.417,0.017,-0.204,1.189,5.1,-0.009514,-0.035644,0.19893
27.472,0.017,-0.204,1.189,5.11,-0.009458,-0.035613,0.19889
27.522,0.017,-0.204,1.189,5.12,-0.009519,-0.035634,0.19892
27.577,0.017,-0.204,1.189,5.13,-0.009524,-0.03563,0.19893
27.627,0.017,-0.204,1.189,5.14,-0.009516,-0.035641,0.19892
27.682,-0.245,-0.237,1.178,5.15,-0.009513,-0.035631,0.19892
27.732,-0.245,-0.237,1.178,5.16,-0.009461,-0.035601,0.19889
27.787,-0.245,-0.237,1.178,5.17,-0.009518,-0.035624,0.19892
27.842,-0.245,-0.237,1.178,5.18,-0.009534,-0.035631,0.19892
27.892,-0.245,-0.237,1.178,5.19,-0.009529,-0.035614,0.19893
27.947,-0.472,-0.272,1.107,5.2,-0.00946,-0.035609,0.1989
27.997,-0.472,-0.272,1.107,5.21,-0.00953,-0.035636,0.19894
28.052,-0.472,-0.272,1.107,5.22,-0.009528,-0.035641,0.19893
28.102,-0.472,-0.272,1.107,5.23,-0.009523,-0.035627,0.19894
28.157,-0.472,-0.272,1.107,5.24,-0.00946,-0.035608,0.19889
28.207,-0.472,-0.272,1.107,5.25,-0.009514,-0.035636,0.19893
28.262,-0.637,-0.305,1.003,5.26,-0.009477,-0.035621,0.19889
28.312,-0.637,-0.305,1.003,5.27,-0.00952,-0.035642,0.19893
28.367,-0.637,-0.305,1.003,5.28,-0.009454,-0.035611,0.1989
28.417,-0.637,-0.305,1.003,5.29,-0.009454,-0.035694,0.19897
28.472,-0.637,-0.305,1.003,5.3,-0.009516,-0.035635,0.19893
28.522,-0.734,-0.349,0.9,5.31,-0.009521,-0.035642,0.19893
28.577,-0.734,-0.349,0.9,5.32,-0.009511,-0.035628,0.19892
28.627,-0.734,-0.349,0.9,5.33,-0.009525,-0.035633,0.19893
28.682,-0.734,-0.349,0.9,5.34,-0.009524,-0.03564,0.19892
28.732,-0.734,-0.349,0.9,5.35,-0.009507,-0.035643,0.19892
28.787,-0.734,-0.349,0.9,5.36,-0.009511,-0.035635,0.19892
28.842,-0.774,-0.426,0.807,5.37,-0.009533,-0.035632,0.19891
28.892,-0.774,-0.426,0.807,5.38,-0.009524,-0.035639,0.19892
28.947,-0.774,-0.426,0.807,5.39,-0.00952,-0.035632,0.19893
28.997,-0.774,-0.426,0.807,5.4,-0.009519,-0.035629,0.19892
29.052,-0.774,-0.426,0.807,5.41,-0.009458,-0.035605,0.19889
29.102,-0.769,-0.548,0.729,5.42,-0.009445,-0.035678,0.19897
29.157,-0.769,-0.548,0.729,5.43,-0.009512,-0.035641,0.19893
29.207,-0.769,-0.548,0.729,5.44,-0.009531,-0.035638,0.19892
29.262,-0.769,-0.548,0.729,5.45,-0.009525,-0.035627,0.19892
29.312,-0.769,-0.548,0.729,5.46,-0.009528,-0.035632,0.19892
29.367,-0.769,-0.548,0.729,5.47,-0.009518,-0.035632,0.19893
29.417,-0.74,-0.709,0.675,5.48,-0.009529,-0.035623,0.19893
29.472,-0.74,-0.709,0.675,5.49,-0.009525,-0.035626,0.19892
29.522,-0.74,-0.709,0.675,5.5,-0.009522,-0.035618,0.19893
29.577,-0.74,-0.709,0.675,5.51,-0.009521,-0.035633,0.19892
29.627,-0.74,-0.709,0.675,5.52,-0.009531,-0.035639,0.19892
29.682,-0.68,-0.869,0.648,5.53,-0.009521,-0.035647,0.19892
29.732,-0.68,-0.869,0.648,5.54,-0.009514,-0.035628,0.19892
29.787,-0.68,-0.869,0.648,5.55,-0.009522,-0.035636,0.19893
29.842,-0.68,-0.869,0.648,5.56,-0.009533,-0.035639,0.19892
29.892,-0.68,-0.869,0.648,5.57,-0.009524,-0.035624,0.19893
29.947,-0.59,-0.978,0.644,5.58,-0.009529,-0.035628,0.19892
29.997,-0.59,-0.978,0.644,5.59,-0.009521,-0.035622,0.19892
30.052,-0.59,-0.978,0.644,5.6,-0.009517,-0.035627,0.19892
30.102,-0.59,-0.978,0.644,5.61,-0.009516,-0.03562,0.19893
30.157,-0.59,-0.978,0.644,5.62,-0.009505,-0.035634,0.19894
30.207,-0.59,-0.978,0.644,5.63,-0.009507,-0.035627,0.19892
30.262,-0.489,-0.984,0.655,5.64,-0.009528,-0.035633,0.19892
30.312,-0.489,-0.984,0.655,5.65,-0.009522,-0.035643,0.19892
30.367,-0.489,-0.984,0.655,5.66,-0.009525,-0.035638,0.19893
30.417,-0.489,-0.984,0.655,5.67,-0.009518,-0.035639,0.19892
30.472,-0.489,-0.984,0.655,5.68,-0.009516,-0.03563,0.19893
30.523,-0.392,-0.871,0.663,5.69,-0.00952,-0.03563,0.19892
30.577,-0.392,-0.871,0.663,5.7,-0.009525,-0.035628,0.19892
30.627,-0.392,-0.871,0.663,5.71,-0.009525,-0.035636,0.19893
30.682,-0.392,-0.871,0.663,5.72,-0.009519,-0.03564,0.19894
30.732,-0.392,-0.871,0.663,5.73,-0.009532,-0.035629,0.19892
30.788,-0.392,-0.871,0.663,5.74,-0.009512,-0.035627,0.19893
30.842,-0.315,-0.613,0.722,5.75,-0.009514,-0.035625,0.19892
30.893,-0.315,-0.613,0.722,5.76,-0.009514,-0.035636,0.19893
30.948,-0.315,-0.613,0.722,5.77,-0.009524,-0.035634,0.19893
30.998,-0.315,-0.613,0.722,5.78,-0.009524,-0.035636,0.19891
31.053,-0.315,-0.613,0.722,5.79,-0.009441,-0.035675,0.19898
31.103,-0.315,-0.613,0.722,5.8,-0.009521,-0.035628,0.19893
31.158,-0.315,-0.613,0.722,5.81,-0.00953,-0.035627,0.19893
31.208,-0.315,-0.613,0.722,5.82,-0.00953,-0.035633,0.19891
31.263,-0.315,-0.613,0.722,5.83,-0.009524,-0.035641,0.19893
31.313,-0.315,-0.613,0.722,5.84,-0.009522,-0.035643,0.19893
31.368,-0.315,-0.613,0.722,5.85,-0.009534,-0.035627,0.19894
31.418,-0.276,-0.146,0.764,5.86,-0.00952,-0.03563,0.19893
31.473,-0.276,-0.146,0.764,5.87,-0.009532,-0.035648,0.19892
31.523,-0.276,-0.146,0.764,5.88,-0.009518,-0.035622,0.19892
31.578,-0.276,-0.146,0.764,5.89,-0.009445,-0.035684,0.19898
31.628,-0.276,-0.146,0.764,5.9,-0.00951,-0.035639,0.19892
31.683,-0.252,0.325,0.803,5.91,-0.009524,-0.035631,0.19892
31.733,-0.252,0.325,0.803,5.92,-0.00952,-0.035636,0.19893
31.788,-0.252,0.325,0.803,5.93,-0.009445,-0.035679,0.19897
31.842,-0.252,0.325,0.803,5.94,-0.009495,-0.035636,0.19892
31.893,-0.252,0.325,0.803,5.95,-0.009521,-0.035637,0.19893
31.948,-0.252,0.325,0.803,5.96,-0.00952,-0.035634,0.19892
31.998,-0.159,25.187,25.6,5.97,-0.009446,-0.035685,0.19896
32.208,0.124,1.127,0.907,5.98,-0.009515,-0.035631,0.19892
32.263,0.124,1.127,0.907,5.99,-0.009522,-0.035635,0.19892
32.313,0.124,1.127,0.907,6,-0.009444,-0.035686,0.19897
32.368,0.124,1.127,0.907,6.01,-0.0095,-0.035639,0.19892
32.418,0.218,1.183,0.943,6.02,-0.009521,-0.035635,0.19892
32.473,0.218,1.183,0.943,6.03,-0.009446,-0.035685,0.19898
32.523,0.218,1.183,0.943,6.04,-0.009507,-0.03562,0.19893
32.578,0.218,1.183,0.943,6.05,-0.009453,-0.035678,0.19897
32.628,0.218,1.183,0.943,6.06,-0.009511,-0.035631,0.19893
32.683,0.218,1.183,0.943,6.07,-0.009524,-0.03562,0.19893
32.733,0.307,1.23,0.986,6.08,-0.009537,-0.035626,0.19892
32.788,0.307,1.23,0.986,6.09,-0.00952,-0.035622,0.19893
32.843,0.307,1.23,0.986,6.1,-0.009525,-0.035639,0.19892
32.893,0.307,1.23,0.986,6.11,-0.009526,-0.035635,0.19892
32.948,0.307,1.23,0.986,6.12,-0.009513,-0.035638,0.19893
32.998,0.399,1.207,1.03,6.13,-0.009514,-0.035638,0.19892
33.053,0.399,1.207,1.03,6.14,-0.009513,-0.03564,0.19893
33.103,0.399,1.207,1.03,6.15,-0.009516,-0.035642,0.19892
33.158,0.399,1.207,1.03,6.16,-0.009525,-0.035632,0.19893
33.208,0.399,1.207,1.03,6.17,-0.009518,-0.035628,0.19892
33.263,0.505,-1.065,1.053,6.18,-0.009526,-0.035635,0.19892
33.313,0.505,1.065,1.053,6.19,-0.009527,-0.035622,0.19893
33.368,0.505,1.065,1.053,6.2,-0.009511,-0.035642,0.19892
33.418,0.505,1.065,1.053,6.21,-0.0095,-0.035644,0.19893
33.473,0.505,1.065,1.053,6.22,-0.00947,-0.035621,0.19889
33.523,0.505,1.065,1.053,6.23,-0.009514,-0.035639,0.19892
33.578,0.62,0.777,1.064,6.24,-0.009518,-0.035637,0.19894
33.628,0.62,0.777,1.064,6.25,-0.009508,-0.035627,0.19893
33.683,0.62,0.777,1.064,6.26,-0.009516,-0.035631,0.19893
33.733,0.62,0.777,1.064,6.27,-0.009519,-0.035623,0.19892
33.783,0.62,0.777,1.064,6.28,-0.009518,-0.035629,0.19893
33.833,0.62,0.777,1.064,6.29,-0.009514,-0.035633,0.19893
33.888,0.757,0.344,1.057,6.3,-0.00944,-0.035678,0.19897
33.941,0.757,0.344,1.057,6.31,-0.009442,-0.035686,0.19898
33.988,0.757,0.344,1.057,6.32,-0.009514,-0.035632,0.19893
34.041,0.757,0.344,1.057,6.33,-0.009508,-0.035627,0.19891
34.088,0.757,0.344,1.057,6.34,-0.009432,-0.035677,0.19897
34.141,0.908,-0.184,1.045,6.35,-0.009512,-0.035635,0.19894
34.188,0.908,-0.184,1.045,6.36,-0.009447,-0.035682,0.19897
34.241,0.908,-0.184,1.045,6.37,-0.009443,-0.035672,0.19898
34.288,0.908,-0.184,1.045,6.38,-0.009515,-0.035629,0.19893
34.341,0.908,-0.184,1.045,6.39,-0.009514,-0.035629,0.19893
34.388,0.908,-0.184,1.045,6.4,-0.009514,-0.035617,0.19893
34.441,1.064,-0.709,1.035,6.41,-0.009524,-0.035629,0.19892
34.488,1.064,-0.709,1.035,6.42,-0.009528,-0.035632,0.19893
34.541,1.064,-0.709,1.035,6.43,-0.009521,-0.035619,0.19892
34.588,1.064,-0.709,1.035,6.44,-0.009524,-0.035629,0.19893
34.641,1.064,-0.709,1.035,6.45,-0.009463,-0.035612,0.19889
34.688,1.064,-0.709,1.035,6.46,-0.009521,-0.035633,0.19892
34.741,1.212,-1.152,1.001,6.47,-0.009516,-0.035635,0.19893
34.788,1.212,-1.152,1.001,6.48,-0.009527,-0.035628,0.19892
34.841,1.212,-1.152,1.001,6.49,-0.00953,-0.035619,0.19893
34.888,1.212,-1.152,1.001,6.5,-0.009523,-0.035627,0.19893
34.941,1.212,-1.152,1.001,6.51,-0.009531,-0.035634,0.19892
34.988,1.212,-1.152,1.001,6.52,-0.009527,-0.035621,0.19892
35.041,1.32,-1.453,0.95,6.53,-0.009524,-0.035637,0.19892
35.088,1.32,-1.453,0.95,6.54,-0.009462,-0.03562,0.1989
35.141,1.32,-1.453,0.95,6.55,-0.009518,-0.03563,0.19894
35.188,1.32,-1.453,0.95,6.56,-0.009522,-0.035647,0.19893
35.241,1.32,-1.453,0.95,6.57,-0.009473,-0.03562,0.19889
35.288,1.391,-1.597,0.875,6.58,-0.00951,-0.035633,0.19893
35.341,1.391,-1.597,0.875,6.59,-0.009533,-0.035637,0.19893
35.388,1.391,-1.597,0.875,6.6,-0.009518,-0.03563,0.19892
35.441,1.391,-1.597,0.875,6.61,-0.009518,-0.035629,0.19893
35.488,1.391,-1.597,0.875,6.62,-0.00953,-0.035639,0.19891
35.541,1.391,-1.597,0.875,6.63,-0.009448,-0.035675,0.19897
35.588,1.409,-1.628,0.793,6.64,-0.009503,-0.035628,0.19894
35.641,1.409,-1.628,0.793,6.65,-0.00952,-0.035631,0.19892
35.688,1.409,-1.628,0.793,6.66,-0.009527,-0.03564,0.19893
35.741,1.409,-1.628,0.793,6.67,-0.009527,-0.035639,0.19892
35.788,1.409,-1.628,0.793,6.68,-0.009529,-0.035637,0.19892
35.841,1.409,-1.628,0.793,6.69,-0.009514,-0.035633,0.19893
35.888,1.366,-1.591,0.705,6.7,-0.00951,-0.035641,0.19892
35.941,1.366,-1.591,0.705,6.71,-0.009517,-0.035625,0.19893
35.988,1.366,-1.591,0.705,6.72,-0.009516,-0.03562,0.19893
36.041,1.366,-1.591,0.705,6.73,-0.009528,-0.035628,0.19893
36.088,1.366,-1.591,0.705,6.74,-0.009516,-0.035621,0.19893
36.141,1.247,1.48,0.64,6.75,-0.009514,-0.035624,0.19893
36.188,1.247,-1.48,0.64,6.76,-0.009527,-0.035638,0.19892
36.241,1.247,-1.48,0.64,6.77,-0.009444,-0.035668,0.19899
36.288,1.247,-1.48,0.64,6.78,-0.009457,-0.035622,0.19891
36.341,1.247,-1.48,0.64,6.79,-0.009523,-0.035631,0.19893
36.388,1.247,-1.48,0.64,6.8,-0.009517,-0.035624,0.19892
36.441,1.045,-1.301,0.6,6.81,-0.009457,-0.035618,0.19889
36.488,1.045,-1.301,0.6,6.82,-0.009519,-0.035624,0.19893
36.541,1.045,-1.301,0.6,6.83,-0.009472,-0.035626,0.1989
36.588,1.045,-1.301,0.6,6.84,-0.009513,-0.035629,0.19892
36.641,1.045,-1.301,0.6,6.85,-0.009457,-0.035613,0.19889
36.688,1.045,-1.301,0.6,6.86,-0.009518,-0.035622,0.19892
36.741,0.759,-1.03,0.602,6.87,-0.00953,-0.035634,0.19892
36.789,0.759,-1.03,0.602,6.88,-0.009517,-0.035619,0.19892
36.841,0.759,-1.03,0.602,6.89,-0.009525,-0.035647,0.19893
36.889,0.759,-1.03,0.602,6.9,-0.009521,-0.035642,0.19893
36.941,0.759,-1.03,0.602,6.91,-0.009527,-0.035621,0.19892
36.989,0.759,-1.03,0.602,6.92,-0.009457,-0.035638,0.19889
37.041,0.759,-1.03,0.602,6.93,-0.009524,-0.035619,0.19892
37.088,0.759,-1.03,0.602,6.94,-0.009472,-0.035613,0.1989
37.141,0.759,-1.03,0.602,6.95,-0.00951,-0.035629,0.19892
37.189,0.759,-1.03,0.602,6.96,-0.009529,-0.035633,0.19892
37.241,0.759,-1.03,0.602,6.97,-0.009464,-0.035607,0.1989
37.289,0.759,-1.03,0.602,6.98,-0.009508,-0.035615,0.19892
37.341,0.035,-0.25,0.65,6.99,-0.009523,-0.035635,0.19893
37.389,0.035,-0.25,0.65,7,-0.009516,-0.035631,0.19892
37.441,0.035,-0.25,0.65,7.01,-0.00953,-0.035635,0.19892
37.489,0.035,-0.25,0.65,7.02,-0.00952,-0.03563,0.19894
37.541,0.035,-0.25,0.65,7.03,-0.009528,-0.035628,0.19894
37.589,-0.342,0.188,0.667,7.04,-0.009534,-0.035615,0.19892
37.641,-0.342,0.188,0.667,7.05,-0.009531,-0.035636,0.19893
37.689,-0.342,0.188,0.667,7.06,-0.009525,-0.035617,0.19892
37.741,-0.342,0.188,0.667,7.07,-0.009473,-0.035617,0.19889
37.789,-0.342,0.188,0.667,7.08,-0.009521,-0.035627,0.19893
37.841,-0.342,0.188,0.667,7.09,-0.009528,-0.035621,0.19892
37.889,-0.672,0.566,0.658,7.1,-0.009526,-0.035615,0.19893
37.941,-0.672,0.566,0.658,7.11,-0.009543,-0.035629,0.19893
37.989,-0.672,0.566,0.658,7.12,-0.009458,-0.035672,0.19898
38.041,-0.672,0.566,0.658,7.13,-0.009521,-0.035647,0.19892
38.089,-0.672,0.566,0.658,7.14,-0.009472,-0.035618,0.19889
38.141,-0.672,0.566,0.658,7.15,-0.009515,-0.035647,0.19892
38.189,-0.93,0.841,0.642,7.16,-0.009518,-0.035637,0.19893
38.241,-0.93,0.841,0.642,7.17,-0.009522,-0.035636,0.19892
38.289,-0.93,0.841,0.642,7.18,-0.009471,-0.035625,0.19888
38.341,-0.93,0.841,0.642,7.19,-0.009518,-0.035628,0.19891
38.389,-0.93,0.841,0.642,7.2,-0.009456,-0.035684,0.19898
38.441,-0.93,0.841,0.642,7.21,-0.009511,-0.035643,0.19893
38.489,-1.101,1.021,0.669,7.22,-0.009509,-0.035636,0.19892
38.541,-1.101,1.021,0.669,7.23,-0.009514,-0.035646,0.19893
38.589,-1.101,1.021,0.669,7.24,-0.009535,-0.035633,0.19892
38.641,-1.101,1.021,0.669,7.25,-0.009525,-0.035644,0.19893
38.689,-1.101,1.021,0.669,7.26,-0.009517,-0.035634,0.19893
38.741,-1.197,1.089,0.686,7.27,-0.009468,-0.035618,0.19889
38.789,-1.197,1.089,0.686,7.28,-0.009464,-0.035617,0.19889
38.841,-1.197,1.089,0.686,7.29,-0.009512,-0.035634,0.19892
38.889,-1.197,1.089,0.686,7.3,-0.009526,-0.035631,0.19892
38.941,-1.197,1.089,0.686,7.31,-0.009456,-0.035673,0.19898
38.989,-1.197,1.089,0.686,7.32,-0.009529,-0.035635,0.19893
39.041,-1.24,1.064,0.712,7.33,-0.009526,-0.035631,0.19891
39.089,-1.24,1.064,0.712,7.34,-0.009528,-0.035622,0.19893
39.141,-1.24,1.064,0.712,7.35,-0.009516,-0.035632,0.19891
39.189,-1.24,1.064,0.712,7.36,-0.009511,-0.035632,0.19892
39.241,-1.24,1.064,0.712,7.37,-0.009451,-0.035674,0.19897
39.289,-1.24,1.064,0.712,7.38,-0.009517,-0.035628,0.19894
39.341,-1.231,0.936,0.735,7.39,-0.009534,-0.035632,0.19893
39.389,-1.231,0.936,0.735,7.4,-0.009535,-0.035633,0.19892
39.441,-1.231,0.936,0.735,7.41,-0.009524,-0.035636,0.19892
39.489,-1.231,0.936,0.735,7.42,-0.009459,-0.035678,0.19897
39.541,-1.231,0.936,0.735,7.43,-0.009526,-0.035638,0.19891
39.589,-1.231,0.936,0.735,7.44,-0.009529,-0.035625,0.19893
39.641,-1.162,0.68,0.767,7.45,-0.00945,-0.035667,0.19896
39.689,-1.162,0.68,0.767,7.46,-0.00944,-0.035679,0.19897
39.741,-1.162,0.68,0.767,7.47,-0.009528,-0.035642,0.19892
39.789,-1.162,0.68,0.767,7.48,-0.009455,-0.03568,0.19897
39.841,-1.162,0.68,0.767,7.49,-0.009467,-0.035614,0.19889
39.889,-1.153,0.176,0.613,7.5,-0.009459,-0.035677,0.19896
39.941,-1.153,0.176,0.613,7.51,-0.00945,-0.035678,0.19898
39.989,-1.153,0.176,0.613,7.52,-0.009513,-0.035637,0.19892
40.041,-1.153,0.176,0.613,7.53,-0.009527,-0.035629,0.19893
40.089,-1.153,0.176,0.613,7.54,-0.009528,-0.035645,0.19892
40.141,-1.153,0.176,0.613,7.55,-0.009462,-0.035601,0.19889
40.189,-0.964,-0.3,0.633,7.56,-0.009512,-0.035621,0.19892
40.241,-0.964,-0.3,0.633,7.57,-0.009533,-0.035628,0.19893
40.289,-0.964,-0.3,0.633,7.58,-0.009518,-0.035625,0.19893
40.341,-0.964,-0.3,0.633,7.59,-0.009528,-0.035621,0.19892
40.389,-0.964,-0.3,0.633,7.6,-0.009511,-0.035637,0.19892
40.441,-0.964,-0.3,0.633,7.61,-0.009456,-0.035617,0.1989
40.489,-0.736,-0.801,0.651,7.62,-0.009513,-0.035632,0.19892
40.541,-0.736,-0.801,0.651,7.63,-0.009514,-0.035625,0.19893
40.589,-0.736,-0.801,0.651,7.64,-0.009517,-0.035633,0.19892
40.641,-0.736,-0.801,0.651,7.65,-0.009474,-0.035607,0.19889
40.689,-0.736,-0.801,0.651,7.66,-0.00952,-0.035635,0.19892
40.741,-0.736,-0.801,0.651,7.67,-0.00952,-0.035632,0.19892
40.789,-0.498,-1.244,0.669,7.68,-0.009515,-0.035633,0.19893
40.841,-0.498,-1.244,0.669,7.69,-0.009526,-0.035625,0.19894
40.889,-0.498,-1.244,0.669,7.7,-0.009459,-0.035686,0.19898
40.941,-0.498,-1.244,0.669,7.71,-0.009465,-0.035631,0.1989
40.989,-0.498,-1.244,0.669,7.72,-0.009527,-0.035622,0.19892
41.041,-0.14,-1.465,0.872,7.73,-0.009527,-0.035636,0.19893
41.089,-0.14,-1.465,0.872,7.74,-0.009482,-0.035614,0.1989
41.141,-0.14,-1.465,0.872,7.75,-0.009466,-0.035609,0.19889
41.189,-0.14,-1.465,0.872,7.76,-0.009439,-0.035682,0.19897
41.241,-0.14,-1.465,0.872,7.77,-0.009524,-0.035629,0.19893
41.289,-0.14,-1.465,0.872,7.78,-0.009544,-0.035621,0.19894
41.341,0.084,-1.688,0.889,7.79,-0.009452,-0.035678,0.19897
41.389,0.084,-1.688,0.889,7.8,-0.009441,-0.035678,0.19898
41.441,0.084,-1.688,0.889,7.81,-0.009473,-0.03562,0.19889
41.489,0.084,-1.688,0.889,7.82,-0.009466,-0.035612,0.19889
41.541,0.084,-1.688,0.889,7.83,-0.009461,-0.035607,0.19888
41.589,0.084,-1.688,0.889,7.84,-0.00946,-0.03561,0.19889
41.644,0.286,-1.791,0.905,7.85,-0.009454,-0.035676,0.19897
41.694,0.286,-1.791,0.905,7.86,-0.009436,-0.035688,0.19898
41.744,0.286,-1.791,0.905,7.87,-0.009456,-0.035632,0.19889
41.794,0.286,-1.791,0.905,7.88,-0.009459,-0.035612,0.19889
41.844,0.286,-1.791,0.905,7.89,-0.009508,-0.035627,0.19892
41.894,0.286,-1.791,0.905,7.9,-0.009522,-0.035641,0.19892
41.949,0.462,-1.781,0.928,7.91,-0.009475,-0.035624,0.19889
41.999,0.462,-1.781,0.928,7.92,-0.009438,-0.035674,0.19897
42.054,0.462,-1.781,0.928,7.93,-0.009451,-0.035681,0.19899
42.104,0.462,-1.781,0.928,7.94,-0.009505,-0.035638,0.19892
42.159,0.462,-1.781,0.928,7.95,-0.009526,-0.035635,0.19893
42.209,0.597,-1.665,0.924,7.96,-0.009474,-0.03561,0.1989
42.264,0.597,-1.665,0.924,7.97,-0.00952,-0.03562,0.19892
42.314,0.597,-1.665,0.924,7.98,-0.00947,-0.035629,0.1989
42.369,0.597,-1.665,0.924,7.99,-0.00954,-0.035627,0.19893
42.419,0.597,-1.665,0.924,8,-0.00953,-0.035642,0.19893
42.474,0.597,-1.665,0.924,8.01,-0.009477,-0.035623,0.19889
42.524,0.597,-1.665,0.924,8.02,-0.009535,-0.035637,0.19893
42.579,0.597,-1.665,0.924,8.03,-0.00949,-0.035617,0.19888
42.629,0.597,-1.665,0.924,8.04,-0.009465,-0.035622,0.19889
42.684,0.597,-1.665,0.924,8.05,-0.009525,-0.035638,0.19892
42.74,0.597,-1.665,0.924,8.06,-0.009471,-0.035613,0.19889
42.789,0.699,-1.296,0.932,8.07,-0.009516,-0.035639,0.19893
42.844,0.699,-1.296,0.932,8.08,-0.009442,-0.035676,0.19897
42.894,0.699,-1.296,0.932,8.09,-0.009523,-0.035645,0.19894
42.949,0.699,-1.296,0.932,8.1,-0.00952,-0.03563,0.19894
42.999,0.699,-1.296,0.932,8.11,-0.009473,-0.035619,0.19888
43.054,0.766,-0.8,0.926,8.12,-0.009471,-0.035615,0.19889
43.104,0.766,-0.8,0.926,8.13,-0.009444,-0.035682,0.19897
43.159,0.766,-0.8,0.926,8.14,-0.009468,-0.035625,0.19889
43.209,0.766,-0.8,0.926,8.15,-0.009467,-0.035609,0.19889
43.264,0.766,-0.8,0.926,8.16,-0.009528,-0.035636,0.19892
43.314,0.766,-0.8,0.926,8.17,-0.009492,-0.035624,0.19889
43.369,0.821,-0.218,0.925,8.18,-0.009468,-0.035618,0.19888
43.419,0.821,-0.218,0.925,8.19,-0.009524,-0.035641,0.19892
43.474,0.821,-0.218,0.925,8.2,-0.009536,-0.035646,0.19892
43.524,0.821,-0.218,0.925,8.21,-0.009466,-0.035617,0.1989
43.579,0.821,-0.218,0.925,8.22,-0.009467,-0.035612,0.19889
43.629,0.876,0.4,0.931,8.23,-0.00948,-0.035617,0.19889
43.684,0.876,0.4,0.931,8.24,-0.009467,-0.035632,0.19889
43.74,0.876,0.4,0.931,8.25,-0.009512,-0.035629,0.19893
43.789,0.876,0.4,0.931,8.26,-0.009536,-0.035643,0.19893
43.844,0.876,0.4,0.931,8.27,-0.009463,-0.035621,0.1989
43.894,0.876,0.4,0.931,8.28,-0.009471,-0.035614,0.19889
43.949,0.957,0.859,0.963,8.29,-0.009515,-0.035633,0.19892
43.999,0.957,0.859,0.963,8.3,-0.009457,-0.035673,0.19898
44.055,0.957,0.859,0.963,8.31,-0.009526,-0.035636,0.19893
44.104,0.957,0.859,0.963,8.32,-0.009493,-0.035617,0.19889
44.159,0.957,0.859,0.963,8.33,-0.009464,-0.03561,0.19888
44.209,1.05,1.165,0.933,8.34,-0.009539,-0.035639,0.19893
44.264,1.05,1.165,0.933,8.35,-0.009527,-0.035643,0.19893
44.314,1.05,1.165,0.933,8.36,-0.009524,-0.035632,0.19893
44.369,1.05,1.165,0.933,8.37,-0.00948,-0.035623,0.1989
44.419,1.05,1.165,0.933,8.38,-0.009463,-0.035619,0.19888
44.475,1.05,1.165,0.933,8.39,-0.009472,-0.035617,0.1989
44.525,1.158,1.297,0.867,8.4,-0.009456,-0.035674,0.19898
44.58,1.158,1.297,0.867,8.41,-0.009508,-0.035633,0.19893
44.63,1.158,1.297,0.867,8.42,-0.009465,-0.035617,0.19889
44.685,1.158,1.297,0.867,8.43,-0.009527,-0.035649,0.19893
44.74,1.158,1.297,0.867,8.44,-0.009455,-0.035681,0.19898
44.79,1.269,1.298,0.793,8.45,-0.009515,-0.035653,0.19893
44.845,1.269,1.298,0.793,8.46,-0.009464,-0.035618,0.19889
44.895,1.269,1.298,0.793,8.47,-0.009533,-0.035626,0.19892
44.95,1.269,1.298,0.793,8.48,-0.009516,-0.035633,0.19892
45,1.269,1.298,0.793,8.49,-0.009535,-0.035643,0.19894
45.055,1.269,1.298,0.793,8.5,-0.009522,-0.035639,0.19893
45.105,1.333,1.213,0.649,8.51,-0.009524,-0.035623,0.19892
45.16,1.333,1.213,0.649,8.52,-0.009458,-0.035683,0.19897
45.21,1.333,1.213,0.649,8.53,-0.009521,-0.035636,0.19895
45.265,1.333,1.213,0.649,8.54,-0.009464,-0.035632,0.19889
45.315,1.333,1.213,0.649,8.55,-0.009516,-0.035648,0.19892
45.37,1.342,1.151,0.561,8.56,-0.00947,-0.035628,0.1989
45.42,1.342,1.151,0.561,8.57,-0.009513,-0.035629,0.19892
45.475,1.342,1.151,0.561,8.58,-0.009505,-0.035642,0.19893
45.525,1.342,1.151,0.561,8.59,-0.009523,-0.035639,0.19893
45.58,1.342,1.151,0.561,8.6,-0.009521,-0.035636,0.19893
45.63,1.342,1.151,0.561,8.61,-0.009517,-0.035628,0.19893
45.685,1.266,1.145,0.486,8.62,-0.00947,-0.035606,0.19889
45.74,1.266,1.145,0.486,8.63,-0.009527,-0.035631,0.19893
45.79,1.266,1.145,0.486,8.64,-0.009515,-0.035632,0.19894
45.845,1.266,1.145,0.486,8.65,-0.009522,-0.035638,0.19893
45.895,1.266,1.145,0.486,8.66,-0.009524,-0.035632,0.19893
45.95,1.096,1.188,0.428,8.67,-0.009524,-0.035644,0.19892
46,1.096,1.188,0.428,8.68,-0.009463,-0.035619,0.1989
46.055,1.096,1.188,0.428,8.69,-0.009513,-0.035632,0.19892
46.105,1.096,1.188,0.428,8.7,-0.009441,-0.035682,0.19897
46.16,1.096,1.188,0.428,8.71,-0.00946,-0.03563,0.1989
46.21,1.096,1.188,0.428,8.72,-0.009505,-0.035633,0.19893
46.265,0.84,1.259,0.396,8.73,-0.009533,-0.035636,0.19892
46.315,0.84,1.259,0.396,8.74,-0.009507,-0.03564,0.19892
46.37,0.84,1.259,0.396,8.75,-0.009516,-0.035645,0.19892
46.42,0.84,1.259,0.396,8.76,-0.009526,-0.035632,0.19892
46.475,0.84,1.259,0.396,8.77,-0.009527,-0.035635,0.19892
46.525,0.515,1.356,0.391,8.78,-0.009472,-0.035626,0.19887
46.58,0.515,1.356,0.391,8.79,-0.009517,-0.035641,0.19892
46.63,0.515,1.356,0.391,8.8,-0.009446,-0.035674,0.19897
46.685,0.515,1.356,0.391,8.81,-0.009446,-0.035625,0.1989
46.74,0.515,1.356,0.391,8.82,-0.009458,-0.03563,0.19888
46.79,0.135,1.457,0.401,8.83,-0.009511,-0.035627,0.19893
46.845,0.135,1.457,0.401,8.84,-0.00946,-0.035608,0.19889
46.895,0.135,1.457,0.401,8.85,-0.009434,-0.035686,0.19896
46.95,0.135,1.457,0.401,8.86,-0.009518,-0.035644,0.19893
47,0.135,1.457,0.401,8.87,-0.009448,-0.035684,0.19898
47.055,0.135,1.457,0.401,8.88,-0.009504,-0.035656,0.19893
47.105,-0.255,1.544,0.437,8.89,-0.009523,-0.03563,0.19893
47.16,-0.255,1.544,0.437,8.9,-0.009461,-0.035633,0.1989
47.21,-0.255,1.544,0.437,8.91,-0.009506,-0.035646,0.19892
47.265,-0.255,1.544,0.437,8.92,-0.009527,-0.035637,0.19892
47.315,-0.255,1.544,0.437,8.93,-0.009445,-0.035681,0.19897
47.37,-0.625,1.576,0.504,8.94,-0.009519,-0.035637,0.19892
47.42,-0.625,1.576,0.504,8.95,-0.009452,-0.035677,0.19898
47.475,-0.625,1.576,0.504,8.96,-0.009511,-0.035637,0.19893
47.525,-0.625,1.576,0.504,8.97,-0.009454,-0.035631,0.1989
47.58,-0.625,1.576,0.504,8.98,-0.009518,-0.035647,0.19892
47.63,-0.625,1.576,0.504,8.99,-0.009449,-0.035686,0.19897
47.685,-0.934,1.504,0.581,9,-0.009501,-0.035639,0.19894
47.74,-0.934,1.504,0.581,9.01,-0.009524,-0.035624,0.19892
47.79,-0.934,1.504,0.581,9.02,-0.009449,-0.035682,0.19897
47.845,-0.934,1.504,0.581,9.03,-0.00951,-0.035638,0.19894
47.895,-0.934,1.504,0.581,9.04,-0.009518,-0.03563,0.19893
47.95,-1.152,1.3,0.648,9.05,-0.009524,-0.035635,0.19893
48,-1.152,1.3,0.648,9.06,-0.009465,-0.03562,0.19889
48.055,-1.152,1.3,0.648,9.07,-0.009516,-0.035638,0.19892
48.105,-1.152,1.3,0.648,9.08,-0.009456,-0.035679,0.19896
48.16,-1.152,1.3,0.648,9.09,-0.009515,-0.035634,0.19892
48.21,-1.152,1.3,0.648,9.1,-0.00953,-0.035624,0.19893
48.265,-1.271,0.966,0.704,9.11,-0.00945,-0.03567,0.19898
48.315,-1.271,0.966,0.704,9.12,-0.009513,-0.035626,0.19893
48.37,-1.271,0.966,0.704,9.13,-0.009513,-0.035634,0.19892
48.42,-1.271,0.966,0.704,9.14,-0.009506,-0.035628,0.19892
48.475,-1.271,0.966,0.704,9.15,-0.009458,-0.035676,0.19897
48.525,-1.281,0.553,0.747,9.16,-0.009508,-0.035638,0.19894
48.58,-1.281,0.553,0.747,9.17,-0.009525,-0.035639,0.19892
48.63,-1.281,0.553,0.747,9.18,-0.00951,-0.035633,0.19893
48.685,-1.281,0.553,0.747,9.19,-0.009518,-0.035634,0.19893
48.741,-1.281,0.553,0.747,9.2,-0.009439,-0.035678,0.19897
48.79,-1.281,0.553,0.747,9.21,-0.00951,-0.03564,0.19893
48.845,-1.184,0.113,0.765,9.22,-0.009509,-0.035632,0.19892
48.895,-1.184,0.113,0.765,9.23,-0.009512,-0.035643,0.19892
48.95,-1.184,0.113,0.765,9.24,-0.009525,-0.035628,0.19893
49,-1.184,0.113,0.765,9.25,-0.009521,-0.035635,0.19893
49.055,-1.184,0.113,0.765,9.26,-0.009527,-0.03564,0.19892
49.105,-0.999,-0.296,0.802,9.27,-0.009414,-0.035636,0.199
49.16,-0.999,-0.296,0.802,9.28,-0.009511,-0.035632,0.19894
49.21,-0.999,-0.296,0.802,9.29,-0.009519,-0.03564,0.19892
49.265,-0.999,-0.296,0.802,9.3,-0.00952,-0.035622,0.19892
49.315,-0.999,-0.296,0.802,9.31,-0.009521,-0.035639,0.19893
49.37,-0.999,-0.296,0.802,9.32,-0.009446,-0.035691,0.19897
49.42,-0.738,-0.642,0.84,9.33,-0.009515,-0.035639,0.19893
49.475,-0.738,-0.642,0.84,9.34,-0.009446,-0.035682,0.19898
49.525,-0.738,-0.642,0.84,9.35,-0.009501,-0.035645,0.19894
49.58,-0.738,-0.642,0.84,9.36,-0.009519,-0.035636,0.19892
49.63,-0.738,-0.642,0.84,9.37,-0.009514,-0.035646,0.19893
49.685,-0.421,-0.898,0.869,9.38,-0.009515,-0.03564,0.19893
49.741,-0.421,-0.898,0.869,9.39,-0.00952,-0.035626,0.19892
49.79,-0.421,-0.898,0.869,9.4,-0.009448,-0.035679,0.19897
49.845,-0.421,-0.898,0.869,9.41,-0.009512,-0.035654,0.19893
49.895,-0.421,-0.898,0.869,9.42,-0.009454,-0.035683,0.19896
49.95,-0.421,-0.898,0.869,9.43,-0.009508,-0.035637,0.19894
50,-0.084,-1.053,0.915,9.44,-0.009517,-0.035625,0.19892
50.055,-0.084,-1.053,0.915,9.45,-0.009462,-0.035687,0.19897
50.105,-0.084,-1.053,0.915,9.46,-0.009515,-0.035643,0.19894
50.16,-0.084,-1.053,0.915,9.47,-0.009527,-0.035635,0.19893
50.21,-0.084,-1.053,0.915,9.48,-0.009465,-0.035624,0.19889
50.265,0.24,-1.086,0.959,9.49,-0.009531,-0.035635,0.19893
50.315,0.24,-1.086,0.959,9.5,-0.00953,-0.035633,0.19892
50.37,0.24,-1.086,0.959,9.51,-0.00951,-0.035634,0.19893
50.42,0.24,-1.086,0.959,9.52,-0.009529,-0.035625,0.19892
50.475,0.24,-1.086,0.959,9.53,-0.00953,-0.03562,0.19892
50.525,0.24,-1.086,0.959,9.54,-0.00953,-0.035626,0.19893
50.58,0.527,-0.987,0.996,9.55,-0.009528,-0.035641,0.19893
50.63,0.527,-0.987,0.996,9.56,-0.009522,-0.03564,0.19893
50.685,0.527,-0.987,0.996,9.57,-0.009526,-0.035645,0.19892
50.741,0.527,-0.987,0.996,9.58,-0.009516,-0.035642,0.19893
50.79,0.527,-0.987,0.996,9.59,-0.009522,-0.03563,0.19894
50.845,0.766,-0.765,1.053,9.6,-0.009527,-0.035635,0.19893
50.895,0.766,-0.765,1.053,9.61,-0.009532,-0.035637,0.19893
50.95,0.766,-0.765,1.053,9.62,-0.009516,-0.035637,0.19893
51,0.766,-0.765,1.053,9.63,-0.009459,-0.035671,0.19897
51.055,0.766,-0.765,1.053,9.64,-0.009518,-0.03565,0.19894
51.105,0.766,-0.765,1.053,9.65,-0.009527,-0.035631,0.19892
51.16,0.766,-0.765,1.053,9.66,-0.009513,-0.035627,0.19894
51.211,0.766,-0.765,1.053,9.67,-0.009522,-0.035638,0.19892
51.265,0.766,-0.765,1.053,9.68,-0.009521,-0.035621,0.19893
51.316,0.766,-0.765,1.053,9.69,-0.009532,-0.035629,0.19893
51.371,0.766,-0.765,1.053,9.7,-0.009532,-0.035645,0.19893
51.421,0.987,-0.336,1.114,9.71,-0.009529,-0.03563,0.19893
51.476,0.987,-0.336,1.114,9.72,-0.009523,-0.035632,0.19892
51.526,0.987,-0.336,1.114,9.73,-0.009518,-0.035625,0.19893
51.581,0.987,-0.336,1.114,9.74,-0.009531,-0.035633,0.19893
51.631,0.987,-0.336,1.114,9.75,-0.009446,-0.035666,0.19897
51.686,1.181,0.097,1.154,9.76,-0.009459,-0.035621,0.19889
51.741,1.181,0.097,1.154,9.77,-0.00952,-0.035649,0.19891
51.791,1.181,0.097,1.154,9.78,-0.009531,-0.035641,0.19894
51.846,1.181,0.097,1.154,9.79,-0.009519,-0.035639,0.19893
51.896,1.181,0.097,1.154,9.8,-0.009471,-0.035626,0.1989
51.951,1.181,0.097,1.154,9.81,-0.009449,-0.035678,0.19897
52.001,1.35,0.448,1.177,9.82,-0.009515,-0.035642,0.19892
52.056,1.35,0.448,1.177,9.83,-0.00952,-0.035627,0.19892
52.106,1.35,0.448,1.177,9.84,-0.009515,-0.035622,0.19892
52.161,1.35,0.448,1.177,9.85,-0.009533,-0.035641,0.19891
52.211,1.35,0.448,1.177,9.86,-0.009535,-0.035642,0.19893
52.266,1.496,0.644,1.211,9.87,-0.009524,-0.035626,0.19892
52.316,1.496,0.644,1.211,9.88,-0.009533,-0.035623,0.19892
52.371,1.496,0.644,1.211,9.89,-0.009535,-0.03564,0.19893
52.421,1.496,0.644,1.211,9.9,-0.009534,-0.035631,0.19892
52.476,1.496,0.644,1.211,9.91,-0.009521,-0.035619,0.19892
52.526,1.496,0.644,1.211,9.92,-0.009524,-0.035637,0.19893
52.581,1.496,0.644,1.211,9.93,-0.009522,-0.035633,0.19893
52.631,1.496,0.644,1.211,9.94,-0.00953,-0.035636,0.19892
52.686,1.496,0.644,1.211,9.95,-0.009535,-0.035639,0.19893
52.741,1.496,0.644,1.211,9.96,-0.009534,-0.035649,0.19892
52.791,1.496,0.644,1.211,9.97,-0.009529,-0.035642,0.19893
52.846,1.549,0.433,1.192,9.98,-0.009519,-0.035638,0.19892
52.896,1.549,0.433,1.192,9.99,-0.009528,-0.035646,0.19892
52.951,1.549,0.433,1.192,10,-0.009527,-0.035636,0.19893
53.001,1.549,0.433,1.192,10.01,-0.00947,-0.035676,0.19898
53.056,1.549,0.433,1.192,10.02,-0.009463,-0.035617,0.1989
53.106,1.549,0.433,1.192,10.03,-0.009449,-0.035678,0.19896
53.161,1.528,0.083,1.185,10.04,-0.009516,-0.035644,0.19892
53.211,1.528,0.083,1.185,10.05,-0.009523,-0.035628,0.19892
53.266,1.528,0.083,1.185,10.06,-0.00952,-0.035628,0.19892
53.316,1.528,0.083,1.185,10.07,-0.009418,-0.035633,0.199
53.371,1.528,0.083,1.185,10.08,-0.009502,-0.035638,0.19895
53.421,1.394,-0.331,1.172,10.09,-0.009532,-0.035626,0.19893
53.476,1.394,-0.331,1.172,10.1,-0.009477,-0.035611,0.19889
53.526,1.394,-0.331,1.172,10.11,-0.009516,-0.035625,0.19893
53.581,1.394,-0.331,1.172,10.12,-0.009535,-0.035626,0.19892
53.631,1.394,-0.331,1.172,10.13,-0.009525,-0.035631,0.19893
53.686,1.394,-0.331,1.172,10.14,-0.00953,-0.035626,0.19892
53.741,1.394,-0.331,1.172,10.15,-0.009524,-0.035636,0.19892
53.791,1.394,-0.331,1.172,10.16,-0.009522,-0.035641,0.19893
53.846,1.394,-0.331,1.172,10.17,-0.009515,-0.035639,0.19892
53.896,1.394,-0.331,1.172,10.18,-0.009469,-0.035608,0.19888
53.951,1.394,-0.331,1.172,10.19,-0.009452,-0.035681,0.19897
54.001,-0.509,0.201,0.082,10.2,-0.009526,-0.035635,0.19893
54.056,-0.509,0.201,0.082,10.21,-0.009528,-0.035641,0.19894
54.106,-0.509,0.201,0.082,10.22,-0.009522,-0.035635,0.19893
54.161,-0.509,0.201,0.082,10.23,-0.009458,-0.035616,0.19889
54.211,-0.509,0.201,0.082,10.24,-0.009515,-0.035624,0.19892
54.266,-0.509,0.201,0.082,10.25,-0.009471,-0.035627,0.1989
54.316,-0.509,0.201,0.082,10.26,-0.009461,-0.035605,0.1989
54.371,-0.509,0.201,0.082,10.27,-0.009519,-0.035638,0.19891
54.421,-0.509,0.201,0.082,10.28,-0.00953,-0.03564,0.19893
54.476,-0.509,0.201,0.082,10.29,-0.00951,-0.035629,0.19893
54.526,-0.509,0.201,0.082,10.3,-0.009517,-0.03563,0.19893
54.581,-0.974,0.209,0.033,10.31,-0.009468,-0.035619,0.19889
54.631,-0.974,0.209,0.033,10.32,-0.00952,-0.035631,0.19892
54.686,-0.974,0.209,0.033,10.33,-0.009518,-0.035641,0.19892
54.741,-0.974,0.209,0.033,10.34,-0.009519,-0.035624,0.19892
54.791,-0.974,0.209,0.033,10.35,-0.009465,-0.035672,0.19898
54.846,-0.974,0.209,0.033,10.36,-0.009527,-0.035642,0.19894
54.896,-1.415,0.373,-0.053,10.37,-0.009533,-0.035642,0.19894
54.951,-1.415,0.373,-0.053,10.38,-0.00954,-0.035652,0.19893
55.001,-1.415,0.373,-0.053,10.39,-0.009482,-0.035613,0.19889
55.056,-1.415,0.373,-0.053,10.4,-0.00952,-0.035639,0.19892
55.106,-1.415,0.373,-0.053,10.41,-0.009521,-0.035629,0.19892
55.161,-1.415,0.373,-0.053,10.42,-0.009529,-0.035632,0.19893
55.211,-1.415,0.373,-0.053,10.43,-0.009525,-0.03563,0.19893
55.266,-1.415,0.373,-0.053,10.44,-0.009533,-0.035622,0.19892
55.316,-1.415,0.373,-0.053,10.45,-0.009521,-0.035635,0.19892
55.371,-1.415,0.373,-0.053,10.46,-0.00952,-0.035627,0.19892
55.421,-1.415,0.373,-0.053,10.47,-0.009533,-0.035638,0.19893
55.476,-0.745,-0.054,0.856,10.48,-0.00953,-0.035627,0.19893
55.526,-0.745,-0.054,0.856,10.49,-0.00952,-0.035637,0.19893
55.581,-0.745,-0.054,0.856,10.5,-0.009541,-0.035625,0.19893
55.631,-0.745,-0.054,0.856,10.51,-0.009526,-0.035631,0.19893
55.686,-0.745,-0.054,0.856,10.52,-0.009527,-0.035625,0.19893
55.741,-0.828,0.3,0.811,10.53,-0.009464,-0.035625,0.1989
55.791,-0.828,0.3,0.811,10.54,-0.009457,-0.03562,0.19889
55.846,-0.828,0.3,0.811,10.55,-0.009443,-0.035683,0.19897
55.896,-0.828,0.3,0.811,10.56,-0.009508,-0.035648,0.19894
55.951,-0.828,0.3,0.811,10.57,-0.009529,-0.03564,0.19892
56.001,-0.82,0.638,0.82,10.58,-0.009528,-0.035628,0.19892
56.056,-0.82,0.638,0.82,10.59,-0.009523,-0.035632,0.19893
56.106,-0.82,0.638,0.82,10.6,-0.009519,-0.035634,0.19893
56.161,-0.82,0.638,0.82,10.61,-0.009524,-0.035636,0.19892
56.211,-0.82,0.638,0.82,10.62,-0.009522,-0.035623,0.19892
56.266,-0.82,0.638,0.82,10.63,-0.009529,-0.03563,0.19892
56.316,-0.724,0.918,0.784,10.64,-0.009461,-0.035672,0.19898
56.371,-0.724,0.918,0.784,10.65,-0.009514,-0.035629,0.19894
56.421,-0.724,0.918,0.784,10.66,-0.009515,-0.035639,0.19892
56.476,-0.724,0.918,0.784,10.67,-0.009533,-0.035628,0.19892
56.526,-0.724,0.918,0.784,10.68,-0.009527,-0.035627,0.19893
56.581,-0.564,1.141,0.791,10.69,-0.009516,-0.035635,0.19892
56.631,-0.564,1.141,0.791,10.7,-0.009471,-0.035611,0.19889
56.686,-0.564,1.141,0.791,10.71,-0.009509,-0.035629,0.19893
56.741,-0.564,1.141,0.791,10.72,-0.009529,-0.03563,0.19893
56.791,-0.564,1.141,0.791,10.73,-0.009477,-0.035612,0.19889
56.846,-0.564,1.141,0.791,10.74,-0.00946,-0.035606,0.19889
56.896,-0.34,1.27,0.807,10.75,-0.009513,-0.035613,0.19892
56.951,-0.34,1.27,0.807,10.76,-0.009517,-0.035626,0.19892
57.001,-0.34,1.27,0.807,10.77,-0.009535,-0.03562,0.19893
57.056,-0.34,1.27,0.807,10.78,-0.009527,-0.035625,0.19893
57.106,-0.34,1.27,0.807,10.79,-0.009475,-0.035617,0.1989
57.161,-0.07,1.26,0.813,10.8,-0.009517,-0.035631,0.19892
57.211,-0.07,1.26,0.813,10.81,-0.00954,-0.035637,0.19893
57.266,-0.07,1.26,0.813,10.82,-0.00948,-0.035614,0.1989
57.316,-0.07,1.26,0.813,10.83,-0.009514,-0.035625,0.19893
57.371,-0.07,1.26,0.813,10.84,-0.009533,-0.035629,0.19892
57.421,-0.07,1.26,0.813,10.85,-0.009539,-0.035635,0.19892
57.476,0.228,1.09,0.843,10.86,-0.009535,-0.035625,0.19894
57.526,0.228,1.09,0.843,10.87,-0.009525,-0.035619,0.19892
57.581,0.228,1.09,0.843,10.88,-0.009516,-0.035642,0.19892
57.631,0.228,1.09,0.843,10.89,-0.009535,-0.035636,0.19893
57.686,0.228,1.09,0.843,10.9,-0.00952,-0.035624,0.19893
57.741,0.541,0.772,0.862,10.91,-0.009519,-0.035629,0.19893
57.791,0.541,0.772,0.862,10.92,-0.009528,-0.035627,0.19894
57.846,0.609,25.187,25.6,10.93,-0.009514,-0.035635,0.19892
57.951,0.541,0.772,0.862,10.94,-0.009519,-0.035628,0.19893
58.001,0.541,0.772,0.862,10.95,-0.009516,-0.035622,0.19893
58.056,0.836,0.37,0.871,10.96,-0.009519,-0.035617,0.19892
58.106,0.836,0.37,0.871,10.97,-0.009522,-0.035634,0.19892
58.161,0.836,0.37,0.871,10.98,-0.009519,-0.035636,0.19893
58.212,0.836,0.37,0.871,10.99,-0.009525,-0.03562,0.19894
58.266,-1.057,2.487,-0.063,11,-0.009531,-0.035627,0.19892
58.371,1.085,-0.027,0.891,11.01,-0.009535,-0.035628,0.19892
58.422,1.085,-0.027,0.891,11.02,-0.009461,-0.035674,0.19896
58.477,1.085,-0.027,0.891,11.03,-0.009443,-0.035672,0.19897
58.527,1.085,-0.027,0.891,11.04,-0.00952,-0.035636,0.19892
58.582,1.085,-0.027,0.891,11.05,-0.009527,-0.035616,0.19893
58.632,1.265,-0.369,0.898,11.06,-0.009526,-0.03563,0.19892
58.687,1.265,-0.369,0.898,11.07,-0.009533,-0.035636,0.19893
58.741,1.265,-0.369,0.898,11.08,-0.00952,-0.03563,0.19892
58.792,1.265,-0.369,0.898,11.09,-0.00953,-0.035632,0.19892
58.847,1.265,-0.369,0.898,11.1,-0.009533,-0.035635,0.19893
58.897,1.362,-0.618,0.905,11.11,-0.009528,-0.035626,0.19894
58.952,1.362,-0.618,0.905,11.12,-0.00953,-0.035629,0.19893
59.002,1.362,-0.618,0.905,11.13,-0.009519,-0.035633,0.19892
59.057,1.362,-0.618,0.905,11.14,-0.009537,-0.03563,0.19893
59.107,1.362,-0.618,0.905,11.15,-0.009458,-0.035661,0.19897
59.162,1.362,-0.618,0.905,11.16,-0.009522,-0.035639,0.19894
59.212,1.35,-0.771,0.917,11.17,-0.009514,-0.035642,0.19892
59.267,1.35,-0.771,0.917,11.18,-0.009522,-0.035638,0.19892
59.317,1.35,-0.771,0.917,11.19,-0.009526,-0.035627,0.19892
59.367,1.35,-0.771,0.917,11.2,-0.009516,-0.035634,0.19892
59.417,1.35,-0.771,0.917,11.21,-0.009507,-0.035647,0.19892
59.467,1.236,-0.822,0.914,11.22,-0.00952,-0.035626,0.1989
59.517,1.236,-0.822,0.914,11.23,-0.009525,-0.035633,0.19891
59.567,1.236,-0.822,0.914,11.24,-0.009525,-0.035625,0.19893
59.617,1.236,-0.822,0.914,11.25,-0.009526,-0.035624,0.19892
59.667,1.236,-0.822,0.914,11.26,-0.009524,-0.035625,0.19892
59.717,1.236,-0.822,0.914,11.27,-0.009536,-0.035627,0.19892
59.772,1.028,-0.74,0.904,11.28,-0.009519,-0.035632,0.19893
59.822,1.028,-0.74,0.904,11.29,-0.009527,-0.035634,0.19892
59.872,1.028,-0.74,0.904,11.3,-0.009531,-0.035625,0.19892
59.922,1.028,-0.74,0.904,11.31,-0.009529,-0.035617,0.19893
59.972,1.028,-0.74,0.904,11.32,-0.009534,-0.035623,0.19893
60.022,1.028,-0.74,0.904,11.33,-0.009532,-0.035627,0.19893
60.072,0.76,-0.519,0.879,11.34,-0.009535,-0.035616,0.19892
60.122,0.76,-0.519,0.879,11.35,-0.009536,-0.035625,0.19893
60.172,0.76,-0.519,0.879,11.36,-0.009535,-0.035632,0.19893
60.222,0.76,-0.519,0.879,11.37,-0.009533,-0.035625,0.19893
60.272,0.76,-0.519,0.879,11.38,-0.009525,-0.035621,0.19894
60.322,0.482,-0.176,0.837,11.39,-0.00954,-0.03563,0.19892
60.372,0.482,-0.176,0.837,11.4,-0.00955,-0.035632,0.19892
60.422,0.482,-0.176,0.837,11.41,-0.009535,-0.035625,0.19892
60.472,0.482,-0.176,0.837,11.42,-0.009543,-0.035615,0.19892
60.522,0.482,-0.176,0.837,11.43,-0.009531,-0.035628,0.19891
60.572,0.482,-0.176,0.837,11.44,-0.009522,-0.035625,0.19892
60.622,0.242,0.214,0.813,11.45,-0.009534,-0.035624,0.19892
60.672,0.242,0.214,0.813,11.46,-0.009527,-0.035628,0.19892
60.722,0.242,0.214,0.813,11.47,-0.009525,-0.035626,0.19893
60.772,0.242,0.214,0.813,11.48,-0.009512,-0.035626,0.19892
60.822,0.242,0.214,0.813,11.49,-0.009517,-0.035631,0.19891
60.872,0.242,0.214,0.813,11.5,-0.009521,-0.035642,0.19892
60.922,0.054,0.579,0.781,11.51,-0.009524,-0.035639,0.19892
60.972,0.054,0.579,0.781,11.52,-0.009513,-0.035635,0.19892
61.022,0.054,0.579,0.781,11.53,-0.009528,-0.035634,0.19892
61.072,0.054,0.579,0.781,11.54,-0.009526,-0.035628,0.19893
61.122,0.054,0.579,0.781,11.55,-0.009527,-0.035642,0.19892
61.172,0.054,0.579,0.781,11.56,-0.009534,-0.035626,0.19892
61.222,-0.083,0.871,0.757,11.57,-0.009534,-0.035627,0.19893
61.272,-0.083,0.871,0.757,11.58,-0.009525,-0.035639,0.19892
61.322,-0.083,0.871,0.757,11.59,-0.009525,-0.03562,0.19893
61.372,-0.083,0.871,0.757,11.6,-0.009522,-0.035629,0.19892
61.422,-0.083,0.871,0.757,11.61,-0.009533,-0.035633,0.19892
61.472,-0.177,1.061,0.752,11.62,-0.00951,-0.035617,0.19893
61.522,-0.177,1.061,0.752,11.63,-0.009533,-0.035622,0.19893
61.572,-0.177,1.061,0.752,11.64,-0.009529,-0.035627,0.19894
61.622,-0.177,1.061,0.752,11.65,-0.009531,-0.035625,0.19893
61.672,-0.177,1.061,0.752,11.66,-0.00952,-0.035628,0.19892
61.722,-0.177,1.061,0.752,11.67,-0.009522,-0.035631,0.19892
61.772,-0.241,1.158,0.752,11.68,-0.009533,-0.035639,0.19891
61.822,-0.241,1.158,0.752,11.69,-0.009518,-0.035632,0.19892
61.872,-0.241,1.158,0.752,11.7,-0.009521,-0.035632,0.19893
61.922,-0.241,1.158,0.752,11.71,-0.009528,-0.035617,0.19893
61.972,-0.241,1.158,0.752,11.72,-0.00953,-0.035641,0.19892
62.022,-0.241,1.158,0.752,11.73,-0.009528,-0.035639,0.19893
62.072,-0.275,1.157,0.761,11.74,-0.009526,-0.035636,0.19894
62.122,-0.275,1.157,0.761,11.75,-0.009524,-0.035629,0.19894
62.172,-0.275,1.157,0.761,11.76,-0.00952,-0.035629,0.19893
62.222,-0.275,1.157,0.761,11.77,-0.009523,-0.03564,0.19893
62.272,-0.275,1.157,0.761,11.78,-0.009522,-0.035634,0.19893
62.322,-0.275,1.157,0.761,11.79,-0.009521,-0.035642,0.19894
62.372,-0.288,1.076,0.788,11.8,-0.009524,-0.035632,0.19892
62.422,-0.288,1.076,0.788,11.81,-0.009524,-0.035642,0.19893
62.472,-0.288,1.076,0.788,11.82,-0.00953,-0.035628,0.19893
62.522,-0.288,1.076,0.788,11.83,-0.009463,-0.035683,0.19897
62.572,-0.288,1.076,0.788,11.84,-0.009446,-0.035676,0.19897
62.622,-0.284,0.942,0.823,11.85,-0.009516,-0.035637,0.19894
62.672,-0.284,0.942,0.823,11.86,-0.009522,-0.035636,0.19893
62.722,-0.284,0.942,0.823,11.87,-0.009513,-0.035639,0.19892
62.772,-0.284,0.942,0.823,11.88,-0.009515,-0.035626,0.19893
62.822,-0.284,0.942,0.823,11.89,-0.00952,-0.035641,0.19893
62.872,-0.415,25.187,25.6,11.9,-0.009517,-0.035636,0.19892
63.022,-0.281,0.783,0.842,11.91,-0.009522,-0.035642,0.19893
63.072,25.444,0.004,10.036,11.92,-0.009526,-0.035631,0.19893
63.722,-0.291,0.516,0.843,11.93,-0.009513,-0.035633,0.19893
63.772,-0.304,0.413,0.792,11.94,-0.009522,-0.035632,0.19893
63.822,-0.304,0.413,0.792,11.95,-0.009526,-0.035635,0.19893
63.872,-0.304,0.413,0.792,11.96,-0.009476,-0.035619,0.19889
63.922,-0.304,0.413,0.792,11.97,-0.009513,-0.035641,0.19894
63.972,-0.304,0.413,0.792,11.98,-0.009522,-0.035634,0.19893
64.022,-0.415,25.187,25.6,11.99,-0.009509,-0.03564,0.19893
64.172,-0.297,0.33,0.721,12,-0.009524,-0.035631,0.19893
64.222,-0.297,0.33,0.721,12.01,-0.009452,-0.035667,0.19898
64.272,-0.297,0.33,0.721,12.02,-0.009518,-0.03565,0.19894
64.322,-0.297,0.33,0.721,12.03,-0.009531,-0.035631,0.19893
64.372,-0.275,0.26,0.625,12.04,-0.00953,-0.035629,0.19892
64.422,-0.415,25.187,25.6,12.05,-0.009523,-0.035623,0.19893
64.522,-0.275,0.26,0.625,12.06,-0.009527,-0.03562,0.19892
64.572,-0.275,0.26,0.625,12.07,-0.009523,-0.035632,0.19892
64.622,-0.275,0.26,0.625,12.08,-0.009535,-0.035632,0.19892
64.672,-0.275,0.26,0.625,12.09,-0.009539,-0.035631,0.19893
64.722,-0.275,0.26,0.625,12.1,-0.009529,-0.035628,0.19892
64.772,-0.275,0.26,0.625,12.11,-0.009528,-0.035638,0.19893
64.822,-0.275,0.26,0.625,12.12,-0.009475,-0.035623,0.1989
64.872,-0.275,0.26,0.625,12.13,-0.00952,-0.035634,0.19893
64.923,-0.275,0.26,0.625,12.14,-0.009538,-0.035636,0.19894
64.972,-0.275,0.26,0.625,12.15,-0.009475,-0.035616,0.1989
65.022,-0.275,0.26,0.625,12.16,-0.009512,-0.035642,0.19892
65.072,-0.275,0.26,0.625,12.17,-0.009522,-0.035629,0.19894
65.122,-0.275,0.26,0.625,12.18,-0.009526,-0.035634,0.19893
65.172,-0.275,0.26,0.625,12.19,-0.009519,-0.035632,0.19893
65.222,-0.275,0.26,0.625,12.2,-0.009508,-0.035628,0.19892
65.272,-0.275,0.26,0.625,12.21,-0.009515,-0.035626,0.19893
65.323,-0.275,0.26,0.625,12.22,-0.009518,-0.035639,0.19893
65.372,-0.275,0.26,0.625,12.23,-0.009516,-0.035638,0.19892
65.423,-0.275,0.26,0.625,12.24,-0.00952,-0.035629,0.19893
65.473,-0.275,0.26,0.625,12.25,-0.009505,-0.035638,0.19893
65.523,-0.275,0.26,0.625,12.26,-0.009519,-0.035627,0.19893
65.573,-0.275,0.26,0.625,12.27,-0.009521,-0.03562,0.19893
65.623,-0.275,0.26,0.625,12.28,-0.009522,-0.035627,0.19893
65.673,-0.275,0.26,0.625,12.29,-0.009464,-0.035618,0.19889
65.723,-0.275,0.26,0.625,12.3,-0.009525,-0.035608,0.19892
65.773,-0.275,0.26,0.625,12.31,-0.009531,-0.035629,0.19893
65.823,-0.275,0.26,0.625,12.32,-0.009522,-0.035624,0.19894
65.873,-0.275,0.26,0.625,12.33,-0.009525,-0.035631,0.19893
65.923,-0.275,0.26,0.625,12.34,-0.009517,-0.035629,0.19893
65.973,-0.275,0.26,0.625,12.35,-0.009527,-0.03563,0.19892
66.023,-0.275,0.26,0.625,12.36,-0.009538,-0.035625,0.19894
66.073,3.328,-4.93,0.495,12.37,-0.009528,-0.035635,0.19893
66.123,3.328,-4.93,0.495,12.38,-0.009535,-0.03563,0.19893
66.173,3.328,-4.93,0.495,12.39,-0.009527,-0.035634,0.19893
66.223,3.328,-4.93,0.495,12.4,-0.009526,-0.035635,0.19892
66.273,3.328,-4.93,0.495,12.41,-0.009527,-0.035623,0.19893
66.323,3.328,-4.93,0.495,12.42,-0.009531,-0.035616,0.19893
66.373,3.328,-4.93,0.495,12.43,-0.009514,-0.035623,0.19893
66.423,3.328,-4.93,0.495,12.44,-0.009523,-0.035618,0.19893
66.473,3.328,-4.93,0.495,12.45,-0.009527,-0.035618,0.19892
66.523,3.328,-4.93,0.495,12.46,-0.009528,-0.035634,0.19892
66.573,3.328,-4.93,0.495,12.47,-0.009508,-0.035633,0.19892
66.623,3.328,-4.93,0.495,12.48,-0.009461,-0.035667,0.19898
66.673,3.328,-4.93,0.495,12.49,-0.00951,-0.035633,0.19894
66.723,3.328,-4.93,0.495,12.5,-0.009523,-0.035628,0.19893
66.773,3.328,-4.93,0.495,12.51,-0.009476,-0.035612,0.19889
66.823,3.328,-4.93,0.495,12.52,-0.00951,-0.035622,0.19892
66.873,3.328,-4.93,0.495,12.53,-0.00947,-0.035665,0.19898
66.923,3.328,-4.93,0.495,12.54,-0.009515,-0.035638,0.19894
66.978,3.328,-4.93,0.495,12.55,-0.009534,-0.035627,0.19894
67.028,3.328,-4.93,0.495,12.56,-0.009522,-0.035627,0.19894
67.078,3.328,-4.93,0.495,12.57,-0.009533,-0.035625,0.19893
67.128,3.328,-4.93,0.495,12.58,-0.00953,-0.035613,0.19893
67.178,3.328,-4.93,0.495,12.59,-0.009528,-0.035618,0.19894
67.228,3.328,-4.93,0.495,12.6,-0.009533,-0.035613,0.19893
67.283,3.328,-4.93,0.495,12.61,-0.009526,-0.035616,0.19893
67.338,3.328,-4.93,0.495,12.62,-0.009527,-0.035624,0.19893
67.388,3.328,-4.93,0.495,12.63,-0.009532,-0.035618,0.19894
67.443,3.328,-4.93,0.495,12.64,-0.009534,-0.035629,0.19893
67.493,3.328,-4.93,0.495,12.65,-0.009534,-0.035625,0.19892
67.548,0.051,-0.102,0.1,12.66,-0.009528,-0.035634,0.19893
67.598,0.051,-0.102,0.1,12.67,-0.009542,-0.035618,0.19892
67.653,0.051,-0.102,0.1,12.68,-0.009534,-0.035622,0.19893
67.703,0.051,-0.102,0.1,12.69,-0.009528,-0.035622,0.19892
67.758,0.051,-0.102,0.1,12.7,-0.009519,-0.035624,0.19893
67.808,0.049,-0.079,0.1,12.71,-0.009516,-0.035631,0.19892
67.863,0.049,-0.079,0.1,12.72,-0.009519,-0.035625,0.19892
67.913,0.049,-0.079,0.1,12.73,-0.009523,-0.035626,0.19892
67.968,0.049,-0.079,0.1,12.74,-0.009531,-0.035634,0.19892
68.018,0.049,-0.079,0.1,12.75,-0.009533,-0.035631,0.19892
68.073,0.049,-0.079,0.1,12.76,-0.009528,-0.035624,0.19892
68.123,0.04,-0.051,0.104,12.77,-0.009525,-0.035622,0.19893
68.178,0.04,-0.051,0.104,12.78,-0.009484,-0.035623,0.1989
68.228,0.04,-0.051,0.104,12.79,-0.009521,-0.035637,0.19893
68.283,0.04,-0.051,0.104,12.8,-0.009536,-0.035635,0.19893
68.338,0.04,-0.051,0.104,12.81,-0.009518,-0.035625,0.19893
68.388,0.024,-0.019,0.099,12.82,-0.00952,-0.035623,0.19892
68.443,0.024,-0.019,0.099,12.83,-0.009514,-0.035631,0.19893
68.493,0.024,-0.019,0.099,12.84,-0.009526,-0.03562,0.19894
68.548,0.024,-0.019,0.099,12.85,-0.009538,-0.035622,0.19893
68.598,0.024,-0.019,0.099,12.86,-0.009532,-0.035637,0.19893
68.653,0.024,-0.019,0.099,12.87,-0.009527,-0.035628,0.19893
68.703,0.011,0.004,0.099,12.88,-0.009532,-0.035622,0.19893
68.758,0.011,0.004,0.099,12.89,-0.009531,-0.035628,0.19892
68.808,0.011,0.004,0.099,12.9,-0.009482,-0.035607,0.1989
68.863,0.011,0.004,0.099,12.91,-0.009522,-0.035615,0.19892
68.913,0.011,0.004,0.099,12.92,-0.009528,-0.035625,0.19893
68.968,-0.002,0.021,0.098,12.93,-0.009531,-0.035627,0.19892
69.018,-0.002,0.021,0.098,12.94,-0.009532,-0.035622,0.19893
69.073,-0.002,0.021,0.098,12.95,-0.00953,-0.035623,0.19893
69.123,-0.002,0.021,0.098,12.96,-0.009529,-0.035631,0.19892
69.178,-0.002,0.021,0.098,12.97,-0.009526,-0.035622,0.19894
69.228,-0.002,0.021,0.098,12.98,-0.009528,-0.035621,0.19893
69.283,-0.004,0.029,0.095,12.99,-0.009525,-0.035622,0.19892
69.339,-0.004,0.029,0.095,13,-0.009533,-0.035626,0.19893
69.388,-0.004,0.029,0.095,13.01,-0.009537,-0.035636,0.19892
69.443,-0.004,0.029,0.095,13.02,-0.009529,-0.035627,0.19892
69.493,-0.004,0.029,0.095,13.03,-0.009523,-0.03562,0.19892
69.548,-0.004,0.028,0.096,13.04,-0.009467,-0.035618,0.19889
69.598,-0.004,0.028,0.096,13.05,-0.009508,-0.035621,0.19891
69.653,-0.004,0.028,0.096,13.06,-0.009526,-0.035626,0.19892
69.703,-0.004,0.028,0.096,13.07,-0.009527,-0.035629,0.19891
69.758,-0.004,0.028,0.096,13.08,-0.009524,-0.035624,0.19892
69.808,-0.004,0.028,0.096,13.09,-0.00954,-0.035632,0.19892
69.863,-0.005,0.029,0.095,13.1,-0.009449,-0.035678,0.19897
69.913,-0.005,0.029,0.095,13.11,-0.009513,-0.035638,0.19893
69.968,-0.005,0.029,0.095,13.12,-0.009516,-0.035631,0.19893
70.018,-0.005,0.029,0.095,13.13,-0.009525,-0.035638,0.19892
70.073,-0.005,0.029,0.095,13.14,-0.009458,-0.035669,0.19897
70.123,-0.005,0.03,0.095,13.15,-0.009509,-0.035638,0.19894
70.178,-0.005,0.03,0.095,13.16,-0.009527,-0.035632,0.19893
70.228,-0.005,0.03,0.095,13.17,-0.009539,-0.035631,0.19894
70.283,-0.005,0.03,0.095,13.18,-0.009474,-0.035668,0.19898
70.339,-0.005,0.03,0.095,13.19,-0.009516,-0.035631,0.19893
70.388,-0.005,0.031,0.094,13.2,-0.009534,-0.035621,0.19892
70.443,-0.005,0.031,0.094,13.21,-0.009533,-0.035623,0.19892
70.493,-0.005,0.031,0.094,13.22,-0.009527,-0.035623,0.19894
70.548,-0.005,0.031,0.094,13.23,-0.009481,-0.035608,0.19889
70.598,-0.005,0.031,0.094,13.24,-0.009517,-0.035641,0.19892
70.653,-0.005,0.031,0.094,13.25,-0.00953,-0.03563,0.19893
70.703,-0.006,0.031,0.094,13.26,-0.009529,-0.035638,0.19893
70.758,-0.006,0.031,0.094,13.27,-0.009531,-0.035623,0.19894
70.808,-0.006,0.031,0.094,13.28,-0.009529,-0.035632,0.19893
70.863,-0.006,0.031,0.094,13.29,-0.009533,-0.035627,0.19893
70.913,-0.006,0.031,0.094,13.3,-0.009536,-0.035638,0.19892
70.968,-0.006,0.031,0.093,13.31,-0.009531,-0.035644,0.19892
71.018,-0.006,0.031,0.093,13.32,-0.009524,-0.035634,0.19894
71.073,-0.006,0.031,0.093,13.33,-0.009535,-0.03564,0.19892
71.123,-0.006,0.031,0.093,13.34,-0.009525,-0.035633,0.19893
71.178,-0.006,0.031,0.093,13.35,-0.009535,-0.035622,0.19893
71.228,-0.006,0.031,0.093,13.36,-0.009521,-0.035626,0.19892
71.283,-0.007,0.03,0.093,13.37,-0.009519,-0.035623,0.19893
71.339,-0.007,0.03,0.093,13.38,-0.009522,-0.035623,0.19893
71.388,-0.007,0.03,0.093,13.39,-0.009519,-0.035639,0.19893
71.443,-0.007,0.03,0.093,13.4,-0.009465,-0.035677,0.19897
71.493,-0.007,0.03,0.093,13.41,-0.009522,-0.035635,0.19894
71.548,-0.007,0.029,0.093,13.42,-0.009524,-0.035621,0.19893
71.598,-0.007,0.029,0.093,13.43,-0.009521,-0.035626,0.19893
71.653,-0.007,0.029,0.093,13.44,-0.009526,-0.035632,0.19893
71.703,-0.007,0.029,0.093,13.45,-0.009535,-0.035616,0.19892
71.758,-0.007,0.029,0.093,13.46,-0.009536,-0.035619,0.19893
71.808,-0.007,0.029,0.093,13.47,-0.009523,-0.035631,0.19893
71.863,-0.008,0.029,0.093,13.48,-0.009522,-0.03562,0.19892
71.913,-0.008,0.029,0.093,13.49,-0.009526,-0.035637,0.19893
71.969,-0.008,0.029,0.093,13.5,-0.009532,-0.035644,0.19894
72.018,-0.008,0.029,0.093,13.51,-0.009523,-0.03564,0.19893
72.073,-0.008,0.029,0.093,13.52,-0.009535,-0.035632,0.19893
72.124,-0.008,0.03,0.093,13.53,-0.009527,-0.035627,0.19892
72.178,-0.008,0.03,0.093,13.54,-0.009521,-0.035633,0.19894
72.228,-0.008,0.03,0.093,13.55,-0.00953,-0.035643,0.19894
72.283,-0.008,0.03,0.093,13.56,-0.009536,-0.035642,0.19893
72.339,-0.008,0.03,0.093,13.57,-0.009538,-0.035625,0.19892
72.389,-0.008,0.03,0.093,13.58,-0.009529,-0.035624,0.19893
72.444,-0.009,0.03,0.092,13.59,-0.009526,-0.035634,0.19892
72.494,-0.009,0.03,0.092,13.6,-0.009471,-0.03562,0.19889
72.549,-0.009,0.03,0.092,13.61,-0.009525,-0.035631,0.19892
72.599,-0.009,0.03,0.092,13.62,-0.009526,-0.035637,0.19894
72.654,-0.009,0.03,0.092,13.63,-0.009526,-0.035639,0.19892
72.704,-0.01,0.031,0.093,13.64,-0.009531,-0.035638,0.19893
72.759,-0.01,0.031,0.093,13.65,-0.009528,-0.035644,0.19892
72.809,-0.01,0.031,0.093,13.66,-0.009523,-0.03563,0.19892
72.864,-0.01,0.031,0.093,13.67,-0.00948,-0.035604,0.19891
72.914,-0.01,0.031,0.093,13.68,-0.009511,-0.035628,0.19892
72.969,-0.01,0.031,0.093,13.69,-0.009527,-0.035642,0.19893
73.019,-0.01,0.031,0.092,13.7,-0.009521,-0.035633,0.19894
73.074,-0.01,0.031,0.092,13.71,-0.00952,-0.03563,0.19894
73.124,-0.01,0.031,0.092,13.72,-0.009529,-0.035636,0.19894
73.179,-0.01,0.031,0.092,13.73,-0.009537,-0.035624,0.19893
73.229,-0.01,0.031,0.092,13.74,-0.009475,-0.035614,0.19891
73.284,-0.011,0.031,0.092,13.75,-0.009516,-0.035637,0.19892
73.339,-0.011,0.031,0.092,13.76,-0.009522,-0.035635,0.19894
73.389,-0.011,0.031,0.092,13.77,-0.00954,-0.035623,0.19893
73.444,-0.011,0.031,0.092,13.78,-0.009481,-0.035609,0.1989
73.494,-0.011,0.031,0.092,13.79,-0.009511,-0.035626,0.19893
73.549,-0.011,0.031,0.092,13.8,-0.009523,-0.035637,0.19894
73.599,-0.011,0.031,0.092,13.81,-0.009525,-0.035625,0.19893
73.654,-0.011,0.031,0.092,13.82,-0.009537,-0.035631,0.19894
73.704,-0.011,0.031,0.092,13.83,-0.009469,-0.035619,0.1989
73.759,-0.011,0.031,0.092,13.84,-0.009517,-0.035634,0.19893
73.809,-0.011,0.031,0.092,13.85,-0.009521,-0.035621,0.19894
73.864,-0.011,0.031,0.092,13.86,-0.00952,-0.035645,0.19893
73.914,-0.011,0.031,0.092,13.87,-0.009459,-0.035677,0.19898
73.969,-0.011,0.031,0.092,13.88,-0.009511,-0.035639,0.19895
74.019,-0.011,0.031,0.092,13.89,-0.009523,-0.035633,0.19893
74.074,-0.011,0.031,0.092,13.9,-0.00953,-0.035637,0.19893
74.124,-0.011,0.031,0.092,13.91,-0.009537,-0.035625,0.19894
74.179,-0.011,0.03,0.092,13.92,-0.00953,-0.035636,0.19893
74.229,-0.011,0.03,0.092,13.93,-0.009529,-0.035628,0.19893
74.284,-0.011,0.03,0.092,13.94,-0.009535,-0.035636,0.19892
74.339,-0.011,0.03,0.092,13.95,-0.009533,-0.035632,0.19894
74.389,-0.011,0.03,0.092,13.96,-0.009531,-0.035631,0.19893
74.444,-0.011,0.03,0.091,13.97,-0.009462,-0.035659,0.19897
74.494,-0.011,0.03,0.091,13.98,-0.009517,-0.03564,0.19894
74.549,-0.011,0.03,0.091,13.99,-0.009522,-0.035632,0.19893
74.599,-0.011,0.03,0.091,14,-0.009524,-0.035626,0.19892
74.654,-0.011,0.03,0.091,14.01,-0.00953,-0.035623,0.19892
74.704,-0.011,0.03,0.091,14.02,-0.009542,-0.035628,0.19893
74.759,-0.011,0.03,0.091,14.03,-0.009458,-0.03566,0.19897
74.809,-0.011,0.03,0.091,14.04,-0.009518,-0.035637,0.19894
74.864,-0.011,0.03,0.091,14.05,-0.00953,-0.03562,0.19894
74.914,-0.011,0.03,0.091,14.06,-0.009468,-0.035666,0.19897
74.969,-0.011,0.03,0.091,14.07,-0.009507,-0.03564,0.19893
75.019,-0.011,0.03,0.091,14.08,-0.009454,-0.035665,0.19897
75.074,-0.011,0.03,0.091,14.09,-0.009507,-0.03565,0.19894
75.124,-0.011,0.03,0.091,14.1,-0.00953,-0.035631,0.19893
75.179,-0.011,0.03,0.091,14.11,-0.009471,-0.035607,0.19889
75.229,-0.011,0.03,0.091,14.12,-0.009522,-0.035633,0.19892
75.284,-0.012,0.03,0.092,14.13,-0.009528,-0.035619,0.19893
75.339,-0.012,0.03,0.092,14.14,-0.009454,-0.035669,0.19897
75.389,-0.012,0.03,0.092,14.15,-0.009511,-0.035645,0.19893
75.444,-0.012,0.03,0.092,14.16,-0.00954,-0.035632,0.19893
75.494,-0.012,0.03,0.092,14.17,-0.009532,-0.035621,0.19893
75.549,-0.012,0.03,0.092,14.18,-0.009479,-0.03561,0.1989
75.599,-0.012,0.031,0.092,14.19,-0.009523,-0.035613,0.19893
75.654,-0.012,0.031,0.092,14.2,-0.009534,-0.035621,0.19893
75.704,-0.012,0.031,0.092,14.21,-0.009528,-0.035621,0.19893
75.759,-0.012,0.031,0.092,14.22,-0.009526,-0.035626,0.19892
75.809,-0.012,0.031,0.092,14.23,-0.009529,-0.035623,0.19893
75.864,-0.013,0.031,0.092,14.24,-0.009528,-0.035622,0.19893
75.914,-0.013,0.031,0.092,14.25,-0.009526,-0.035622,0.19893
75.969,-0.013,0.031,0.092,14.26,-0.009521,-0.035632,0.19894
76.019,-0.013,0.031,0.092,14.27,-0.009526,-0.035629,0.19892
76.074,-0.013,0.031,0.092,14.28,-0.009525,-0.035631,0.19894
76.124,-0.013,0.031,0.092,14.29,-0.009536,-0.03563,0.19894
76.179,-0.014,0.032,0.092,14.3,-0.009532,-0.035643,0.19894
76.229,-0.014,0.032,0.092,14.31,-0.00952,-0.035629,0.19894
76.284,-0.014,0.032,0.092,14.32,-0.009532,-0.035631,0.19893
76.34,-0.014,0.032,0.092,14.33,-0.009536,-0.035637,0.19892
76.389,-0.014,0.032,0.092,14.34,-0.009531,-0.035625,0.19893
76.444,-0.013,0.033,0.093,14.35,-0.009529,-0.03563,0.19893
76.494,-0.013,0.033,0.093,14.36,-0.00952,-0.035634,0.19894
76.549,-0.013,0.033,0.093,14.37,-0.009463,-0.035616,0.1989
76.599,-0.013,0.033,0.093,14.38,-0.009502,-0.03563,0.19893
76.654,-0.013,0.033,0.093,14.39,-0.009474,-0.035605,0.1989
76.704,-0.013,0.033,0.093,14.4,-0.009517,-0.035627,0.19892
76.759,-0.013,0.033,0.093,14.41,-0.009527,-0.035625,0.19893
76.809,-0.013,0.033,0.093,14.42,-0.009519,-0.035624,0.19893
76.864,-0.013,0.033,0.093,14.43,-0.009525,-0.035633,0.19892
76.914,-0.013,0.033,0.093,14.44,-0.00953,-0.035627,0.19893
76.969,-0.013,0.033,0.093,14.45,-0.00952,-0.035626,0.19893
77.019,-0.013,0.033,0.093,14.46,-0.009528,-0.035613,0.19894
77.074,-0.013,0.033,0.093,14.47,-0.009477,-0.035625,0.19889
77.124,-0.013,0.033,0.093,14.48,-0.009515,-0.035622,0.19892
77.179,-0.013,0.033,0.093,14.49,-0.00954,-0.035629,0.19892
77.229,-0.013,0.033,0.093,14.5,-0.009527,-0.035615,0.19894
77.284,-0.013,0.033,0.093,14.51,-0.009528,-0.03563,0.19894
77.34,-0.006,0.032,0.093,14.52,-0.00954,-0.035621,0.19893
77.389,-0.006,0.032,0.093,14.53,-0.009537,-0.035619,0.19893
77.444,-0.006,0.032,0.093,14.54,-0.009534,-0.035628,0.19893
77.494,-0.006,0.032,0.093,14.55,-0.009534,-0.035636,0.19893
77.549,-0.006,0.032,0.093,14.56,-0.009539,-0.035633,0.19893
77.599,-0.006,0.032,0.092,14.57,-0.009533,-0.035622,0.19892
77.654,-0.006,0.032,0.092,14.58,-0.009458,-0.035664,0.19898
77.704,-0.006,0.032,0.092,14.59,-0.009523,-0.035626,0.19894
77.759,-0.006,0.032,0.092,14.6,-0.009469,-0.035662,0.19897
77.809,-0.006,0.032,0.092,14.61,-0.009503,-0.035649,0.19894
77.864,-0.006,0.032,0.092,14.62,-0.009465,-0.035674,0.19897
77.914,-0.004,0.031,0.093,14.63,-0.009512,-0.035641,0.19893
77.969,-0.004,0.031,0.093,14.64,-0.009444,-0.035679,0.19897
78.019,-0.004,0.031,0.093,14.65,-0.00951,-0.035636,0.19894
78.074,-0.004,0.031,0.093,14.66,-0.009522,-0.035618,0.19893
78.124,-0.004,0.031,0.093,14.67,-0.009457,-0.03568,0.19897
78.179,-0.007,0.031,0.094,14.68,-0.009511,-0.035637,0.19894
78.229,-0.007,0.031,0.094,14.69,-0.009472,-0.035676,0.19897
78.284,-0.007,0.031,0.094,14.7,-0.009513,-0.035619,0.19894
78.34,-0.007,0.031,0.094,14.71,-0.009519,-0.035618,0.19893
78.389,-0.007,0.031,0.094,14.72,-0.009525,-0.035633,0.19893
78.445,-0.007,0.031,0.093,14.73,-0.009522,-0.035626,0.19892
78.494,-0.007,0.031,0.093,14.74,-0.009457,-0.035668,0.19897
78.549,-0.007,0.031,0.093,14.75,-0.009515,-0.035631,0.19894
78.599,-0.007,0.031,0.093,14.76,-0.009525,-0.035644,0.19893
78.654,-0.007,0.031,0.093,14.77,-0.009477,-0.035624,0.1989
78.704,-0.007,0.031,0.093,14.78,-0.009521,-0.035628,0.19892
78.759,-0.007,0.031,0.093,14.79,-0.009527,-0.035629,0.19892
78.81,-0.007,0.031,0.093,14.8,-0.009524,-0.03563,0.19893
78.865,-0.007,0.031,0.093,14.81,-0.009528,-0.035627,0.19893
78.915,-0.007,0.031,0.093,14.82,-0.009491,-0.035611,0.19889
78.97,-0.007,0.031,0.093,14.83,-0.009521,-0.035613,0.19892
79.02,-0.007,0.031,0.092,14.84,-0.009479,-0.035608,0.1989
79.074,-0.007,0.031,0.092,14.85,-0.009516,-0.035615,0.19892
79.125,-0.007,0.031,0.092,14.86,-0.009541,-0.035636,0.19894
79.18,-0.007,0.031,0.092,14.87,-0.009531,-0.035632,0.19892
79.23,-0.007,0.031,0.092,14.88,-0.009522,-0.035629,0.19894
79.285,-0.007,0.031,0.092,14.89,-0.009525,-0.035622,0.19893
79.339,-0.008,0.031,0.092,14.9,-0.00953,-0.035618,0.19893
79.39,-0.008,0.031,0.092,14.91,-0.00952,-0.035626,0.19894
79.445,-0.008,0.031,0.092,14.92,-0.009522,-0.035631,0.19893
79.495,-0.008,0.031,0.092,14.93,-0.009525,-0.035637,0.19893
79.55,-0.008,0.031,0.092,14.94,-0.009529,-0.035627,0.19892
0,0,0,0,14.95,-0.009529,-0.035634,0.19893
0,0,0,0,14.96,-0.009523,-0.035635,0.19893
0,0,0,0,14.97,-0.009536,-0.035631,0.19892
0,0,0,0,14.98,-0.009519,-0.035634,0.19893
0,0,0,0,14.99,-0.009525,-0.035632,0.19892
0,0,0,0,15,-0.00946,-0.035672,0.19897
0,0,0,0,15.01,-0.009446,-0.035679,0.19898
0,0,0,0,15.02,-0.00951,-0.03563,0.19894
0,0,0,0,15.03,-0.009534,-0.035642,0.19892
0,0,0,0,15.04,-0.009526,-0.035637,0.19892
0,0,0,0,15.05,-0.009527,-0.035628,0.19893
0,0,0,0,15.06,-0.009475,-0.03567,0.19897
0,0,0,0,15.07,-0.009442,-0.035688,0.19898
0,0,0,0,15.08,-0.009464,-0.035623,0.19891
0,0,0,0,15.09,-0.009523,-0.035626,0.19893
0,0,0,0,15.1,-0.009479,-0.035617,0.1989
0,0,0,0,15.11,-0.009517,-0.035619,0.19892
0,0,0,0,15.12,-0.009468,-0.035613,0.1989
0,0,0,0,15.13,-0.009518,-0.035621,0.19893
0,0,0,0,15.14,-0.009526,-0.035625,0.19893
0,0,0,0,15.15,-0.009527,-0.03563,0.19893
0,0,0,0,15.16,-0.00952,-0.035618,0.19894
0,0,0,0,15.17,-0.009483,-0.035597,0.1989
0,0,0,0,15.18,-0.00952,-0.035615,0.19893
0,0,0,0,15.19,-0.009477,-0.035602,0.1989
0,0,0,0,15.2,-0.009512,-0.035624,0.19892
0,0,0,0,15.21,-0.009534,-0.035625,0.19894
0,0,0,0,15.22,-0.009525,-0.035631,0.19893
0,0,0,0,15.23,-0.009531,-0.035631,0.19893
0,0,0,0,15.24,-0.009526,-0.035625,0.19893
0,0,0,0,15.25,-0.009527,-0.03562,0.19893
0,0,0,0,15.26,-0.009529,-0.035635,0.19892
0,0,0,0,15.27,-0.009487,-0.035613,0.19889
0,0,0,0,15.28,-0.009514,-0.035631,0.19892
0,0,0,0,15.29,-0.009523,-0.035624,0.19893
0,0,0,0,15.3,-0.009522,-0.035629,0.19893
0,0,0,0,15.31,-0.00953,-0.035639,0.19892
0,0,0,0,15.32,-0.009524,-0.035636,0.19893
0,0,0,0,15.33,-0.009455,-0.03567,0.19897
0,0,0,0,15.34,-0.009506,-0.035628,0.19894
0,0,0,0,15.35,-0.009538,-0.03563,0.19892
0,0,0,0,15.36,-0.009542,-0.035628,0.19892
0,0,0,0,15.37,-0.009522,-0.035635,0.19893
0,0,0,0,15.38,-0.00953,-0.035626,0.19892
0,0,0,0,15.39,-0.009533,-0.03563,0.19892
0,0,0,0,15.4,-0.009527,-0.035617,0.19892
0,0,0,0,15.41,-0.009463,-0.035663,0.19897
0,0,0,0,15.42,-0.009525,-0.03564,0.19894
0,0,0,0,15.43,-0.009543,-0.035632,0.19891
0,0,0,0,15.44,-0.00954,-0.035625,0.19892
0,0,0,0,15.45,-0.009473,-0.035657,0.19897
0,0,0,0,15.46,-0.009524,-0.035618,0.19894
0,0,0,0,15.47,-0.009532,-0.035622,0.19893
0,0,0,0,15.48,-0.009534,-0.035629,0.19894
0,0,0,0,15.49,-0.009537,-0.035624,0.19893
0,0,0,0,15.5,-0.009522,-0.035618,0.19893
0,0,0,0,15.51,-0.009529,-0.035616,0.19893
0,0,0,0,15.52,-0.009528,-0.035611,0.19892
0,0,0,0,15.53,-0.009525,-0.035616,0.19892
0,0,0,0,15.54,-0.009521,-0.035621,0.19893
0,0,0,0,15.55,-0.009522,-0.035622,0.19894
0,0,0,0,15.56,-0.009513,-0.035634,0.19893
0,0,0,0,15.57,-0.009524,-0.035626,0.19893
0,0,0,0,15.58,-0.009526,-0.035631,0.19893
0,0,0,0,15.59,-0.009537,-0.03563,0.19892
0,0,0,0,15.6,-0.009529,-0.035625,0.19892
0,0,0,0,15.61,-0.009519,-0.035634,0.19892
0,0,0,0,15.62,-0.009517,-0.035617,0.19892
0,0,0,0,15.63,-0.009527,-0.035627,0.19892
0,0,0,0,15.64,-0.009517,-0.035633,0.19892
0,0,0,0,15.65,-0.009517,-0.035628,0.19892
0,0,0,0,15.66,-0.009517,-0.035624,0.19892
0,0,0,0,15.67,-0.009531,-0.035624,0.19892
0,0,0,0,15.68,-0.009467,-0.03566,0.19897
0,0,0,0,15.69,-0.009513,-0.035637,0.19894
0,0,0,0,15.7,-0.009538,-0.035627,0.19892
0,0,0,0,15.71,-0.009531,-0.035613,0.19893
0,0,0,0,15.72,-0.009467,-0.035666,0.19898
0,0,0,0,15.73,-0.00952,-0.035632,0.19895
0,0,0,0,15.74,-0.009539,-0.035619,0.19893
0,0,0,0,15.75,-0.009534,-0.03562,0.19892
0,0,0,0,15.76,-0.009533,-0.035626,0.19892
0,0,0,0,15.77,-0.009536,-0.035624,0.19893
0,0,0,0,15.78,-0.009528,-0.035627,0.19893
0,0,0,0,15.79,-0.009538,-0.035634,0.19894
0,0,0,0,15.8,-0.009533,-0.035635,0.19893
0,0,0,0,15.81,-0.009474,-0.035601,0.1989
0,0,0,0,15.82,-0.009513,-0.035616,0.19892
0,0,0,0,15.83,-0.009523,-0.035633,0.19893
0,0,0,0,15.84,-0.009483,-0.035628,0.1989
0,0,0,0,15.85,-0.009526,-0.035632,0.19893
0,0,0,0,15.86,-0.009546,-0.035627,0.19893
0,0,0,0,15.87,-0.009527,-0.035635,0.19892
0,0,0,0,15.88,-0.009525,-0.035627,0.19893
0,0,0,0,15.89,-0.009479,-0.035609,0.19889
0,0,0,0,15.9,-0.009507,-0.035613,0.19892
0,0,0,0,15.91,-0.009511,-0.035628,0.19892
0,0,0,0,15.92,-0.009532,-0.035633,0.19892
0,0,0,0,15.93,-0.009477,-0.035615,0.19889
0,0,0,0,15.94,-0.009512,-0.035634,0.19892
0,0,0,0,15.95,-0.009509,-0.035635,0.19893
0,0,0,0,15.96,-0.009528,-0.035633,0.19892
0,0,0,0,15.97,-0.009522,-0.035626,0.19893
0,0,0,0,15.98,-0.00953,-0.035627,0.19892
0,0,0,0,15.99,-0.009536,-0.035628,0.19893
0,0,0,0,16,-0.009529,-0.035623,0.19894
0,0,0,0,16.01,-0.009541,-0.035635,0.19894
0,0,0,0,16.02,-0.009528,-0.035623,0.19893
0,0,0,0,16.03,-0.009527,-0.035627,0.19893
0,0,0,0,16.04,-0.009537,-0.035614,0.19894
0,0,0,0,16.05,-0.009519,-0.035612,0.19893
0,0,0,0,16.06,-0.009543,-0.035612,0.19893
0,0,0,0,16.07,-0.009521,-0.035626,0.19894
0,0,0,0,16.08,-0.009535,-0.03563,0.19893
0,0,0,0,16.09,-0.009541,-0.035628,0.19895
0,0,0,0,16.1,-0.009482,-0.035593,0.1989
0,0,0,0,16.11,-0.009503,-0.035617,0.19892
0,0,0,0,16.12,-0.009543,-0.035621,0.19892
0,0,0,0,16.13,-0.009537,-0.035609,0.19894
0,0,0,0,16.14,-0.009458,-0.035678,0.19897
0,0,0,0,16.15,-0.009457,-0.035634,0.1989
0,0,0,0,16.16,-0.009497,-0.035605,0.19893
0,0,0,0,16.17,-0.009509,-0.035636,0.19892
0,0,0,0,16.18,-0.009511,-0.035632,0.19891
0,0,0,0,16.19,-0.009518,-0.035608,0.19892
0,0,0,0,16.2,-0.009455,-0.035655,0.19897
0,0,0,0,16.21,-0.009497,-0.035646,0.19893
0,0,0,0,16.22,-0.009532,-0.035623,0.19892
0,0,0,0,16.23,-0.009533,-0.035624,0.19893
0,0,0,0,16.24,-0.00952,-0.035633,0.19892
0,0,0,0,16.25,-0.009521,-0.035604,0.19893
0,0,0,0,16.26,-0.009506,-0.035635,0.19893
0,0,0,0,16.27,-0.009521,-0.035616,0.19893
0,0,0,0,16.28,-0.009527,-0.035596,0.19893
0,0,0,0,16.29,-0.009501,-0.035623,0.19892
0,0,0,0,16.3,-0.009515,-0.035604,0.19893
0,0,0,0,16.31,-0.009526,-0.035593,0.19893
0,0,0,0,16.32,-0.009517,-0.035591,0.19893
0,0,0,0,16.33,-0.009505,-0.035607,0.19893
0,0,0,0,16.34,-0.00951,-0.035601,0.19892
0,0,0,0,16.35,-0.009507,-0.035604,0.19893
0,0,0,0,16.36,-0.009517,-0.035618,0.19893
0,0,0,0,16.37,-0.009459,-0.035676,0.19898
0,0,0,0,16.38,-0.00941,-0.035561,0.19896
0,0,0,0,16.39,-0.009388,-0.035597,0.19901
0,0,0,0,16.4,-0.009435,-0.035575,0.19891
0,0,0,0,16.41,-0.009384,-0.035602,0.19895
0,0,0,0,16.42,-0.009478,-0.035615,0.19894
0,0,0,0,16.43,-0.009542,-0.035629,0.19895
0,0,0,0,16.44,-0.009393,-0.035632,0.19902
0,0,0,0,16.45,-0.009424,-0.035596,0.19893
0,0,0,0,16.46,-0.009465,-0.035588,0.1989
0,0,0,0,16.47,-0.009397,-0.035635,0.199
0,0,0,0,16.48,-0.009383,-0.035633,0.19901
0,0,0,0,16.49,-0.009525,-0.035588,0.19896
0,0,0,0,16.5,-0.009447,-0.03555,0.19894
0,0,0,0,16.51,-0.009472,-0.035588,0.1989
0,0,0,0,16.52,-0.009411,-0.035587,0.19896
0,0,0,0,16.53,-0.009507,-0.035625,0.19895
0,0,0,0,16.54,-0.009417,-0.035619,0.19897
0,0,0,0,16.55,-0.009372,-0.035573,0.19902
0,0,0,0,16.56,-0.009522,-0.035607,0.19897
0,0,0,0,16.57,-0.009433,-0.035615,0.19902
0,0,0,0,16.58,-0.009391,-0.035595,0.19904
0,0,0,0,16.59,-0.009497,-0.03568,0.19904
0,0,0,0,16.6,-0.00953,-0.03562,0.19897
0,0,0,0,16.61,-0.009421,-0.035571,0.199
0,0,0,0,16.62,-0.009439,-0.035587,0.19906
0,0,0,0,16.63,-0.009426,-0.035594,0.19907
0,0,0,0,16.64,-0.009575,-0.035569,0.19899
0,0,0,0,16.65,-0.009563,-0.03558,0.19898
0,0,0,0,16.66,-0.009492,-0.035603,0.19902
0,0,0,0,16.67,-0.009494,-0.035549,0.19902
0,0,0,0,16.68,-0.009436,-0.035566,0.19907
0,0,0,0,16.69,-0.009447,-0.035587,0.19908
0,0,0,0,16.7,-0.009484,-0.035562,0.19907
0,0,0,0,16.71,-0.009474,-0.035574,0.19907
0,0,0,0,16.72,-0.00949,-0.035602,0.19907
0,0,0,0,16.73,-0.009491,-0.035577,0.19911
0,0,0,0,16.74,-0.009469,-0.035525,0.19914
0,0,0,0,16.75,-0.009506,-0.035414,0.19914
0,0,0,0,16.76,-0.009515,-0.03533,0.19917
0,0,0,0,16.77,-0.009554,-0.035257,0.1992
0,0,0,0,16.78,-0.009551,-0.035283,0.19934
0,0,0,0,16.79,-0.009585,-0.035215,0.19938
0,0,0,0,16.8,-0.00961,-0.035115,0.19946
0,0,0,0,16.81,-0.009555,-0.035101,0.19941
0,0,0,0,16.82,-0.009567,-0.035109,0.19943
0,0,0,0,16.83,-0.009569,-0.035133,0.1994
0,0,0,0,16.84,-0.009636,-0.035077,0.19937
0,0,0,0,16.85,-0.009574,-0.035047,0.19926
0,0,0,0,16.86,-0.00955,-0.035078,0.19939
0,0,0,0,16.87,-0.009421,-0.034977,0.19937
0,0,0,0,16.88,-0.009404,-0.034971,0.19943
0,0,0,0,16.89,-0.009399,-0.034948,0.19938
0,0,0,0,16.9,-0.009481,-0.034941,0.19943
0,0,0,0,16.91,-0.009451,-0.034864,0.19946
0,0,0,0,16.92,-0.009418,-0.034726,0.19953
0,0,0,0,16.93,-0.009472,-0.034689,0.19955
0,0,0,0,16.94,-0.009491,-0.034584,0.19961
0,0,0,0,16.95,-0.009282,-0.034401,0.19967
0,0,0,0,16.96,-0.009303,-0.034178,0.19975
0,0,0,0,16.97,-0.00941,-0.033906,0.19983
0,0,0,0,16.98,-0.009387,-0.033561,0.19999
0,0,0,0,16.99,-0.009521,-0.033294,0.20013
0,0,0,0,17,-0.009495,-0.032995,0.20024
0,0,0,0,17.01,-0.009626,-0.032576,0.20038
0,0,0,0,17.02,-0.009624,-0.03212,0.20059
0,0,0,0,17.03,-0.009741,-0.031753,0.20069
0,0,0,0,17.04,-0.009616,-0.031329,0.20089
0,0,0,0,17.05,-0.009479,-0.031046,0.20102
0,0,0,0,17.06,-0.009336,-0.030802,0.20115
0,0,0,0,17.07,-0.009212,-0.030568,0.2013
0,0,0,0,17.08,-0.009048,-0.030198,0.20141
0,0,0,0,17.09,-0.008903,-0.029875,0.20152
0,0,0,0,17.1,-0.008817,-0.029432,0.20157
0,0,0,0,17.11,-0.008741,-0.028986,0.20165
0,0,0,0,17.12,-0.008655,-0.028615,0.20173
0,0,0,0,17.13,-0.008514,-0.028156,0.20178
0,0,0,0,17.14,-0.008408,-0.027604,0.20182
0,0,0,0,17.15,-0.008061,-0.027139,0.20205
0,0,0,0,17.16,-0.007733,-0.02667,0.20234
0,0,0,0,17.17,-0.007493,-0.026123,0.20263
0,0,0,0,17.18,-0.007326,-0.025393,0.20295
0,0,0,0,17.19,-0.007055,-0.024805,0.20338
0,0,0,0,17.2,-0.006838,-0.024079,0.20372
0,0,0,0,17.21,-0.006631,-0.023332,0.20414
0,0,0,0,17.22,-0.006484,-0.022667,0.2045
0,0,0,0,17.23,-0.006251,-0.021917,0.20492
0,0,0,0,17.24,-0.006,-0.020976,0.20539
0,0,0,0,17.25,-0.005699,-0.020118,0.20587
0,0,0,0,17.26,-0.005294,-0.019163,0.20643
0,0,0,0,17.27,-0.004961,-0.018277,0.2072
0,0,0,0,17.28,-0.004691,-0.017412,0.20817
0,0,0,0,17.29,-0.004421,-0.016613,0.20894
0,0,0,0,17.3,-0.004058,-0.015629,0.20985
0,0,0,0,17.31,-0.003612,-0.014671,0.21078
0,0,0,0,17.32,-0.003227,-0.013698,0.21174
0,0,0,0,17.33,-0.002997,-0.012861,0.21276
0,0,0,0,17.34,-0.002642,-0.011971,0.21392
0,0,0,0,17.35,-0.002336,-0.011183,0.21517
0,0,0,0,17.36,-0.002002,-0.010498,0.2165
0,0,0,0,17.37,-0.00166,-0.009892,0.21815
0,0,0,0,17.38,-0.00151,-0.009023,0.21971
0,0,0,0,17.39,-0.00136,-0.008221,0.22115
0,0,0,0,17.4,-0.001348,-0.007456,0.22272
0,0,0,0,17.41,-0.001479,-0.006491,0.22444
0,0,0,0,17.42,-0.001557,-0.005624,0.22609
0,0,0,0,17.43,-0.001443,-0.004863,0.228
0,0,0,0,17.44,-0.001699,-0.003725,0.22973
0,0,0,0,17.45,-0.001934,-0.002579,0.23139
0,0,0,0,17.46,-0.002138,-0.001614,0.23349
0,0,0,0,17.47,-0.002405,-0.000636,0.23549
0,0,0,0,17.48,-0.002544,0.000451,0.2376
0,0,0,0,17.49,-0.002687,0.001565,0.23969
0,0,0,0,17.5,-0.002831,0.002689,0.24203
0,0,0,0,17.51,-0.002958,0.003835,0.24438
0,0,0,0,17.52,-0.003112,0.005044,0.24664
0,0,0,0,17.53,-0.003243,0.006079,0.24928
0,0,0,0,17.54,-0.003551,0.007104,0.25182
0,0,0,0,17.55,-0.003759,0.008261,0.25453
0,0,0,0,17.56,-0.003982,0.009557,0.25722
0,0,0,0,17.57,-0.004311,0.01071,0.26005
0,0,0,0,17.58,-0.004679,0.011838,0.26275
0,0,0,0,17.59,-0.005251,0.012998,0.26571
0,0,0,0,17.6,-0.005807,0.014153,0.2686
0,0,0,0,17.61,-0.006262,0.0152,0.27169
0,0,0,0,17.62,-0.006744,0.016323,0.27473
0,0,0,0,17.63,-0.007396,0.01756,0.27759
0,0,0,0,17.64,-0.007828,0.018475,0.28076
0,0,0,0,17.65,-0.008543,0.019659,0.28398
0,0,0,0,17.66,-0.009371,0.020864,0.2871
0,0,0,0,17.67,-0.01024,0.022096,0.28998
0,0,0,0,17.68,-0.010933,0.023213,0.2929
0,0,0,0,17.69,-0.012035,0.024245,0.29613
0,0,0,0,17.7,-0.012949,0.025322,0.29928
0,0,0,0,17.71,-0.014065,0.026606,0.3023
0,0,0,0,17.72,-0.015149,0.027687,0.30555
0,0,0,0,17.73,-0.016413,0.028775,0.30859
0,0,0,0,17.74,-0.017711,0.029972,0.31168
0,0,0,0,17.75,-0.018784,0.031096,0.31482
0,0,0,0,17.76,-0.020216,0.032235,0.31808
0,0,0,0,17.77,-0.021458,0.033411,0.32127
0,0,0,0,17.78,-0.022928,0.034577,0.32459
0,0,0,0,17.79,-0.024375,0.035784,0.3279
0,0,0,0,17.8,-0.025735,0.036953,0.33111
0,0,0,0,17.81,-0.027272,0.03807,0.33464
0,0,0,0,17.82,-0.028761,0.039291,0.33799
0,0,0,0,17.83,-0.030301,0.040454,0.34146
0,0,0,0,17.84,-0.031695,0.041518,0.34504
0,0,0,0,17.85,-0.033495,0.042658,0.34844
0,0,0,0,17.86,-0.035423,0.044004,0.35182
0,0,0,0,17.87,-0.037246,0.045267,0.3554
0,0,0,0,17.88,-0.039255,0.04651,0.35866
0,0,0,0,17.89,NaN,NaN,NaN
0,0,0,0,17.9,NaN,NaN,NaN
0,0,0,0,17.91,NaN,NaN,NaN
0,0,0,0,17.92,NaN,NaN,NaN
0,0,0,0,17.93,NaN,NaN,NaN
0,0,0,0,17.94,NaN,NaN,NaN
0,0,0,0,17.95,NaN,NaN,NaN
0,0,0,0,17.96,NaN,NaN,NaN
0,0,0,0,17.97,NaN,NaN,NaN
0,0,0,0,17.98,NaN,NaN,NaN
0,0,0,0,17.99,NaN,NaN,NaN
0,0,0,0,18,NaN,NaN,NaN
0,0,0,0,18.01,NaN,NaN,NaN
0,0,0,0,18.02,-0.076009,0.063608,0.40656
0,0,0,0,18.03,NaN,NaN,NaN
0,0,0,0,18.04,NaN,NaN,NaN
0,0,0,0,18.05,NaN,NaN,NaN
0,0,0,0,18.06,NaN,NaN,NaN
0,0,0,0,18.07,NaN,NaN,NaN
0,0,0,0,18.08,NaN,NaN,NaN
0,0,0,0,18.09,NaN,NaN,NaN
0,0,0,0,18.1,-0.10233,0.07371,0.4343
0,0,0,0,18.11,NaN,NaN,NaN
0,0,0,0,18.12,NaN,NaN,NaN
0,0,0,0,18.13,NaN,NaN,NaN
0,0,0,0,18.14,-0.11715,0.079095,0.44782
0,0,0,0,18.15,NaN,NaN,NaN
0,0,0,0,18.16,-0.12492,0.081784,0.45436
0,0,0,0,18.17,NaN,NaN,NaN
0,0,0,0,18.18,-0.13298,0.084627,0.46103
0,0,0,0,18.19,NaN,NaN,NaN
0,0,0,0,18.2,-0.1411,0.087462,0.46755
0,0,0,0,18.21,NaN,NaN,NaN
0,0,0,0,18.22,-0.14937,0.090305,0.47399
0,0,0,0,18.23,NaN,NaN,NaN
0,0,0,0,18.24,-0.15776,0.09334,0.48031
0,0,0,0,18.25,NaN,NaN,NaN
0,0,0,0,18.26,-0.16597,0.096469,0.4866
0,0,0,0,18.27,NaN,NaN,NaN
0,0,0,0,18.28,-0.17444,0.099663,0.49286
0,0,0,0,18.29,NaN,NaN,NaN
0,0,0,0,18.3,-0.183,0.10308,0.4988
0,0,0,0,18.31,NaN,NaN,NaN
0,0,0,0,18.32,-0.1917,0.10641,0.50519
0,0,0,0,18.33,NaN,NaN,NaN
0,0,0,0,18.34,-0.20026,0.10992,0.51141
0,0,0,0,18.35,NaN,NaN,NaN
0,0,0,0,18.36,-0.20892,0.11346,0.51758
0,0,0,0,18.37,NaN,NaN,NaN
0,0,0,0,18.38,-0.21754,0.1171,0.52357
0,0,0,0,18.39,NaN,NaN,NaN
0,0,0,0,18.4,-0.2261,0.12071,0.52952
0,0,0,0,18.41,NaN,NaN,NaN
0,0,0,0,18.42,-0.2346,0.12449,0.53534
0,0,0,0,18.43,NaN,NaN,NaN
0,0,0,0,18.44,-0.24313,0.12833,0.54105
0,0,0,0,18.45,NaN,NaN,NaN
0,0,0,0,18.46,-0.25175,0.13204,0.54658
0,0,0,0,18.47,NaN,NaN,NaN
0,0,0,0,18.48,-0.26032,0.13593,0.55193
0,0,0,0,18.49,NaN,NaN,NaN
0,0,0,0,18.5,-0.26893,0.13969,0.55702
0,0,0,0,18.51,NaN,NaN,NaN
0,0,0,0,18.52,-0.27763,0.14349,0.562
0,0,0,0,18.53,NaN,NaN,NaN
0,0,0,0,18.54,-0.28653,0.1474,0.56682
0,0,0,0,18.55,NaN,NaN,NaN
0,0,0,0,18.56,-0.29522,0.15128,0.57144
0,0,0,0,18.57,NaN,NaN,NaN
0,0,0,0,18.58,-0.30402,0.15515,0.57594
0,0,0,0,18.59,NaN,NaN,NaN
0,0,0,0,18.6,-0.31276,0.15928,0.58018
0,0,0,0,18.61,NaN,NaN,NaN
0,0,0,0,18.62,-0.3214,0.1634,0.5844
0,0,0,0,18.63,NaN,NaN,NaN
0,0,0,0,18.64,-0.32992,0.16754,0.58836
0,0,0,0,18.65,NaN,NaN,NaN
0,0,0,0,18.66,-0.33854,0.1718,0.59244
0,0,0,0,18.67,NaN,NaN,NaN
0,0,0,0,18.68,-0.34683,0.17619,0.59623
0,0,0,0,18.69,NaN,NaN,NaN
0,0,0,0,18.7,-0.3549,0.1806,0.59993
0,0,0,0,18.71,NaN,NaN,NaN
0,0,0,0,18.72,-0.36293,0.18513,0.60357
0,0,0,0,18.73,NaN,NaN,NaN
0,0,0,0,18.74,-0.37074,0.18981,0.60705
0,0,0,0,18.75,NaN,NaN,NaN
0,0,0,0,18.76,-0.37854,0.1943,0.61042
0,0,0,0,18.77,NaN,NaN,NaN
0,0,0,0,18.78,-0.38585,0.19888,0.61376
0,0,0,0,18.79,NaN,NaN,NaN
0,0,0,0,18.8,-0.39341,0.20367,0.61709
0,0,0,0,18.81,NaN,NaN,NaN
0,0,0,0,18.82,-0.40082,0.20844,0.62021
0,0,0,0,18.83,NaN,NaN,NaN
0,0,0,0,18.84,-0.40793,0.21332,0.62321
0,0,0,0,18.85,NaN,NaN,NaN
0,0,0,0,18.86,-0.41497,0.21818,0.62632
0,0,0,0,18.87,-0.41849,0.22063,0.62784
0,0,0,0,18.88,-0.42195,0.22308,0.62914
0,0,0,0,18.89,-0.42552,0.22561,0.63056
0,0,0,0,18.9,-0.42905,0.22812,0.63197
0,0,0,0,18.91,-0.43249,0.23065,0.63322
0,0,0,0,18.92,-0.43586,0.23313,0.63437
0,0,0,0,18.93,-0.43926,0.23551,0.63578
0,0,0,0,18.94,-0.44262,0.23793,0.6371
0,0,0,0,18.95,-0.44578,0.24031,0.6384
0,0,0,0,18.96,-0.44905,0.24264,0.63977
0,0,0,0,18.97,-0.45231,0.24507,0.641
0,0,0,0,18.98,-0.45545,0.24734,0.64218
0,0,0,0,18.99,-0.45848,0.24949,0.64344
0,0,0,0,19,-0.46168,0.25166,0.64474
0,0,0,0,19.01,-0.46471,0.25378,0.64594
0,0,0,0,19.02,-0.46769,0.25588,0.64708
0,0,0,0,19.03,-0.47055,0.25816,0.64828
0,0,0,0,19.04,-0.47335,0.26037,0.64952
0,0,0,0,19.05,-0.47602,0.26255,0.65077
0,0,0,0,19.06,-0.47858,0.26485,0.6519
0,0,0,0,19.07,-0.48078,0.26713,0.653
0,0,0,0,19.08,-0.483,0.26953,0.65397
0,0,0,0,19.09,-0.48531,0.27196,0.65512
0,0,0,0,19.1,-0.4874,0.2744,0.65618
0,0,0,0,19.11,-0.48926,0.27684,0.65709
0,0,0,0,19.12,-0.4912,0.27948,0.65776
0,0,0,0,19.13,-0.49305,0.28193,0.6585
0,0,0,0,19.14,-0.49485,0.28414,0.65961
0,0,0,0,19.15,-0.49664,0.28654,0.66041
0,0,0,0,19.16,-0.49844,0.28911,0.66109
0,0,0,0,19.17,-0.50004,0.29152,0.66168
0,0,0,0,19.18,-0.50164,0.29384,0.66221
0,0,0,0,19.19,-0.50318,0.2962,0.66268
0,0,0,0,19.2,-0.50461,0.2986,0.66316
0,0,0,0,19.21,-0.50621,0.30095,0.66376
0,0,0,0,19.22,-0.50782,0.3031,0.66428
0,0,0,0,19.23,-0.50933,0.30589,0.66461
0,0,0,0,19.24,-0.5106,0.30784,0.66499
0,0,0,0,19.25,-0.51185,0.30988,0.66525
0,0,0,0,19.26,-0.51325,0.31221,0.66533
0,0,0,0,19.27,-0.51442,0.31458,0.66543
0,0,0,0,19.28,-0.51559,0.31688,0.66549
0,0,0,0,19.29,-0.51656,0.31912,0.66553
0,0,0,0,19.3,-0.51755,0.32145,0.66538
0,0,0,0,19.31,-0.51852,0.32389,0.66516
0,0,0,0,19.32,-0.51943,0.32589,0.66526
0,0,0,0,19.33,-0.52012,0.32807,0.66516
0,0,0,0,19.34,-0.52074,0.33024,0.66507
0,0,0,0,19.35,-0.52132,0.33251,0.66483
0,0,0,0,19.36,-0.52188,0.33478,0.66446
0,0,0,0,19.37,-0.52228,0.33696,0.66411
0,0,0,0,19.38,-0.52259,0.33922,0.66373
0,0,0,0,19.39,-0.52273,0.34125,0.66345
0,0,0,0,19.4,-0.52275,0.34333,0.66309
0,0,0,0,19.41,-0.52253,0.34555,0.66234
0,0,0,0,19.42,-0.52234,0.34765,0.6618
0,0,0,0,19.43,-0.52198,0.34966,0.66132
0,0,0,0,19.44,-0.52139,0.35154,0.6608
0,0,0,0,19.45,-0.52104,0.35363,0.66001
0,0,0,0,19.46,-0.5205,0.35559,0.65937
0,0,0,0,19.47,-0.51991,0.35743,0.65878
0,0,0,0,19.48,-0.5192,0.3592,0.65818
0,0,0,0,19.49,-0.51846,0.36092,0.65752
0,0,0,0,19.5,-0.51751,0.36262,0.65686
0,0,0,0,19.51,-0.51645,0.36418,0.65618
0,0,0,0,19.52,-0.51527,0.366,0.65514
0,0,0,0,19.53,-0.51422,0.36754,0.6545
0,0,0,0,19.54,-0.51299,0.36905,0.6539
0,0,0,0,19.55,-0.51164,0.37063,0.65313
0,0,0,0,19.56,-0.51024,0.37222,0.65241
0,0,0,0,19.57,-0.50887,0.37393,0.65163
0,0,0,0,19.58,-0.50741,0.37545,0.651
0,0,0,0,19.59,-0.5057,0.37691,0.65019
0,0,0,0,19.6,-0.50408,0.37854,0.64941
0,0,0,0,19.61,-0.50231,0.38013,0.64868
0,0,0,0,19.62,-0.50049,0.38167,0.64797
0,0,0,0,19.63,-0.49854,0.38317,0.64723
0,0,0,0,19.64,-0.49656,0.38479,0.64638
0,0,0,0,19.65,-0.49445,0.38621,0.64559
0,0,0,0,19.66,-0.49218,0.38775,0.64472
0,0,0,0,19.67,-0.48983,0.38911,0.64407
0,0,0,0,19.68,-0.4875,0.39043,0.6434
0,0,0,0,19.69,-0.48512,0.39178,0.64274
0,0,0,0,19.7,-0.48246,0.393,0.64213
0,0,0,0,19.71,-0.47982,0.39437,0.6413
0,0,0,0,19.72,-0.47711,0.39573,0.64045
0,0,0,0,19.73,-0.47451,0.39704,0.6398
0,0,0,0,19.74,-0.47179,0.39833,0.63911
0,0,0,0,19.75,-0.469,0.39959,0.63836
0,0,0,0,19.76,-0.46602,0.401,0.63743
0,0,0,0,19.77,-0.46325,0.40219,0.63669
0,0,0,0,19.78,-0.46036,0.40348,0.63583
0,0,0,0,19.79,-0.45749,0.40471,0.63507
0,0,0,0,19.8,-0.45454,0.40582,0.63433
0,0,0,0,19.81,-0.45147,0.40712,0.63338
0,0,0,0,19.82,-0.44874,0.40825,0.63253
0,0,0,0,19.83,-0.4457,0.40938,0.63157
0,0,0,0,19.84,-0.44278,0.4105,0.63061
0,0,0,0,19.85,-0.43963,0.41163,0.62951
0,0,0,0,19.86,-0.43681,0.41257,0.62864
0,0,0,0,19.87,-0.43383,0.41356,0.62777
0,0,0,0,19.88,-0.43088,0.4145,0.62687
0,0,0,0,19.89,-0.42783,0.41535,0.62601
0,0,0,0,19.9,-0.4247,0.41638,0.62488
0,0,0,0,19.91,-0.42161,0.41729,0.62382
0,0,0,0,19.92,-0.41851,0.41819,0.62281
0,0,0,0,19.93,-0.41553,0.41902,0.62195
0,0,0,0,19.94,-0.41237,0.41981,0.62108
0,0,0,0,19.95,-0.40916,0.42083,0.62005
0,0,0,0,19.96,-0.40601,0.4217,0.61917
0,0,0,0,19.97,-0.40291,0.4225,0.61833
0,0,0,0,19.98,-0.39953,0.42325,0.61749
0,0,0,0,19.99,-0.39617,0.42403,0.61659
0,0,0,0,20,-0.39279,0.42468,0.61578
0,0,0,0,20.01,-0.38953,0.42568,0.61477
0,0,0,0,20.02,-0.38631,0.42628,0.61396
0,0,0,0,20.03,-0.3831,0.42688,0.61329
0,0,0,0,20.04,-0.37974,0.42758,0.61264
0,0,0,0,20.05,-0.37632,0.42823,0.61205
0,0,0,0,20.06,-0.3728,0.42889,0.61128
0,0,0,0,20.07,-0.3694,0.42958,0.61053
0,0,0,0,20.08,-0.36601,0.43028,0.60984
0,0,0,0,20.09,-0.36267,0.43088,0.60926
0,0,0,0,20.1,-0.3591,0.4314,0.60868
0,0,0,0,20.11,-0.35555,0.43202,0.60799
0,0,0,0,20.12,-0.35232,0.43265,0.60743
0,0,0,0,20.13,-0.34889,0.43327,0.60688
0,0,0,0,20.14,-0.34543,0.43399,0.60613
0,0,0,0,20.15,-0.34183,0.43462,0.60567
0,0,0,0,20.16,-0.3384,0.43523,0.60525
0,0,0,0,20.17,-0.33515,0.4358,0.60484
0,0,0,0,20.18,-0.33172,0.43635,0.60442
0,0,0,0,20.19,-0.32839,0.43678,0.604
0,0,0,0,20.2,-0.32508,0.43709,0.60362
0,0,0,0,20.21,-0.32177,0.43743,0.6033
0,0,0,0,20.22,-0.31853,0.4376,0.60294
0,0,0,0,20.23,-0.31508,0.43761,0.60268
0,0,0,0,20.24,-0.31163,0.43738,0.60256
0,0,0,0,20.25,-0.30835,0.437,0.60239
0,0,0,0,20.26,-0.30472,0.43644,0.60243
0,0,0,0,20.27,-0.30137,0.43569,0.6023
0,0,0,0,20.28,-0.29778,0.43455,0.60242
0,0,0,0,20.29,-0.29437,0.4334,0.60244
0,0,0,0,20.3,-0.2909,0.43204,0.6024
0,0,0,0,20.31,-0.28738,0.43019,0.60238
0,0,0,0,20.32,-0.28395,0.42821,0.60231
0,0,0,0,20.33,-0.28042,0.42588,0.60231
0,0,0,0,20.34,-0.27691,0.42325,0.60207
0,0,0,0,20.35,-0.27349,0.42027,0.60172
0,0,0,0,20.36,-0.2697,0.41718,0.6014
0,0,0,0,20.37,-0.26591,0.4139,0.6009
0,0,0,0,20.38,-0.26223,0.41034,0.60035
0,0,0,0,20.39,-0.25894,0.40689,0.59979
0,0,0,0,20.4,-0.25533,0.40326,0.59919
0,0,0,0,20.41,-0.25174,0.39963,0.59849
0,0,0,0,20.42,-0.24828,0.39613,0.59731
0,0,0,0,20.43,NaN,NaN,NaN
0,0,0,0,20.44,NaN,NaN,NaN
0,0,0,0,20.45,NaN,NaN,NaN
0,0,0,0,20.46,NaN,NaN,NaN
0,0,0,0,20.47,NaN,NaN,NaN
0,0,0,0,20.48,-0.22817,0.37592,0.59102
0,0,0,0,20.49,NaN,NaN,NaN
0,0,0,0,20.5,-0.22165,0.3691,0.58863
0,0,0,0,20.51,NaN,NaN,NaN
0,0,0,0,20.52,-0.21448,0.36153,0.58576
0,0,0,0,20.53,NaN,NaN,NaN
0,0,0,0,20.54,-0.20776,0.35322,0.58249
0,0,0,0,20.55,NaN,NaN,NaN
0,0,0,0,20.56,-0.20117,0.34365,0.57977
0,0,0,0,20.57,NaN,NaN,NaN
0,0,0,0,20.58,-0.19426,0.33352,0.57659
0,0,0,0,20.59,NaN,NaN,NaN
0,0,0,0,20.6,-0.18708,0.32242,0.57308
0,0,0,0,20.61,NaN,NaN,NaN
0,0,0,0,20.62,-0.18014,0.31126,0.56952
0,0,0,0,20.63,NaN,NaN,NaN
0,0,0,0,20.64,-0.17329,0.29984,0.56586
0,0,0,0,20.65,NaN,NaN,NaN
0,0,0,0,20.66,-0.16626,0.28796,0.56174
0,0,0,0,20.67,NaN,NaN,NaN
0,0,0,0,20.68,-0.15923,0.27545,0.55774
0,0,0,0,20.69,NaN,NaN,NaN
0,0,0,0,20.7,-0.15224,0.26212,0.55348
0,0,0,0,20.71,NaN,NaN,NaN
0,0,0,0,20.72,-0.14539,0.24809,0.54935
0,0,0,0,20.73,NaN,NaN,NaN
0,0,0,0,20.74,-0.13863,0.23337,0.54521
0,0,0,0,20.75,NaN,NaN,NaN
0,0,0,0,20.76,-0.13182,0.21809,0.54116
0,0,0,0,20.77,-0.1286,0.21038,0.53919
0,0,0,0,20.78,-0.12528,0.20246,0.53721
0,0,0,0,20.79,-0.122,0.19451,0.53527
0,0,0,0,20.8,-0.11877,0.18637,0.53343
0,0,0,0,20.81,-0.11565,0.17837,0.53136
0,0,0,0,20.82,-0.11262,0.17036,0.52952
0,0,0,0,20.83,-0.10953,0.16214,0.52785
0,0,0,0,20.84,-0.10676,0.1541,0.52588
0,0,0,0,20.85,-0.1038,0.14598,0.52397
0,0,0,0,20.86,-0.10104,0.13778,0.52239
0,0,0,0,20.87,-0.098363,0.12963,0.52066
0,0,0,0,20.88,-0.09573,0.12161,0.5191
0,0,0,0,20.89,-0.0931,0.11346,0.51763
0,0,0,0,20.9,-0.090513,0.10548,0.51609
0,0,0,0,20.91,-0.088095,0.097366,0.51467
0,0,0,0,20.92,-0.085547,0.089254,0.51356
0,0,0,0,20.93,-0.082856,0.081177,0.51224
0,0,0,0,20.94,-0.080507,0.073042,0.51142
0,0,0,0,20.95,-0.078398,0.064916,0.5107
0,0,0,0,20.96,-0.075814,0.056831,0.50982
0,0,0,0,20.97,-0.073562,0.048816,0.50924
0,0,0,0,20.98,-0.071337,0.04073,0.5088
0,0,0,0,20.99,NaN,NaN,NaN
0,0,0,0,21,NaN,NaN,NaN
0,0,0,0,21.01,NaN,NaN,NaN
0,0,0,0,21.02,NaN,NaN,NaN
0,0,0,0,21.03,NaN,NaN,NaN
0,0,0,0,21.04,NaN,NaN,NaN
0,0,0,0,21.05,NaN,NaN,NaN
0,0,0,0,21.06,-0.054209,-0.022338,0.50872
0,0,0,0,21.07,NaN,NaN,NaN
0,0,0,0,21.08,-0.050205,-0.037581,0.50962
0,0,0,0,21.09,NaN,NaN,NaN
0,0,0,0,21.1,-0.046746,-0.052572,0.51116
0,0,0,0,21.11,NaN,NaN,NaN
0,0,0,0,21.12,-0.043266,-0.067435,0.51279
0,0,0,0,21.13,NaN,NaN,NaN
0,0,0,0,21.14,-0.040187,-0.081936,0.51463
0,0,0,0,21.15,NaN,NaN,NaN
0,0,0,0,21.16,-0.037444,-0.09638,0.51684
0,0,0,0,21.17,NaN,NaN,NaN
0,0,0,0,21.18,-0.035067,-0.11068,0.51943
0,0,0,0,21.19,NaN,NaN,NaN
0,0,0,0,21.2,-0.032975,-0.12461,0.52226
0,0,0,0,21.21,NaN,NaN,NaN
0,0,0,0,21.22,-0.03094,-0.13859,0.52538
0,0,0,0,21.23,NaN,NaN,NaN
0,0,0,0,21.24,-0.029384,-0.15236,0.52876
0,0,0,0,21.25,NaN,NaN,NaN
0,0,0,0,21.26,-0.028132,-0.16596,0.53227
0,0,0,0,21.27,NaN,NaN,NaN
0,0,0,0,21.28,-0.02726,-0.17945,0.53609
0,0,0,0,21.29,NaN,NaN,NaN
0,0,0,0,21.3,-0.026628,-0.19292,0.54018
0,0,0,0,21.31,NaN,NaN,NaN
0,0,0,0,21.32,-0.026201,-0.20633,0.54433
0,0,0,0,21.33,NaN,NaN,NaN
0,0,0,0,21.34,-0.026165,-0.21962,0.54887
0,0,0,0,21.35,NaN,NaN,NaN
0,0,0,0,21.36,-0.026194,-0.23257,0.55347
0,0,0,0,21.37,NaN,NaN,NaN
0,0,0,0,21.38,-0.026398,-0.24546,0.55847
0,0,0,0,21.39,NaN,NaN,NaN
0,0,0,0,21.4,-0.026844,-0.25835,0.56367
0,0,0,0,21.41,NaN,NaN,NaN
0,0,0,0,21.42,-0.027327,-0.27102,0.56905
0,0,0,0,21.43,NaN,NaN,NaN
0,0,0,0,21.44,-0.028006,-0.28355,0.57461
0,0,0,0,21.45,NaN,NaN,NaN
0,0,0,0,21.46,-0.029007,-0.29603,0.58039
0,0,0,0,21.47,NaN,NaN,NaN
0,0,0,0,21.48,-0.030361,-0.30847,0.58653
0,0,0,0,21.49,NaN,NaN,NaN
0,0,0,0,21.5,-0.031773,-0.32091,0.59259
0,0,0,0,21.51,NaN,NaN,NaN
0,0,0,0,21.52,-0.033485,-0.33327,0.59889
0,0,0,0,21.53,NaN,NaN,NaN
0,0,0,0,21.54,NaN,NaN,NaN
0,0,0,0,21.55,NaN,NaN,NaN
0,0,0,0,21.56,NaN,NaN,NaN
0,0,0,0,21.57,NaN,NaN,NaN
0,0,0,0,21.58,-0.040412,-0.36972,0.61853
0,0,0,0,21.59,-0.041588,-0.37575,0.6219
0,0,0,0,21.6,-0.042966,-0.38165,0.62527
0,0,0,0,21.61,-0.044229,-0.38773,0.6287
0,0,0,0,21.62,-0.045867,-0.39342,0.63218
0,0,0,0,21.63,-0.04732,-0.39921,0.63556
0,0,0,0,21.64,-0.048413,-0.40513,0.639
0,0,0,0,21.65,-0.050049,-0.41091,0.6426
0,0,0,0,21.66,-0.051533,-0.41666,0.64629
0,0,0,0,21.67,-0.053067,-0.42229,0.64997
0,0,0,0,21.68,-0.054455,-0.42791,0.65373
0,0,0,0,21.69,-0.055731,-0.43358,0.65752
0,0,0,0,21.7,-0.057038,-0.43918,0.66144
0,0,0,0,21.71,-0.058491,-0.4447,0.6652
0,0,0,0,21.72,-0.059891,-0.4503,0.66917
0,0,0,0,21.73,-0.061328,-0.45567,0.67302
0,0,0,0,21.74,-0.062779,-0.46116,0.67699
0,0,0,0,21.75,NaN,NaN,NaN
0,0,0,0,21.76,NaN,NaN,NaN
0,0,0,0,21.77,NaN,NaN,NaN
0,0,0,0,21.78,NaN,NaN,NaN
0,0,0,0,21.79,NaN,NaN,NaN
0,0,0,0,21.8,-0.072925,-0.49337,0.70115
0,0,0,0,21.81,-0.074727,-0.49868,0.70525
0,0,0,0,21.82,-0.076559,-0.50387,0.70922
0,0,0,0,21.83,-0.07857,-0.50908,0.71336
0,0,0,0,21.84,-0.080651,-0.51435,0.71756
0,0,0,0,21.85,-0.082536,-0.51961,0.72166
0,0,0,0,21.86,-0.084497,-0.52477,0.7258
0,0,0,0,21.87,-0.086645,-0.52986,0.72998
0,0,0,0,21.88,-0.088622,-0.53489,0.73404
0,0,0,0,21.89,-0.090648,-0.53999,0.73828
0,0,0,0,21.9,-0.09288,-0.5451,0.74262
0,0,0,0,21.91,-0.095007,-0.55001,0.74681
0,0,0,0,21.92,-0.097007,-0.55501,0.75109
0,0,0,0,21.93,-0.099166,-0.55991,0.75533
0,0,0,0,21.94,-0.10128,-0.56483,0.75966
0,0,0,0,21.95,-0.10333,-0.56971,0.76399
0,0,0,0,21.96,-0.10543,-0.57428,0.76831
0,0,0,0,21.97,-0.10759,-0.5786,0.77259
0,0,0,0,21.98,-0.10967,-0.58278,0.77692
0,0,0,0,21.99,-0.11184,-0.58672,0.78114
0,0,0,0,22,-0.11398,-0.59048,0.78549
0,0,0,0,22.01,-0.11599,-0.59413,0.78967
0,0,0,0,22.02,-0.11805,-0.59762,0.79393
0,0,0,0,22.03,-0.12021,-0.60111,0.79824
0,0,0,0,22.04,-0.1222,-0.60443,0.80247
0,0,0,0,22.05,-0.12414,-0.60769,0.80675
0,0,0,0,22.06,-0.12623,-0.61093,0.81113
0,0,0,0,22.07,-0.12839,-0.61397,0.81542
0,0,0,0,22.08,-0.13044,-0.61696,0.81977
0,0,0,0,22.09,-0.13255,-0.6198,0.82415
0,0,0,0,22.1,-0.13459,-0.62263,0.82851
0,0,0,0,22.11,-0.13664,-0.62519,0.8328
0,0,0,0,22.12,-0.13894,-0.62759,0.83717
0,0,0,0,22.13,-0.14095,-0.62986,0.84136
0,0,0,0,22.14,-0.14315,-0.63191,0.84573
0,0,0,0,22.15,-0.14523,-0.63389,0.85006
0,0,0,0,22.16,-0.1473,-0.63583,0.85447
0,0,0,0,22.17,-0.14922,-0.63764,0.85883
0,0,0,0,22.18,-0.15154,-0.63916,0.86325
0,0,0,0,22.19,-0.15342,-0.64073,0.86769
0,0,0,0,22.2,-0.15548,-0.6421,0.8722
0,0,0,0,22.21,-0.15749,-0.64343,0.87686
0,0,0,0,22.22,-0.15943,-0.64447,0.88139
0,0,0,0,22.23,-0.16126,-0.64553,0.88606
0,0,0,0,22.24,-0.16338,-0.64635,0.89085
0,0,0,0,22.25,-0.16536,-0.64706,0.89556
0,0,0,0,22.26,-0.16729,-0.6478,0.90038
0,0,0,0,22.27,-0.16934,-0.64824,0.9052
0,0,0,0,22.28,-0.17126,-0.64861,0.90998
0,0,0,0,22.29,-0.17332,-0.64878,0.91487
0,0,0,0,22.3,-0.17526,-0.64879,0.91984
0,0,0,0,22.31,-0.17708,-0.64873,0.92475
0,0,0,0,22.32,-0.17896,-0.64846,0.92971
0,0,0,0,22.33,-0.18094,-0.64794,0.93461
0,0,0,0,22.34,-0.18274,-0.64733,0.93962
0,0,0,0,22.35,-0.18472,-0.64644,0.94467
0,0,0,0,22.36,-0.18666,-0.64546,0.9496
0,0,0,0,22.37,-0.18843,-0.64432,0.95459
0,0,0,0,22.38,-0.19039,-0.64284,0.95953
0,0,0,0,22.39,-0.19229,-0.64123,0.96451
0,0,0,0,22.4,-0.19405,-0.63945,0.96945
0,0,0,0,22.41,-0.19606,-0.63732,0.97428
0,0,0,0,22.42,-0.19776,-0.63516,0.97911
0,0,0,0,22.43,-0.19957,-0.63266,0.98393
0,0,0,0,22.44,-0.20141,-0.6297,0.9887
0,0,0,0,22.45,-0.20307,-0.62666,0.99334
0,0,0,0,22.46,-0.20484,-0.62318,0.99803
0,0,0,0,22.47,-0.20662,-0.61952,1.0027
0,0,0,0,22.48,-0.20806,-0.61557,1.0072
0,0,0,0,22.49,-0.20972,-0.61142,1.0117
0,0,0,0,22.5,-0.21136,-0.60696,1.0163
0,0,0,0,22.51,-0.21273,-0.60234,1.0206
0,0,0,0,22.52,-0.21431,-0.59755,1.025
0,0,0,0,22.53,-0.21579,-0.59249,1.0294
0,0,0,0,22.54,-0.21705,-0.58735,1.0338
0,0,0,0,22.55,-0.21839,-0.5819,1.0381
0,0,0,0,22.56,-0.21971,-0.57625,1.0424
0,0,0,0,22.57,-0.22085,-0.5704,1.0466
0,0,0,0,22.58,-0.22196,-0.56436,1.0508
0,0,0,0,22.59,-0.22301,-0.55817,1.0549
0,0,0,0,22.6,-0.22396,-0.55171,1.0591
0,0,0,0,22.61,-0.22482,-0.54517,1.0633
0,0,0,0,22.62,-0.22568,-0.53838,1.0674
0,0,0,0,22.63,-0.22661,-0.53142,1.0715
0,0,0,0,22.64,-0.22735,-0.52437,1.0755
0,0,0,0,22.65,-0.22811,-0.51714,1.0793
0,0,0,0,22.66,-0.229,-0.50953,1.0832
0,0,0,0,22.67,-0.22975,-0.50183,1.087
0,0,0,0,22.68,-0.2305,-0.49398,1.0907
0,0,0,0,22.69,-0.23127,-0.4858,1.0945
0,0,0,0,22.7,-0.23219,-0.47754,1.098
0,0,0,0,22.71,-0.23298,-0.46896,1.1016
0,0,0,0,22.72,-0.23364,-0.46016,1.1049
0,0,0,0,22.73,-0.2345,-0.45115,1.1084
0,0,0,0,22.74,-0.23521,-0.44204,1.1115
0,0,0,0,22.75,-0.2359,-0.43276,1.115
0,0,0,0,22.76,-0.23661,-0.42323,1.1182
0,0,0,0,22.77,-0.23733,-0.4135,1.1215
0,0,0,0,22.78,-0.23785,-0.40363,1.1246
0,0,0,0,22.79,-0.2384,-0.3937,1.1277
0,0,0,0,22.8,-0.23886,-0.38358,1.1308
0,0,0,0,22.81,-0.23931,-0.37325,1.134
0,0,0,0,22.82,-0.23962,-0.36277,1.1369
0,0,0,0,22.83,-0.23998,-0.35216,1.1401
0,0,0,0,22.84,-0.24024,-0.34131,1.1432
0,0,0,0,22.85,-0.24043,-0.33032,1.1462
0,0,0,0,22.86,-0.24053,-0.3192,1.1492
0,0,0,0,22.87,-0.24058,-0.3079,1.152
0,0,0,0,22.88,-0.24055,-0.29633,1.155
0,0,0,0,22.89,-0.24056,-0.28454,1.1579
0,0,0,0,22.9,-0.24049,-0.27262,1.1607
0,0,0,0,22.91,-0.24016,-0.26062,1.1635
0,0,0,0,22.92,-0.23997,-0.24837,1.1662
0,0,0,0,22.93,-0.23977,-0.23589,1.169
0,0,0,0,22.94,-0.23947,-0.22326,1.1716
0,0,0,0,22.95,-0.23914,-0.21048,1.1741
0,0,0,0,22.96,-0.23865,-0.19753,1.1766
0,0,0,0,22.97,-0.23835,-0.18437,1.1791
0,0,0,0,22.98,-0.238,-0.17098,1.1815
0,0,0,0,22.99,-0.23751,-0.15752,1.1838
0,0,0,0,23,-0.23699,-0.14387,1.1861
0,0,0,0,23.01,-0.23652,-0.13016,1.1884
0,0,0,0,23.02,-0.23599,-0.11628,1.1907
0,0,0,0,23.03,-0.23546,-0.10224,1.1928
0,0,0,0,23.04,-0.23487,-0.08815,1.195
0,0,0,0,23.05,-0.23432,-0.07394,1.1971
0,0,0,0,23.06,-0.2337,-0.059629,1.1992
0,0,0,0,23.07,-0.23297,-0.045209,1.2012
0,0,0,0,23.08,-0.23247,-0.030588,1.2032
0,0,0,0,23.09,-0.2318,-0.015843,1.2052
0,0,0,0,23.1,-0.23107,-0.001039,1.207
0,0,0,0,23.11,-0.23034,0.013958,1.2088
0,0,0,0,23.12,-0.22963,0.029157,1.2105
0,0,0,0,23.13,NaN,NaN,NaN
0,0,0,0,23.14,NaN,NaN,NaN
0,0,0,0,23.15,NaN,NaN,NaN
0,0,0,0,23.16,NaN,NaN,NaN
0,0,0,0,23.17,NaN,NaN,NaN
0,0,0,0,23.18,NaN,NaN,NaN
0,0,0,0,23.19,NaN,NaN,NaN
0,0,0,0,23.2,NaN,NaN,NaN
0,0,0,0,23.21,NaN,NaN,NaN
0,0,0,0,23.22,-0.22146,0.18818,1.2251
0,0,0,0,23.23,NaN,NaN,NaN
0,0,0,0,23.24,-0.2194,0.22081,1.2276
0,0,0,0,23.25,NaN,NaN,NaN
0,0,0,0,23.26,-0.21748,0.25355,1.2302
0,0,0,0,23.27,NaN,NaN,NaN
0,0,0,0,23.28,-0.21526,0.28556,1.233
0,0,0,0,23.29,-0.2142,0.30121,1.2345
0,0,0,0,23.3,-0.21321,0.31657,1.2359
0,0,0,0,23.31,-0.21215,0.33164,1.2374
0,0,0,0,23.32,-0.21105,0.34639,1.2388
0,0,0,0,23.33,-0.21035,0.36089,1.2401
0,0,0,0,23.34,-0.20963,0.37489,1.2413
0,0,0,0,23.35,-0.20872,0.38847,1.2423
0,0,0,0,23.36,-0.20796,0.40217,1.2432
0,0,0,0,23.37,-0.20699,0.41566,1.2439
0,0,0,0,23.38,-0.20625,0.42902,1.2446
0,0,0,0,23.39,-0.20579,0.44253,1.2451
0,0,0,0,23.4,-0.20501,0.45603,1.2454
0,0,0,0,23.41,-0.20423,0.46954,1.2457
0,0,0,0,23.42,-0.20344,0.48322,1.2459
0,0,0,0,23.43,-0.20259,0.49696,1.2459
0,0,0,0,23.44,-0.20176,0.51076,1.2458
0,0,0,0,23.45,-0.20091,0.52462,1.2457
0,0,0,0,23.46,-0.19989,0.53859,1.2453
0,0,0,0,23.47,-0.19943,0.55259,1.2449
0,0,0,0,23.48,-0.19837,0.56632,1.2446
0,0,0,0,23.49,-0.19754,0.5801,1.2442
0,0,0,0,23.5,-0.19661,0.59359,1.2435
0,0,0,0,23.51,-0.19546,0.60695,1.2426
0,0,0,0,23.52,-0.19437,0.62012,1.2415
0,0,0,0,23.53,-0.19334,0.63316,1.2405
0,0,0,0,23.54,-0.19234,0.64577,1.2396
0,0,0,0,23.55,-0.19149,0.65846,1.2383
0,0,0,0,23.56,-0.19034,0.67077,1.2371
0,0,0,0,23.57,-0.1893,0.68271,1.2359
0,0,0,0,23.58,-0.18823,0.69448,1.234
0,0,0,0,23.59,-0.18669,0.70564,1.2326
0,0,0,0,23.6,-0.18525,0.7165,1.2306
0,0,0,0,23.61,-0.18398,0.72691,1.2285
0,0,0,0,23.62,-0.18281,0.73702,1.2265
0,0,0,0,23.63,-0.18166,0.74707,1.2239
0,0,0,0,23.64,-0.18003,0.75638,1.2214
0,0,0,0,23.65,-0.17887,0.76597,1.2187
0,0,0,0,23.66,-0.1778,0.77512,1.216
0,0,0,0,23.67,-0.17666,0.78412,1.2129
0,0,0,0,23.68,-0.17533,0.7931,1.2095
0,0,0,0,23.69,-0.17418,0.80178,1.2066
0,0,0,0,23.7,-0.17258,0.81036,1.2031
0,0,0,0,23.71,-0.17242,0.81906,1.1995
0,0,0,0,23.72,-0.17082,0.82747,1.1962
0,0,0,0,23.73,-0.16931,0.8355,1.1926
0,0,0,0,23.74,-0.16799,0.84372,1.1885
0,0,0,0,23.75,-0.16736,0.85172,1.1842
0,0,0,0,23.76,-0.16597,0.85892,1.1806
0,0,0,0,23.77,-0.1647,0.86612,1.1764
0,0,0,0,23.78,-0.16353,0.87338,1.1717
0,0,0,0,23.79,-0.16235,0.88028,1.1673
0,0,0,0,23.8,-0.16086,0.88677,1.1627
0,0,0,0,23.81,NaN,NaN,NaN
0,0,0,0,23.82,NaN,NaN,NaN
0,0,0,0,23.83,NaN,NaN,NaN
0,0,0,0,23.84,NaN,NaN,NaN
0,0,0,0,23.85,NaN,NaN,NaN
0,0,0,0,23.86,NaN,NaN,NaN
0,0,0,0,23.87,-0.15218,0.92612,1.1271
0,0,0,0,23.88,-0.15095,0.93099,1.1217
0,0,0,0,23.89,-0.14964,0.93523,1.1161
0,0,0,0,23.9,-0.14806,0.93937,1.1104
0,0,0,0,23.91,-0.14645,0.94309,1.1048
0,0,0,0,23.92,-0.14518,0.94679,1.0989
0,0,0,0,23.93,-0.1438,0.95026,1.093
0,0,0,0,23.94,-0.1422,0.95319,1.0871
0,0,0,0,23.95,-0.1406,0.95585,1.0812
0,0,0,0,23.96,-0.1388,0.95826,1.0752
0,0,0,0,23.97,-0.13748,0.96081,1.0691
0,0,0,0,23.98,-0.13614,0.96318,1.0629
0,0,0,0,23.99,-0.13435,0.96493,1.0568
0,0,0,0,24,-0.13264,0.96666,1.0506
0,0,0,0,24.01,-0.13097,0.96838,1.0443
0,0,0,0,24.02,-0.12932,0.96983,1.0381
0,0,0,0,24.03,-0.12782,0.97117,1.0317
0,0,0,0,24.04,-0.12625,0.97233,1.0253
0,0,0,0,24.05,-0.12471,0.97331,1.0188
0,0,0,0,24.06,-0.12292,0.97394,1.0124
0,0,0,0,24.07,-0.12077,0.97423,1.0063
0,0,0,0,24.08,-0.11898,0.97466,0.99983
0,0,0,0,24.09,-0.11745,0.97503,0.99334
0,0,0,0,24.1,-0.11553,0.97523,0.98682
0,0,0,0,24.11,-0.11386,0.97515,0.9803
0,0,0,0,24.12,-0.1121,0.97503,0.97386
0,0,0,0,24.13,-0.11025,0.97478,0.9674
0,0,0,0,24.14,-0.10822,0.97425,0.96085
0,0,0,0,24.15,-0.10658,0.97377,0.95427
0,0,0,0,24.16,-0.10464,0.97311,0.94787
0,0,0,0,24.17,-0.10263,0.97236,0.94145
0,0,0,0,24.18,-0.10048,0.97129,0.93509
0,0,0,0,24.19,-0.098549,0.97017,0.92872
0,0,0,0,24.2,-0.09673,0.96909,0.92234
0,0,0,0,24.21,-0.094867,0.96761,0.91594
0,0,0,0,24.22,-0.092651,0.96599,0.90964
0,0,0,0,24.23,-0.090481,0.96428,0.90329
0,0,0,0,24.24,-0.088554,0.96239,0.89699
0,0,0,0,24.25,-0.086859,0.96049,0.89064
0,0,0,0,24.26,-0.084454,0.95804,0.88454
0,0,0,0,24.27,-0.08236,0.95579,0.87841
0,0,0,0,24.28,-0.080278,0.95333,0.87232
0,0,0,0,24.29,-0.078388,0.95077,0.86638
0,0,0,0,24.3,-0.075947,0.94793,0.86053
0,0,0,0,24.31,-0.073844,0.94525,0.85456
0,0,0,0,24.32,-0.071772,0.94232,0.84861
0,0,0,0,24.33,-0.06937,0.93922,0.84276
0,0,0,0,24.34,-0.067268,0.9362,0.83701
0,0,0,0,24.35,-0.065059,0.93288,0.83135
0,0,0,0,24.36,-0.062783,0.92953,0.82575
0,0,0,0,24.37,-0.060465,0.92612,0.82018
0,0,0,0,24.38,-0.058142,0.92242,0.81469
0,0,0,0,24.39,-0.055826,0.91844,0.80941
0,0,0,0,24.4,-0.053511,0.91461,0.8042
0,0,0,0,24.41,-0.051155,0.91063,0.79898
0,0,0,0,24.42,-0.048772,0.90631,0.79383
0,0,0,0,24.43,-0.046216,0.90195,0.78884
0,0,0,0,24.44,-0.043788,0.89759,0.78402
0,0,0,0,24.45,-0.041473,0.8933,0.77932
0,0,0,0,24.46,-0.038908,0.88875,0.77465
0,0,0,0,24.47,-0.036371,0.88407,0.76992
0,0,0,0,24.48,-0.033892,0.8794,0.76554
0,0,0,0,24.49,-0.031367,0.87449,0.76116
0,0,0,0,24.5,-0.028648,0.86942,0.75682
0,0,0,0,24.51,-0.02612,0.86435,0.75269
0,0,0,0,24.52,-0.023551,0.85906,0.74861
0,0,0,0,24.53,-0.021005,0.8538,0.74452
0,0,0,0,24.54,-0.018413,0.84829,0.74074
0,0,0,0,24.55,-0.015742,0.84286,0.73694
0,0,0,0,24.56,-0.012867,0.83717,0.7333
0,0,0,0,24.57,-0.010096,0.83147,0.72982
0,0,0,0,24.58,-0.007519,0.8257,0.72629
0,0,0,0,24.59,-0.004716,0.81985,0.72304
0,0,0,0,24.6,-0.001938,0.81378,0.71981
0,0,0,0,24.61,0.000828,0.80763,0.71655
0,0,0,0,24.62,0.003691,0.80154,0.71358
0,0,0,0,24.63,0.006556,0.79527,0.71058
0,0,0,0,24.64,0.009517,0.78893,0.70773
0,0,0,0,24.65,0.012435,0.78258,0.70505
0,0,0,0,24.66,0.015388,0.77614,0.70246
0,0,0,0,24.67,0.018451,0.76961,0.69993
0,0,0,0,24.68,0.02153,0.76299,0.69748
0,0,0,0,24.69,0.024494,0.75631,0.69514
0,0,0,0,24.7,0.027566,0.74965,0.6928
0,0,0,0,24.71,0.030671,0.74281,0.69068
0,0,0,0,24.72,0.033827,0.73603,0.68869
0,0,0,0,24.73,0.036924,0.72921,0.68666
0,0,0,0,24.74,0.040233,0.72215,0.68478
0,0,0,0,24.75,0.043656,0.71515,0.68305
0,0,0,0,24.76,0.046977,0.7082,0.68142
0,0,0,0,24.77,0.050474,0.70111,0.67993
0,0,0,0,24.78,0.053854,0.69407,0.67855
0,0,0,0,24.79,0.057305,0.68694,0.67706
0,0,0,0,24.8,0.06073,0.67971,0.67597
0,0,0,0,24.81,0.064226,0.6724,0.6748
0,0,0,0,24.82,0.067809,0.665,0.6737
0,0,0,0,24.83,0.071305,0.65758,0.67284
0,0,0,0,24.84,0.074861,0.65009,0.67205
0,0,0,0,24.85,0.078504,0.64253,0.67131
0,0,0,0,24.86,0.08222,0.6349,0.67073
0,0,0,0,24.87,0.085902,0.62735,0.67018
0,0,0,0,24.88,0.089587,0.61981,0.6699
0,0,0,0,24.89,0.093302,0.61209,0.66978
0,0,0,0,24.9,0.097121,0.60445,0.66956
0,0,0,0,24.91,0.10098,0.59686,0.66941
0,0,0,0,24.92,0.1048,0.58933,0.66942
0,0,0,0,24.93,0.10865,0.58179,0.66958
0,0,0,0,24.94,0.11261,0.5742,0.66969
0,0,0,0,24.95,0.11661,0.56668,0.66996
0,0,0,0,24.96,0.1206,0.55906,0.67047
0,0,0,0,24.97,0.12471,0.55136,0.67104
0,0,0,0,24.98,0.12873,0.54378,0.67156
0,0,0,0,24.99,0.13303,0.53609,0.67228
0,0,0,0,25,0.13734,0.52841,0.6732
0,0,0,0,25.01,0.14148,0.52073,0.67422
0,0,0,0,25.02,0.14573,0.51307,0.67526
0,0,0,0,25.03,0.15016,0.50539,0.6764
0,0,0,0,25.04,0.15451,0.49761,0.67766
0,0,0,0,25.05,0.15898,0.48974,0.67913
0,0,0,0,25.06,0.1634,0.48202,0.68068
0,0,0,0,25.07,0.16794,0.47436,0.68228
0,0,0,0,25.08,0.1726,0.46685,0.68401
0,0,0,0,25.09,0.17713,0.45938,0.68575
0,0,0,0,25.1,0.18185,0.45201,0.68758
0,0,0,0,25.11,0.18678,0.44463,0.68956
0,0,0,0,25.12,0.19168,0.43741,0.69157
0,0,0,0,25.13,0.19643,0.43031,0.69366
0,0,0,0,25.14,NaN,NaN,NaN
0,0,0,0,25.15,NaN,NaN,NaN
0,0,0,0,25.16,NaN,NaN,NaN
0,0,0,0,25.17,NaN,NaN,NaN
0,0,0,0,25.18,NaN,NaN,NaN
0,0,0,0,25.19,NaN,NaN,NaN
0,0,0,0,25.2,NaN,NaN,NaN
0,0,0,0,25.21,NaN,NaN,NaN
0,0,0,0,25.22,NaN,NaN,NaN
0,0,0,0,25.23,NaN,NaN,NaN
0,0,0,0,25.24,NaN,NaN,NaN
0,0,0,0,25.25,NaN,NaN,NaN
0,0,0,0,25.26,NaN,NaN,NaN
0,0,0,0,25.27,NaN,NaN,NaN
0,0,0,0,25.28,NaN,NaN,NaN
0,0,0,0,25.29,NaN,NaN,NaN
0,0,0,0,25.3,NaN,NaN,NaN
0,0,0,0,25.31,NaN,NaN,NaN
0,0,0,0,25.32,NaN,NaN,NaN
0,0,0,0,25.33,NaN,NaN,NaN
0,0,0,0,25.34,NaN,NaN,NaN
0,0,0,0,25.35,NaN,NaN,NaN
0,0,0,0,25.36,NaN,NaN,NaN
0,0,0,0,25.37,NaN,NaN,NaN
0,0,0,0,25.38,NaN,NaN,NaN
0,0,0,0,25.39,NaN,NaN,NaN
0,0,0,0,25.4,NaN,NaN,NaN
0,0,0,0,25.41,NaN,NaN,NaN
0,0,0,0,25.42,NaN,NaN,NaN
0,0,0,0,25.43,0.38293,0.23664,0.78744
0,0,0,0,25.44,NaN,NaN,NaN
0,0,0,0,25.45,0.39777,0.22543,0.79441
0,0,0,0,25.46,NaN,NaN,NaN
0,0,0,0,25.47,0.41335,0.21456,0.80158
0,0,0,0,25.48,NaN,NaN,NaN
0,0,0,0,25.49,0.42915,0.20417,0.80861
0,0,0,0,25.5,NaN,NaN,NaN
0,0,0,0,25.51,0.44512,0.19395,0.81549
0,0,0,0,25.52,NaN,NaN,NaN
0,0,0,0,25.53,0.4613,0.18403,0.82246
0,0,0,0,25.54,NaN,NaN,NaN
0,0,0,0,25.55,0.4778,0.17417,0.82945
0,0,0,0,25.56,0.48594,0.16944,0.83287
0,0,0,0,25.57,0.49414,0.16477,0.83625
0,0,0,0,25.58,0.50234,0.16001,0.83965
0,0,0,0,25.59,0.51033,0.15526,0.84301
0,0,0,0,25.6,0.51832,0.1506,0.84635
0,0,0,0,25.61,0.52599,0.14602,0.84946
0,0,0,0,25.62,0.53353,0.14147,0.85249
0,0,0,0,25.63,0.54084,0.13681,0.85552
0,0,0,0,25.64,0.54818,0.13223,0.85845
0,0,0,0,25.65,0.55534,0.12774,0.86114
0,0,0,0,25.66,0.56239,0.12322,0.86383
0,0,0,0,25.67,0.56924,0.11872,0.86661
0,0,0,0,25.68,0.57595,0.11438,0.86913
0,0,0,0,25.69,0.58273,0.11003,0.87171
0,0,0,0,25.7,0.58951,0.10567,0.87429
0,0,0,0,25.71,0.59634,0.10149,0.87672
0,0,0,0,25.72,0.60293,0.097243,0.87936
0,0,0,0,25.73,0.60949,0.093113,0.882
0,0,0,0,25.74,0.61605,0.08894,0.88467
0,0,0,0,25.75,0.62271,0.08495,0.88746
0,0,0,0,25.76,0.62931,0.080949,0.89026
0,0,0,0,25.77,0.63597,0.077126,0.89293
0,0,0,0,25.78,0.64239,0.073165,0.89597
0,0,0,0,25.79,0.64872,0.069332,0.89908
0,0,0,0,25.8,0.65475,0.065744,0.9021
0,0,0,0,25.81,0.66123,0.061903,0.9054
0,0,0,0,25.82,0.6675,0.05811,0.90885
0,0,0,0,25.83,0.67346,0.054523,0.91215
0,0,0,0,25.84,0.67934,0.050915,0.9156
0,0,0,0,25.85,0.68504,0.04722,0.91916
0,0,0,0,25.86,0.69059,0.043666,0.92282
0,0,0,0,25.87,0.69554,0.040335,0.92644
0,0,0,0,25.88,0.70082,0.03682,0.93011
0,0,0,0,25.89,0.70593,0.033371,0.93381
0,0,0,0,25.9,0.71074,0.029925,0.93757
0,0,0,0,25.91,0.71516,0.026619,0.94129
0,0,0,0,25.92,0.71929,0.023478,0.94498
0,0,0,0,25.93,0.72331,0.020291,0.9487
0,0,0,0,25.94,0.72718,0.017122,0.95243
0,0,0,0,25.95,0.73086,0.01405,0.95619
0,0,0,0,25.96,0.73414,0.011,0.96008
0,0,0,0,25.97,0.73727,0.007875,0.96393
0,0,0,0,25.98,0.74026,0.005018,0.96766
0,0,0,0,25.99,0.74296,0.00213,0.9716
0,0,0,0,26,0.74542,-0.00071,0.97544
0,0,0,0,26.01,0.74776,-0.003501,0.97932
0,0,0,0,26.02,0.74989,-0.006188,0.98334
0,0,0,0,26.03,0.75171,-0.008825,0.98713
0,0,0,0,26.04,0.75342,-0.011462,0.99103
0,0,0,0,26.05,0.75492,-0.013907,0.99487
0,0,0,0,26.06,0.75624,-0.016459,0.99878
0,0,0,0,26.07,0.75734,-0.018851,1.0026
0,0,0,0,26.08,0.75814,-0.021126,1.0066
0,0,0,0,26.09,0.75832,-0.023255,1.0103
0,0,0,0,26.1,0.75885,-0.025643,1.0141
0,0,0,0,26.11,0.75916,-0.027931,1.018
0,0,0,0,26.12,0.75915,-0.030042,1.0218
0,0,0,0,26.13,0.75901,-0.032248,1.0255
0,0,0,0,26.14,0.75843,-0.034298,1.0293
0,0,0,0,26.15,0.7577,-0.036321,1.0329
0,0,0,0,26.16,0.7567,-0.03838,1.0366
0,0,0,0,26.17,0.75568,-0.040413,1.0403
0,0,0,0,26.18,0.75449,-0.04251,1.044
0,0,0,0,26.19,0.753,-0.044393,1.0477
0,0,0,0,26.2,0.75132,-0.04619,1.0512
0,0,0,0,26.21,0.74938,-0.048129,1.0549
0,0,0,0,26.22,0.74744,-0.050108,1.0588
0,0,0,0,26.23,0.74557,-0.05195,1.0624
0,0,0,0,26.24,0.74325,-0.053911,1.0662
0,0,0,0,26.25,0.74069,-0.055781,1.07
0,0,0,0,26.26,0.73823,-0.057559,1.0737
0,0,0,0,26.27,0.73555,-0.059393,1.0775
0,0,0,0,26.28,0.73278,-0.0613,1.0813
0,0,0,0,26.29,0.72985,-0.062972,1.085
0,0,0,0,26.3,0.72677,-0.064722,1.0887
0,0,0,0,26.31,0.72356,-0.066451,1.0925
0,0,0,0,26.32,0.72021,-0.068157,1.0962
0,0,0,0,26.33,0.71667,-0.06975,1.0999
0,0,0,0,26.34,0.71323,-0.071412,1.1036
0,0,0,0,26.35,0.7095,-0.072965,1.1073
0,0,0,0,26.36,0.70563,-0.074527,1.1109
0,0,0,0,26.37,0.70169,-0.075944,1.1145
0,0,0,0,26.38,0.69736,-0.077287,1.118
0,0,0,0,26.39,0.69299,-0.078588,1.1214
0,0,0,0,26.4,0.68839,-0.079795,1.1249
0,0,0,0,26.41,0.68375,-0.080953,1.1283
0,0,0,0,26.42,0.67889,-0.082084,1.1317
0,0,0,0,26.43,0.67394,-0.083185,1.135
0,0,0,0,26.44,0.66901,-0.084313,1.1384
0,0,0,0,26.45,0.66383,-0.08526,1.1417
0,0,0,0,26.46,0.65868,-0.086281,1.1451
0,0,0,0,26.47,0.65328,-0.087261,1.1484
0,0,0,0,26.48,0.64785,-0.088201,1.1517
0,0,0,0,26.49,0.64229,-0.08914,1.155
0,0,0,0,26.5,0.63661,-0.090117,1.1583
0,0,0,0,26.51,0.63084,-0.091021,1.1616
0,0,0,0,26.52,0.62497,-0.091958,1.1649
0,0,0,0,26.53,0.61896,-0.092986,1.1681
0,0,0,0,26.54,0.61286,-0.093876,1.1714
0,0,0,0,26.55,0.60664,-0.094865,1.1747
0,0,0,0,26.56,0.60035,-0.095844,1.178
0,0,0,0,26.57,0.59403,-0.096934,1.1813
0,0,0,0,26.58,0.58747,-0.097825,1.1844
0,0,0,0,26.59,0.58067,-0.09872,1.1876
0,0,0,0,26.6,0.57402,-0.099726,1.1908
0,0,0,0,26.61,0.56727,-0.10074,1.1941
0,0,0,0,26.62,0.56032,-0.10175,1.1972
0,0,0,0,26.63,0.55315,-0.10272,1.2004
0,0,0,0,26.64,0.54595,-0.1037,1.2035
0,0,0,0,26.65,0.53866,-0.1046,1.2066
0,0,0,0,26.66,0.53132,-0.10561,1.2096
0,0,0,0,26.67,0.52373,-0.10646,1.2127
0,0,0,0,26.68,0.51613,-0.10736,1.2158
0,0,0,0,26.69,0.50853,-0.10838,1.2189
0,0,0,0,26.7,0.50074,-0.10931,1.222
0,0,0,0,26.71,0.49278,-0.11029,1.225
0,0,0,0,26.72,0.48489,-0.11117,1.228
0,0,0,0,26.73,0.47693,-0.11213,1.2311
0,0,0,0,26.74,0.46874,-0.11305,1.2342
0,0,0,0,26.75,0.46055,-0.11395,1.2373
0,0,0,0,26.76,0.4524,-0.11491,1.2403
0,0,0,0,26.77,0.44407,-0.1159,1.2434
0,0,0,0,26.78,0.43567,-0.11685,1.2465
0,0,0,0,26.79,0.42721,-0.11779,1.2495
0,0,0,0,26.8,0.41875,-0.11878,1.2527
0,0,0,0,26.81,0.41012,-0.11975,1.2556
0,0,0,0,26.82,0.40147,-0.12065,1.2587
0,0,0,0,26.83,0.39291,-0.12161,1.2619
0,0,0,0,26.84,0.38428,-0.12265,1.2651
0,0,0,0,26.85,0.37559,-0.1237,1.2682
0,0,0,0,26.86,0.36716,-0.12478,1.2714
0,0,0,0,26.87,0.35862,-0.12595,1.2746
0,0,0,0,26.88,0.34991,-0.12707,1.2779
0,0,0,0,26.89,0.34115,-0.12813,1.281
0,0,0,0,26.9,0.33245,-0.12925,1.2841
0,0,0,0,26.91,0.32372,-0.13037,1.2873
0,0,0,0,26.92,0.31468,-0.1314,1.2903
0,0,0,0,26.93,0.30574,-0.13245,1.2932
0,0,0,0,26.94,0.29669,-0.13353,1.2961
0,0,0,0,26.95,0.28739,-0.13451,1.2989
0,0,0,0,26.96,0.27808,-0.13552,1.3017
0,0,0,0,26.97,0.26873,-0.13652,1.3042
0,0,0,0,26.98,0.25925,-0.13754,1.3068
0,0,0,0,26.99,0.24971,-0.13854,1.3093
0,0,0,0,27,0.24004,-0.13956,1.3116
0,0,0,0,27.01,0.23052,-0.14056,1.3139
0,0,0,0,27.02,0.22077,-0.14148,1.3161
0,0,0,0,27.03,0.21106,-0.14251,1.3181
0,0,0,0,27.04,0.20095,-0.14349,1.3201
0,0,0,0,27.05,0.19095,-0.1444,1.3219
0,0,0,0,27.06,0.18098,-0.14549,1.3236
0,0,0,0,27.07,0.17091,-0.1465,1.3253
0,0,0,0,27.08,0.16091,-0.14755,1.3268
0,0,0,0,27.09,0.15075,-0.14858,1.3282
0,0,0,0,27.1,0.14031,-0.14952,1.3296
0,0,0,0,27.11,0.13017,-0.15061,1.331
0,0,0,0,27.12,0.1202,-0.1518,1.3323
0,0,0,0,27.13,0.11,-0.15296,1.3335
0,0,0,0,27.14,NaN,NaN,NaN
0,0,0,0,27.15,NaN,NaN,NaN
0,0,0,0,27.16,NaN,NaN,NaN
0,0,0,0,27.17,NaN,NaN,NaN
0,0,0,0,27.18,NaN,NaN,NaN
0,0,0,0,27.19,NaN,NaN,NaN
0,0,0,0,27.2,NaN,NaN,NaN
0,0,0,0,27.21,NaN,NaN,NaN
0,0,0,0,27.22,NaN,NaN,NaN
0,0,0,0,27.23,NaN,NaN,NaN
0,0,0,0,27.24,NaN,NaN,NaN
0,0,0,0,27.25,NaN,NaN,NaN
0,0,0,0,27.26,NaN,NaN,NaN
0,0,0,0,27.27,NaN,NaN,NaN
0,0,0,0,27.28,NaN,NaN,NaN
0,0,0,0,27.29,NaN,NaN,NaN
0,0,0,0,27.3,NaN,NaN,NaN
0,0,0,0,27.31,NaN,NaN,NaN
0,0,0,0,27.32,NaN,NaN,NaN
0,0,0,0,27.33,-0.089104,-0.17823,1.3481
0,0,0,0,27.34,-0.098951,-0.17954,1.3485
0,0,0,0,27.35,-0.10857,-0.18083,1.3487
0,0,0,0,27.36,-0.11803,-0.18219,1.3488
0,0,0,0,27.37,-0.12766,-0.18351,1.3489
0,0,0,0,27.38,-0.13728,-0.18485,1.3488
0,0,0,0,27.39,-0.14677,-0.18621,1.3487
0,0,0,0,27.4,-0.15638,-0.18761,1.3485
0,0,0,0,27.41,-0.16603,-0.18897,1.3482
0,0,0,0,27.42,-0.17553,-0.1904,1.3478
0,0,0,0,27.43,-0.18515,-0.1918,1.3473
0,0,0,0,27.44,-0.19482,-0.19317,1.3467
0,0,0,0,27.45,-0.20441,-0.19457,1.346
0,0,0,0,27.46,-0.21417,-0.19592,1.3452
0,0,0,0,27.47,-0.22393,-0.19737,1.3443
0,0,0,0,27.48,-0.23358,-0.19883,1.3434
0,0,0,0,27.49,-0.24343,-0.20023,1.3423
0,0,0,0,27.5,-0.25334,-0.20166,1.3412
0,0,0,0,27.51,-0.26311,-0.20306,1.3399
0,0,0,0,27.52,-0.27284,-0.20452,1.3386
0,0,0,0,27.53,-0.28254,-0.20597,1.3372
0,0,0,0,27.54,-0.29205,-0.20743,1.3355
0,0,0,0,27.55,-0.30171,-0.2088,1.3338
0,0,0,0,27.56,-0.3115,-0.21028,1.3323
0,0,0,0,27.57,-0.32103,-0.21176,1.3307
0,0,0,0,27.58,-0.33049,-0.21323,1.3289
0,0,0,0,27.59,-0.33998,-0.21459,1.3269
0,0,0,0,27.6,-0.3494,-0.21606,1.325
0,0,0,0,27.61,-0.35882,-0.21753,1.3231
0,0,0,0,27.62,-0.3682,-0.21887,1.3211
0,0,0,0,27.63,-0.37741,-0.22033,1.319
0,0,0,0,27.64,-0.38633,-0.22181,1.3167
0,0,0,0,27.65,-0.3957,-0.22318,1.3146
0,0,0,0,27.66,-0.4049,-0.22462,1.3124
0,0,0,0,27.67,-0.41398,-0.22616,1.31
0,0,0,0,27.68,-0.42296,-0.22755,1.3076
0,0,0,0,27.69,-0.43188,-0.22892,1.3053
0,0,0,0,27.7,-0.44058,-0.23029,1.3026
0,0,0,0,27.71,-0.44955,-0.23169,1.3001
0,0,0,0,27.72,-0.4584,-0.23315,1.2977
0,0,0,0,27.73,-0.46712,-0.23457,1.2951
0,0,0,0,27.74,-0.47577,-0.23591,1.2924
0,0,0,0,27.75,-0.48432,-0.2373,1.2895
0,0,0,0,27.76,-0.49285,-0.23877,1.2869
0,0,0,0,27.77,-0.50131,-0.24011,1.2839
0,0,0,0,27.78,-0.50971,-0.24149,1.2811
0,0,0,0,27.79,-0.51798,-0.24286,1.2782
0,0,0,0,27.8,-0.52616,-0.24427,1.2752
0,0,0,0,27.81,-0.53429,-0.24566,1.2722
0,0,0,0,27.82,-0.54242,-0.24707,1.2693
0,0,0,0,27.83,-0.55038,-0.24838,1.2662
0,0,0,0,27.84,-0.5582,-0.2498,1.2633
0,0,0,0,27.85,-0.56586,-0.25121,1.2603
0,0,0,0,27.86,-0.57341,-0.25256,1.2573
0,0,0,0,27.87,-0.58095,-0.2538,1.2544
0,0,0,0,27.88,-0.5883,-0.25516,1.2515
0,0,0,0,27.89,-0.59554,-0.25649,1.2486
0,0,0,0,27.9,-0.60257,-0.25762,1.2456
0,0,0,0,27.91,-0.60951,-0.25885,1.2427
0,0,0,0,27.92,-0.61634,-0.26003,1.2398
0,0,0,0,27.93,-0.62307,-0.2612,1.2368
0,0,0,0,27.94,-0.62975,-0.26237,1.234
0,0,0,0,27.95,-0.63622,-0.26352,1.2309
0,0,0,0,27.96,-0.64258,-0.2646,1.2279
0,0,0,0,27.97,-0.64894,-0.26579,1.225
0,0,0,0,27.98,-0.65524,-0.2669,1.222
0,0,0,0,27.99,-0.66136,-0.268,1.2189
0,0,0,0,28,-0.66756,-0.26908,1.2159
0,0,0,0,28.01,-0.67351,-0.27023,1.2127
0,0,0,0,28.02,-0.67952,-0.27122,1.2096
0,0,0,0,28.03,-0.68539,-0.2724,1.2063
0,0,0,0,28.04,-0.69125,-0.27353,1.2031
0,0,0,0,28.05,-0.69705,-0.27448,1.1999
0,0,0,0,28.06,-0.70267,-0.27548,1.1962
0,0,0,0,28.07,-0.70818,-0.27656,1.1929
0,0,0,0,28.08,-0.71366,-0.2777,1.1898
0,0,0,0,28.09,-0.71906,-0.27869,1.1864
0,0,0,0,28.1,-0.72426,-0.27983,1.1828
0,0,0,0,28.11,-0.72942,-0.28099,1.1793
0,0,0,0,28.12,-0.73466,-0.28176,1.1759
0,0,0,0,28.13,-0.73965,-0.28271,1.1724
0,0,0,0,28.14,-0.74449,-0.28379,1.1687
0,0,0,0,28.15,-0.74925,-0.28466,1.1651
0,0,0,0,28.16,-0.75395,-0.28547,1.1615
0,0,0,0,28.17,-0.75834,-0.28645,1.1578
0,0,0,0,28.18,-0.76256,-0.28733,1.1541
0,0,0,0,28.19,-0.76678,-0.28823,1.1505
0,0,0,0,28.2,-0.77101,-0.28892,1.1467
0,0,0,0,28.21,-0.77501,-0.28954,1.1426
0,0,0,0,28.22,-0.77887,-0.29037,1.139
0,0,0,0,28.23,-0.7826,-0.29137,1.1354
0,0,0,0,28.24,-0.78638,-0.29228,1.1317
0,0,0,0,28.25,-0.78972,-0.29307,1.1278
0,0,0,0,28.26,-0.79311,-0.29372,1.1239
0,0,0,0,28.27,-0.79659,-0.29445,1.1201
0,0,0,0,28.28,-0.79961,-0.29525,1.1164
0,0,0,0,28.29,-0.8028,-0.2959,1.1124
0,0,0,0,28.3,-0.80583,-0.29657,1.1086
0,0,0,0,28.31,-0.80876,-0.29722,1.1045
0,0,0,0,28.32,-0.8115,-0.29806,1.1006
0,0,0,0,28.33,-0.81409,-0.29875,1.0966
0,0,0,0,28.34,-0.81686,-0.29941,1.0927
0,0,0,0,28.35,-0.8197,-0.3,1.0889
0,0,0,0,28.36,-0.8221,-0.30061,1.0847
0,0,0,0,28.37,-0.82444,-0.30125,1.0808
0,0,0,0,28.38,-0.82692,-0.30184,1.077
0,0,0,0,28.39,-0.82894,-0.30249,1.0729
0,0,0,0,28.4,-0.83127,-0.30312,1.069
0,0,0,0,28.41,-0.83346,-0.30353,1.0652
0,0,0,0,28.42,-0.83525,-0.30423,1.0614
0,0,0,0,28.43,-0.83727,-0.30471,1.0577
0,0,0,0,28.44,-0.83894,-0.30541,1.054
0,0,0,0,28.45,-0.84062,-0.30632,1.0503
0,0,0,0,28.46,-0.84154,-0.30744,1.0466
0,0,0,0,28.47,-0.84344,-0.30833,1.043
0,0,0,0,28.48,-0.84536,-0.30958,1.0395
0,0,0,0,28.49,-0.84658,-0.3112,1.036
0,0,0,0,28.5,-0.84822,-0.31304,1.0324
0,0,0,0,28.51,-0.85007,-0.31492,1.0289
0,0,0,0,28.52,-0.8517,-0.31669,1.0256
0,0,0,0,28.53,-0.85296,-0.31893,1.022
0,0,0,0,28.54,-0.8543,-0.32123,1.0185
0,0,0,0,28.55,-0.85575,-0.3233,1.0152
0,0,0,0,28.56,-0.8565,-0.3256,1.0117
0,0,0,0,28.57,-0.85816,-0.32785,1.0083
0,0,0,0,28.58,-0.85949,-0.33019,1.0048
0,0,0,0,28.59,-0.86041,-0.33225,1.0013
0,0,0,0,28.6,-0.86134,-0.33446,0.99789
0,0,0,0,28.61,-0.86238,-0.33652,0.99426
0,0,0,0,28.62,-0.86331,-0.33869,0.99093
0,0,0,0,28.63,-0.8633,-0.34119,0.98765
0,0,0,0,28.64,-0.86462,-0.34325,0.98409
0,0,0,0,28.65,-0.86601,-0.34531,0.98075
0,0,0,0,28.66,-0.86694,-0.34741,0.97718
0,0,0,0,28.67,-0.86731,-0.34954,0.97379
0,0,0,0,28.68,-0.8681,-0.35174,0.97063
0,0,0,0,28.69,-0.86894,-0.35413,0.96713
0,0,0,0,28.7,-0.86951,-0.35644,0.96381
0,0,0,0,28.71,-0.87016,-0.35888,0.96054
0,0,0,0,28.72,-0.87071,-0.36132,0.95727
0,0,0,0,28.73,-0.87075,-0.36389,0.95387
0,0,0,0,28.74,-0.87101,-0.36663,0.95054
0,0,0,0,28.75,-0.87214,-0.36926,0.94726
0,0,0,0,28.76,-0.87309,-0.37212,0.944
0,0,0,0,28.77,-0.87329,-0.37523,0.94069
0,0,0,0,28.78,-0.87356,-0.37853,0.9375
0,0,0,0,28.79,-0.8741,-0.38203,0.93439
0,0,0,0,28.8,-0.87412,-0.38545,0.93103
0,0,0,0,28.81,-0.87465,-0.38904,0.92793
0,0,0,0,28.82,-0.87549,-0.39269,0.92488
0,0,0,0,28.83,-0.87578,-0.39658,0.9217
0,0,0,0,28.84,-0.87562,-0.40063,0.91856
0,0,0,0,28.85,-0.87612,-0.40484,0.91537
0,0,0,0,28.86,-0.87589,-0.40929,0.91233
0,0,0,0,28.87,-0.87665,-0.41351,0.909
0,0,0,0,28.88,-0.8766,-0.41794,0.90608
0,0,0,0,28.89,-0.87669,-0.42247,0.90321
0,0,0,0,28.9,-0.87721,-0.42711,0.90026
0,0,0,0,28.91,-0.87739,-0.43184,0.89736
0,0,0,0,28.92,-0.8775,-0.43652,0.8942
0,0,0,0,28.93,-0.87738,-0.44139,0.89127
0,0,0,0,28.94,-0.87723,-0.44653,0.88853
0,0,0,0,28.95,-0.87677,-0.45172,0.88563
0,0,0,0,28.96,-0.8767,-0.45688,0.88286
0,0,0,0,28.97,-0.87695,-0.46214,0.88
0,0,0,0,28.98,-0.87644,-0.46767,0.87718
0,0,0,0,28.99,-0.87599,-0.4731,0.87456
0,0,0,0,29,-0.87543,-0.47851,0.87168
0,0,0,0,29.01,-0.8753,-0.48401,0.86897
0,0,0,0,29.02,-0.87537,-0.48964,0.86643
0,0,0,0,29.03,-0.87496,-0.49529,0.86365
0,0,0,0,29.04,-0.87457,-0.50113,0.86091
0,0,0,0,29.05,-0.87345,-0.50727,0.85819
0,0,0,0,29.06,-0.8723,-0.51323,0.85574
0,0,0,0,29.07,-0.87218,-0.51912,0.85335
0,0,0,0,29.08,-0.87209,-0.52525,0.85101
0,0,0,0,29.09,-0.87179,-0.53147,0.84832
0,0,0,0,29.1,-0.87111,-0.53769,0.84581
0,0,0,0,29.11,-0.87025,-0.54419,0.8435
0,0,0,0,29.12,-0.86915,-0.55062,0.84108
0,0,0,0,29.13,-0.86818,-0.55713,0.83873
0,0,0,0,29.14,-0.86706,-0.56365,0.83626
0,0,0,0,29.15,-0.86634,-0.57026,0.83397
0,0,0,0,29.16,-0.86569,-0.577,0.83183
0,0,0,0,29.17,-0.86521,-0.58352,0.82913
0,0,0,0,29.18,-0.86408,-0.59008,0.82676
0,0,0,0,29.19,-0.86324,-0.59649,0.82472
0,0,0,0,29.2,-0.86191,-0.60324,0.82257
0,0,0,0,29.21,-0.86089,-0.61039,0.82024
0,0,0,0,29.22,-0.85996,-0.61745,0.81826
0,0,0,0,29.23,-0.85827,-0.62427,0.81623
0,0,0,0,29.24,-0.857,-0.63123,0.81417
0,0,0,0,29.25,-0.8555,-0.63844,0.81225
0,0,0,0,29.26,-0.85396,-0.64534,0.81017
0,0,0,0,29.27,-0.85258,-0.65234,0.80834
0,0,0,0,29.28,-0.85114,-0.6597,0.80662
0,0,0,0,29.29,-0.84957,-0.66675,0.80457
0,0,0,0,29.3,-0.84819,-0.67384,0.80272
0,0,0,0,29.31,-0.84677,-0.68095,0.80105
0,0,0,0,29.32,-0.84488,-0.68805,0.79929
0,0,0,0,29.33,-0.8434,-0.69499,0.79734
0,0,0,0,29.34,-0.84178,-0.7018,0.79564
0,0,0,0,29.35,-0.83995,-0.70877,0.79399
0,0,0,0,29.36,-0.8384,-0.71528,0.79198
0,0,0,0,29.37,-0.83657,-0.72142,0.79015
0,0,0,0,29.38,-0.83472,-0.72783,0.7884
0,0,0,0,29.39,-0.83301,-0.73442,0.78641
0,0,0,0,29.4,-0.83159,-0.74108,0.78471
0,0,0,0,29.41,-0.82978,-0.74716,0.78303
0,0,0,0,29.42,-0.82802,-0.7534,0.78123
0,0,0,0,29.43,-0.82609,-0.75977,0.77926
0,0,0,0,29.44,-0.82408,-0.76611,0.77755
0,0,0,0,29.45,-0.82197,-0.77243,0.77623
0,0,0,0,29.46,-0.81997,-0.77848,0.77494
0,0,0,0,29.47,-0.81808,-0.78519,0.77324
0,0,0,0,29.48,-0.81578,-0.79176,0.77192
0,0,0,0,29.49,-0.8136,-0.79812,0.77084
0,0,0,0,29.5,-0.81131,-0.80471,0.76956
0,0,0,0,29.51,-0.80909,-0.81115,0.76831
0,0,0,0,29.52,-0.80661,-0.81757,0.76729
0,0,0,0,29.53,-0.80437,-0.82389,0.7662
0,0,0,0,29.54,-0.80193,-0.8304,0.76523
0,0,0,0,29.55,-0.79923,-0.83693,0.76445
0,0,0,0,29.56,-0.79665,-0.84332,0.76365
0,0,0,0,29.57,-0.79406,-0.84962,0.76293
0,0,0,0,29.58,-0.79161,-0.85585,0.76198
0,0,0,0,29.59,-0.78895,-0.86216,0.76141
0,0,0,0,29.6,-0.78647,-0.86839,0.76089
0,0,0,0,29.61,-0.78361,-0.87436,0.76042
0,0,0,0,29.62,-0.78073,-0.88035,0.75972
0,0,0,0,29.63,-0.77781,-0.88632,0.75928
0,0,0,0,29.64,-0.77486,-0.89218,0.759
0,0,0,0,29.65,-0.77227,-0.8979,0.75862
0,0,0,0,29.66,-0.7695,-0.90365,0.75812
0,0,0,0,29.67,-0.76654,-0.90925,0.75786
0,0,0,0,29.68,-0.7636,-0.91472,0.75772
0,0,0,0,29.69,-0.76063,-0.92006,0.75742
0,0,0,0,29.7,-0.75778,-0.9253,0.7572
0,0,0,0,29.71,-0.75472,-0.93062,0.75709
0,0,0,0,29.72,-0.75131,-0.93571,0.75676
0,0,0,0,29.73,-0.74823,-0.94073,0.75664
0,0,0,0,29.74,-0.74519,-0.94568,0.75665
0,0,0,0,29.75,-0.74193,-0.95063,0.75675
0,0,0,0,29.76,-0.7386,-0.95545,0.75683
0,0,0,0,29.77,-0.7353,-0.96011,0.75684
0,0,0,0,29.78,-0.73176,-0.96479,0.75701
0,0,0,0,29.79,-0.7281,-0.96933,0.75729
0,0,0,0,29.8,-0.72461,-0.97386,0.75756
0,0,0,0,29.81,-0.72118,-0.97812,0.7578
0,0,0,0,29.82,-0.71747,-0.98227,0.75772
0,0,0,0,29.83,-0.71362,-0.98647,0.75821
0,0,0,0,29.84,-0.70999,-0.9906,0.75861
0,0,0,0,29.85,-0.7063,-0.99448,0.75885
0,0,0,0,29.86,-0.70242,-0.99813,0.75915
0,0,0,0,29.87,-0.69859,-1.0016,0.75948
0,0,0,0,29.88,-0.69437,-1.0049,0.75951
0,0,0,0,29.89,-0.69076,-1.0079,0.75938
0,0,0,0,29.9,-0.68721,-1.0107,0.7594
0,0,0,0,29.91,-0.6832,-1.0136,0.75982
0,0,0,0,29.92,-0.67926,-1.0164,0.76008
0,0,0,0,29.93,-0.67548,-1.019,0.76016
0,0,0,0,29.94,-0.67139,-1.0216,0.76036
0,0,0,0,29.95,-0.66745,-1.024,0.76061
0,0,0,0,29.96,-0.6634,-1.0263,0.76081
0,0,0,0,29.97,-0.65934,-1.0285,0.76101
0,0,0,0,29.98,-0.65561,-1.0304,0.76093
0,0,0,0,29.99,-0.65136,-1.0325,0.76139
0,0,0,0,30,-0.64705,-1.0344,0.76178
0,0,0,0,30.01,-0.64306,-1.0362,0.76204
0,0,0,0,30.02,-0.63873,-1.0379,0.76246
0,0,0,0,30.03,-0.63448,-1.0393,0.76285
0,0,0,0,30.04,-0.6301,-1.0407,0.76319
0,0,0,0,30.05,-0.62588,-1.0419,0.76347
0,0,0,0,30.06,-0.62159,-1.0429,0.76393
0,0,0,0,30.07,-0.61716,-1.0438,0.76445
0,0,0,0,30.08,-0.61271,-1.0446,0.76494
0,0,0,0,30.09,-0.60851,-1.0451,0.76534
0,0,0,0,30.1,-0.60426,-1.0454,0.76566
0,0,0,0,30.11,-0.59996,-1.0456,0.76616
0,0,0,0,30.12,-0.59577,-1.0456,0.76665
0,0,0,0,30.13,-0.59189,-1.0456,0.76702
0,0,0,0,30.14,-0.58777,-1.0453,0.76751
0,0,0,0,30.15,-0.58317,-1.0447,0.76815
0,0,0,0,30.16,-0.57883,-1.044,0.76875
0,0,0,0,30.17,-0.57464,-1.0431,0.76926
0,0,0,0,30.18,-0.57054,-1.042,0.76978
0,0,0,0,30.19,-0.56653,-1.0408,0.77028
0,0,0,0,30.2,-0.56274,-1.0395,0.77081
0,0,0,0,30.21,-0.55898,-1.0379,0.77133
0,0,0,0,30.22,-0.55498,-1.0361,0.77189
0,0,0,0,30.23,-0.55097,-1.0341,0.77254
0,0,0,0,30.24,-0.54728,-1.0321,0.7731
0,0,0,0,30.25,-0.54329,-1.0296,0.77381
0,0,0,0,30.26,-0.53936,-1.0269,0.77456
0,0,0,0,30.27,-0.53555,-1.0242,0.77521
0,0,0,0,30.28,-0.53187,-1.0213,0.77589
0,0,0,0,30.29,-0.52778,-1.0183,0.77661
0,0,0,0,30.3,-0.52423,-1.0148,0.77733
0,0,0,0,30.31,-0.5206,-1.0112,0.77821
0,0,0,0,30.32,-0.5169,-1.0073,0.7791
0,0,0,0,30.33,-0.51331,-1.0033,0.77993
0,0,0,0,30.34,-0.50967,-0.99914,0.78087
0,0,0,0,30.35,-0.50597,-0.99457,0.78182
0,0,0,0,30.36,-0.50235,-0.98998,0.78266
0,0,0,0,30.37,-0.49873,-0.98511,0.78362
0,0,0,0,30.38,-0.49526,-0.98007,0.78457
0,0,0,0,30.39,-0.49173,-0.97482,0.78561
0,0,0,0,30.4,-0.48843,-0.96947,0.78653
0,0,0,0,30.41,-0.48503,-0.96393,0.78748
0,0,0,0,30.42,-0.48167,-0.95809,0.78868
0,0,0,0,30.43,-0.47847,-0.9521,0.78968
0,0,0,0,30.44,-0.47525,-0.94607,0.79061
0,0,0,0,30.45,-0.47197,-0.93974,0.79157
0,0,0,0,30.46,-0.46888,-0.93313,0.79242
0,0,0,0,30.47,-0.466,-0.92624,0.79345
0,0,0,0,30.48,-0.46301,-0.91926,0.79449
0,0,0,0,30.49,-0.45997,-0.91214,0.79541
0,0,0,0,30.5,-0.4572,-0.90469,0.79628
0,0,0,0,30.51,-0.45445,-0.89699,0.79728
0,0,0,0,30.52,-0.4516,-0.88922,0.7984
0,0,0,0,30.53,-0.44906,-0.88131,0.79935
0,0,0,0,30.54,-0.44651,-0.87321,0.8002
0,0,0,0,30.55,-0.44386,-0.86486,0.80123
0,0,0,0,30.56,-0.44139,-0.85651,0.8021
0,0,0,0,30.57,-0.43904,-0.84797,0.80284
0,0,0,0,30.58,-0.43659,-0.83922,0.80369
0,0,0,0,30.59,-0.43418,-0.83027,0.80469
0,0,0,0,30.6,-0.43194,-0.8212,0.80567
0,0,0,0,30.61,-0.42982,-0.81198,0.80656
0,0,0,0,30.62,-0.42766,-0.80251,0.80753
0,0,0,0,30.63,-0.42557,-0.79309,0.80828
0,0,0,0,30.64,-0.4235,-0.78359,0.80905
0,0,0,0,30.65,-0.42144,-0.77375,0.80991
0,0,0,0,30.66,-0.41951,-0.76385,0.81078
0,0,0,0,30.67,-0.41759,-0.75386,0.81181
0,0,0,0,30.68,-0.41569,-0.74372,0.81282
0,0,0,0,30.69,-0.41387,-0.73355,0.81369
0,0,0,0,30.7,-0.41216,-0.72314,0.81449
0,0,0,0,30.71,-0.41039,-0.71258,0.81536
0,0,0,0,30.72,-0.40866,-0.70183,0.81624
0,0,0,0,30.73,-0.40692,-0.69104,0.81703
0,0,0,0,30.74,-0.40541,-0.68002,0.81808
0,0,0,0,30.75,-0.40389,-0.66896,0.81902
0,0,0,0,30.76,-0.40235,-0.65774,0.81983
0,0,0,0,30.77,-0.40078,-0.6463,0.8206
0,0,0,0,30.78,-0.39937,-0.63482,0.82149
0,0,0,0,30.79,-0.39783,-0.62324,0.8223
0,0,0,0,30.8,-0.39645,-0.61147,0.82334
0,0,0,0,30.81,-0.3951,-0.59956,0.82418
0,0,0,0,30.82,-0.39372,-0.58754,0.82511
0,0,0,0,30.83,-0.39238,-0.57541,0.82595
0,0,0,0,30.84,-0.39104,-0.56322,0.82675
0,0,0,0,30.85,-0.38979,-0.55083,0.82771
0,0,0,0,30.86,-0.38848,-0.5383,0.82863
0,0,0,0,30.87,-0.38728,-0.52566,0.82951
0,0,0,0,30.88,-0.38605,-0.51295,0.83039
0,0,0,0,30.89,-0.38486,-0.50004,0.8312
0,0,0,0,30.9,-0.38379,-0.48688,0.832
0,0,0,0,30.91,-0.38264,-0.47383,0.8329
0,0,0,0,30.92,-0.38164,-0.46051,0.83376
0,0,0,0,30.93,-0.38059,-0.44703,0.8346
0,0,0,0,30.94,-0.37963,-0.43352,0.83566
0,0,0,0,30.95,-0.37862,-0.41991,0.83649
0,0,0,0,30.96,-0.37753,-0.40621,0.8372
0,0,0,0,30.97,-0.37661,-0.39239,0.83814
0,0,0,0,30.98,-0.37575,-0.37843,0.83897
0,0,0,0,30.99,-0.37512,-0.36423,0.83994
0,0,0,0,31,-0.37435,-0.35003,0.84081
0,0,0,0,31.01,-0.37342,-0.3357,0.84145
0,0,0,0,31.02,-0.37262,-0.3212,0.84229
0,0,0,0,31.03,-0.37184,-0.30682,0.84327
0,0,0,0,31.04,-0.37106,-0.29226,0.84418
0,0,0,0,31.05,-0.37034,-0.27752,0.84497
0,0,0,0,31.06,-0.36981,-0.26266,0.84602
0,0,0,0,31.07,-0.36912,-0.24776,0.84691
0,0,0,0,31.08,-0.36845,-0.23274,0.8478
0,0,0,0,31.09,-0.36801,-0.2176,0.84883
0,0,0,0,31.1,-0.36723,-0.20243,0.84967
0,0,0,0,31.11,NaN,NaN,NaN
0,0,0,0,31.12,NaN,NaN,NaN
0,0,0,0,31.13,NaN,NaN,NaN
0,0,0,0,31.14,NaN,NaN,NaN
0,0,0,0,31.15,NaN,NaN,NaN
0,0,0,0,31.16,NaN,NaN,NaN
0,0,0,0,31.17,NaN,NaN,NaN
0,0,0,0,31.18,NaN,NaN,NaN
0,0,0,0,31.19,NaN,NaN,NaN
0,0,0,0,31.2,-0.36243,-0.044204,0.86002
0,0,0,0,31.21,NaN,NaN,NaN
0,0,0,0,31.22,-0.36154,-0.011708,0.86234
0,0,0,0,31.23,NaN,NaN,NaN
0,0,0,0,31.24,-0.36094,0.021349,0.86472
0,0,0,0,31.25,NaN,NaN,NaN
0,0,0,0,31.26,-0.36029,0.054703,0.86709
0,0,0,0,31.27,NaN,NaN,NaN
0,0,0,0,31.28,-0.35974,0.088409,0.86949
0,0,0,0,31.29,NaN,NaN,NaN
0,0,0,0,31.3,-0.35926,0.12251,0.87199
0,0,0,0,31.31,NaN,NaN,NaN
0,0,0,0,31.32,-0.35876,0.15696,0.8745
0,0,0,0,31.33,NaN,NaN,NaN
0,0,0,0,31.34,-0.35849,0.1917,0.87709
0,0,0,0,31.35,NaN,NaN,NaN
0,0,0,0,31.36,-0.35797,0.22627,0.87996
0,0,0,0,31.37,NaN,NaN,NaN
0,0,0,0,31.38,-0.35736,0.26032,0.88315
0,0,0,0,31.39,NaN,NaN,NaN
0,0,0,0,31.4,-0.35694,0.29341,0.88657
0,0,0,0,31.41,NaN,NaN,NaN
0,0,0,0,31.42,-0.35664,0.32547,0.89007
0,0,0,0,31.43,NaN,NaN,NaN
0,0,0,0,31.44,-0.35686,0.35653,0.89342
0,0,0,0,31.45,-0.35637,0.37184,0.89516
0,0,0,0,31.46,-0.35601,0.38694,0.89688
0,0,0,0,31.47,-0.35551,0.40198,0.89847
0,0,0,0,31.48,-0.35532,0.41702,0.90005
0,0,0,0,31.49,-0.3548,0.43206,0.90155
0,0,0,0,31.5,-0.35518,0.44727,0.90302
0,0,0,0,31.51,-0.3552,0.46264,0.90439
0,0,0,0,31.52,-0.35447,0.47791,0.90576
0,0,0,0,31.53,-0.354,0.49312,0.90724
0,0,0,0,31.54,-0.35403,0.50838,0.90892
0,0,0,0,31.55,-0.35374,0.52386,0.91034
0,0,0,0,31.56,-0.35338,0.53948,0.91152
0,0,0,0,31.57,-0.35334,0.55512,0.91281
0,0,0,0,31.58,-0.35315,0.57066,0.91416
0,0,0,0,31.59,-0.3533,0.58628,0.91539
0,0,0,0,31.6,-0.35277,0.60163,0.91698
0,0,0,0,31.61,-0.35211,0.61684,0.91843
0,0,0,0,31.62,-0.35173,0.63214,0.91957
0,0,0,0,31.63,-0.35177,0.64725,0.92091
0,0,0,0,31.64,-0.35165,0.66223,0.92221
0,0,0,0,31.65,-0.3511,0.6769,0.92343
0,0,0,0,31.66,-0.35065,0.69104,0.92467
0,0,0,0,31.67,-0.35024,0.7049,0.92593
0,0,0,0,31.68,-0.34907,0.71814,0.92731
0,0,0,0,31.69,-0.34839,0.73112,0.92868
0,0,0,0,31.7,-0.34803,0.74407,0.92981
0,0,0,0,31.71,-0.34703,0.75647,0.93098
0,0,0,0,31.72,-0.34634,0.76855,0.93232
0,0,0,0,31.73,-0.3456,0.78045,0.93342
0,0,0,0,31.74,-0.3447,0.79189,0.93475
0,0,0,0,31.75,-0.34399,0.80315,0.93602
0,0,0,0,31.76,-0.34316,0.8142,0.93717
0,0,0,0,31.77,-0.34214,0.82491,0.93827
0,0,0,0,31.78,-0.34116,0.83534,0.93945
0,0,0,0,31.79,-0.34027,0.84591,0.94028
0,0,0,0,31.8,-0.33909,0.8562,0.94097
0,0,0,0,31.81,-0.33782,0.86573,0.9424
0,0,0,0,31.82,-0.33697,0.87537,0.94364
0,0,0,0,31.83,-0.33602,0.88499,0.94452
0,0,0,0,31.84,-0.33488,0.89443,0.94535
0,0,0,0,31.85,-0.3339,0.90388,0.9461
0,0,0,0,31.86,-0.33273,0.91298,0.94691
0,0,0,0,31.87,-0.3314,0.92182,0.94766
0,0,0,0,31.88,-0.33026,0.93049,0.94871
0,0,0,0,31.89,-0.32874,0.93889,0.94946
0,0,0,0,31.9,-0.32747,0.94691,0.95018
0,0,0,0,31.91,-0.32646,0.95484,0.95103
0,0,0,0,31.92,-0.32486,0.9626,0.95147
0,0,0,0,31.93,-0.32318,0.97007,0.95207
0,0,0,0,31.94,-0.32171,0.97738,0.95272
0,0,0,0,31.95,-0.32029,0.98462,0.95318
0,0,0,0,31.96,-0.31872,0.99149,0.95385
0,0,0,0,31.97,-0.31709,0.99813,0.95445
0,0,0,0,31.98,-0.31518,1.0044,0.95493
0,0,0,0,31.99,-0.31321,1.0105,0.95547
0,0,0,0,32,-0.31135,1.0166,0.95605
0,0,0,0,32.01,-0.30954,1.0225,0.95648
0,0,0,0,32.02,-0.30756,1.0284,0.95677
0,0,0,0,32.03,-0.30538,1.0338,0.95714
0,0,0,0,32.04,-0.30333,1.039,0.95751
0,0,0,0,32.05,-0.30122,1.044,0.95789
0,0,0,0,32.06,-0.29899,1.0489,0.95824
0,0,0,0,32.07,-0.29688,1.0536,0.95853
0,0,0,0,32.08,-0.29478,1.058,0.95878
0,0,0,0,32.09,-0.29257,1.0622,0.95896
0,0,0,0,32.1,-0.2903,1.0662,0.95919
0,0,0,0,32.11,-0.28778,1.0699,0.95947
0,0,0,0,32.12,-0.28521,1.0733,0.95972
0,0,0,0,32.13,-0.28296,1.0767,0.95997
0,0,0,0,32.14,-0.28035,1.0798,0.96018
0,0,0,0,32.15,-0.27755,1.0826,0.96038
0,0,0,0,32.16,-0.27509,1.0853,0.96054
0,0,0,0,32.17,-0.27245,1.0879,0.96088
0,0,0,0,32.18,-0.26949,1.0903,0.96123
0,0,0,0,32.19,-0.26696,1.0927,0.96141
0,0,0,0,32.2,-0.26395,1.0947,0.96165
0,0,0,0,32.21,-0.26078,1.0963,0.96201
0,0,0,0,32.22,-0.25801,1.0981,0.96232
0,0,0,0,32.23,-0.25519,1.1,0.96252
0,0,0,0,32.24,-0.25252,1.1015,0.9627
0,0,0,0,32.25,-0.2495,1.1029,0.96299
0,0,0,0,32.26,-0.24575,1.1038,0.96319
0,0,0,0,32.27,-0.24239,1.1048,0.96351
0,0,0,0,32.28,-0.23911,1.1055,0.964
0,0,0,0,32.29,-0.23572,1.1063,0.96441
0,0,0,0,32.3,-0.23225,1.107,0.96473
0,0,0,0,32.31,-0.22871,1.1074,0.96515
0,0,0,0,32.32,-0.22514,1.1078,0.96557
0,0,0,0,32.33,-0.22179,1.1084,0.96584
0,0,0,0,32.34,-0.21824,1.1089,0.96619
0,0,0,0,32.35,-0.21451,1.1091,0.96656
0,0,0,0,32.36,-0.21086,1.1092,0.96686
0,0,0,0,32.37,-0.20726,1.1094,0.96724
0,0,0,0,32.38,-0.20354,1.1095,0.96765
0,0,0,0,32.39,-0.1994,1.1089,0.96817
0,0,0,0,32.4,-0.19542,1.1084,0.96868
0,0,0,0,32.41,-0.19179,1.1083,0.96893
0,0,0,0,32.42,-0.18805,1.108,0.96927
0,0,0,0,32.43,-0.18399,1.1072,0.96967
0,0,0,0,32.44,-0.18033,1.1066,0.97015
0,0,0,0,32.45,-0.17663,1.1062,0.97068
0,0,0,0,32.46,-0.17231,1.1052,0.97127
0,0,0,0,32.47,-0.16831,1.1043,0.97168
0,0,0,0,32.48,-0.16451,1.1037,0.97209
0,0,0,0,32.49,-0.16031,1.1029,0.97258
0,0,0,0,32.5,-0.15616,1.1024,0.97293
0,0,0,0,32.51,-0.15204,1.1019,0.97327
0,0,0,0,32.52,-0.14805,1.1012,0.97365
0,0,0,0,32.53,-0.14409,1.1008,0.97394
0,0,0,0,32.54,-0.13998,1.1004,0.97421
0,0,0,0,32.55,-0.13601,1.1001,0.97441
0,0,0,0,32.56,-0.13215,1.1,0.97447
0,0,0,0,32.57,-0.12823,1.0997,0.9746
0,0,0,0,32.58,-0.12432,1.0993,0.97476
0,0,0,0,32.59,-0.12041,1.099,0.97487
0,0,0,0,32.6,-0.11647,1.0987,0.97502
0,0,0,0,32.61,-0.11276,1.0985,0.97518
0,0,0,0,32.62,-0.10877,1.0981,0.97538
0,0,0,0,32.63,-0.10471,1.0979,0.97556
0,0,0,0,32.64,-0.10088,1.0976,0.97581
0,0,0,0,32.65,-0.096991,1.0974,0.97613
0,0,0,0,32.66,-0.093017,1.097,0.97653
0,0,0,0,32.67,-0.089006,1.0965,0.97697
0,0,0,0,32.68,-0.085044,1.0962,0.97736
0,0,0,0,32.69,-0.081004,1.0958,0.97784
0,0,0,0,32.7,-0.076851,1.0956,0.97843
0,0,0,0,32.71,-0.072785,1.0954,0.97906
0,0,0,0,32.72,-0.068852,1.0951,0.97972
0,0,0,0,32.73,-0.064858,1.0948,0.98053
0,0,0,0,32.74,-0.060716,1.0946,0.98139
0,0,0,0,32.75,-0.056783,1.0945,0.98217
0,0,0,0,32.76,-0.052659,1.0942,0.98315
0,0,0,0,32.77,-0.048545,1.0941,0.98417
0,0,0,0,32.78,-0.044618,1.0941,0.98519
0,0,0,0,32.79,-0.04056,1.0941,0.98625
0,0,0,0,32.8,-0.036489,1.0945,0.98731
0,0,0,0,32.81,-0.032431,1.0945,0.98849
0,0,0,0,32.82,-0.028427,1.0945,0.9897
0,0,0,0,32.83,-0.024478,1.095,0.99075
0,0,0,0,32.84,-0.020673,1.0955,0.99183
0,0,0,0,32.85,-0.016762,1.096,0.99309
0,0,0,0,32.86,-0.012856,1.0966,0.99419
0,0,0,0,32.87,-0.009067,1.0973,0.99531
0,0,0,0,32.88,-0.005245,1.0984,0.99649
0,0,0,0,32.89,-0.001561,1.0991,0.99761
0,0,0,0,32.9,0.002091,1.0998,0.99877
0,0,0,0,32.91,0.00574,1.1007,1.0001
0,0,0,0,32.92,0.009472,1.1015,1.0014
0,0,0,0,32.93,0.013117,1.1026,1.0026
0,0,0,0,32.94,0.016545,1.1039,1.0038
0,0,0,0,32.95,0.01994,1.1056,1.0049
0,0,0,0,32.96,0.023499,1.1074,1.0061
0,0,0,0,32.97,0.027027,1.1085,1.0074
0,0,0,0,32.98,0.030359,1.1097,1.0086
0,0,0,0,32.99,0.033704,1.1111,1.0099
0,0,0,0,33,0.037055,1.1127,1.0112
0,0,0,0,33.01,0.040421,1.1143,1.0125
0,0,0,0,33.02,0.043739,1.1159,1.0139
0,0,0,0,33.03,0.047039,1.1177,1.0152
0,0,0,0,33.04,0.050239,1.1197,1.0163
0,0,0,0,33.05,0.053494,1.1219,1.0175
0,0,0,0,33.06,0.056683,1.1238,1.0189
0,0,0,0,33.07,0.059831,1.1257,1.0202
0,0,0,0,33.08,0.063008,1.1275,1.0216
0,0,0,0,33.09,0.066193,1.1293,1.023
0,0,0,0,33.1,0.069364,1.1313,1.0244
0,0,0,0,33.11,0.072417,1.1337,1.0256
0,0,0,0,33.12,0.075561,1.1361,1.0269
0,0,0,0,33.13,0.078642,1.1385,1.0282
0,0,0,0,33.14,0.081795,1.1405,1.0296
0,0,0,0,33.15,0.084808,1.143,1.031
0,0,0,0,33.16,0.087715,1.1457,1.0323
0,0,0,0,33.17,0.090833,1.1476,1.0336
0,0,0,0,33.18,0.093884,1.1498,1.0351
0,0,0,0,33.19,0.096915,1.1521,1.0365
0,0,0,0,33.2,0.09985,1.1546,1.0379
0,0,0,0,33.21,0.10265,1.1573,1.0392
0,0,0,0,33.22,0.10571,1.1596,1.0408
0,0,0,0,33.23,0.10861,1.1623,1.0423
0,0,0,0,33.24,0.11156,1.165,1.0437
0,0,0,0,33.25,0.11454,1.1675,1.0452
0,0,0,0,33.26,0.11736,1.1703,1.0467
0,0,0,0,33.27,0.12031,1.173,1.0482
0,0,0,0,33.28,0.12316,1.1755,1.0497
0,0,0,0,33.29,0.12612,1.1784,1.0512
0,0,0,0,33.3,0.12899,1.1812,1.0529
0,0,0,0,33.31,NaN,NaN,NaN
0,0,0,0,33.32,NaN,NaN,NaN
0,0,0,0,33.33,NaN,NaN,NaN
0,0,0,0,33.34,NaN,NaN,NaN
0,0,0,0,33.35,NaN,NaN,NaN
0,0,0,0,33.36,NaN,NaN,NaN
0,0,0,0,33.37,NaN,NaN,NaN
0,0,0,0,33.38,NaN,NaN,NaN
0,0,0,0,33.39,NaN,NaN,NaN
0,0,0,0,33.4,NaN,NaN,NaN
0,0,0,0,33.41,NaN,NaN,NaN
0,0,0,0,33.42,NaN,NaN,NaN
0,0,0,0,33.43,NaN,NaN,NaN
0,0,0,0,33.44,0.16814,1.2223,1.0753
0,0,0,0,33.45,0.17071,1.2252,1.0768
0,0,0,0,33.46,0.17344,1.2284,1.0784
0,0,0,0,33.47,0.17626,1.2317,1.08
0,0,0,0,33.48,0.17907,1.2348,1.0818
0,0,0,0,33.49,0.18178,1.2381,1.0836
0,0,0,0,33.5,0.18448,1.2413,1.0852
0,0,0,0,33.51,0.18717,1.2445,1.0868
0,0,0,0,33.52,0.18985,1.2478,1.0885
0,0,0,0,33.53,0.19259,1.2512,1.0903
0,0,0,0,33.54,0.1953,1.2543,1.0919
0,0,0,0,33.55,0.19803,1.2577,1.0937
0,0,0,0,33.56,0.20071,1.2612,1.0956
0,0,0,0,33.57,0.20342,1.2645,1.0973
0,0,0,0,33.58,0.2062,1.2678,1.0991
0,0,0,0,33.59,0.20897,1.2711,1.101
0,0,0,0,33.6,0.21173,1.2747,1.1029
0,0,0,0,33.61,0.21455,1.2778,1.1048
0,0,0,0,33.62,0.21745,1.2805,1.1068
0,0,0,0,33.63,0.22032,1.2834,1.1088
0,0,0,0,33.64,0.22338,1.2862,1.1109
0,0,0,0,33.65,0.22655,1.2885,1.1132
0,0,0,0,33.66,0.22961,1.2914,1.1152
0,0,0,0,33.67,0.2327,1.2934,1.1174
0,0,0,0,33.68,0.23588,1.2948,1.1198
0,0,0,0,33.69,0.23945,1.2966,1.1222
0,0,0,0,33.7,0.24255,1.2983,1.1245
0,0,0,0,33.71,0.24555,1.2999,1.1269
0,0,0,0,33.72,0.2487,1.3015,1.129
0,0,0,0,33.73,0.25184,1.3025,1.1313
0,0,0,0,33.74,0.25492,1.3035,1.1335
0,0,0,0,33.75,0.25787,1.3044,1.1355
0,0,0,0,33.76,0.26102,1.3046,1.1376
0,0,0,0,33.77,0.26403,1.3049,1.1396
0,0,0,0,33.78,0.26703,1.3053,1.1415
0,0,0,0,33.79,0.27001,1.3058,1.1431
0,0,0,0,33.8,0.27272,1.306,1.1445
0,0,0,0,33.81,0.2753,1.306,1.1464
0,0,0,0,33.82,0.27809,1.3059,1.1483
0,0,0,0,33.83,0.28142,1.3058,1.1502
0,0,0,0,33.84,0.28461,1.3053,1.1519
0,0,0,0,33.85,0.28762,1.3049,1.1534
0,0,0,0,33.86,0.2908,1.3047,1.1549
0,0,0,0,33.87,0.29361,1.3044,1.1561
0,0,0,0,33.88,0.29665,1.3036,1.1576
0,0,0,0,33.89,0.29985,1.3029,1.159
0,0,0,0,33.9,0.30282,1.3028,1.1603
0,0,0,0,33.91,0.30624,1.3017,1.1619
0,0,0,0,33.92,0.30974,1.3001,1.1633
0,0,0,0,33.93,0.31299,1.299,1.1644
0,0,0,0,33.94,0.31621,1.298,1.1659
0,0,0,0,33.95,0.31965,1.2965,1.1674
0,0,0,0,33.96,0.32302,1.2947,1.1683
0,0,0,0,33.97,0.32619,1.2925,1.1691
0,0,0,0,33.98,0.32943,1.2903,1.17
0,0,0,0,33.99,0.333,1.2879,1.1713
0,0,0,0,34,0.33674,1.2849,1.1725
0,0,0,0,34.01,0.34016,1.2824,1.1736
0,0,0,0,34.02,0.34365,1.2796,1.1745
0,0,0,0,34.03,0.34708,1.2763,1.1754
0,0,0,0,34.04,0.35062,1.2722,1.1762
0,0,0,0,34.05,0.35412,1.2682,1.1769
0,0,0,0,34.06,0.35774,1.2642,1.1778
0,0,0,0,34.07,0.36133,1.2596,1.1785
0,0,0,0,34.08,NaN,NaN,NaN
0,0,0,0,34.09,NaN,NaN,NaN
0,0,0,0,34.1,NaN,NaN,NaN
0,0,0,0,34.11,NaN,NaN,NaN
0,0,0,0,34.12,NaN,NaN,NaN
0,0,0,0,34.13,NaN,NaN,NaN
0,0,0,0,34.14,0.38663,1.2218,1.1833
0,0,0,0,34.15,0.39026,1.2154,1.1837
0,0,0,0,34.16,0.39397,1.2086,1.1839
0,0,0,0,34.17,0.39755,1.2021,1.1843
0,0,0,0,34.18,0.40128,1.1949,1.1849
0,0,0,0,34.19,0.40503,1.1877,1.1854
0,0,0,0,34.2,0.40868,1.1809,1.1858
0,0,0,0,34.21,0.41235,1.1734,1.186
0,0,0,0,34.22,0.41598,1.1657,1.1863
0,0,0,0,34.23,0.41979,1.1577,1.1867
0,0,0,0,34.24,0.42348,1.1496,1.187
0,0,0,0,34.25,0.42704,1.1415,1.1872
0,0,0,0,34.26,0.43093,1.1331,1.1874
0,0,0,0,34.27,0.43485,1.1243,1.1876
0,0,0,0,34.28,0.43852,1.1155,1.1879
0,0,0,0,34.29,0.44216,1.1069,1.1882
0,0,0,0,34.3,0.44603,1.0977,1.1882
0,0,0,0,34.31,0.44994,1.0884,1.1883
0,0,0,0,34.32,0.45367,1.0788,1.1885
0,0,0,0,34.33,0.45748,1.0689,1.1886
0,0,0,0,34.34,0.46135,1.0592,1.1887
0,0,0,0,34.35,0.46514,1.0494,1.1888
0,0,0,0,34.36,0.46917,1.0388,1.1889
0,0,0,0,34.37,0.4729,1.0281,1.189
0,0,0,0,34.38,0.4768,1.0177,1.1889
0,0,0,0,34.39,0.48094,1.0068,1.189
0,0,0,0,34.4,0.48483,0.99551,1.1892
0,0,0,0,34.41,0.48876,0.98437,1.1893
0,0,0,0,34.42,0.49293,0.97289,1.1891
0,0,0,0,34.43,0.49713,0.96083,1.1891
0,0,0,0,34.44,0.50116,0.9492,1.1892
0,0,0,0,34.45,0.50535,0.93717,1.1891
0,0,0,0,34.46,0.50953,0.92476,1.189
0,0,0,0,34.47,0.51362,0.91237,1.189
0,0,0,0,34.48,0.51777,0.89988,1.1888
0,0,0,0,34.49,0.52191,0.88722,1.1888
0,0,0,0,34.5,0.52612,0.87436,1.1888
0,0,0,0,34.51,0.53037,0.86139,1.1886
0,0,0,0,34.52,0.53459,0.84828,1.1885
0,0,0,0,34.53,0.53874,0.83471,1.1883
0,0,0,0,34.54,0.54309,0.82105,1.188
0,0,0,0,34.55,0.54747,0.80736,1.1879
0,0,0,0,34.56,0.55182,0.79341,1.1876
0,0,0,0,34.57,0.5562,0.77942,1.1873
0,0,0,0,34.58,0.56044,0.76529,1.187
0,0,0,0,34.59,0.56484,0.75082,1.1868
0,0,0,0,34.6,0.56936,0.73628,1.1864
0,0,0,0,34.61,0.57389,0.72172,1.186
0,0,0,0,34.62,0.57844,0.70689,1.1856
0,0,0,0,34.63,0.58309,0.69188,1.1852
0,0,0,0,34.64,0.58757,0.67688,1.1848
0,0,0,0,34.65,0.59196,0.6618,1.1843
0,0,0,0,34.66,0.59645,0.64649,1.1838
0,0,0,0,34.67,0.60089,0.63105,1.1833
0,0,0,0,34.68,0.60543,0.61557,1.1828
0,0,0,0,34.69,0.6102,0.59975,1.1822
0,0,0,0,34.7,0.61493,0.58373,1.1816
0,0,0,0,34.71,0.61939,0.56772,1.181
0,0,0,0,34.72,0.62396,0.55148,1.1804
0,0,0,0,34.73,0.62882,0.53494,1.1798
0,0,0,0,34.74,0.6336,0.51838,1.1791
0,0,0,0,34.75,0.63836,0.5016,1.1785
0,0,0,0,34.76,0.64324,0.48451,1.1779
0,0,0,0,34.77,0.6481,0.46743,1.1772
0,0,0,0,34.78,0.65291,0.45016,1.1764
0,0,0,0,34.79,0.65777,0.43268,1.1757
0,0,0,0,34.8,0.66266,0.41504,1.1751
0,0,0,0,34.81,0.66766,0.39717,1.1744
0,0,0,0,34.82,0.67269,0.37918,1.1736
0,0,0,0,34.83,0.67772,0.36106,1.1727
0,0,0,0,34.84,0.68275,0.34284,1.1719
0,0,0,0,34.85,0.6878,0.32445,1.1711
0,0,0,0,34.86,0.6929,0.30579,1.1702
0,0,0,0,34.87,0.69803,0.28707,1.1694
0,0,0,0,34.88,0.70327,0.26831,1.1686
0,0,0,0,34.89,0.70844,0.24937,1.1677
0,0,0,0,34.9,0.71364,0.23021,1.1668
0,0,0,0,34.91,0.71901,0.21082,1.1659
0,0,0,0,34.92,0.72432,0.19139,1.1651
0,0,0,0,34.93,0.72959,0.1719,1.1642
0,0,0,0,34.94,0.7349,0.15232,1.1631
0,0,0,0,34.95,0.74018,0.13263,1.1622
0,0,0,0,34.96,0.74561,0.11276,1.1613
0,0,0,0,34.97,0.75132,0.092642,1.1604
0,0,0,0,34.98,0.7568,0.072557,1.1594
0,0,0,0,34.99,0.76216,0.052436,1.1584
0,0,0,0,35,0.76779,0.032077,1.1574
0,0,0,0,35.01,0.77342,0.011687,1.1564
0,0,0,0,35.02,0.779,-0.008795,1.1554
0,0,0,0,35.03,0.78456,-0.029331,1.1543
0,0,0,0,35.04,0.79026,-0.050002,1.1533
0,0,0,0,35.05,0.79609,-0.070856,1.1523
0,0,0,0,35.06,0.80194,-0.09187,1.1512
0,0,0,0,35.07,0.80773,-0.11293,1.1501
0,0,0,0,35.08,0.81359,-0.13416,1.149
0,0,0,0,35.09,0.81939,-0.15547,1.148
0,0,0,0,35.1,0.82521,-0.17675,1.147
0,0,0,0,35.11,0.83121,-0.19816,1.1457
0,0,0,0,35.12,0.83725,-0.21978,1.1446
0,0,0,0,35.13,0.8432,-0.24155,1.1436
0,0,0,0,35.14,0.84913,-0.2633,1.1426
0,0,0,0,35.15,0.85515,-0.28512,1.1415
0,0,0,0,35.16,0.86128,-0.30708,1.1404
0,0,0,0,35.17,0.86744,-0.32902,1.1392
0,0,0,0,35.18,0.8735,-0.35102,1.1381
0,0,0,0,35.19,0.8796,-0.37311,1.137
0,0,0,0,35.2,0.88586,-0.39522,1.1359
0,0,0,0,35.21,0.89209,-0.41725,1.1347
0,0,0,0,35.22,0.89828,-0.43921,1.1335
0,0,0,0,35.23,0.90434,-0.46103,1.1323
0,0,0,0,35.24,0.91046,-0.48274,1.131
0,0,0,0,35.25,0.91661,-0.50414,1.1297
0,0,0,0,35.26,0.9228,-0.52541,1.1282
0,0,0,0,35.27,0.92884,-0.54647,1.1267
0,0,0,0,35.28,0.93481,-0.56725,1.125
0,0,0,0,35.29,0.94082,-0.58779,1.1233
0,0,0,0,35.3,0.94688,-0.6084,1.1216
0,0,0,0,35.31,0.95296,-0.62892,1.1199
0,0,0,0,35.32,0.95903,-0.64923,1.1181
0,0,0,0,35.33,0.96508,-0.66962,1.1163
0,0,0,0,35.34,0.97119,-0.68995,1.1145
0,0,0,0,35.35,0.97729,-0.71012,1.1127
0,0,0,0,35.36,0.98344,-0.73018,1.1109
0,0,0,0,35.37,0.98954,-0.74994,1.1089
0,0,0,0,35.38,0.99547,-0.76943,1.107
0,0,0,0,35.39,1.0011,-0.78876,1.1049
0,0,0,0,35.4,1.007,-0.80809,1.1029
0,0,0,0,35.41,1.0131,-0.82734,1.1009
0,0,0,0,35.42,1.0188,-0.8463,1.099
0,0,0,0,35.43,1.0246,-0.86521,1.0971
0,0,0,0,35.44,1.0306,-0.88424,1.0954
0,0,0,0,35.45,1.0363,-0.90307,1.0939
0,0,0,0,35.46,1.0419,-0.92172,1.0924
0,0,0,0,35.47,1.0479,-0.94046,1.091
0,0,0,0,35.48,1.0536,-0.95898,1.0897
0,0,0,0,35.49,1.0594,-0.97746,1.0886
0,0,0,0,35.5,1.0654,-0.99604,1.0877
0,0,0,0,35.51,1.0714,-1.0144,1.0868
0,0,0,0,35.52,1.0773,-1.0323,1.086
0,0,0,0,35.53,1.083,-1.0501,1.0852
0,0,0,0,35.54,1.0887,-1.0676,1.0843
0,0,0,0,35.55,1.0942,-1.0847,1.0832
0,0,0,0,35.56,1.0996,-1.1015,1.0819
0,0,0,0,35.57,1.105,-1.1179,1.0806
0,0,0,0,35.58,1.1103,-1.1337,1.0789
0,0,0,0,35.59,1.1152,-1.1491,1.077
0,0,0,0,35.6,1.12,-1.164,1.0748
0,0,0,0,35.61,1.1247,-1.1784,1.0722
0,0,0,0,35.62,1.1293,-1.1924,1.0694
0,0,0,0,35.63,1.1337,-1.2061,1.0665
0,0,0,0,35.64,1.1376,-1.2192,1.0635
0,0,0,0,35.65,1.1418,-1.2322,1.0603
0,0,0,0,35.66,1.1461,-1.245,1.0572
0,0,0,0,35.67,1.1497,-1.2574,1.0541
0,0,0,0,35.68,1.1534,-1.2697,1.0512
0,0,0,0,35.69,1.1573,-1.2816,1.0483
0,0,0,0,35.7,1.1612,-1.2934,1.0456
0,0,0,0,35.71,1.165,-1.305,1.043
0,0,0,0,35.72,1.1687,-1.3163,1.0404
0,0,0,0,35.73,1.1723,-1.3273,1.038
0,0,0,0,35.74,1.1759,-1.3381,1.0357
0,0,0,0,35.75,1.1796,-1.3487,1.0336
0,0,0,0,35.76,1.1829,-1.3588,1.0314
0,0,0,0,35.77,1.1864,-1.3688,1.0293
0,0,0,0,35.78,1.19,-1.3787,1.0273
0,0,0,0,35.79,1.1934,-1.3882,1.0252
0,0,0,0,35.8,1.1966,-1.3974,1.0232
0,0,0,0,35.81,1.1998,-1.4066,1.0214
0,0,0,0,35.82,1.203,-1.4156,1.0195
0,0,0,0,35.83,1.2061,-1.4243,1.0174
0,0,0,0,35.84,1.2093,-1.4327,1.0155
0,0,0,0,35.85,1.2121,-1.4408,1.0135
0,0,0,0,35.86,1.2153,-1.4487,1.0116
0,0,0,0,35.87,1.2184,-1.4563,1.0094
0,0,0,0,35.88,1.2208,-1.4637,1.0071
0,0,0,0,35.89,1.2231,-1.4707,1.0048
0,0,0,0,35.9,1.2256,-1.4775,1.0024
0,0,0,0,35.91,1.228,-1.4841,0.99988
0,0,0,0,35.92,1.2305,-1.4902,0.99734
0,0,0,0,35.93,1.2327,-1.4962,0.9947
0,0,0,0,35.94,1.2347,-1.5021,0.99199
0,0,0,0,35.95,1.2367,-1.5075,0.9892
0,0,0,0,35.96,1.2386,-1.5127,0.98624
0,0,0,0,35.97,1.2402,-1.5179,0.98324
0,0,0,0,35.98,1.2422,-1.5227,0.98028
0,0,0,0,35.99,1.2438,-1.5274,0.97715
0,0,0,0,36,1.2453,-1.5319,0.9741
0,0,0,0,36.01,1.2471,-1.5362,0.97117
0,0,0,0,36.02,1.2484,-1.5402,0.96794
0,0,0,0,36.03,1.2497,-1.5441,0.96478
0,0,0,0,36.04,1.2511,-1.5481,0.96179
0,0,0,0,36.05,1.2526,-1.5517,0.95862
0,0,0,0,36.06,1.2538,-1.5551,0.95542
0,0,0,0,36.07,1.2549,-1.5585,0.95221
0,0,0,0,36.08,1.2566,-1.5617,0.94893
0,0,0,0,36.09,1.2582,-1.5648,0.94574
0,0,0,0,36.1,1.2592,-1.5678,0.94255
0,0,0,0,36.11,1.2602,-1.5708,0.93929
0,0,0,0,36.12,1.2615,-1.5734,0.93615
0,0,0,0,36.13,1.2625,-1.576,0.93297
0,0,0,0,36.14,1.2636,-1.5785,0.92962
0,0,0,0,36.15,1.2647,-1.5809,0.92643
0,0,0,0,36.16,1.2656,-1.5831,0.92314
0,0,0,0,36.17,1.2667,-1.5853,0.91989
0,0,0,0,36.18,1.2676,-1.5873,0.91663
0,0,0,0,36.19,1.2688,-1.5891,0.9133
0,0,0,0,36.2,1.2696,-1.5911,0.91005
0,0,0,0,36.21,1.2701,-1.593,0.9067
0,0,0,0,36.22,1.2713,-1.5947,0.9035
0,0,0,0,36.23,1.272,-1.5964,0.90035
0,0,0,0,36.24,1.2728,-1.5979,0.89707
0,0,0,0,36.25,1.2738,-1.5994,0.89389
0,0,0,0,36.26,1.2746,-1.6007,0.89081
0,0,0,0,36.27,1.2755,-1.6019,0.88749
0,0,0,0,36.28,1.2763,-1.603,0.8843
0,0,0,0,36.29,1.2772,-1.604,0.88126
0,0,0,0,36.3,1.278,-1.605,0.87818
0,0,0,0,36.31,1.2788,-1.6059,0.87508
0,0,0,0,36.32,1.2799,-1.6067,0.87199
0,0,0,0,36.33,1.2809,-1.6076,0.86901
0,0,0,0,36.34,1.2816,-1.6085,0.86607
0,0,0,0,36.35,1.2825,-1.6093,0.86306
0,0,0,0,36.36,1.2833,-1.61,0.8602
0,0,0,0,36.37,1.2839,-1.6107,0.85735
0,0,0,0,36.38,1.2846,-1.6111,0.85432
0,0,0,0,36.39,1.2854,-1.6115,0.85138
0,0,0,0,36.4,1.2862,-1.612,0.84864
0,0,0,0,36.41,1.287,-1.6123,0.84579
0,0,0,0,36.42,1.2878,-1.6125,0.84295
0,0,0,0,36.43,1.2884,-1.6127,0.84029
0,0,0,0,36.44,1.2892,-1.6128,0.83744
0,0,0,0,36.45,1.2901,-1.6128,0.83474
0,0,0,0,36.46,1.291,-1.6128,0.83222
0,0,0,0,36.47,1.2917,-1.6126,0.82953
0,0,0,0,36.48,1.2924,-1.6124,0.82677
0,0,0,0,36.49,1.293,-1.612,0.82413
0,0,0,0,36.5,1.2937,-1.6116,0.82159
0,0,0,0,36.51,1.2944,-1.611,0.8189
0,0,0,0,36.52,1.2951,-1.6104,0.81624
0,0,0,0,36.53,1.2958,-1.6096,0.81376
0,0,0,0,36.54,1.2965,-1.6088,0.81107
0,0,0,0,36.55,1.2971,-1.6078,0.80842
0,0,0,0,36.56,1.2976,-1.6069,0.80596
0,0,0,0,36.57,1.2983,-1.6058,0.80337
0,0,0,0,36.58,1.2988,-1.6046,0.80085
0,0,0,0,36.59,1.2991,-1.6034,0.79839
0,0,0,0,36.6,1.2995,-1.6022,0.79583
0,0,0,0,36.61,1.2999,-1.6009,0.79334
0,0,0,0,36.62,1.3001,-1.5994,0.79096
0,0,0,0,36.63,1.3005,-1.5979,0.78826
0,0,0,0,36.64,1.3007,-1.5964,0.78587
0,0,0,0,36.65,1.3007,-1.5949,0.78377
0,0,0,0,36.66,1.3007,-1.5934,0.78149
0,0,0,0,36.67,1.3008,-1.5917,0.77906
0,0,0,0,36.68,1.3008,-1.5899,0.77672
0,0,0,0,36.69,1.3005,-1.5881,0.77453
0,0,0,0,36.7,1.3,-1.5861,0.77204
0,0,0,0,36.71,1.2993,-1.5839,0.76952
0,0,0,0,36.72,1.2985,-1.5817,0.76708
0,0,0,0,36.73,1.2976,-1.5792,0.76431
0,0,0,0,36.74,1.2964,-1.5768,0.76158
0,0,0,0,36.75,1.2951,-1.5744,0.75899
0,0,0,0,36.76,1.2934,-1.5718,0.75624
0,0,0,0,36.77,1.2917,-1.5692,0.75344
0,0,0,0,36.78,1.2901,-1.5666,0.75069
0,0,0,0,36.79,1.2884,-1.5639,0.74807
0,0,0,0,36.8,1.2868,-1.5612,0.74564
0,0,0,0,36.81,1.2848,-1.5585,0.74324
0,0,0,0,36.82,1.2826,-1.5557,0.74086
0,0,0,0,36.83,1.2806,-1.5529,0.73866
0,0,0,0,36.84,1.2787,-1.55,0.73656
0,0,0,0,36.85,1.2767,-1.547,0.73445
0,0,0,0,36.86,1.2746,-1.544,0.73254
0,0,0,0,36.87,1.2724,-1.5409,0.7307
0,0,0,0,36.88,1.27,-1.5377,0.72892
0,0,0,0,36.89,1.2676,-1.5346,0.72725
0,0,0,0,36.9,1.2652,-1.5314,0.72575
0,0,0,0,36.91,1.2626,-1.5281,0.72426
0,0,0,0,36.92,1.2599,-1.5247,0.72283
0,0,0,0,36.93,1.2571,-1.5213,0.72159
0,0,0,0,36.94,1.2541,-1.5179,0.72041
0,0,0,0,36.95,1.251,-1.5143,0.71909
0,0,0,0,36.96,1.2478,-1.5106,0.71779
0,0,0,0,36.97,1.2446,-1.507,0.71667
0,0,0,0,36.98,1.241,-1.5032,0.71544
0,0,0,0,36.99,1.2373,-1.4992,0.71422
0,0,0,0,37,1.2335,-1.4953,0.71319
0,0,0,0,37.01,1.2295,-1.4912,0.71207
0,0,0,0,37.02,1.2255,-1.487,0.71094
0,0,0,0,37.03,1.2211,-1.4828,0.70981
0,0,0,0,37.04,1.2165,-1.4785,0.7087
0,0,0,0,37.05,1.2121,-1.4741,0.70756
0,0,0,0,37.06,1.2073,-1.4696,0.70646
0,0,0,0,37.07,1.2022,-1.4651,0.70542
0,0,0,0,37.08,1.1971,-1.4605,0.70422
0,0,0,0,37.09,1.1919,-1.4558,0.703
0,0,0,0,37.1,1.1865,-1.4511,0.70191
0,0,0,0,37.11,1.1809,-1.4462,0.70074
0,0,0,0,37.12,1.1753,-1.4413,0.69957
0,0,0,0,37.13,1.1694,-1.4363,0.69843
0,0,0,0,37.14,1.1635,-1.4312,0.69723
0,0,0,0,37.15,1.1575,-1.426,0.69608
0,0,0,0,37.16,1.1513,-1.4208,0.69495
0,0,0,0,37.17,1.1451,-1.4154,0.69371
0,0,0,0,37.18,1.1386,-1.4099,0.69247
0,0,0,0,37.19,1.132,-1.4043,0.69134
0,0,0,0,37.2,1.1254,-1.3987,0.6902
0,0,0,0,37.21,1.1187,-1.3931,0.68902
0,0,0,0,37.22,1.1119,-1.3873,0.68778
0,0,0,0,37.23,1.1049,-1.3816,0.68666
0,0,0,0,37.24,1.0979,-1.3757,0.68564
0,0,0,0,37.25,1.0907,-1.3697,0.68455
0,0,0,0,37.26,1.0833,-1.3638,0.68347
0,0,0,0,37.27,1.076,-1.3578,0.68244
0,0,0,0,37.28,1.0684,-1.3516,0.68148
0,0,0,0,37.29,1.0608,-1.3454,0.68052
0,0,0,0,37.3,1.0532,-1.3392,0.67961
0,0,0,0,37.31,1.0456,-1.3329,0.67883
0,0,0,0,37.32,1.0376,-1.3265,0.67809
0,0,0,0,37.33,1.0296,-1.32,0.6773
0,0,0,0,37.34,1.0215,-1.3134,0.67643
0,0,0,0,37.35,1.0133,-1.3068,0.67565
0,0,0,0,37.36,1.0051,-1.3001,0.67494
0,0,0,0,37.37,0.99667,-1.2934,0.67428
0,0,0,0,37.38,0.98834,-1.2865,0.67345
0,0,0,0,37.39,0.97978,-1.2795,0.67279
0,0,0,0,37.4,0.97102,-1.2726,0.67235
0,0,0,0,37.41,0.96226,-1.2654,0.67175
0,0,0,0,37.42,0.95341,-1.258,0.67125
0,0,0,0,37.43,0.94444,-1.2506,0.67079
0,0,0,0,37.44,0.9355,-1.2431,0.67023
0,0,0,0,37.45,0.92649,-1.2353,0.66975
0,0,0,0,37.46,0.91726,-1.2274,0.6693
0,0,0,0,37.47,0.90797,-1.2194,0.66877
0,0,0,0,37.48,0.89845,-1.2112,0.66827
0,0,0,0,37.49,0.88903,-1.2028,0.66784
0,0,0,0,37.5,0.8796,-1.1944,0.6674
0,0,0,0,37.51,0.86979,-1.1859,0.66697
0,0,0,0,37.52,0.86006,-1.1772,0.66659
0,0,0,0,37.53,0.85031,-1.1685,0.66619
0,0,0,0,37.54,0.8403,-1.1596,0.66583
0,0,0,0,37.55,0.83028,-1.1507,0.66555
0,0,0,0,37.56,0.82022,-1.1416,0.66529
0,0,0,0,37.57,0.81004,-1.1324,0.66504
0,0,0,0,37.58,0.79985,-1.1232,0.66483
0,0,0,0,37.59,0.78958,-1.1138,0.66473
0,0,0,0,37.6,0.77917,-1.1044,0.66466
0,0,0,0,37.61,0.76873,-1.0948,0.66453
0,0,0,0,37.62,0.75823,-1.0851,0.66448
0,0,0,0,37.63,0.74764,-1.0753,0.66455
0,0,0,0,37.64,0.73702,-1.0655,0.66464
0,0,0,0,37.65,0.72626,-1.0555,0.66469
0,0,0,0,37.66,0.71533,-1.0454,0.66478
0,0,0,0,37.67,0.70455,-1.0352,0.6649
0,0,0,0,37.68,0.69368,-1.025,0.66505
0,0,0,0,37.69,0.68263,-1.0145,0.66524
0,0,0,0,37.7,0.67151,-1.004,0.66549
0,0,0,0,37.71,0.66027,-0.99326,0.66577
0,0,0,0,37.72,0.64916,-0.98241,0.66596
0,0,0,0,37.73,0.63796,-0.9713,0.66619
0,0,0,0,37.74,0.62662,-0.96019,0.66645
0,0,0,0,37.75,0.61527,-0.94905,0.66668
0,0,0,0,37.76,0.60371,-0.93765,0.667
0,0,0,0,37.77,0.59201,-0.92609,0.66728
0,0,0,0,37.78,0.58038,-0.91449,0.66756
0,0,0,0,37.79,0.56865,-0.90283,0.66788
0,0,0,0,37.8,0.55677,-0.89098,0.66821
0,0,0,0,37.81,0.54499,-0.87903,0.66848
0,0,0,0,37.82,0.5331,-0.86696,0.66881
0,0,0,0,37.83,0.52108,-0.85478,0.6692
0,0,0,0,37.84,0.509,-0.84242,0.6695
0,0,0,0,37.85,0.49704,-0.82992,0.66986
0,0,0,0,37.86,0.48497,-0.81727,0.67019
0,0,0,0,37.87,0.47269,-0.80449,0.67051
0,0,0,0,37.88,0.46049,-0.7916,0.67085
0,0,0,0,37.89,0.44819,-0.77854,0.67121
0,0,0,0,37.9,0.43579,-0.76538,0.67158
0,0,0,0,37.91,0.42345,-0.75218,0.67194
0,0,0,0,37.92,0.41097,-0.73884,0.67233
0,0,0,0,37.93,0.39847,-0.7254,0.67275
0,0,0,0,37.94,0.38593,-0.71188,0.67314
0,0,0,0,37.95,0.37321,-0.69818,0.67356
0,0,0,0,37.96,0.36054,-0.68444,0.67406
0,0,0,0,37.97,0.34784,-0.67065,0.67451
0,0,0,0,37.98,0.33505,-0.6567,0.67495
0,0,0,0,37.99,0.32221,-0.64264,0.67545
0,0,0,0,38,0.30935,-0.62854,0.67597
0,0,0,0,38.01,0.29636,-0.61432,0.67649
0,0,0,0,38.02,0.28328,-0.59996,0.677
0,0,0,0,38.03,0.2702,-0.58548,0.67753
0,0,0,0,38.04,0.25706,-0.57085,0.6781
0,0,0,0,38.05,0.24387,-0.55615,0.67858
0,0,0,0,38.06,0.23064,-0.54138,0.67907
0,0,0,0,38.07,0.21736,-0.52648,0.67965
0,0,0,0,38.08,0.20407,-0.51146,0.68019
0,0,0,0,38.09,0.19071,-0.49636,0.68071
0,0,0,0,38.1,0.17732,-0.48118,0.68127
0,0,0,0,38.11,0.1639,-0.46585,0.68178
0,0,0,0,38.12,0.15036,-0.45039,0.68228
0,0,0,0,38.13,NaN,NaN,NaN
0,0,0,0,38.14,NaN,NaN,NaN
0,0,0,0,38.15,NaN,NaN,NaN
0,0,0,0,38.16,NaN,NaN,NaN
0,0,0,0,38.17,NaN,NaN,NaN
0,0,0,0,38.18,NaN,NaN,NaN
0,0,0,0,38.19,NaN,NaN,NaN
0,0,0,0,38.2,NaN,NaN,NaN
0,0,0,0,38.21,NaN,NaN,NaN
0,0,0,0,38.22,0.013098,-0.29072,0.68853
0,0,0,0,38.23,NaN,NaN,NaN
0,0,0,0,38.24,-0.014752,-0.2579,0.68998
0,0,0,0,38.25,NaN,NaN,NaN
0,0,0,0,38.26,-0.042842,-0.22473,0.69171
0,0,0,0,38.27,NaN,NaN,NaN
0,0,0,0,38.28,-0.07115,-0.19121,0.69357
0,0,0,0,38.29,NaN,NaN,NaN
0,0,0,0,38.3,-0.099486,-0.15748,0.69547
0,0,0,0,38.31,-0.11364,-0.14061,0.69646
0,0,0,0,38.32,-0.12789,-0.12364,0.69746
0,0,0,0,38.33,-0.1422,-0.10659,0.6986
0,0,0,0,38.34,-0.15641,-0.089505,0.69984
0,0,0,0,38.35,-0.17052,-0.072502,0.70111
0,0,0,0,38.36,-0.1846,-0.055513,0.7024
0,0,0,0,38.37,-0.19884,-0.038516,0.70381
0,0,0,0,38.38,-0.21306,-0.021564,0.70534
0,0,0,0,38.39,-0.22711,-0.004568,0.70682
0,0,0,0,38.4,-0.24117,0.01243,0.70835
0,0,0,0,38.41,-0.25531,0.029492,0.70983
0,0,0,0,38.42,NaN,NaN,NaN
0,0,0,0,38.43,NaN,NaN,NaN
0,0,0,0,38.44,NaN,NaN,NaN
0,0,0,0,38.45,NaN,NaN,NaN
0,0,0,0,38.46,NaN,NaN,NaN
0,0,0,0,38.47,NaN,NaN,NaN
0,0,0,0,38.48,NaN,NaN,NaN
0,0,0,0,38.49,NaN,NaN,NaN
0,0,0,0,38.5,NaN,NaN,NaN
0,0,0,0,38.51,-0.39476,0.19846,0.72778
0,0,0,0,38.52,NaN,NaN,NaN
0,0,0,0,38.53,-0.42147,0.23085,0.73168
0,0,0,0,38.54,-0.43477,0.24678,0.73372
0,0,0,0,38.55,-0.44802,0.26262,0.73578
0,0,0,0,38.56,-0.46133,0.2784,0.7378
0,0,0,0,38.57,-0.47461,0.29417,0.7398
0,0,0,0,38.58,-0.48763,0.30996,0.74171
0,0,0,0,38.59,-0.50084,0.32589,0.74355
0,0,0,0,38.6,-0.51412,0.34171,0.74535
0,0,0,0,38.61,-0.52721,0.35754,0.74703
0,0,0,0,38.62,-0.54051,0.3736,0.74869
0,0,0,0,38.63,-0.55383,0.38946,0.75029
0,0,0,0,38.64,-0.5671,0.40538,0.75175
0,0,0,0,38.65,-0.58035,0.42141,0.75318
0,0,0,0,38.66,-0.5937,0.4374,0.75447
0,0,0,0,38.67,-0.60698,0.45328,0.75567
0,0,0,0,38.68,-0.62009,0.46916,0.75694
0,0,0,0,38.69,-0.63326,0.48511,0.75813
0,0,0,0,38.7,-0.64631,0.50088,0.7593
0,0,0,0,38.71,-0.65939,0.51658,0.76034
0,0,0,0,38.72,-0.67224,0.53212,0.7614
0,0,0,0,38.73,-0.68464,0.54753,0.76262
0,0,0,0,38.74,-0.69728,0.56299,0.76364
0,0,0,0,38.75,-0.71,0.57816,0.76482
0,0,0,0,38.76,-0.72218,0.59288,0.76607
0,0,0,0,38.77,-0.73406,0.60736,0.76719
0,0,0,0,38.78,-0.74595,0.62139,0.76851
0,0,0,0,38.79,-0.75766,0.63493,0.76989
0,0,0,0,38.8,-0.76911,0.64819,0.7713
0,0,0,0,38.81,-0.78034,0.66086,0.77276
0,0,0,0,38.82,-0.79169,0.67318,0.77407
0,0,0,0,38.83,-0.80239,0.68475,0.7756
0,0,0,0,38.84,-0.81255,0.69581,0.77724
0,0,0,0,38.85,-0.8231,0.70692,0.77871
0,0,0,0,38.86,-0.83331,0.71783,0.77997
0,0,0,0,38.87,-0.84397,0.72872,0.78134
0,0,0,0,38.88,-0.85399,0.73902,0.78281
0,0,0,0,38.89,-0.86283,0.74907,0.78419
0,0,0,0,38.9,-0.8726,0.75964,0.78547
0,0,0,0,38.91,-0.88225,0.76974,0.78679
0,0,0,0,38.92,-0.89224,0.77971,0.78813
0,0,0,0,38.93,-0.90163,0.78963,0.78915
0,0,0,0,38.94,-0.90992,0.79925,0.79002
0,0,0,0,38.95,-0.91868,0.80898,0.7913
0,0,0,0,38.96,-0.92794,0.8187,0.79252
0,0,0,0,38.97,-0.93713,0.82835,0.79317
0,0,0,0,38.98,-0.94581,0.83779,0.79385
0,0,0,0,38.99,-0.95462,0.84702,0.79482
0,0,0,0,39,-0.96367,0.85654,0.79558
0,0,0,0,39.01,-0.97235,0.86565,0.79618
0,0,0,0,39.02,NaN,NaN,NaN
0,0,0,0,39.03,NaN,NaN,NaN
0,0,0,0,39.04,NaN,NaN,NaN
0,0,0,0,39.05,NaN,NaN,NaN
0,0,0,0,39.06,NaN,NaN,NaN
0,0,0,0,39.07,NaN,NaN,NaN
0,0,0,0,39.08,NaN,NaN,NaN
0,0,0,0,39.09,NaN,NaN,NaN
0,0,0,0,39.1,NaN,NaN,NaN
0,0,0,0,39.11,NaN,NaN,NaN
0,0,0,0,39.12,NaN,NaN,NaN
0,0,0,0,39.13,NaN,NaN,NaN
0,0,0,0,39.14,NaN,NaN,NaN
0,0,0,0,39.15,NaN,NaN,NaN
0,0,0,0,39.16,NaN,NaN,NaN
0,0,0,0,39.17,NaN,NaN,NaN
0,0,0,0,39.18,-1.1,0.99166,0.79615
0,0,0,0,39.19,-1.1073,0.99793,0.79604
0,0,0,0,39.2,-1.1137,1.0029,0.79568
0,0,0,0,39.21,-1.1198,1.0082,0.79521
0,0,0,0,39.22,-1.1261,1.0138,0.79472
0,0,0,0,39.23,-1.1318,1.018,0.79442
0,0,0,0,39.24,-1.1371,1.0219,0.79406
0,0,0,0,39.25,-1.1427,1.0264,0.79366
0,0,0,0,39.26,-1.1483,1.0307,0.79339
0,0,0,0,39.27,-1.1534,1.0344,0.79295
0,0,0,0,39.28,-1.1597,1.0384,0.79261
0,0,0,0,39.29,-1.1645,1.0421,0.79214
0,0,0,0,39.3,-1.1683,1.0451,0.79172
0,0,0,0,39.31,-1.1734,1.0484,0.79154
0,0,0,0,39.32,-1.1781,1.0517,0.79123
0,0,0,0,39.33,-1.1826,1.0548,0.79092
0,0,0,0,39.34,-1.1871,1.0578,0.79062
0,0,0,0,39.35,-1.1916,1.0609,0.79037
0,0,0,0,39.36,-1.196,1.0637,0.79009
0,0,0,0,39.37,-1.2004,1.0665,0.78992
0,0,0,0,39.38,-1.2046,1.069,0.78978
0,0,0,0,39.39,-1.2086,1.0712,0.78955
0,0,0,0,39.4,-1.2126,1.0738,0.7894
0,0,0,0,39.41,-1.2165,1.0761,0.7892
0,0,0,0,39.42,-1.2202,1.0784,0.789
0,0,0,0,39.43,-1.2241,1.0805,0.78889
0,0,0,0,39.44,-1.2276,1.0826,0.78864
0,0,0,0,39.45,-1.2313,1.085,0.78863
0,0,0,0,39.46,-1.2351,1.0869,0.78871
0,0,0,0,39.47,-1.2386,1.0888,0.78857
0,0,0,0,39.48,-1.2421,1.0909,0.78859
0,0,0,0,39.49,-1.2453,1.0924,0.78856
0,0,0,0,39.5,-1.2486,1.0943,0.78848
0,0,0,0,39.51,-1.2516,1.096,0.78856
0,0,0,0,39.52,-1.2545,1.0974,0.78863
0,0,0,0,39.53,-1.2578,1.0989,0.78879
0,0,0,0,39.54,-1.2608,1.1004,0.78905
0,0,0,0,39.55,-1.2636,1.102,0.78945
0,0,0,0,39.56,-1.2665,1.1035,0.78981
0,0,0,0,39.57,-1.2694,1.1049,0.78993
0,0,0,0,39.58,-1.272,1.1063,0.79016
0,0,0,0,39.59,-1.2743,1.1073,0.79045
0,0,0,0,39.6,-1.2765,1.1084,0.79071
0,0,0,0,39.61,-1.2794,1.1105,0.79114
0,0,0,0,39.62,-1.2821,1.1115,0.79167
0,0,0,0,39.63,-1.2841,1.1118,0.79214
0,0,0,0,39.64,-1.2864,1.113,0.7926
0,0,0,0,39.65,-1.2886,1.1139,0.79309
0,0,0,0,39.66,-1.2905,1.1145,0.79359
0,0,0,0,39.67,-1.2925,1.1152,0.79414
0,0,0,0,39.68,-1.2949,1.1168,0.79461
0,0,0,0,39.69,-1.2972,1.1185,0.79532
0,0,0,0,39.7,-1.299,1.1186,0.79616
0,0,0,0,39.71,-1.3007,1.1187,0.79678
0,0,0,0,39.72,-1.3027,1.1195,0.79744
0,0,0,0,39.73,-1.3045,1.1204,0.79807
0,0,0,0,39.74,-1.3062,1.1212,0.79877
0,0,0,0,39.75,-1.3078,1.122,0.79955
0,0,0,0,39.76,-1.3095,1.1225,0.8004
0,0,0,0,39.77,-1.3112,1.1232,0.80134
0,0,0,0,39.78,-1.3129,1.124,0.80231
0,0,0,0,39.79,-1.3143,1.1244,0.80318
0,0,0,0,39.8,-1.3157,1.1248,0.80401
0,0,0,0,39.81,-1.3171,1.1252,0.80497
0,0,0,0,39.82,-1.3185,1.1258,0.80601
0,0,0,0,39.83,-1.32,1.1263,0.80707
0,0,0,0,39.84,-1.3213,1.1265,0.8082
0,0,0,0,39.85,-1.3225,1.1266,0.80945
0,0,0,0,39.86,-1.3236,1.1263,0.81056
0,0,0,0,39.87,-1.3246,1.1262,0.81168
0,0,0,0,39.88,-1.3259,1.1263,0.81294
0,0,0,0,39.89,-1.3272,1.1259,0.8143
0,0,0,0,39.9,-1.3281,1.125,0.81573
0,0,0,0,39.91,-1.3289,1.1241,0.81727
0,0,0,0,39.92,-1.3298,1.1235,0.81876
0,0,0,0,39.93,-1.3306,1.1223,0.82017
0,0,0,0,39.94,-1.3314,1.121,0.82169
0,0,0,0,39.95,-1.3323,1.12,0.82339
0,0,0,0,39.96,-1.3333,1.1192,0.8251
0,0,0,0,39.97,-1.334,1.1181,0.82669
0,0,0,0,39.98,-1.3343,1.1163,0.82822
0,0,0,0,39.99,-1.3345,1.1146,0.8297
0,0,0,0,40,-1.335,1.1132,0.83146
0,0,0,0,40.01,-1.3357,1.1119,0.83329
0,0,0,0,40.02,-1.3361,1.1102,0.83496
0,0,0,0,40.03,-1.3364,1.1082,0.83666
0,0,0,0,40.04,-1.3362,1.1061,0.83841
0,0,0,0,40.05,-1.3363,1.1036,0.84027
0,0,0,0,40.06,-1.337,1.1012,0.84212
0,0,0,0,40.07,-1.336,1.0984,0.84407
0,0,0,0,40.08,-1.3356,1.0957,0.8458
0,0,0,0,40.09,-1.3365,1.0932,0.84733
0,0,0,0,40.1,-1.3367,1.0903,0.84929
0,0,0,0,40.11,-1.3367,1.0872,0.85115
0,0,0,0,40.12,-1.3365,1.0837,0.85285
0,0,0,0,40.13,-1.336,1.0801,0.85463
0,0,0,0,40.14,-1.3358,1.0768,0.85641
0,0,0,0,40.15,-1.3356,1.073,0.85834
0,0,0,0,40.16,-1.3339,1.0683,0.86035
0,0,0,0,40.17,-1.3332,1.0639,0.86213
0,0,0,0,40.18,-1.3339,1.0602,0.86367
0,0,0,0,40.19,-1.3333,1.0556,0.86533
0,0,0,0,40.2,-1.3328,1.0509,0.86711
0,0,0,0,40.21,-1.3323,1.0459,0.86885
0,0,0,0,40.22,-1.3314,1.0401,0.87055
0,0,0,0,40.23,-1.3303,1.0348,0.8722
0,0,0,0,40.24,-1.3292,1.0294,0.8739
0,0,0,0,40.25,-1.3275,1.0239,0.8754
0,0,0,0,40.26,-1.3263,1.018,0.87693
0,0,0,0,40.27,-1.3261,1.012,0.8787
0,0,0,0,40.28,-1.3253,1.0059,0.8803
0,0,0,0,40.29,-1.3241,0.99962,0.88183
0,0,0,0,40.3,-1.3227,0.99296,0.88325
0,0,0,0,40.31,-1.3215,0.98647,0.88461
0,0,0,0,40.32,-1.3199,0.97965,0.88608
0,0,0,0,40.33,-1.3183,0.97223,0.88755
0,0,0,0,40.34,-1.317,0.96499,0.88902
0,0,0,0,40.35,-1.3149,0.95735,0.89051
0,0,0,0,40.36,-1.3131,0.94953,0.89181
0,0,0,0,40.37,-1.3119,0.94168,0.89309
0,0,0,0,40.38,-1.3101,0.93361,0.89438
0,0,0,0,40.39,-1.3084,0.9252,0.8957
0,0,0,0,40.4,-1.3064,0.91654,0.89713
0,0,0,0,40.41,-1.3044,0.90782,0.89835
0,0,0,0,40.42,-1.3022,0.89885,0.89951
0,0,0,0,40.43,-1.2998,0.88955,0.90074
0,0,0,0,40.44,-1.2976,0.88,0.90193
0,0,0,0,40.45,-1.2951,0.87018,0.90318
0,0,0,0,40.46,-1.2927,0.86014,0.90444
0,0,0,0,40.47,-1.2901,0.84989,0.90557
0,0,0,0,40.48,-1.2873,0.83945,0.90666
0,0,0,0,40.49,-1.2845,0.82868,0.90779
0,0,0,0,40.5,-1.2812,0.81758,0.90895
0,0,0,0,40.51,-1.2783,0.80637,0.90997
0,0,0,0,40.52,-1.2756,0.79489,0.91103
0,0,0,0,40.53,-1.2726,0.78315,0.9121
0,0,0,0,40.54,-1.2687,0.77123,0.91307
0,0,0,0,40.55,-1.2655,0.75929,0.91405
0,0,0,0,40.56,-1.263,0.74715,0.91493
0,0,0,0,40.57,-1.2595,0.73466,0.9158
0,0,0,0,40.58,-1.2561,0.72213,0.91678
0,0,0,0,40.59,-1.2526,0.70939,0.91767
0,0,0,0,40.6,-1.249,0.69634,0.91854
0,0,0,0,40.61,-1.2453,0.68329,0.91938
0,0,0,0,40.62,-1.2411,0.66995,0.92017
0,0,0,0,40.63,-1.2371,0.65646,0.92103
0,0,0,0,40.64,-1.2331,0.64279,0.92199
0,0,0,0,40.65,-1.229,0.62901,0.92274
0,0,0,0,40.66,-1.2252,0.61533,0.92321
0,0,0,0,40.67,-1.221,0.60115,0.92393
0,0,0,0,40.68,-1.2166,0.58682,0.92471
0,0,0,0,40.69,-1.2122,0.57235,0.92545
0,0,0,0,40.7,-1.2077,0.55759,0.92624
0,0,0,0,40.71,-1.2026,0.5427,0.927
0,0,0,0,40.72,-1.198,0.52778,0.92771
0,0,0,0,40.73,-1.1934,0.51236,0.92827
0,0,0,0,40.74,NaN,NaN,NaN
0,0,0,0,40.75,NaN,NaN,NaN
0,0,0,0,40.76,NaN,NaN,NaN
0,0,0,0,40.77,NaN,NaN,NaN
0,0,0,0,40.78,NaN,NaN,NaN
0,0,0,0,40.79,NaN,NaN,NaN
0,0,0,0,40.8,NaN,NaN,NaN
0,0,0,0,40.81,NaN,NaN,NaN
0,0,0,0,40.82,NaN,NaN,NaN
0,0,0,0,40.83,NaN,NaN,NaN
0,0,0,0,40.84,NaN,NaN,NaN
0,0,0,0,40.85,NaN,NaN,NaN
0,0,0,0,40.86,-1.1241,0.30247,0.93472
0,0,0,0,40.87,-1.1186,0.28542,0.93494
0,0,0,0,40.88,-1.1127,0.26814,0.9354
0,0,0,0,40.89,-1.1066,0.25063,0.93587
0,0,0,0,40.9,-1.1004,0.23287,0.93624
0,0,0,0,40.91,-1.0942,0.21512,0.93664
0,0,0,0,40.92,-1.0879,0.19737,0.93712
0,0,0,0,40.93,-1.0816,0.17944,0.93752
0,0,0,0,40.94,-1.0752,0.16134,0.93788
0,0,0,0,40.95,-1.0687,0.1432,0.93816
0,0,0,0,40.96,-1.0622,0.12501,0.93851
0,0,0,0,40.97,-1.0556,0.10676,0.93892
0,0,0,0,40.98,-1.0488,0.088302,0.93912
0,0,0,0,40.99,-1.0419,0.069548,0.93942
0,0,0,0,41,-1.0352,0.050973,0.93993
0,0,0,0,41.01,-1.0277,0.032383,0.94019
0,0,0,0,41.02,-1.0206,0.013667,0.94037
0,0,0,0,41.03,-1.0142,-0.00497,0.94068
0,0,0,0,41.04,-1.0071,-0.023549,0.94096
0,0,0,0,41.05,-1,-0.041939,0.94107
0,0,0,0,41.06,-0.9928,-0.06033,0.94103
0,0,0,0,41.07,-0.98529,-0.078578,0.94108
0,0,0,0,41.08,-0.97811,-0.096667,0.94125
0,0,0,0,41.09,-0.97098,-0.11485,0.94129
0,0,0,0,41.1,-0.96392,-0.13308,0.9413
0,0,0,0,41.11,-0.95694,-0.15127,0.94142
0,0,0,0,41.12,-0.94939,-0.16963,0.94155
0,0,0,0,41.13,-0.94167,-0.18821,0.94137
0,0,0,0,41.14,-0.93418,-0.2068,0.94138
0,0,0,0,41.15,-0.9268,-0.2254,0.9417
0,0,0,0,41.16,-0.91912,-0.244,0.942
0,0,0,0,41.17,-0.91119,-0.26281,0.94223
0,0,0,0,41.18,-0.90333,-0.28179,0.94257
0,0,0,0,41.19,-0.89538,-0.30077,0.94294
0,0,0,0,41.2,-0.8876,-0.31968,0.94321
0,0,0,0,41.21,-0.87986,-0.33864,0.94358
0,0,0,0,41.22,-0.87163,-0.35788,0.94392
0,0,0,0,41.23,-0.86358,-0.37706,0.94443
0,0,0,0,41.24,-0.85545,-0.39618,0.94484
0,0,0,0,41.25,-0.84731,-0.41528,0.94531
0,0,0,0,41.26,-0.83912,-0.43444,0.94604
0,0,0,0,41.27,-0.83069,-0.45357,0.94664
0,0,0,0,41.28,-0.82243,-0.4726,0.94705
0,0,0,0,41.29,-0.81415,-0.49163,0.94761
0,0,0,0,41.3,-0.8056,-0.51068,0.94833
0,0,0,0,41.31,-0.79709,-0.52966,0.949
0,0,0,0,41.32,-0.78851,-0.54858,0.94969
0,0,0,0,41.33,-0.77988,-0.56747,0.95032
0,0,0,0,41.34,-0.77126,-0.58634,0.95097
0,0,0,0,41.35,-0.76259,-0.60505,0.95156
0,0,0,0,41.36,-0.75411,-0.62355,0.95212
0,0,0,0,41.37,-0.74566,-0.64214,0.95259
0,0,0,0,41.38,-0.73673,-0.66064,0.95312
0,0,0,0,41.39,-0.72755,-0.67906,0.95376
0,0,0,0,41.4,-0.71874,-0.69741,0.95444
0,0,0,0,41.41,-0.71027,-0.71569,0.95517
0,0,0,0,41.42,-0.70159,-0.73391,0.95588
0,0,0,0,41.43,-0.69265,-0.75205,0.95658
0,0,0,0,41.44,-0.68362,-0.77013,0.95729
0,0,0,0,41.45,-0.67445,-0.78803,0.95797
0,0,0,0,41.46,-0.66562,-0.80594,0.9586
0,0,0,0,41.47,-0.65685,-0.82376,0.95909
0,0,0,0,41.48,-0.64787,-0.8413,0.95964
0,0,0,0,41.49,-0.63913,-0.85854,0.96013
0,0,0,0,41.5,-0.6302,-0.87544,0.96058
0,0,0,0,41.51,-0.62106,-0.8923,0.96112
0,0,0,0,41.52,-0.61228,-0.90892,0.96139
0,0,0,0,41.53,-0.60359,-0.92526,0.96146
0,0,0,0,41.54,-0.59478,-0.94161,0.96172
0,0,0,0,41.55,-0.58598,-0.95776,0.96195
0,0,0,0,41.56,-0.57732,-0.97368,0.96209
0,0,0,0,41.57,-0.56864,-0.98969,0.96238
0,0,0,0,41.58,-0.55984,-1.0057,0.96259
0,0,0,0,41.59,-0.55099,-1.0215,0.96271
0,0,0,0,41.6,-0.5422,-1.0372,0.96276
0,0,0,0,41.61,-0.53323,-1.053,0.96307
0,0,0,0,41.62,-0.52452,-1.0686,0.96335
0,0,0,0,41.63,-0.5158,-1.0839,0.96355
0,0,0,0,41.64,-0.50683,-1.099,0.96381
0,0,0,0,41.65,-0.49804,-1.114,0.96397
0,0,0,0,41.66,-0.4893,-1.1288,0.96412
0,0,0,0,41.67,-0.48075,-1.1435,0.96428
0,0,0,0,41.68,-0.47194,-1.158,0.96458
0,0,0,0,41.69,-0.46291,-1.1724,0.96502
0,0,0,0,41.7,-0.45422,-1.1867,0.96535
0,0,0,0,41.71,-0.44565,-1.201,0.96561
0,0,0,0,41.72,-0.43714,-1.2149,0.96589
0,0,0,0,41.73,-0.42849,-1.2287,0.96615
0,0,0,0,41.74,-0.41973,-1.2425,0.96653
0,0,0,0,41.75,-0.41123,-1.2561,0.96708
0,0,0,0,41.76,-0.40274,-1.2693,0.96749
0,0,0,0,41.77,-0.39418,-1.2824,0.96792
0,0,0,0,41.78,-0.38552,-1.2953,0.9684
0,0,0,0,41.79,-0.37693,-1.3081,0.9689
0,0,0,0,41.8,-0.36834,-1.3207,0.96947
0,0,0,0,41.81,-0.35978,-1.3332,0.97008
0,0,0,0,41.82,-0.35142,-1.3454,0.97064
0,0,0,0,41.83,-0.34293,-1.3574,0.97128
0,0,0,0,41.84,-0.33451,-1.3693,0.97184
0,0,0,0,41.85,-0.32617,-1.3809,0.9723
0,0,0,0,41.86,-0.31771,-1.3923,0.97295
0,0,0,0,41.87,-0.30947,-1.4034,0.9735
0,0,0,0,41.88,-0.30123,-1.4144,0.97398
0,0,0,0,41.89,-0.29285,-1.4252,0.97463
0,0,0,0,41.9,-0.28465,-1.4358,0.9753
0,0,0,0,41.91,-0.27643,-1.4462,0.97591
0,0,0,0,41.92,-0.26818,-1.4563,0.97642
0,0,0,0,41.93,-0.26015,-1.4663,0.97696
0,0,0,0,41.94,-0.25213,-1.476,0.97749
0,0,0,0,41.95,-0.24396,-1.4856,0.97805
0,0,0,0,41.96,-0.23587,-1.4952,0.97861
0,0,0,0,41.97,-0.2279,-1.5044,0.97907
0,0,0,0,41.98,-0.21988,-1.5134,0.97964
0,0,0,0,41.99,-0.21199,-1.5223,0.98021
0,0,0,0,42,-0.20412,-1.531,0.98076
0,0,0,0,42.01,-0.19627,-1.5395,0.98133
0,0,0,0,42.02,-0.18853,-1.548,0.98176
0,0,0,0,42.03,-0.18064,-1.5562,0.98222
0,0,0,0,42.04,-0.1728,-1.5642,0.98274
0,0,0,0,42.05,-0.16515,-1.572,0.98314
0,0,0,0,42.06,-0.15743,-1.5797,0.98367
0,0,0,0,42.07,-0.14966,-1.5874,0.98425
0,0,0,0,42.08,-0.14185,-1.5949,0.98468
0,0,0,0,42.09,-0.13417,-1.6021,0.98509
0,0,0,0,42.1,-0.12659,-1.6091,0.98554
0,0,0,0,42.11,-0.11893,-1.616,0.98592
0,0,0,0,42.12,-0.11141,-1.6227,0.98626
0,0,0,0,42.13,-0.10385,-1.6293,0.98676
0,0,0,0,42.14,-0.096246,-1.6358,0.98722
0,0,0,0,42.15,-0.08876,-1.6421,0.9876
0,0,0,0,42.16,-0.081259,-1.6483,0.98798
0,0,0,0,42.17,-0.073731,-1.6543,0.98831
0,0,0,0,42.18,-0.066144,-1.6601,0.98874
0,0,0,0,42.19,-0.058711,-1.6658,0.98909
0,0,0,0,42.2,-0.051431,-1.6715,0.9894
0,0,0,0,42.21,-0.043999,-1.6773,0.98986
0,0,0,0,42.22,-0.036593,-1.6827,0.99019
0,0,0,0,42.23,-0.02925,-1.688,0.99055
0,0,0,0,42.24,-0.021863,-1.6931,0.99088
0,0,0,0,42.25,-0.014378,-1.6982,0.99121
0,0,0,0,42.26,-0.006928,-1.7032,0.99163
0,0,0,0,42.27,0.000483,-1.7081,0.99196
0,0,0,0,42.28,0.007942,-1.7128,0.99234
0,0,0,0,42.29,0.015347,-1.7176,0.9928
0,0,0,0,42.3,0.022568,-1.7221,0.99316
0,0,0,0,42.31,0.029844,-1.7265,0.99347
0,0,0,0,42.32,0.037148,-1.731,0.99387
0,0,0,0,42.33,0.044484,-1.7353,0.99428
0,0,0,0,42.34,0.051824,-1.7395,0.9946
0,0,0,0,42.35,0.059024,-1.7437,0.99499
0,0,0,0,42.36,0.066199,-1.7478,0.99544
0,0,0,0,42.37,0.073449,-1.7518,0.99586
0,0,0,0,42.38,0.080748,-1.7558,0.99631
0,0,0,0,42.39,0.08794,-1.7597,0.99664
0,0,0,0,42.4,0.095105,-1.7633,0.99698
0,0,0,0,42.41,0.10238,-1.7669,0.99766
0,0,0,0,42.42,0.10963,-1.7704,0.99827
0,0,0,0,42.43,0.11698,-1.7738,0.9987
0,0,0,0,42.44,0.12426,-1.7773,0.99915
0,0,0,0,42.45,0.1315,-1.7806,0.99963
0,0,0,0,42.46,0.13877,-1.7837,0.99999
0,0,0,0,42.47,0.14594,-1.787,1.0005
0,0,0,0,42.48,0.15311,-1.79,1.0011
0,0,0,0,42.49,0.16028,-1.7929,1.0017
0,0,0,0,42.5,0.16749,-1.7961,1.0023
0,0,0,0,42.51,0.17472,-1.799,1.0027
0,0,0,0,42.52,0.18201,-1.8018,1.003
0,0,0,0,42.53,0.18916,-1.8045,1.0035
0,0,0,0,42.54,0.19615,-1.807,1.0042
0,0,0,0,42.55,0.20325,-1.8095,1.0048
0,0,0,0,42.56,0.21033,-1.8118,1.0052
0,0,0,0,42.57,0.21739,-1.8142,1.0057
0,0,0,0,42.58,0.22445,-1.8164,1.0064
0,0,0,0,42.59,0.23151,-1.8185,1.007
0,0,0,0,42.6,0.23858,-1.8205,1.0076
0,0,0,0,42.61,0.24566,-1.8224,1.0081
0,0,0,0,42.62,0.25263,-1.824,1.0086
0,0,0,0,42.63,0.25938,-1.8253,1.0089
0,0,0,0,42.64,0.2661,-1.8264,1.0091
0,0,0,0,42.65,0.27296,-1.8273,1.0095
0,0,0,0,42.66,0.27971,-1.8282,1.0099
0,0,0,0,42.67,0.28637,-1.8287,1.01
0,0,0,0,42.68,0.29296,-1.8291,1.0101
0,0,0,0,42.69,0.29945,-1.8293,1.0103
0,0,0,0,42.7,0.30593,-1.8293,1.0104
0,0,0,0,42.71,0.31244,-1.8291,1.0104
0,0,0,0,42.72,0.31888,-1.8291,1.0104
0,0,0,0,42.73,0.32509,-1.8289,1.0104
0,0,0,0,42.74,0.33116,-1.8285,1.0105
0,0,0,0,42.75,0.33731,-1.828,1.0105
0,0,0,0,42.76,0.34343,-1.8275,1.0106
0,0,0,0,42.77,0.34942,-1.8269,1.0106
0,0,0,0,42.78,0.35531,-1.8262,1.0108
0,0,0,0,42.79,0.36129,-1.8252,1.0111
0,0,0,0,42.8,0.36721,-1.8244,1.0115
0,0,0,0,42.81,0.37296,-1.8235,1.0119
0,0,0,0,42.82,0.3788,-1.8221,1.0122
0,0,0,0,42.83,0.38476,-1.8205,1.0125
0,0,0,0,42.84,0.3905,-1.8189,1.0129
0,0,0,0,42.85,0.39616,-1.8174,1.0135
0,0,0,0,42.86,0.40189,-1.8156,1.014
0,0,0,0,42.87,0.40752,-1.8138,1.0147
0,0,0,0,42.88,0.41299,-1.8118,1.0155
0,0,0,0,42.89,0.4185,-1.8095,1.0164
0,0,0,0,42.9,0.42407,-1.807,1.017
0,0,0,0,42.91,0.42947,-1.8044,1.0178
0,0,0,0,42.92,0.43486,-1.8017,1.0186
0,0,0,0,42.93,0.44013,-1.7987,1.0194
0,0,0,0,42.94,0.4453,-1.7955,1.0202
0,0,0,0,42.95,0.4506,-1.7921,1.021
0,0,0,0,42.96,0.45568,-1.7883,1.0217
0,0,0,0,42.97,0.46066,-1.7845,1.0225
0,0,0,0,42.98,0.46554,-1.7805,1.0233
0,0,0,0,42.99,0.47026,-1.7764,1.0242
0,0,0,0,43,0.47513,-1.772,1.0249
0,0,0,0,43.01,0.47997,-1.7674,1.0256
0,0,0,0,43.02,0.48449,-1.7626,1.0263
0,0,0,0,43.03,0.48895,-1.7577,1.027
0,0,0,0,43.04,0.49341,-1.7526,1.0276
0,0,0,0,43.05,0.49773,-1.7473,1.0283
0,0,0,0,43.06,0.50191,-1.7417,1.029
0,0,0,0,43.07,0.50601,-1.7361,1.0296
0,0,0,0,43.08,0.51002,-1.7302,1.0302
0,0,0,0,43.09,0.51398,-1.7242,1.0307
0,0,0,0,43.1,0.51789,-1.718,1.0313
0,0,0,0,43.11,0.52172,-1.7116,1.0318
0,0,0,0,43.12,0.5255,-1.7051,1.0324
0,0,0,0,43.13,0.52917,-1.6985,1.0329
0,0,0,0,43.14,0.53277,-1.6916,1.0334
0,0,0,0,43.15,0.5363,-1.6846,1.0338
0,0,0,0,43.16,0.53978,-1.6774,1.0343
0,0,0,0,43.17,0.54313,-1.67,1.0348
0,0,0,0,43.18,0.54649,-1.6625,1.0352
0,0,0,0,43.19,0.54972,-1.6549,1.0357
0,0,0,0,43.2,0.55291,-1.6471,1.0362
0,0,0,0,43.21,0.55601,-1.6392,1.0366
0,0,0,0,43.22,0.55903,-1.6311,1.037
0,0,0,0,43.23,0.56208,-1.6229,1.0374
0,0,0,0,43.24,0.56503,-1.6145,1.0378
0,0,0,0,43.25,0.56789,-1.606,1.0383
0,0,0,0,43.26,0.57067,-1.5974,1.0387
0,0,0,0,43.27,0.57347,-1.5886,1.039
0,0,0,0,43.28,0.5762,-1.5796,1.0394
0,0,0,0,43.29,0.57883,-1.5706,1.0398
0,0,0,0,43.3,0.58143,-1.5614,1.0402
0,0,0,0,43.31,0.58403,-1.552,1.0405
0,0,0,0,43.32,0.58651,-1.5426,1.0409
0,0,0,0,43.33,0.58891,-1.5329,1.0413
0,0,0,0,43.34,0.59144,-1.5232,1.0417
0,0,0,0,43.35,0.5938,-1.5133,1.042
0,0,0,0,43.36,0.59602,-1.5033,1.0424
0,0,0,0,43.37,0.59832,-1.4932,1.0428
0,0,0,0,43.38,0.60032,-1.4827,1.0431
0,0,0,0,43.39,0.60241,-1.4723,1.0434
0,0,0,0,43.4,0.60486,-1.4618,1.0437
0,0,0,0,43.41,0.60693,-1.4511,1.0441
0,0,0,0,43.42,0.60903,-1.4403,1.0444
0,0,0,0,43.43,0.61112,-1.4293,1.0447
0,0,0,0,43.44,0.61296,-1.4182,1.045
0,0,0,0,43.45,0.61487,-1.4068,1.0452
0,0,0,0,43.46,0.61674,-1.3954,1.0455
0,0,0,0,43.47,0.61852,-1.3838,1.0458
0,0,0,0,43.48,0.6201,-1.3721,1.046
0,0,0,0,43.49,0.62191,-1.3602,1.0462
0,0,0,0,43.5,0.62403,-1.3483,1.0464
0,0,0,0,43.51,0.62582,-1.3362,1.0466
0,0,0,0,43.52,0.62747,-1.324,1.0468
0,0,0,0,43.53,0.62909,-1.3117,1.047
0,0,0,0,43.54,0.63076,-1.2992,1.0472
0,0,0,0,43.55,0.63234,-1.2867,1.0474
0,0,0,0,43.56,0.63387,-1.274,1.0475
0,0,0,0,43.57,0.63546,-1.2611,1.0475
0,0,0,0,43.58,0.63702,-1.2482,1.0477
0,0,0,0,43.59,0.63841,-1.2352,1.0479
0,0,0,0,43.6,0.63978,-1.222,1.0479
0,0,0,0,43.61,0.64118,-1.2086,1.048
0,0,0,0,43.62,0.64263,-1.1951,1.0481
0,0,0,0,43.63,0.64393,-1.1816,1.0483
0,0,0,0,43.64,0.64522,-1.1679,1.0484
0,0,0,0,43.65,0.64647,-1.154,1.0485
0,0,0,0,43.66,0.64769,-1.1402,1.0486
0,0,0,0,43.67,0.64908,-1.1263,1.0488
0,0,0,0,43.68,0.6505,-1.1123,1.0489
0,0,0,0,43.69,0.65179,-1.0981,1.0489
0,0,0,0,43.7,0.65302,-1.0839,1.049
0,0,0,0,43.71,0.65433,-1.0694,1.0491
0,0,0,0,43.72,0.6555,-1.0548,1.0491
0,0,0,0,43.73,0.6567,-1.0402,1.0492
0,0,0,0,43.74,0.65794,-1.0255,1.0493
0,0,0,0,43.75,0.65911,-1.0106,1.0493
0,0,0,0,43.76,0.66021,-0.99564,1.0494
0,0,0,0,43.77,0.66133,-0.98062,1.0495
0,0,0,0,43.78,0.66254,-0.9655,1.0495
0,0,0,0,43.79,0.6637,-0.9503,1.0496
0,0,0,0,43.8,0.66492,-0.93508,1.0496
0,0,0,0,43.81,0.6661,-0.91969,1.0496
0,0,0,0,43.82,0.66729,-0.90417,1.0496
0,0,0,0,43.83,0.66838,-0.88855,1.0497
0,0,0,0,43.84,0.66939,-0.87274,1.0497
0,0,0,0,43.85,0.67055,-0.85686,1.0497
0,0,0,0,43.86,0.67166,-0.84085,1.0496
0,0,0,0,43.87,0.67272,-0.82471,1.0495
0,0,0,0,43.88,0.67385,-0.80841,1.0493
0,0,0,0,43.89,0.67483,-0.79198,1.0491
0,0,0,0,43.9,0.67583,-0.7755,1.049
0,0,0,0,43.91,0.67699,-0.75896,1.0488
0,0,0,0,43.92,0.67817,-0.74235,1.0487
0,0,0,0,43.93,0.67925,-0.72561,1.0486
0,0,0,0,43.94,0.68034,-0.70882,1.0484
0,0,0,0,43.95,0.68153,-0.69194,1.0482
0,0,0,0,43.96,0.68265,-0.67491,1.0481
0,0,0,0,43.97,0.68376,-0.65782,1.0479
0,0,0,0,43.98,0.68487,-0.64062,1.0478
0,0,0,0,43.99,0.68612,-0.62335,1.0476
0,0,0,0,44,0.68728,-0.60599,1.0474
0,0,0,0,44.01,0.68844,-0.58861,1.0472
0,0,0,0,44.02,0.68972,-0.57112,1.047
0,0,0,0,44.03,0.69083,-0.55342,1.0468
0,0,0,0,44.04,0.69193,-0.53573,1.0466
0,0,0,0,44.05,0.69317,-0.51789,1.0464
0,0,0,0,44.06,0.69434,-0.49989,1.0461
0,0,0,0,44.07,0.69551,-0.4819,1.0459
0,0,0,0,44.08,0.69674,-0.46387,1.0457
0,0,0,0,44.09,0.69791,-0.44564,1.0454
0,0,0,0,44.1,0.69899,-0.42725,1.0451
0,0,0,0,44.11,0.70027,-0.40887,1.0448
0,0,0,0,44.12,0.70149,-0.39043,1.0445
0,0,0,0,44.13,0.70271,-0.37189,1.0442
0,0,0,0,44.14,0.70404,-0.35328,1.0439
0,0,0,0,44.15,0.70524,-0.33448,1.0435
0,0,0,0,44.16,0.70638,-0.31559,1.0432
0,0,0,0,44.17,0.70762,-0.29669,1.0429
0,0,0,0,44.18,0.70889,-0.27779,1.0426
0,0,0,0,44.19,0.71011,-0.25877,1.0423
0,0,0,0,44.2,0.71146,-0.23966,1.042
0,0,0,0,44.21,0.71281,-0.22056,1.0417
0,0,0,0,44.22,0.71407,-0.20135,1.0415
0,0,0,0,44.23,0.71523,-0.18203,1.0412
0,0,0,0,44.24,0.71659,-0.16281,1.041
0,0,0,0,44.25,0.71805,-0.14358,1.0409
0,0,0,0,44.26,0.71948,-0.12437,1.0408
0,0,0,0,44.27,0.7209,-0.10524,1.0407
0,0,0,0,44.28,0.7224,-0.086189,1.0407
0,0,0,0,44.29,0.72389,-0.067139,1.0407
0,0,0,0,44.3,0.72534,-0.048087,1.0408
0,0,0,0,44.31,0.72684,-0.029081,1.0409
0,0,0,0,44.32,0.72838,-0.010027,1.041
0,0,0,0,44.33,0.72986,0.008949,1.0412
0,0,0,0,44.34,0.73145,0.027885,1.0413
0,0,0,0,44.35,0.73296,0.04686,1.0415
0,0,0,0,44.36,0.73448,0.065839,1.0417
0,0,0,0,44.37,0.73621,0.084757,1.0419
0,0,0,0,44.38,0.73784,0.10363,1.0421
0,0,0,0,44.39,0.7395,0.12252,1.0424
0,0,0,0,44.4,0.74127,0.14133,1.0426
0,0,0,0,44.41,0.743,0.16012,1.0427
0,0,0,0,44.42,0.74477,0.17892,1.0429
0,0,0,0,44.43,0.74657,0.1976,1.0432
0,0,0,0,44.44,0.74847,0.2162,1.0435
0,0,0,0,44.45,0.75029,0.2348,1.0437
0,0,0,0,44.46,0.75211,0.25337,1.044
0,0,0,0,44.47,0.75399,0.27189,1.0442
0,0,0,0,44.48,0.75594,0.2903,1.0444
0,0,0,0,44.49,0.75784,0.30876,1.0445
0,0,0,0,44.5,0.75967,0.32724,1.0447
0,0,0,0,44.51,0.7616,0.34567,1.0448
0,0,0,0,44.52,0.76365,0.364,1.0449
0,0,0,0,44.53,0.76566,0.38236,1.0449
0,0,0,0,44.54,0.7676,0.40074,1.045
0,0,0,0,44.55,0.7696,0.41918,1.0449
0,0,0,0,44.56,0.77162,0.43745,1.0449
0,0,0,0,44.57,0.7737,0.45562,1.045
0,0,0,0,44.58,0.77572,0.47393,1.0448
0,0,0,0,44.59,0.77778,0.4921,1.0447
0,0,0,0,44.6,0.77995,0.51011,1.0446
0,0,0,0,44.61,0.78216,0.52814,1.0444
0,0,0,0,44.62,0.78442,0.54599,1.0442
0,0,0,0,44.63,0.78663,0.56386,1.044
0,0,0,0,44.64,0.78885,0.58168,1.0438
0,0,0,0,44.65,0.79119,0.59927,1.0435
0,0,0,0,44.66,0.79341,0.61692,1.0431
0,0,0,0,44.67,0.79569,0.63445,1.0428
0,0,0,0,44.68,0.79811,0.6517,1.0426
0,0,0,0,44.69,0.80061,0.66889,1.0423
0,0,0,0,44.7,0.80307,0.68595,1.0421
0,0,0,0,44.71,0.80551,0.70293,1.0417
0,0,0,0,44.72,0.80802,0.71986,1.0413
0,0,0,0,44.73,0.81055,0.73667,1.041
0,0,0,0,44.74,0.81308,0.75342,1.0407
0,0,0,0,44.75,0.81569,0.76983,1.0403
0,0,0,0,44.76,0.81826,0.78625,1.0399
0,0,0,0,44.77,0.82082,0.80266,1.0395
0,0,0,0,44.78,0.82357,0.81878,1.0392
0,0,0,0,44.79,0.82642,0.83477,1.0389
0,0,0,0,44.8,0.82911,0.85085,1.0385
0,0,0,0,44.81,0.83181,0.86693,1.038
0,0,0,0,44.82,0.83468,0.88277,1.0376
0,0,0,0,44.83,0.83754,0.89845,1.0372
0,0,0,0,44.84,0.84047,0.91399,1.0367
0,0,0,0,44.85,0.8434,0.92941,1.0362
0,0,0,0,44.86,0.84625,0.94479,1.0357
0,0,0,0,44.87,0.84914,0.96011,1.0352
0,0,0,0,44.88,0.85198,0.9754,1.0346
0,0,0,0,44.89,0.85479,0.99069,1.034
0,0,0,0,44.9,0.85768,1.0059,1.0335
0,0,0,0,44.91,0.86065,1.0209,1.033
0,0,0,0,44.92,0.8637,1.0359,1.0324
0,0,0,0,44.93,0.86674,1.0509,1.0319
0,0,0,0,44.94,0.86971,1.0656,1.0312
0,0,0,0,44.95,0.87274,1.0805,1.0307
0,0,0,0,44.96,0.87578,1.0948,1.0304
0,0,0,0,44.97,0.87885,1.1082,1.0297
0,0,0,0,44.98,0.88202,1.1221,1.0293
0,0,0,0,44.99,0.88511,1.136,1.0289
0,0,0,0,45,0.88827,1.149,1.0285
0,0,0,0,45.01,0.89168,1.1617,1.0282
0,0,0,0,45.02,0.89502,1.1749,1.028
0,0,0,0,45.03,0.89828,1.1878,1.0279
0,0,0,0,45.04,0.90162,1.2001,1.0278
0,0,0,0,45.05,0.90507,1.2112,1.0275
0,0,0,0,45.06,0.90852,1.2216,1.0272
0,0,0,0,45.07,0.91214,1.2314,1.0268
0,0,0,0,45.08,0.91576,1.2418,1.0266
0,0,0,0,45.09,0.9194,1.2518,1.0264
0,0,0,0,45.1,0.92295,1.2608,1.026
0,0,0,0,45.11,0.92648,1.2695,1.0258
0,0,0,0,45.12,0.93,1.2783,1.0254
0,0,0,0,45.13,0.93385,1.2867,1.0245
0,0,0,0,45.14,0.93777,1.2944,1.0238
0,0,0,0,45.15,0.9416,1.3024,1.0231
0,0,0,0,45.16,0.94534,1.3105,1.0224
0,0,0,0,45.17,0.94911,1.3185,1.0217
0,0,0,0,45.18,0.9531,1.3253,1.0207
0,0,0,0,45.19,0.95709,1.3316,1.0195
0,0,0,0,45.2,0.96101,1.3386,1.0185
0,0,0,0,45.21,0.96498,1.3457,1.0174
0,0,0,0,45.22,0.96872,1.3527,1.0164
0,0,0,0,45.23,0.97245,1.3591,1.0153
0,0,0,0,45.24,0.97651,1.3651,1.0139
0,0,0,0,45.25,0.98067,1.3711,1.0123
0,0,0,0,45.26,0.98472,1.3765,1.0108
0,0,0,0,45.27,0.98857,1.3823,1.0096
0,0,0,0,45.28,0.9924,1.3881,1.0082
0,0,0,0,45.29,0.99645,1.3931,1.0064
0,0,0,0,45.3,1.0006,1.398,1.0045
0,0,0,0,45.31,1.0046,1.4026,1.0026
0,0,0,0,45.32,1.0086,1.407,1.001
0,0,0,0,45.33,1.0127,1.4109,0.99896
0,0,0,0,45.34,1.0168,1.4153,0.99671
0,0,0,0,45.35,1.0206,1.4187,0.99481
0,0,0,0,45.36,1.0248,1.4218,0.9925
0,0,0,0,45.37,1.0294,1.4244,0.98965
0,0,0,0,45.38,1.0337,1.4258,0.98687
0,0,0,0,45.39,NaN,NaN,NaN
0,0,0,0,45.4,NaN,NaN,NaN
0,0,0,0,45.41,NaN,NaN,NaN
0,0,0,0,45.42,NaN,NaN,NaN
0,0,0,0,45.43,NaN,NaN,NaN
0,0,0,0,45.44,NaN,NaN,NaN
0,0,0,0,45.45,NaN,NaN,NaN
0,0,0,0,45.46,1.0682,1.4324,0.96386
0,0,0,0,45.47,1.0728,1.4311,0.96033
0,0,0,0,45.48,1.077,1.4304,0.95714
0,0,0,0,45.49,1.0814,1.4285,0.95406
0,0,0,0,45.5,NaN,NaN,NaN
0,0,0,0,45.51,NaN,NaN,NaN
0,0,0,0,45.52,NaN,NaN,NaN
0,0,0,0,45.53,NaN,NaN,NaN
0,0,0,0,45.54,NaN,NaN,NaN
0,0,0,0,45.55,NaN,NaN,NaN
0,0,0,0,45.56,NaN,NaN,NaN
0,0,0,0,45.57,NaN,NaN,NaN
0,0,0,0,45.58,NaN,NaN,NaN
0,0,0,0,45.59,NaN,NaN,NaN
0,0,0,0,45.6,NaN,NaN,NaN
0,0,0,0,45.61,NaN,NaN,NaN
0,0,0,0,45.62,NaN,NaN,NaN
0,0,0,0,45.63,1.145,1.3789,0.90281
0,0,0,0,45.64,1.1498,1.3744,0.89843
0,0,0,0,45.65,1.1542,1.37,0.89413
0,0,0,0,45.66,1.1582,1.3665,0.89044
0,0,0,0,45.67,1.1624,1.3634,0.88629
0,0,0,0,45.68,1.167,1.3587,0.88143
0,0,0,0,45.69,1.1712,1.3548,0.87719
0,0,0,0,45.7,1.1754,1.3509,0.8731
0,0,0,0,45.71,1.1796,1.3469,0.86872
0,0,0,0,45.72,1.1841,1.3421,0.86422
0,0,0,0,45.73,NaN,NaN,NaN
0,0,0,0,45.74,NaN,NaN,NaN
0,0,0,0,45.75,NaN,NaN,NaN
0,0,0,0,45.76,1.2008,1.3234,0.84761
0,0,0,0,45.77,1.2048,1.3188,0.84358
0,0,0,0,45.78,1.2093,1.3133,0.83949
0,0,0,0,45.79,NaN,NaN,NaN
0,0,0,0,45.8,NaN,NaN,NaN
0,0,0,0,45.81,NaN,NaN,NaN
0,0,0,0,45.82,NaN,NaN,NaN
0,0,0,0,45.83,1.2296,1.2865,0.82109
0,0,0,0,45.84,1.2341,1.2807,0.8171
0,0,0,0,45.85,1.238,1.2749,0.81355
0,0,0,0,45.86,1.2415,1.2691,0.81053
0,0,0,0,45.87,NaN,NaN,NaN
0,0,0,0,45.88,NaN,NaN,NaN
0,0,0,0,45.89,NaN,NaN,NaN
0,0,0,0,45.9,1.2566,1.2492,0.79635
0,0,0,0,45.91,1.2606,1.2439,0.79252
0,0,0,0,45.92,NaN,NaN,NaN
0,0,0,0,45.93,NaN,NaN,NaN
0,0,0,0,45.94,1.2701,1.2308,0.78204
0,0,0,0,45.95,NaN,NaN,NaN
0,0,0,0,45.96,1.2764,1.223,0.77385
0,0,0,0,45.97,NaN,NaN,NaN
0,0,0,0,45.98,NaN,NaN,NaN
0,0,0,0,45.99,1.2831,1.2125,0.76206
0,0,0,0,46,NaN,NaN,NaN
0,0,0,0,46.01,1.2873,1.2064,0.75426
0,0,0,0,46.02,1.2893,1.203,0.75051
0,0,0,0,46.03,NaN,NaN,NaN
0,0,0,0,46.04,NaN,NaN,NaN
0,0,0,0,46.05,NaN,NaN,NaN
0,0,0,0,46.06,NaN,NaN,NaN
0,0,0,0,46.07,NaN,NaN,NaN
0,0,0,0,46.08,NaN,NaN,NaN
0,0,0,0,46.09,NaN,NaN,NaN
0,0,0,0,46.1,NaN,NaN,NaN
0,0,0,0,46.11,1.3061,1.1754,0.71856
0,0,0,0,46.12,1.308,1.1739,0.7154
0,0,0,0,46.13,1.3081,1.1727,0.71208
0,0,0,0,46.14,1.3091,1.1702,0.70911
0,0,0,0,46.15,1.3111,1.1672,0.70631
0,0,0,0,46.16,1.3131,1.1645,0.70374
0,0,0,0,46.17,NaN,NaN,NaN
0,0,0,0,46.18,NaN,NaN,NaN
0,0,0,0,46.19,1.3142,1.1601,0.6951
0,0,0,0,46.2,NaN,NaN,NaN
0,0,0,0,46.21,NaN,NaN,NaN
0,0,0,0,46.22,1.3169,1.1547,0.68666
0,0,0,0,46.23,NaN,NaN,NaN
0,0,0,0,46.24,1.318,1.1516,0.68161
0,0,0,0,46.25,1.318,1.1509,0.67894
0,0,0,0,46.26,1.3173,1.1489,0.67664
0,0,0,0,46.27,1.317,1.1488,0.67326
0,0,0,0,46.28,1.3166,1.1478,0.67054
0,0,0,0,46.29,1.3158,1.1469,0.66814
0,0,0,0,46.3,1.3149,1.1466,0.66524
0,0,0,0,46.31,NaN,NaN,NaN
0,0,0,0,46.32,NaN,NaN,NaN
0,0,0,0,46.33,1.3126,1.1444,0.65735
0,0,0,0,46.34,1.3114,1.1447,0.65448
0,0,0,0,46.35,NaN,NaN,NaN
0,0,0,0,46.36,NaN,NaN,NaN
0,0,0,0,46.37,1.3065,1.1434,0.64618
0,0,0,0,46.38,1.3043,1.1425,0.64355
0,0,0,0,46.39,NaN,NaN,NaN
0,0,0,0,46.4,NaN,NaN,NaN
0,0,0,0,46.41,1.2975,1.1429,0.63515
0,0,0,0,46.42,1.2951,1.1437,0.63225
0,0,0,0,46.43,NaN,NaN,NaN
0,0,0,0,46.44,NaN,NaN,NaN
0,0,0,0,46.45,1.2874,1.1443,0.62355
0,0,0,0,46.46,1.2842,1.145,0.62133
0,0,0,0,46.47,1.2814,1.1461,0.61877
0,0,0,0,46.48,NaN,NaN,NaN
0,0,0,0,46.49,NaN,NaN,NaN
0,0,0,0,46.5,NaN,NaN,NaN
0,0,0,0,46.51,1.269,1.1484,0.60889
0,0,0,0,46.52,1.2653,1.1497,0.60687
0,0,0,0,46.53,1.2616,1.1508,0.60442
0,0,0,0,46.54,NaN,NaN,NaN
0,0,0,0,46.55,NaN,NaN,NaN
0,0,0,0,46.56,NaN,NaN,NaN
0,0,0,0,46.57,NaN,NaN,NaN
0,0,0,0,46.58,NaN,NaN,NaN
0,0,0,0,46.59,NaN,NaN,NaN
0,0,0,0,46.6,1.2339,1.1563,0.58918
0,0,0,0,46.61,NaN,NaN,NaN
0,0,0,0,46.62,1.2246,1.158,0.58529
0,0,0,0,46.63,1.2194,1.1599,0.58369
0,0,0,0,46.64,1.2145,1.1615,0.5819
0,0,0,0,46.65,1.2096,1.1624,0.57999
0,0,0,0,46.66,1.2048,1.1634,0.57814
0,0,0,0,46.67,1.1998,1.165,0.57647
0,0,0,0,46.68,1.1939,1.1667,0.57461
0,0,0,0,46.69,1.1885,1.1683,0.5727
0,0,0,0,46.7,1.1829,1.17,0.57091
0,0,0,0,46.71,1.1771,1.1714,0.56942
0,0,0,0,46.72,1.1709,1.1729,0.56797
0,0,0,0,46.73,NaN,NaN,NaN
0,0,0,0,46.74,NaN,NaN,NaN
0,0,0,0,46.75,NaN,NaN,NaN
0,0,0,0,46.76,NaN,NaN,NaN
0,0,0,0,46.77,NaN,NaN,NaN
0,0,0,0,46.78,NaN,NaN,NaN
0,0,0,0,46.79,NaN,NaN,NaN
0,0,0,0,46.8,NaN,NaN,NaN
0,0,0,0,46.81,NaN,NaN,NaN
0,0,0,0,46.82,NaN,NaN,NaN
0,0,0,0,46.83,NaN,NaN,NaN
0,0,0,0,46.84,NaN,NaN,NaN
0,0,0,0,46.85,NaN,NaN,NaN
0,0,0,0,46.86,1.0792,1.2008,0.5464
0,0,0,0,46.87,1.072,1.2031,0.54487
0,0,0,0,46.88,1.0645,1.2058,0.54299
0,0,0,0,46.89,NaN,NaN,NaN
0,0,0,0,46.9,NaN,NaN,NaN
0,0,0,0,46.91,NaN,NaN,NaN
0,0,0,0,46.92,NaN,NaN,NaN
0,0,0,0,46.93,1.0248,1.2173,0.5366
0,0,0,0,46.94,1.0167,1.22,0.53512
0,0,0,0,46.95,1.0086,1.2223,0.5338
0,0,0,0,46.96,1.0001,1.225,0.53253
0,0,0,0,46.97,NaN,NaN,NaN
0,0,0,0,46.98,NaN,NaN,NaN
0,0,0,0,46.99,NaN,NaN,NaN
0,0,0,0,47,NaN,NaN,NaN
0,0,0,0,47.01,NaN,NaN,NaN
0,0,0,0,47.02,0.94808,1.2413,0.52498
0,0,0,0,47.03,NaN,NaN,NaN
0,0,0,0,47.04,NaN,NaN,NaN
0,0,0,0,47.05,0.9205,1.2494,0.52198
0,0,0,0,47.06,0.91138,1.2518,0.52088
0,0,0,0,47.07,0.9019,1.2546,0.51948
0,0,0,0,47.08,0.89163,1.2583,0.51809
0,0,0,0,47.09,0.88164,1.2611,0.51741
0,0,0,0,47.1,0.87232,1.2634,0.51652
0,0,0,0,47.11,0.86226,1.2669,0.51514
0,0,0,0,47.12,0.85212,1.2698,0.51428
0,0,0,0,47.13,0.84175,1.2726,0.51367
0,0,0,0,47.14,0.83146,1.2758,0.5125
0,0,0,0,47.15,0.82123,1.2788,0.51137
0,0,0,0,47.16,0.81064,1.2822,0.51021
0,0,0,0,47.17,NaN,NaN,NaN
0,0,0,0,47.18,NaN,NaN,NaN
0,0,0,0,47.19,NaN,NaN,NaN
0,0,0,0,47.2,NaN,NaN,NaN
0,0,0,0,47.21,0.75717,1.2972,0.50668
0,0,0,0,47.22,0.74577,1.3008,0.50664
0,0,0,0,47.23,NaN,NaN,NaN
0,0,0,0,47.24,NaN,NaN,NaN
0,0,0,0,47.25,0.71274,1.3103,0.50437
0,0,0,0,47.26,0.70126,1.3136,0.50373
0,0,0,0,47.27,0.68908,1.3165,0.50357
0,0,0,0,47.28,NaN,NaN,NaN
0,0,0,0,47.29,NaN,NaN,NaN
0,0,0,0,47.3,NaN,NaN,NaN
0,0,0,0,47.31,NaN,NaN,NaN
0,0,0,0,47.32,NaN,NaN,NaN
0,0,0,0,47.33,0.61711,1.3352,0.50262
0,0,0,0,47.34,0.60529,1.3392,0.50135
0,0,0,0,47.35,NaN,NaN,NaN
0,0,0,0,47.36,NaN,NaN,NaN
0,0,0,0,47.37,NaN,NaN,NaN
0,0,0,0,47.38,0.55688,1.3553,0.50176
0,0,0,0,47.39,0.54429,1.3589,0.50199
0,0,0,0,47.4,0.53152,1.3624,0.50197
0,0,0,0,47.41,0.5187,1.3657,0.50165
0,0,0,0,47.42,0.50559,1.3694,0.50175
0,0,0,0,47.43,0.49232,1.3727,0.50191
0,0,0,0,47.44,NaN,NaN,NaN
0,0,0,0,47.45,NaN,NaN,NaN
0,0,0,0,47.46,NaN,NaN,NaN
0,0,0,0,47.47,NaN,NaN,NaN
0,0,0,0,47.48,NaN,NaN,NaN
0,0,0,0,47.49,NaN,NaN,NaN
0,0,0,0,47.5,NaN,NaN,NaN
0,0,0,0,47.51,NaN,NaN,NaN
0,0,0,0,47.52,NaN,NaN,NaN
0,0,0,0,47.53,0.35788,1.4098,0.50455
0,0,0,0,47.54,0.34382,1.4135,0.50543
0,0,0,0,47.55,0.32994,1.4171,0.50576
0,0,0,0,47.56,0.31592,1.4209,0.50628
0,0,0,0,47.57,NaN,NaN,NaN
0,0,0,0,47.58,NaN,NaN,NaN
0,0,0,0,47.59,NaN,NaN,NaN
0,0,0,0,47.6,NaN,NaN,NaN
0,0,0,0,47.61,NaN,NaN,NaN
0,0,0,0,47.62,NaN,NaN,NaN
0,0,0,0,47.63,NaN,NaN,NaN
0,0,0,0,47.64,0.20316,1.4519,0.5108
0,0,0,0,47.65,0.18858,1.4563,0.51148
0,0,0,0,47.66,NaN,NaN,NaN
0,0,0,0,47.67,NaN,NaN,NaN
0,0,0,0,47.68,NaN,NaN,NaN
0,0,0,0,47.69,0.1303,1.4721,0.51405
0,0,0,0,47.7,0.11581,1.4752,0.5146
0,0,0,0,47.71,0.1013,1.4783,0.51587
0,0,0,0,47.72,0.086665,1.4822,0.51714
0,0,0,0,47.73,0.071911,1.4859,0.51809
0,0,0,0,47.74,0.057252,1.4894,0.51915
0,0,0,0,47.75,0.042671,1.4933,0.52022
0,0,0,0,47.76,0.027904,1.498,0.52164
0,0,0,0,47.77,0.013152,1.5025,0.52237
0,0,0,0,47.78,-0.001612,1.5071,0.52282
0,0,0,0,47.79,-0.016632,1.5111,0.52409
0,0,0,0,47.8,-0.031252,1.5148,0.52588
0,0,0,0,47.81,-0.045409,1.5186,0.52774
0,0,0,0,47.82,-0.060027,1.5223,0.52923
0,0,0,0,47.83,-0.07469,1.5253,0.53072
0,0,0,0,47.84,-0.089301,1.5291,0.53233
0,0,0,0,47.85,-0.10367,1.5342,0.53409
0,0,0,0,47.86,-0.11804,1.5382,0.53578
0,0,0,0,47.87,-0.13324,1.5421,0.53727
0,0,0,0,47.88,-0.14796,1.5473,0.53879
0,0,0,0,47.89,-0.1614,1.5508,0.54116
0,0,0,0,47.9,-0.17586,1.5535,0.54285
0,0,0,0,47.91,-0.18992,1.5585,0.54437
0,0,0,0,47.92,-0.20439,1.5627,0.54675
0,0,0,0,47.93,-0.21908,1.5655,0.54903
0,0,0,0,47.94,NaN,NaN,NaN
0,0,0,0,47.95,NaN,NaN,NaN
0,0,0,0,47.96,NaN,NaN,NaN
0,0,0,0,47.97,NaN,NaN,NaN
0,0,0,0,47.98,NaN,NaN,NaN
0,0,0,0,47.99,NaN,NaN,NaN
0,0,0,0,48,-0.31836,1.5949,0.56314
0,0,0,0,48.01,-0.33294,1.5994,0.56455
0,0,0,0,48.02,-0.34769,1.6017,0.56669
0,0,0,0,48.03,-0.36081,1.6048,0.56963
0,0,0,0,48.04,NaN,NaN,NaN
0,0,0,0,48.05,NaN,NaN,NaN
0,0,0,0,48.06,NaN,NaN,NaN
0,0,0,0,48.07,NaN,NaN,NaN
0,0,0,0,48.08,NaN,NaN,NaN
0,0,0,0,48.09,NaN,NaN,NaN
0,0,0,0,48.1,NaN,NaN,NaN
0,0,0,0,48.11,-0.47229,1.6324,0.58723
0,0,0,0,48.12,-0.48592,1.6339,0.59004
0,0,0,0,48.13,NaN,NaN,NaN
0,0,0,0,48.14,NaN,NaN,NaN
0,0,0,0,48.15,NaN,NaN,NaN
0,0,0,0,48.16,NaN,NaN,NaN
0,0,0,0,48.17,-0.55508,1.6467,0.6012
0,0,0,0,48.18,NaN,NaN,NaN
0,0,0,0,48.19,NaN,NaN,NaN
0,0,0,0,48.2,NaN,NaN,NaN
0,0,0,0,48.21,NaN,NaN,NaN
0,0,0,0,48.22,NaN,NaN,NaN
0,0,0,0,48.23,NaN,NaN,NaN
0,0,0,0,48.24,NaN,NaN,NaN
0,0,0,0,48.25,NaN,NaN,NaN
0,0,0,0,48.26,NaN,NaN,NaN
0,0,0,0,48.27,NaN,NaN,NaN
0,0,0,0,48.28,NaN,NaN,NaN
0,0,0,0,48.29,NaN,NaN,NaN
0,0,0,0,48.3,NaN,NaN,NaN
0,0,0,0,48.31,NaN,NaN,NaN
0,0,0,0,48.32,NaN,NaN,NaN
0,0,0,0,48.33,NaN,NaN,NaN
0,0,0,0,48.34,NaN,NaN,NaN
0,0,0,0,48.35,NaN,NaN,NaN
0,0,0,0,48.36,NaN,NaN,NaN
0,0,0,0,48.37,NaN,NaN,NaN
0,0,0,0,48.38,NaN,NaN,NaN
0,0,0,0,48.39,NaN,NaN,NaN
0,0,0,0,48.4,NaN,NaN,NaN
0,0,0,0,48.41,NaN,NaN,NaN
0,0,0,0,48.42,NaN,NaN,NaN
0,0,0,0,48.43,NaN,NaN,NaN
0,0,0,0,48.44,NaN,NaN,NaN
0,0,0,0,48.45,NaN,NaN,NaN
0,0,0,0,48.46,NaN,NaN,NaN
0,0,0,0,48.47,NaN,NaN,NaN
0,0,0,0,48.48,NaN,NaN,NaN
0,0,0,0,48.49,NaN,NaN,NaN
0,0,0,0,48.5,NaN,NaN,NaN
0,0,0,0,48.51,NaN,NaN,NaN
0,0,0,0,48.52,NaN,NaN,NaN
0,0,0,0,48.53,-0.98095,1.6368,0.69964
0,0,0,0,48.54,NaN,NaN,NaN
0,0,0,0,48.55,NaN,NaN,NaN
0,0,0,0,48.56,NaN,NaN,NaN
0,0,0,0,48.57,NaN,NaN,NaN
0,0,0,0,48.58,-1.0296,1.615,0.71249
0,0,0,0,48.59,NaN,NaN,NaN
0,0,0,0,48.6,-1.0511,1.6051,0.71882
0,0,0,0,48.61,NaN,NaN,NaN
0,0,0,0,48.62,NaN,NaN,NaN
0,0,0,0,48.63,NaN,NaN,NaN
0,0,0,0,48.64,NaN,NaN,NaN
0,0,0,0,48.65,-1.095,1.5767,0.73177
0,0,0,0,48.66,NaN,NaN,NaN
0,0,0,0,48.67,NaN,NaN,NaN
0,0,0,0,48.68,-1.1208,1.5574,0.73933
0,0,0,0,48.69,-1.1298,1.5511,0.74112
0,0,0,0,48.7,NaN,NaN,NaN
0,0,0,0,48.71,NaN,NaN,NaN
0,0,0,0,48.72,-1.1544,1.5292,0.74793
0,0,0,0,48.73,-1.1634,1.5217,0.75054
0,0,0,0,48.74,-1.1712,1.5128,0.75265
0,0,0,0,48.75,-1.1787,1.5047,0.75508
0,0,0,0,48.76,-1.186,1.4963,0.75748
0,0,0,0,48.77,-1.1926,1.4866,0.75971
0,0,0,0,48.78,NaN,NaN,NaN
0,0,0,0,48.79,NaN,NaN,NaN
0,0,0,0,48.8,NaN,NaN,NaN
0,0,0,0,48.81,-1.2233,1.452,0.76729
0,0,0,0,48.82,-1.2305,1.4425,0.76916
0,0,0,0,48.83,-1.2362,1.4327,0.77154
0,0,0,0,48.84,-1.2413,1.4222,0.77346
0,0,0,0,48.85,-1.2479,1.4124,0.77488
0,0,0,0,48.86,-1.2554,1.4034,0.77616
0,0,0,0,48.87,-1.2621,1.3935,0.77828
0,0,0,0,48.88,-1.2691,1.3839,0.78046
0,0,0,0,48.89,-1.2751,1.3734,0.78212
0,0,0,0,48.9,-1.2802,1.3621,0.7837
0,0,0,0,48.91,-1.2855,1.351,0.78545
0,0,0,0,48.92,-1.2917,1.3401,0.78735
0,0,0,0,48.93,-1.2972,1.3289,0.78894
0,0,0,0,48.94,-1.3027,1.318,0.7908
0,0,0,0,48.95,-1.3078,1.3058,0.79258
0,0,0,0,48.96,-1.3127,1.2935,0.79413
0,0,0,0,48.97,-1.3174,1.281,0.79562
0,0,0,0,48.98,-1.322,1.2687,0.79711
0,0,0,0,48.99,-1.3269,1.2571,0.79869
0,0,0,0,49,-1.3314,1.2447,0.80033
0,0,0,0,49.01,-1.3357,1.232,0.80192
0,0,0,0,49.02,-1.3399,1.2196,0.80347
0,0,0,0,49.03,NaN,NaN,NaN
0,0,0,0,49.04,NaN,NaN,NaN
0,0,0,0,49.05,NaN,NaN,NaN
0,0,0,0,49.06,NaN,NaN,NaN
0,0,0,0,49.07,NaN,NaN,NaN
0,0,0,0,49.08,NaN,NaN,NaN
0,0,0,0,49.09,NaN,NaN,NaN
0,0,0,0,49.1,NaN,NaN,NaN
0,0,0,0,49.11,NaN,NaN,NaN
0,0,0,0,49.12,NaN,NaN,NaN
0,0,0,0,49.13,NaN,NaN,NaN
0,0,0,0,49.14,NaN,NaN,NaN
0,0,0,0,49.15,-1.3829,1.0442,0.82426
0,0,0,0,49.16,-1.3856,1.0298,0.82579
0,0,0,0,49.17,-1.3881,1.0154,0.82743
0,0,0,0,49.18,-1.3903,1.001,0.82904
0,0,0,0,49.19,-1.3921,0.98597,0.83059
0,0,0,0,49.2,-1.3941,0.971,0.83203
0,0,0,0,49.21,-1.3956,0.95563,0.83356
0,0,0,0,49.22,-1.3973,0.94066,0.83503
0,0,0,0,49.23,-1.399,0.92564,0.83652
0,0,0,0,49.24,-1.4003,0.90989,0.83819
0,0,0,0,49.25,-1.4017,0.8947,0.83985
0,0,0,0,49.26,-1.403,0.87945,0.84129
0,0,0,0,49.27,-1.404,0.86398,0.84275
0,0,0,0,49.28,-1.4048,0.84816,0.84433
0,0,0,0,49.29,-1.4055,0.83231,0.84594
0,0,0,0,49.3,-1.4063,0.81685,0.84749
0,0,0,0,49.31,-1.407,0.80141,0.84899
0,0,0,0,49.32,-1.4073,0.78536,0.85048
0,0,0,0,49.33,-1.4074,0.76914,0.85196
0,0,0,0,49.34,-1.4075,0.75311,0.85346
0,0,0,0,49.35,-1.4074,0.73706,0.85489
0,0,0,0,49.36,-1.4075,0.72106,0.85638
0,0,0,0,49.37,-1.4073,0.70481,0.85788
0,0,0,0,49.38,-1.4068,0.68844,0.85938
0,0,0,0,49.39,-1.4064,0.67213,0.86082
0,0,0,0,49.4,-1.4058,0.65585,0.86225
0,0,0,0,49.41,-1.4048,0.63936,0.86356
0,0,0,0,49.42,-1.4039,0.62288,0.86497
0,0,0,0,49.43,-1.4028,0.60636,0.86636
0,0,0,0,49.44,-1.401,0.58957,0.86778
0,0,0,0,49.45,-1.3992,0.57281,0.8693
0,0,0,0,49.46,-1.3984,0.55624,0.87065
0,0,0,0,49.47,-1.3974,0.53953,0.87188
0,0,0,0,49.48,-1.3961,0.52287,0.87323
0,0,0,0,49.49,-1.3943,0.50606,0.8745
0,0,0,0,49.5,-1.3925,0.48919,0.87592
0,0,0,0,49.51,-1.3902,0.47229,0.87756
0,0,0,0,49.52,-1.388,0.45556,0.87887
0,0,0,0,49.53,-1.3861,0.43888,0.88036
0,0,0,0,49.54,-1.3836,0.42255,0.8815
0,0,0,0,49.55,-1.3813,0.40642,0.88263
0,0,0,0,49.56,-1.3788,0.39037,0.88384
0,0,0,0,49.57,-1.3762,0.37443,0.88492
0,0,0,0,49.58,-1.3736,0.35863,0.88594
0,0,0,0,49.59,-1.3709,0.34296,0.88688
0,0,0,0,49.6,-1.3679,0.32738,0.88781
0,0,0,0,49.61,-1.3648,0.31182,0.88888
0,0,0,0,49.62,-1.3617,0.29612,0.8899
0,0,0,0,49.63,-1.3585,0.28045,0.8909
0,0,0,0,49.64,-1.355,0.26504,0.89177
0,0,0,0,49.65,-1.3513,0.24948,0.89261
0,0,0,0,49.66,-1.3479,0.23378,0.89372
0,0,0,0,49.67,-1.3441,0.21804,0.89483
0,0,0,0,49.68,-1.3402,0.20224,0.89585
0,0,0,0,49.69,-1.3362,0.18656,0.89696
0,0,0,0,49.7,-1.332,0.17087,0.89826
0,0,0,0,49.71,-1.3275,0.15502,0.89948
0,0,0,0,49.72,-1.3227,0.13909,0.9006
0,0,0,0,49.73,-1.3181,0.12326,0.90174
0,0,0,0,49.74,-1.3133,0.10748,0.90309
0,0,0,0,49.75,-1.3084,0.09162,0.90465
0,0,0,0,49.76,-1.3035,0.075782,0.90594
0,0,0,0,49.77,-1.2984,0.06004,0.90744
0,0,0,0,49.78,-1.2932,0.044333,0.90909
0,0,0,0,49.79,-1.2879,0.028617,0.91061
0,0,0,0,49.8,-1.2825,0.012983,0.91212
0,0,0,0,49.81,-1.2768,-0.002669,0.91357
0,0,0,0,49.82,-1.271,-0.018203,0.91503
0,0,0,0,49.83,-1.2651,-0.033543,0.91633
0,0,0,0,49.84,-1.259,-0.048886,0.91768
0,0,0,0,49.85,-1.253,-0.064129,0.91943
0,0,0,0,49.86,-1.2469,-0.079252,0.92086
0,0,0,0,49.87,-1.2407,-0.094232,0.92228
0,0,0,0,49.88,-1.2344,-0.10917,0.92368
0,0,0,0,49.89,-1.2272,-0.12419,0.9249
0,0,0,0,49.9,-1.2202,-0.13896,0.92601
0,0,0,0,49.91,-1.2143,-0.15342,0.92737
0,0,0,0,49.92,-1.2075,-0.16788,0.92887
0,0,0,0,49.93,-1.2013,-0.18229,0.93012
0,0,0,0,49.94,-1.1944,-0.19654,0.93137
0,0,0,0,49.95,-1.1875,-0.21066,0.93255
0,0,0,0,49.96,-1.1803,-0.22508,0.93363
0,0,0,0,49.97,-1.1729,-0.23917,0.93465
0,0,0,0,49.98,-1.1657,-0.25297,0.93586
0,0,0,0,49.99,-1.1586,-0.26649,0.93722
0,0,0,0,50,-1.1509,-0.2802,0.93842
0,0,0,0,50.01,-1.1431,-0.29388,0.93914
0,0,0,0,50.02,-1.135,-0.30761,0.94047
0,0,0,0,50.03,-1.1272,-0.32065,0.94179
0,0,0,0,50.04,-1.1199,-0.33366,0.94264
0,0,0,0,50.05,-1.1117,-0.34747,0.94357
0,0,0,0,50.06,-1.1039,-0.36057,0.94468
0,0,0,0,50.07,-1.0955,-0.37363,0.94551
0,0,0,0,50.08,-1.0875,-0.38635,0.9465
0,0,0,0,50.09,-1.0792,-0.39893,0.9471
0,0,0,0,50.1,-1.071,-0.41127,0.94808
0,0,0,0,50.11,-1.0628,-0.42333,0.94907
0,0,0,0,50.12,-1.0543,-0.43542,0.94987
0,0,0,0,50.13,-1.0451,-0.44756,0.95059
0,0,0,0,50.14,-1.0361,-0.45965,0.95135
0,0,0,0,50.15,-1.0279,-0.47163,0.95196
0,0,0,0,50.16,-1.0191,-0.48347,0.95301
0,0,0,0,50.17,-1.0098,-0.49548,0.95408
0,0,0,0,50.18,-1.0006,-0.5074,0.95497
0,0,0,0,50.19,-0.99131,-0.51924,0.95583
0,0,0,0,50.2,-0.98183,-0.53117,0.95677
0,0,0,0,50.21,-0.97266,-0.54301,0.95769
0,0,0,0,50.22,-0.96319,-0.5546,0.95869
0,0,0,0,50.23,-0.95371,-0.56634,0.95969
0,0,0,0,50.24,-0.94391,-0.5781,0.96069
0,0,0,0,50.25,-0.93403,-0.58974,0.96173
0,0,0,0,50.26,-0.9241,-0.60137,0.96288
0,0,0,0,50.27,-0.914,-0.6128,0.96401
0,0,0,0,50.28,-0.904,-0.62406,0.96504
0,0,0,0,50.29,-0.89397,-0.63538,0.96621
0,0,0,0,50.3,-0.88374,-0.64661,0.96743
0,0,0,0,50.31,-0.87318,-0.65794,0.96854
0,0,0,0,50.32,-0.8629,-0.66911,0.96972
0,0,0,0,50.33,-0.85252,-0.68014,0.97081
0,0,0,0,50.34,-0.84185,-0.69101,0.97176
0,0,0,0,50.35,-0.83133,-0.70171,0.97323
0,0,0,0,50.36,-0.82064,-0.71242,0.97447
0,0,0,0,50.37,-0.80984,-0.72303,0.97555
0,0,0,0,50.38,-0.79896,-0.73343,0.97684
0,0,0,0,50.39,-0.78796,-0.74359,0.97803
0,0,0,0,50.4,-0.77687,-0.75371,0.97904
0,0,0,0,50.41,-0.76591,-0.76358,0.98019
0,0,0,0,50.42,-0.75506,-0.7733,0.98115
0,0,0,0,50.43,-0.74394,-0.78308,0.98231
0,0,0,0,50.44,-0.73274,-0.79246,0.98325
0,0,0,0,50.45,-0.72152,-0.80153,0.98406
0,0,0,0,50.46,-0.7103,-0.81056,0.98513
0,0,0,0,50.47,-0.69886,-0.81947,0.98605
0,0,0,0,50.48,-0.68757,-0.82829,0.98694
0,0,0,0,50.49,-0.67617,-0.83696,0.98774
0,0,0,0,50.5,-0.66481,-0.84566,0.98869
0,0,0,0,50.51,-0.65344,-0.85424,0.9897
0,0,0,0,50.52,-0.64191,-0.8626,0.99067
0,0,0,0,50.53,-0.63022,-0.87103,0.99168
0,0,0,0,50.54,-0.61858,-0.87927,0.99264
0,0,0,0,50.55,-0.60679,-0.88742,0.99358
0,0,0,0,50.56,-0.59503,-0.89557,0.99464
0,0,0,0,50.57,-0.58304,-0.90362,0.99563
0,0,0,0,50.58,-0.57104,-0.91151,0.9965
0,0,0,0,50.59,-0.55933,-0.91924,0.99766
0,0,0,0,50.6,-0.54705,-0.92705,0.99886
0,0,0,0,50.61,-0.5348,-0.93462,0.99988
0,0,0,0,50.62,-0.5225,-0.94203,1.001
0,0,0,0,50.63,-0.51022,-0.94933,1.002
0,0,0,0,50.64,-0.49792,-0.95653,1.003
0,0,0,0,50.65,-0.48552,-0.9636,1.0041
0,0,0,0,50.66,-0.47324,-0.97064,1.0051
0,0,0,0,50.67,-0.46091,-0.97756,1.0061
0,0,0,0,50.68,-0.4485,-0.98431,1.007
0,0,0,0,50.69,-0.43594,-0.99111,1.0082
0,0,0,0,50.7,-0.42329,-0.99771,1.0096
0,0,0,0,50.71,-0.41076,-1.0041,1.0108
0,0,0,0,50.72,-0.39815,-1.0104,1.0117
0,0,0,0,50.73,-0.38545,-1.0165,1.0127
0,0,0,0,50.74,-0.3727,-1.0224,1.0138
0,0,0,0,50.75,-0.36015,-1.0282,1.0148
0,0,0,0,50.76,-0.34753,-1.0335,1.0157
0,0,0,0,50.77,-0.33476,-1.0389,1.0167
0,0,0,0,50.78,-0.32196,-1.0444,1.0177
0,0,0,0,50.79,-0.30931,-1.0494,1.0186
0,0,0,0,50.8,-0.29661,-1.0543,1.0194
0,0,0,0,50.81,-0.28382,-1.0591,1.0203
0,0,0,0,50.82,-0.27105,-1.0637,1.0213
0,0,0,0,50.83,-0.25845,-1.0682,1.0221
0,0,0,0,50.84,-0.24572,-1.0726,1.023
0,0,0,0,50.85,-0.23292,-1.0769,1.0239
0,0,0,0,50.86,-0.22027,-1.0811,1.025
0,0,0,0,50.87,-0.20754,-1.085,1.026
0,0,0,0,50.88,-0.19496,-1.0889,1.0269
0,0,0,0,50.89,-0.18234,-1.0925,1.0278
0,0,0,0,50.9,-0.16963,-1.0961,1.0289
0,0,0,0,50.91,-0.15711,-1.0995,1.0298
0,0,0,0,50.92,-0.14442,-1.1028,1.0309
0,0,0,0,50.93,-0.13193,-1.1059,1.032
0,0,0,0,50.94,-0.11936,-1.1089,1.0331
0,0,0,0,50.95,-0.10678,-1.1118,1.0341
0,0,0,0,50.96,-0.094423,-1.1145,1.0351
0,0,0,0,50.97,-0.082032,-1.117,1.0362
0,0,0,0,50.98,-0.069532,-1.1196,1.0374
0,0,0,0,50.99,-0.057028,-1.1219,1.0385
0,0,0,0,51,-0.044614,-1.124,1.0395
0,0,0,0,51.01,-0.032294,-1.1259,1.0406
0,0,0,0,51.02,-0.019873,-1.1277,1.042
0,0,0,0,51.03,-0.007494,-1.1295,1.0435
0,0,0,0,51.04,0.004883,-1.1311,1.0447
0,0,0,0,51.05,0.01718,-1.1324,1.046
0,0,0,0,51.06,0.029381,-1.1335,1.0474
0,0,0,0,51.07,0.041665,-1.1346,1.0488
0,0,0,0,51.08,0.053888,-1.1355,1.0501
0,0,0,0,51.09,0.066119,-1.1362,1.0514
0,0,0,0,51.1,0.078074,-1.1368,1.0528
0,0,0,0,51.11,0.090055,-1.1371,1.0541
0,0,0,0,51.12,0.10193,-1.1373,1.0555
0,0,0,0,51.13,0.1137,-1.1373,1.0568
0,0,0,0,51.14,0.12545,-1.1372,1.0583
0,0,0,0,51.15,0.13729,-1.1369,1.0597
0,0,0,0,51.16,0.14886,-1.1364,1.061
0,0,0,0,51.17,0.16038,-1.1358,1.0625
0,0,0,0,51.18,0.17193,-1.135,1.0639
0,0,0,0,51.19,0.18337,-1.134,1.0653
0,0,0,0,51.2,0.19462,-1.1329,1.0668
0,0,0,0,51.21,0.20585,-1.1316,1.0682
0,0,0,0,51.22,0.21703,-1.1302,1.0698
0,0,0,0,51.23,0.22824,-1.1286,1.0712
0,0,0,0,51.24,0.23943,-1.1268,1.0726
0,0,0,0,51.25,0.25033,-1.1249,1.0741
0,0,0,0,51.26,0.26122,-1.123,1.0757
0,0,0,0,51.27,0.27201,-1.1208,1.0772
0,0,0,0,51.28,0.28268,-1.1183,1.0787
0,0,0,0,51.29,0.29361,-1.1156,1.0803
0,0,0,0,51.3,0.30434,-1.1129,1.0819
0,0,0,0,51.31,0.31493,-1.1099,1.0834
0,0,0,0,51.32,0.32552,-1.1067,1.085
0,0,0,0,51.33,0.33592,-1.1032,1.0866
0,0,0,0,51.34,0.34648,-1.0997,1.0883
0,0,0,0,51.35,0.35685,-1.0961,1.0899
0,0,0,0,51.36,0.36705,-1.0923,1.0916
0,0,0,0,51.37,0.37734,-1.0882,1.0931
0,0,0,0,51.38,0.38745,-1.084,1.0947
0,0,0,0,51.39,0.39752,-1.0797,1.0963
0,0,0,0,51.4,0.40749,-1.0753,1.098
0,0,0,0,51.41,0.41733,-1.0706,1.0996
0,0,0,0,51.42,0.42718,-1.0659,1.1013
0,0,0,0,51.43,0.43681,-1.0609,1.1028
0,0,0,0,51.44,0.44647,-1.056,1.1044
0,0,0,0,51.45,0.45615,-1.0508,1.1061
0,0,0,0,51.46,0.46534,-1.0452,1.1076
0,0,0,0,51.47,0.47458,-1.0397,1.1092
0,0,0,0,51.48,0.48395,-1.034,1.1109
0,0,0,0,51.49,0.493,-1.0282,1.1124
0,0,0,0,51.5,0.50195,-1.022,1.1139
0,0,0,0,51.51,0.51079,-1.0158,1.1156
0,0,0,0,51.52,0.51959,-1.0095,1.117
0,0,0,0,51.53,0.52833,-1.003,1.1184
0,0,0,0,51.54,0.53692,-0.99618,1.1199
0,0,0,0,51.55,0.54546,-0.98933,1.1215
0,0,0,0,51.56,0.55373,-0.98216,1.123
0,0,0,0,51.57,0.56211,-0.97495,1.1245
0,0,0,0,51.58,0.57028,-0.96749,1.1259
0,0,0,0,51.59,0.57852,-0.95991,1.1273
0,0,0,0,51.6,0.58688,-0.95209,1.1289
0,0,0,0,51.61,0.59518,-0.94419,1.1305
0,0,0,0,51.62,0.6032,-0.93603,1.132
0,0,0,0,51.63,0.61142,-0.92779,1.1335
0,0,0,0,51.64,0.6195,-0.91934,1.1351
0,0,0,0,51.65,0.62718,-0.91072,1.1367
0,0,0,0,51.66,0.63488,-0.90194,1.1382
0,0,0,0,51.67,0.64263,-0.89299,1.1398
0,0,0,0,51.68,0.65026,-0.88403,1.1413
0,0,0,0,51.69,0.65808,-0.87496,1.1429
0,0,0,0,51.7,0.66556,-0.86562,1.1445
0,0,0,0,51.71,0.67289,-0.85615,1.1461
0,0,0,0,51.72,0.68024,-0.84656,1.1477
0,0,0,0,51.73,0.68749,-0.83683,1.1493
0,0,0,0,51.74,0.69464,-0.82688,1.1508
0,0,0,0,51.75,0.70186,-0.81679,1.1524
0,0,0,0,51.76,0.70874,-0.80654,1.154
0,0,0,0,51.77,0.7156,-0.79609,1.1555
0,0,0,0,51.78,0.72225,-0.78543,1.1571
0,0,0,0,51.79,0.729,-0.77478,1.1586
0,0,0,0,51.8,0.73566,-0.76396,1.1602
0,0,0,0,51.81,0.74241,-0.75298,1.1617
0,0,0,0,51.82,0.74904,-0.74188,1.1633
0,0,0,0,51.83,0.75538,-0.73054,1.1649
0,0,0,0,51.84,0.76189,-0.71913,1.1664
0,0,0,0,51.85,0.7685,-0.7076,1.1679
0,0,0,0,51.86,0.77518,-0.69593,1.1695
0,0,0,0,51.87,0.78131,-0.68396,1.171
0,0,0,0,51.88,0.78736,-0.67185,1.1726
0,0,0,0,51.89,0.7938,-0.65979,1.1741
0,0,0,0,51.9,0.79981,-0.64748,1.1756
0,0,0,0,51.91,0.80591,-0.63512,1.1771
0,0,0,0,51.92,0.81182,-0.6226,1.1788
0,0,0,0,51.93,0.81764,-0.60994,1.1804
0,0,0,0,51.94,0.82354,-0.59719,1.1819
0,0,0,0,51.95,0.82909,-0.58423,1.1835
0,0,0,0,51.96,0.83486,-0.57134,1.185
0,0,0,0,51.97,0.84064,-0.55843,1.1867
0,0,0,0,51.98,0.84636,-0.54531,1.1883
0,0,0,0,51.99,0.85215,-0.532,1.1898
0,0,0,0,52,0.85767,-0.51837,1.1914
0,0,0,0,52.01,0.86331,-0.50479,1.1929
0,0,0,0,52.02,0.86894,-0.49132,1.1945
0,0,0,0,52.03,0.87437,-0.4776,1.196
0,0,0,0,52.04,0.87969,-0.4637,1.1976
0,0,0,0,52.05,0.88494,-0.44974,1.1992
0,0,0,0,52.06,0.89027,-0.43583,1.201
0,0,0,0,52.07,0.89547,-0.42178,1.2026
0,0,0,0,52.08,0.90065,-0.40769,1.2042
0,0,0,0,52.09,0.90576,-0.39351,1.2058
0,0,0,0,52.1,0.91079,-0.37922,1.2075
0,0,0,0,52.11,0.91587,-0.36495,1.2093
0,0,0,0,52.12,0.92092,-0.35052,1.2109
0,0,0,0,52.13,0.92578,-0.33595,1.2125
0,0,0,0,52.14,0.93072,-0.32137,1.2141
0,0,0,0,52.15,0.93569,-0.30667,1.2157
0,0,0,0,52.16,0.94053,-0.29177,1.2172
0,0,0,0,52.17,0.94544,-0.27687,1.2188
0,0,0,0,52.18,0.95046,-0.26201,1.2205
0,0,0,0,52.19,0.9553,-0.24694,1.222
0,0,0,0,52.2,0.96014,-0.23182,1.2236
0,0,0,0,52.21,0.96478,-0.2165,1.2251
0,0,0,0,52.22,0.96958,-0.20119,1.2266
0,0,0,0,52.23,0.9743,-0.18584,1.2281
0,0,0,0,52.24,0.97905,-0.17047,1.2297
0,0,0,0,52.25,0.98375,-0.155,1.2312
0,0,0,0,52.26,0.98833,-0.13949,1.2328
0,0,0,0,52.27,0.99292,-0.12402,1.2344
0,0,0,0,52.28,0.99752,-0.10847,1.2359
0,0,0,0,52.29,1.0021,-0.092963,1.2375
0,0,0,0,52.3,1.0067,-0.077522,1.2392
0,0,0,0,52.31,1.0113,-0.062062,1.2409
0,0,0,0,52.32,1.016,-0.046613,1.2426
0,0,0,0,52.33,1.0206,-0.031227,1.2443
0,0,0,0,52.34,1.0252,-0.015867,1.2461
0,0,0,0,52.35,1.0297,-0.000499,1.2479
0,0,0,0,52.36,1.0343,0.014772,1.2498
0,0,0,0,52.37,1.0389,0.030022,1.2516
0,0,0,0,52.38,1.0436,0.045203,1.2535
0,0,0,0,52.39,1.0483,0.060379,1.2554
0,0,0,0,52.4,1.0528,0.07556,1.2574
0,0,0,0,52.41,1.0573,0.090842,1.2593
0,0,0,0,52.42,1.0619,0.10602,1.2612
0,0,0,0,52.43,1.0667,0.12103,1.2631
0,0,0,0,52.44,1.0714,0.13605,1.265
0,0,0,0,52.45,1.076,0.15116,1.2669
0,0,0,0,52.46,1.0807,0.16611,1.2689
0,0,0,0,52.47,1.0854,0.18094,1.2709
0,0,0,0,52.48,1.0901,0.19577,1.2728
0,0,0,0,52.49,1.0947,0.21055,1.2748
0,0,0,0,52.5,1.0993,0.22535,1.2767
0,0,0,0,52.51,1.104,0.23988,1.2788
0,0,0,0,52.52,1.1087,0.25433,1.2808
0,0,0,0,52.53,1.1133,0.26882,1.2826
0,0,0,0,52.54,1.118,0.28328,1.2844
0,0,0,0,52.55,1.1226,0.29763,1.2863
0,0,0,0,52.56,1.1274,0.31189,1.2881
0,0,0,0,52.57,1.1321,0.32619,1.29
0,0,0,0,52.58,1.1365,0.3406,1.2918
0,0,0,0,52.59,1.1411,0.35499,1.2935
0,0,0,0,52.6,1.1458,0.36933,1.2952
0,0,0,0,52.61,1.1504,0.38352,1.2968
0,0,0,0,52.62,1.1551,0.39753,1.2984
0,0,0,0,52.63,1.1597,0.41154,1.3001
0,0,0,0,52.64,1.1644,0.42539,1.3019
0,0,0,0,52.65,1.1691,0.43888,1.3036
0,0,0,0,52.66,1.1737,0.45245,1.3053
0,0,0,0,52.67,1.1784,0.46572,1.307
0,0,0,0,52.68,1.1831,0.47868,1.3086
0,0,0,0,52.69,1.1881,0.49157,1.3104
0,0,0,0,52.7,1.1925,0.50401,1.3118
0,0,0,0,52.71,1.1971,0.51664,1.3134
0,0,0,0,52.72,1.202,0.52882,1.3153
0,0,0,0,52.73,1.2067,0.54077,1.317
0,0,0,0,52.74,1.2114,0.55239,1.3186
0,0,0,0,52.75,1.2161,0.56377,1.3202
0,0,0,0,52.76,1.221,0.57464,1.3221
0,0,0,0,52.77,1.2258,0.58532,1.3236
0,0,0,0,52.78,1.2309,0.59584,1.3254
0,0,0,0,52.79,1.236,0.60583,1.327
0,0,0,0,52.8,1.2403,0.61569,1.3285
0,0,0,0,52.81,1.2451,0.6255,1.33
0,0,0,0,52.82,1.25,0.63525,1.3316
0,0,0,0,52.83,1.2548,0.64462,1.333
0,0,0,0,52.84,1.2597,0.65359,1.3345
0,0,0,0,52.85,1.2646,0.66241,1.336
0,0,0,0,52.86,1.2694,0.67085,1.3374
0,0,0,0,52.87,1.2741,0.67908,1.3387
0,0,0,0,52.88,1.2787,0.68705,1.3399
0,0,0,0,52.89,1.2834,0.69461,1.3411
0,0,0,0,52.9,1.2881,0.70176,1.3422
0,0,0,0,52.91,1.2926,0.70877,1.3431
0,0,0,0,52.92,1.2971,0.71539,1.3441
0,0,0,0,52.93,1.3017,0.72145,1.3452
0,0,0,0,52.94,1.3063,0.7273,1.3459
0,0,0,0,52.95,1.3108,0.73301,1.3466
0,0,0,0,52.96,1.3154,0.73851,1.3474
0,0,0,0,52.97,1.3198,0.7438,1.3481
0,0,0,0,52.98,1.3242,0.74918,1.3486
0,0,0,0,52.99,1.3286,0.75414,1.3492
0,0,0,0,53,1.3331,0.75851,1.3497
0,0,0,0,53.01,1.3379,0.76313,1.3502
0,0,0,0,53.02,1.3423,0.76744,1.3508
0,0,0,0,53.03,1.3467,0.77135,1.3514
0,0,0,0,53.04,1.3513,0.77515,1.3516
0,0,0,0,53.05,1.3557,0.77937,1.3521
0,0,0,0,53.06,1.3602,0.78277,1.3524
0,0,0,0,53.07,1.3645,0.78617,1.3526
0,0,0,0,53.08,1.3689,0.78917,1.3528
0,0,0,0,53.09,1.3735,0.79137,1.353
0,0,0,0,53.1,1.3778,0.79402,1.3532
0,0,0,0,53.11,1.3818,0.79622,1.3529
0,0,0,0,53.12,1.3859,0.79783,1.3528
0,0,0,0,53.13,1.3903,0.79898,1.3527
0,0,0,0,53.14,1.3943,0.80014,1.3526
0,0,0,0,53.15,1.3987,0.80099,1.3525
0,0,0,0,53.16,1.4027,0.80127,1.3523
0,0,0,0,53.17,1.4066,0.80143,1.3519
0,0,0,0,53.18,1.4107,0.80109,1.3515
0,0,0,0,53.19,1.4149,0.80023,1.3508
0,0,0,0,53.2,1.4187,0.79957,1.3505
0,0,0,0,53.21,1.4228,0.79881,1.3503
0,0,0,0,53.22,1.4263,0.79762,1.3499
0,0,0,0,53.23,1.4299,0.79563,1.3494
0,0,0,0,53.24,1.4335,0.79375,1.3489
0,0,0,0,53.25,1.4372,0.79151,1.3483
0,0,0,0,53.26,1.4406,0.78888,1.3475
0,0,0,0,53.27,1.444,0.78602,1.3465
0,0,0,0,53.28,1.4472,0.78295,1.3459
0,0,0,0,53.29,1.4504,0.77905,1.3452
0,0,0,0,53.3,1.4535,0.7753,1.3446
0,0,0,0,53.31,1.4573,0.77121,1.3441
0,0,0,0,53.32,1.4604,0.76696,1.3433
0,0,0,0,53.33,1.4636,0.76207,1.3425
0,0,0,0,53.34,1.4665,0.75727,1.3414
0,0,0,0,53.35,1.4699,0.75269,1.341
0,0,0,0,53.36,1.4731,0.74737,1.3402
0,0,0,0,53.37,1.4759,0.7425,1.3397
0,0,0,0,53.38,1.4785,0.73692,1.3388
0,0,0,0,53.39,1.4813,0.73107,1.3381
0,0,0,0,53.4,1.4844,0.72487,1.3371
0,0,0,0,53.41,1.4873,0.71852,1.3362
0,0,0,0,53.42,1.4895,0.71281,1.3355
0,0,0,0,53.43,1.4918,0.70582,1.3349
0,0,0,0,53.44,1.4943,0.69858,1.3341
0,0,0,0,53.45,1.4969,0.69106,1.3333
0,0,0,0,53.46,1.4992,0.68344,1.3325
0,0,0,0,53.47,1.5012,0.67567,1.3315
0,0,0,0,53.48,1.5039,0.66761,1.3307
0,0,0,0,53.49,1.5062,0.65946,1.33
0,0,0,0,53.5,1.5081,0.65106,1.329
0,0,0,0,53.51,1.5101,0.64255,1.3282
0,0,0,0,53.52,1.5121,0.63378,1.3274
0,0,0,0,53.53,1.5141,0.62448,1.3268
0,0,0,0,53.54,1.516,0.61542,1.3255
0,0,0,0,53.55,1.5183,0.60579,1.3243
0,0,0,0,53.56,1.52,0.59688,1.3236
0,0,0,0,53.57,1.5216,0.58769,1.3229
0,0,0,0,53.58,1.5232,0.57824,1.3223
0,0,0,0,53.59,1.5247,0.5688,1.3212
0,0,0,0,53.6,1.5261,0.55896,1.3202
0,0,0,0,53.61,1.5276,0.54867,1.3189
0,0,0,0,53.62,1.5291,0.53846,1.3179
0,0,0,0,53.63,1.5301,0.52892,1.3171
0,0,0,0,53.64,1.5312,0.51844,1.3161
0,0,0,0,53.65,1.5324,0.50766,1.315
0,0,0,0,53.66,1.5333,0.49689,1.3139
0,0,0,0,53.67,1.5345,0.48597,1.3127
0,0,0,0,53.68,1.5355,0.47459,1.3119
0,0,0,0,53.69,1.5361,0.46332,1.3108
0,0,0,0,53.7,1.5367,0.4518,1.3094
0,0,0,0,53.71,1.5373,0.44029,1.3083
0,0,0,0,53.72,1.5381,0.42846,1.3068
0,0,0,0,53.73,1.5386,0.41667,1.3054
0,0,0,0,53.74,1.5388,0.40507,1.3042
0,0,0,0,53.75,1.5389,0.39335,1.3027
0,0,0,0,53.76,1.539,0.38139,1.3013
0,0,0,0,53.77,1.5391,0.36941,1.3
0,0,0,0,53.78,1.5391,0.35733,1.2988
0,0,0,0,53.79,1.539,0.34526,1.2973
0,0,0,0,53.8,1.5391,0.33282,1.2959
0,0,0,0,53.81,1.5388,0.32056,1.2944
0,0,0,0,53.82,1.5383,0.30851,1.2933
0,0,0,0,53.83,1.5379,0.29622,1.2919
0,0,0,0,53.84,1.5374,0.28353,1.2903
0,0,0,0,53.85,1.5367,0.27071,1.2887
0,0,0,0,53.86,1.5358,0.25761,1.2874
0,0,0,0,53.87,1.5349,0.24447,1.2861
0,0,0,0,53.88,1.534,0.23109,1.2849
0,0,0,0,53.89,1.533,0.21758,1.2836
0,0,0,0,53.9,1.532,0.20383,1.2823
0,0,0,0,53.91,1.5309,0.18993,1.2811
0,0,0,0,53.92,1.5295,0.17647,1.2801
0,0,0,0,53.93,1.5285,0.16256,1.279
0,0,0,0,53.94,1.527,0.14813,1.2779
0,0,0,0,53.95,1.5254,0.13424,1.2767
0,0,0,0,53.96,1.5238,0.12024,1.2753
0,0,0,0,53.97,1.5223,0.10577,1.2743
0,0,0,0,53.98,1.5204,0.0919,1.2734
0,0,0,0,53.99,1.5184,0.077778,1.2723
0,0,0,0,54,1.5163,0.063687,1.2713
0,0,0,0,54.01,1.5142,0.049503,1.2704
0,0,0,0,54.02,1.5118,0.03551,1.2693
0,0,0,0,54.03,1.5097,0.02127,1.2685
0,0,0,0,54.04,1.5074,0.006975,1.2675
0,0,0,0,54.05,1.5049,-0.007179,1.2666
0,0,0,0,54.06,1.5018,-0.020933,1.2653
0,0,0,0,54.07,1.4991,-0.034884,1.2643
0,0,0,0,54.08,1.4962,-0.048866,1.2633
0,0,0,0,54.09,1.4932,-0.062733,1.2623
0,0,0,0,54.1,1.49,-0.076603,1.2612
0,0,0,0,54.11,1.4869,-0.090561,1.2602
0,0,0,0,54.12,1.4835,-0.10418,1.2592
0,0,0,0,54.13,1.4798,-0.11764,1.258
0,0,0,0,54.14,1.4761,-0.13121,1.2568
0,0,0,0,54.15,1.4722,-0.14469,1.2556
0,0,0,0,54.16,1.4683,-0.15815,1.2545
0,0,0,0,54.17,1.4643,-0.17152,1.2534
0,0,0,0,54.18,1.4601,-0.18491,1.2523
0,0,0,0,54.19,1.4559,-0.19836,1.2513
0,0,0,0,54.2,1.4516,-0.21179,1.2503
0,0,0,0,54.21,1.4469,-0.22503,1.2492
0,0,0,0,54.22,1.4421,-0.23828,1.2483
0,0,0,0,54.23,1.4372,-0.25161,1.2472
0,0,0,0,54.24,1.4322,-0.26483,1.2462
0,0,0,0,54.25,1.4273,-0.27832,1.2454
0,0,0,0,54.26,1.4222,-0.29189,1.2446
0,0,0,0,54.27,1.4166,-0.3052,1.2437
0,0,0,0,54.28,1.4111,-0.3184,1.2426
0,0,0,0,54.29,1.4055,-0.33167,1.2416
0,0,0,0,54.3,1.3995,-0.34509,1.2412
0,0,0,0,54.31,1.3936,-0.35834,1.2403
0,0,0,0,54.32,1.3876,-0.37155,1.2395
0,0,0,0,54.33,1.3814,-0.38475,1.2389
0,0,0,0,54.34,1.3749,-0.39757,1.238
0,0,0,0,54.35,1.3684,-0.41047,1.2373
0,0,0,0,54.36,1.3618,-0.42329,1.2366
0,0,0,0,54.37,1.3549,-0.43607,1.2359
0,0,0,0,54.38,1.3479,-0.4488,1.2352
0,0,0,0,54.39,1.3408,-0.46133,1.2344
0,0,0,0,54.4,1.3335,-0.47375,1.2338
0,0,0,0,54.41,1.3261,-0.48619,1.233
0,0,0,0,54.42,1.3186,-0.4984,1.2323
0,0,0,0,54.43,1.3111,-0.51058,1.2316
0,0,0,0,54.44,1.3035,-0.52292,1.2309
0,0,0,0,54.45,1.2956,-0.53489,1.2303
0,0,0,0,54.46,1.2877,-0.54671,1.2295
0,0,0,0,54.47,1.2792,-0.55838,1.2287
0,0,0,0,54.48,1.2707,-0.57001,1.2281
0,0,0,0,54.49,1.262,-0.58162,1.2273
0,0,0,0,54.5,1.2534,-0.59323,1.2265
0,0,0,0,54.51,1.2445,-0.60482,1.2258
0,0,0,0,54.52,1.2356,-0.61622,1.2251
0,0,0,0,54.53,1.2261,-0.6274,1.2243
0,0,0,0,54.54,1.2165,-0.63848,1.2235
0,0,0,0,54.55,1.2068,-0.64955,1.2226
0,0,0,0,54.56,1.1971,-0.6608,1.222
0,0,0,0,54.57,1.1874,-0.6719,1.2211
0,0,0,0,54.58,1.1775,-0.68283,1.22
0,0,0,0,54.59,1.1671,-0.69369,1.2195
0,0,0,0,54.6,1.1566,-0.70443,1.2188
0,0,0,0,54.61,1.1462,-0.71515,1.2181
0,0,0,0,54.62,1.1354,-0.72578,1.2174
0,0,0,0,54.63,1.1244,-0.73639,1.2167
0,0,0,0,54.64,1.1134,-0.74694,1.2159
0,0,0,0,54.65,1.1024,-0.7573,1.2152
0,0,0,0,54.66,1.0911,-0.76747,1.2145
0,0,0,0,54.67,1.0797,-0.77756,1.2136
0,0,0,0,54.68,1.0683,-0.7874,1.2128
0,0,0,0,54.69,1.0566,-0.79726,1.2123
0,0,0,0,54.7,1.0449,-0.807,1.2115
0,0,0,0,54.71,1.0329,-0.81649,1.2108
0,0,0,0,54.72,1.021,-0.8259,1.2102
0,0,0,0,54.73,1.0088,-0.83507,1.2095
0,0,0,0,54.74,0.99654,-0.84419,1.2089
0,0,0,0,54.75,0.98416,-0.85317,1.2083
0,0,0,0,54.76,0.97166,-0.86202,1.2077
0,0,0,0,54.77,0.95897,-0.87053,1.207
0,0,0,0,54.78,0.9463,-0.87893,1.2063
0,0,0,0,54.79,0.93356,-0.88732,1.2057
0,0,0,0,54.8,0.92058,-0.89542,1.205
0,0,0,0,54.81,0.90761,-0.90349,1.2043
0,0,0,0,54.82,0.8945,-0.91139,1.2036
0,0,0,0,54.83,0.88104,-0.9191,1.203
0,0,0,0,54.84,0.86761,-0.92674,1.2024
0,0,0,0,54.85,0.85417,-0.93425,1.2018
0,0,0,0,54.86,0.84059,-0.94155,1.2012
0,0,0,0,54.87,0.82691,-0.94866,1.2006
0,0,0,0,54.88,0.81325,-0.95569,1.2
0,0,0,0,54.89,0.7995,-0.96254,1.1995
0,0,0,0,54.9,0.78555,-0.96925,1.1989
0,0,0,0,54.91,0.77165,-0.97576,1.1983
0,0,0,0,54.92,0.75798,-0.98217,1.1976
0,0,0,0,54.93,0.74394,-0.9883,1.1971
0,0,0,0,54.94,0.72968,-0.99424,1.1966
0,0,0,0,54.95,0.71553,-0.99992,1.196
0,0,0,0,54.96,0.70141,-1.0054,1.1954
0,0,0,0,54.97,0.68724,-1.0107,1.1948
0,0,0,0,54.98,0.67303,-1.0156,1.1942
0,0,0,0,54.99,0.65887,-1.0205,1.1935
0,0,0,0,55,0.64472,-1.0252,1.193
0,0,0,0,55.01,0.63052,-1.0297,1.1924
0,0,0,0,55.02,0.61633,-1.0338,1.1917
0,0,0,0,55.03,0.6022,-1.038,1.1912
0,0,0,0,55.04,0.58803,-1.0419,1.1908
0,0,0,0,55.05,0.57362,-1.0456,1.1904
0,0,0,0,55.06,0.55944,-1.0491,1.1898
0,0,0,0,55.07,0.54517,-1.0525,1.1893
0,0,0,0,55.08,0.53086,-1.0555,1.1888
0,0,0,0,55.09,0.51657,-1.0584,1.1883
0,0,0,0,55.1,0.50234,-1.0612,1.1877
0,0,0,0,55.11,0.4881,-1.0636,1.1872
0,0,0,0,55.12,0.47373,-1.0658,1.1865
0,0,0,0,55.13,0.45945,-1.0678,1.1859
0,0,0,0,55.14,0.44509,-1.0696,1.1852
0,0,0,0,55.15,0.43071,-1.0711,1.1845
0,0,0,0,55.16,0.41634,-1.0725,1.1838
0,0,0,0,55.17,0.40205,-1.0737,1.1831
0,0,0,0,55.18,0.38766,-1.0747,1.1824
0,0,0,0,55.19,0.37334,-1.0754,1.1817
0,0,0,0,55.2,0.35897,-1.0761,1.1809
0,0,0,0,55.21,0.34468,-1.0765,1.1801
0,0,0,0,55.22,0.33032,-1.0767,1.1793
0,0,0,0,55.23,0.31605,-1.0766,1.1785
0,0,0,0,55.24,0.30193,-1.0763,1.1777
0,0,0,0,55.25,0.28782,-1.0757,1.1767
0,0,0,0,55.26,0.27372,-1.0749,1.1758
0,0,0,0,55.27,0.25969,-1.0739,1.1748
0,0,0,0,55.28,0.24584,-1.0727,1.1738
0,0,0,0,55.29,0.23187,-1.0711,1.1727
0,0,0,0,55.3,0.21789,-1.0694,1.1717
0,0,0,0,55.31,0.204,-1.0675,1.1706
0,0,0,0,55.32,0.19024,-1.0653,1.1694
0,0,0,0,55.33,0.17654,-1.0629,1.1682
0,0,0,0,55.34,0.16288,-1.0604,1.167
0,0,0,0,55.35,0.14898,-1.0576,1.1657
0,0,0,0,55.36,0.13528,-1.0545,1.1645
0,0,0,0,55.37,0.12177,-1.0513,1.1632
0,0,0,0,55.38,0.10826,-1.0479,1.1619
0,0,0,0,55.39,0.094537,-1.0442,1.1606
0,0,0,0,55.4,0.081138,-1.0404,1.1592
0,0,0,0,55.41,0.067739,-1.0363,1.1577
0,0,0,0,55.42,0.054372,-1.032,1.1563
0,0,0,0,55.43,0.040853,-1.0275,1.1548
0,0,0,0,55.44,0.02757,-1.0228,1.1533
0,0,0,0,55.45,0.014208,-1.0179,1.1518
0,0,0,0,55.46,0.000893,-1.0128,1.1504
0,0,0,0,55.47,-0.012264,-1.0075,1.1488
0,0,0,0,55.48,-0.025495,-1.002,1.1473
0,0,0,0,55.49,-0.038582,-0.99635,1.1457
0,0,0,0,55.5,-0.051622,-0.99047,1.1442
0,0,0,0,55.51,-0.064657,-0.9844,1.1425
0,0,0,0,55.52,-0.077719,-0.97808,1.1409
0,0,0,0,55.53,-0.090687,-0.97163,1.1393
0,0,0,0,55.54,-0.10352,-0.96511,1.1377
0,0,0,0,55.55,-0.11648,-0.95831,1.136
0,0,0,0,55.56,-0.12934,-0.95126,1.1344
0,0,0,0,55.57,-0.14217,-0.94406,1.1326
0,0,0,0,55.58,-0.15492,-0.93681,1.1309
0,0,0,0,55.59,-0.16776,-0.92934,1.1293
0,0,0,0,55.6,-0.18051,-0.92168,1.1275
0,0,0,0,55.61,-0.19324,-0.91388,1.1258
0,0,0,0,55.62,-0.20589,-0.90583,1.124
0,0,0,0,55.63,-0.21872,-0.89756,1.1223
0,0,0,0,55.64,-0.23135,-0.88937,1.1206
0,0,0,0,55.65,-0.24413,-0.88087,1.1188
0,0,0,0,55.66,-0.2568,-0.87223,1.117
0,0,0,0,55.67,-0.26935,-0.86348,1.1153
0,0,0,0,55.68,-0.282,-0.85454,1.1136
0,0,0,0,55.69,-0.29449,-0.8454,1.1118
0,0,0,0,55.7,-0.30692,-0.83609,1.1101
0,0,0,0,55.71,-0.31932,-0.82672,1.1084
0,0,0,0,55.72,-0.3316,-0.81718,1.1067
0,0,0,0,55.73,-0.34388,-0.80742,1.1052
0,0,0,0,55.74,-0.35597,-0.7977,1.1035
0,0,0,0,55.75,-0.36804,-0.7878,1.1018
0,0,0,0,55.76,-0.38001,-0.7777,1.1003
0,0,0,0,55.77,-0.39186,-0.76738,1.0987
0,0,0,0,55.78,-0.40367,-0.75697,1.0973
0,0,0,0,55.79,-0.41532,-0.74648,1.0959
0,0,0,0,55.8,-0.42682,-0.73576,1.0944
0,0,0,0,55.81,-0.43823,-0.72495,1.093
0,0,0,0,55.82,-0.4496,-0.71415,1.0917
0,0,0,0,55.83,-0.46095,-0.70309,1.0904
0,0,0,0,55.84,-0.47219,-0.69194,1.089
0,0,0,0,55.85,-0.48331,-0.68078,1.0879
0,0,0,0,55.86,-0.49433,-0.6695,1.0866
0,0,0,0,55.87,-0.50527,-0.65812,1.0855
0,0,0,0,55.88,-0.51623,-0.64664,1.0842
0,0,0,0,55.89,-0.52696,-0.63508,1.0829
0,0,0,0,55.9,-0.53759,-0.6234,1.0816
0,0,0,0,55.91,-0.54828,-0.61164,1.0804
0,0,0,0,55.92,-0.55883,-0.59961,1.0791
0,0,0,0,55.93,-0.56933,-0.58759,1.0777
0,0,0,0,55.94,-0.57983,-0.57534,1.0763
0,0,0,0,55.95,-0.59003,-0.56301,1.075
0,0,0,0,55.96,-0.60028,-0.55059,1.0736
0,0,0,0,55.97,-0.61037,-0.5381,1.0723
0,0,0,0,55.98,-0.62028,-0.52548,1.0709
0,0,0,0,55.99,-0.63022,-0.51284,1.0696
0,0,0,0,56,-0.63997,-0.50012,1.0682
0,0,0,0,56.01,-0.64964,-0.4873,1.0669
0,0,0,0,56.02,-0.65906,-0.47447,1.0656
0,0,0,0,56.03,-0.66831,-0.46156,1.0643
0,0,0,0,56.04,-0.67753,-0.44869,1.0629
0,0,0,0,56.05,-0.6865,-0.43579,1.0616
0,0,0,0,56.06,-0.69531,-0.4228,1.0602
0,0,0,0,56.07,-0.70412,-0.40971,1.059
0,0,0,0,56.08,-0.7127,-0.39657,1.0576
0,0,0,0,56.09,-0.72117,-0.38331,1.0563
0,0,0,0,56.1,-0.72953,-0.37024,1.055
0,0,0,0,56.11,-0.73761,-0.35727,1.0537
0,0,0,0,56.12,-0.74565,-0.34414,1.0524
0,0,0,0,56.13,-0.75356,-0.33097,1.0512
0,0,0,0,56.14,-0.76131,-0.31775,1.0499
0,0,0,0,56.15,-0.76895,-0.30443,1.0487
0,0,0,0,56.16,-0.77634,-0.29129,1.0473
0,0,0,0,56.17,-0.7837,-0.27814,1.0458
0,0,0,0,56.18,-0.79088,-0.26482,1.0445
0,0,0,0,56.19,-0.79788,-0.25151,1.0433
0,0,0,0,56.2,-0.80469,-0.23834,1.0419
0,0,0,0,56.21,-0.81143,-0.22508,1.0404
0,0,0,0,56.22,-0.81794,-0.21179,1.0391
0,0,0,0,56.23,-0.82413,-0.19856,1.0377
0,0,0,0,56.24,-0.83035,-0.18525,1.0363
0,0,0,0,56.25,-0.83661,-0.17184,1.0348
0,0,0,0,56.26,-0.84253,-0.15844,1.0334
0,0,0,0,56.27,-0.84822,-0.1454,1.0321
0,0,0,0,56.28,-0.8537,-0.13225,1.0306
0,0,0,0,56.29,-0.85891,-0.11898,1.0291
0,0,0,0,56.3,-0.86392,-0.10597,1.0276
0,0,0,0,56.31,-0.86967,-0.092754,1.026
0,0,0,0,56.32,-0.87462,-0.079521,1.0244
0,0,0,0,56.33,-0.87915,-0.066409,1.0227
0,0,0,0,56.34,-0.88346,-0.053447,1.0213
0,0,0,0,56.35,-0.88889,-0.04023,1.0198
0,0,0,0,56.36,-0.89306,-0.027083,1.0183
0,0,0,0,56.37,-0.89736,-0.013979,1.0168
0,0,0,0,56.38,-0.90158,-0.000924,1.0152
0,0,0,0,56.39,-0.90559,0.012039,1.0136
0,0,0,0,56.4,-0.90945,0.025002,1.0121
0,0,0,0,56.41,-0.91326,0.037968,1.0105
0,0,0,0,56.42,-0.91686,0.050849,1.0088
0,0,0,0,56.43,-0.92024,0.063616,1.007
0,0,0,0,56.44,-0.92355,0.07632,1.0054
0,0,0,0,56.45,-0.9266,0.088921,1.0039
0,0,0,0,56.46,-0.92934,0.1015,1.0023
0,0,0,0,56.47,-0.93207,0.11416,1.0006
0,0,0,0,56.48,-0.93465,0.12668,0.99906
0,0,0,0,56.49,-0.93711,0.13924,0.99744
0,0,0,0,56.5,-0.93952,0.15189,0.99578
0,0,0,0,56.51,-0.94205,0.16442,0.99396
0,0,0,0,56.52,-0.94444,0.17688,0.99225
0,0,0,0,56.53,-0.9459,0.18916,0.99079
0,0,0,0,56.54,-0.94779,0.20154,0.98918
0,0,0,0,56.55,-0.94971,0.21392,0.98749
0,0,0,0,56.56,-0.95169,0.22668,0.98573
0,0,0,0,56.57,-0.95305,0.23919,0.98399
0,0,0,0,56.58,-0.95413,0.2506,0.98224
0,0,0,0,56.59,-0.95531,0.26274,0.98041
0,0,0,0,56.6,-0.95657,0.27478,0.97873
0,0,0,0,56.61,-0.95792,0.28694,0.97703
0,0,0,0,56.62,-0.95943,0.29908,0.97529
0,0,0,0,56.63,-0.95955,0.31104,0.97359
0,0,0,0,56.64,-0.96034,0.32302,0.9718
0,0,0,0,56.65,-0.96091,0.3349,0.9701
0,0,0,0,56.66,-0.96135,0.34675,0.96846
0,0,0,0,56.67,-0.96186,0.35875,0.96669
0,0,0,0,56.68,-0.96232,0.37055,0.96494
0,0,0,0,56.69,-0.96294,0.38242,0.96311
0,0,0,0,56.7,-0.96205,0.3939,0.96147
0,0,0,0,56.71,-0.96199,0.40537,0.95984
0,0,0,0,56.72,-0.96201,0.41704,0.95818
0,0,0,0,56.73,-0.9616,0.42841,0.95666
0,0,0,0,56.74,-0.96118,0.43992,0.95511
0,0,0,0,56.75,-0.96078,0.45126,0.95359
0,0,0,0,56.76,-0.95999,0.46263,0.95191
0,0,0,0,56.77,-0.95921,0.47397,0.95029
0,0,0,0,56.78,-0.95834,0.48515,0.94887
0,0,0,0,56.79,-0.95737,0.49637,0.94745
0,0,0,0,56.8,-0.95643,0.50765,0.94598
0,0,0,0,56.81,-0.95521,0.51884,0.94454
0,0,0,0,56.82,-0.95395,0.52993,0.94304
0,0,0,0,56.83,-0.95288,0.54126,0.94136
0,0,0,0,56.84,-0.95206,0.55247,0.93979
0,0,0,0,56.85,-0.94971,0.56322,0.93858
0,0,0,0,56.86,-0.94819,0.57438,0.93725
0,0,0,0,56.87,-0.94664,0.58532,0.93594
0,0,0,0,56.88,-0.94468,0.59621,0.9346
0,0,0,0,56.89,-0.94288,0.60719,0.9332
0,0,0,0,56.9,-0.94113,0.61818,0.93183
0,0,0,0,56.91,-0.93913,0.62916,0.93041
0,0,0,0,56.92,-0.93754,0.64006,0.92901
0,0,0,0,56.93,-0.93589,0.65119,0.92763
0,0,0,0,56.94,-0.93278,0.6617,0.92666
0,0,0,0,56.95,-0.93039,0.67254,0.92541
0,0,0,0,56.96,-0.92829,0.68343,0.92432
0,0,0,0,56.97,-0.92575,0.69419,0.92322
0,0,0,0,56.98,-0.92309,0.70491,0.9221
0,0,0,0,56.99,-0.91986,0.71547,0.92086
0,0,0,0,57,-0.91624,0.72637,0.91962
0,0,0,0,57.01,-0.91394,0.73717,0.91873
0,0,0,0,57.02,-0.91153,0.74794,0.91778
0,0,0,0,57.03,-0.90865,0.75861,0.91688
0,0,0,0,57.04,-0.90557,0.76919,0.91598
0,0,0,0,57.05,-0.90203,0.77978,0.91499
0,0,0,0,57.06,-0.89802,0.79026,0.91404
0,0,0,0,57.07,-0.8947,0.80076,0.91358
0,0,0,0,57.08,-0.89184,0.81138,0.91246
0,0,0,0,57.09,-0.88801,0.82172,0.91176
0,0,0,0,57.1,-0.88469,0.83211,0.91114
0,0,0,0,57.11,-0.88086,0.84243,0.91045
0,0,0,0,57.12,-0.87697,0.85267,0.90983
0,0,0,0,57.13,-0.87306,0.86292,0.90921
0,0,0,0,57.14,-0.8688,0.87303,0.90865
0,0,0,0,57.15,-0.86445,0.883,0.90829
0,0,0,0,57.16,-0.86074,0.89304,0.90782
0,0,0,0,57.17,-0.85558,0.9028,0.90777
0,0,0,0,57.18,-0.85126,0.91253,0.90744
0,0,0,0,57.19,-0.847,0.92227,0.90703
0,0,0,0,57.2,-0.84332,0.93212,0.90664
0,0,0,0,57.21,-0.8386,0.94156,0.90642
0,0,0,0,57.22,-0.8337,0.95077,0.90623
0,0,0,0,57.23,-0.82909,0.96011,0.90605
0,0,0,0,57.24,-0.82512,0.96962,0.90559
0,0,0,0,57.25,-0.81968,0.97838,0.90569
0,0,0,0,57.26,-0.81503,0.9876,0.90543
0,0,0,0,57.27,-0.80906,0.99619,0.90566
0,0,0,0,57.28,-0.80399,1.0051,0.90548
0,0,0,0,57.29,-0.79883,1.0139,0.90531
0,0,0,0,57.3,-0.79393,1.0227,0.90542
0,0,0,0,57.31,-0.78846,1.0314,0.90535
0,0,0,0,57.32,-0.78302,1.0401,0.90527
0,0,0,0,57.33,-0.77748,1.0488,0.90517
0,0,0,0,57.34,-0.77154,1.0574,0.90511
0,0,0,0,57.35,-0.76559,1.0663,0.90491
0,0,0,0,57.36,-0.7597,1.075,0.90493
0,0,0,0,57.37,-0.75401,1.0837,0.90491
0,0,0,0,57.38,-0.74843,1.0923,0.905
0,0,0,0,57.39,-0.74256,1.101,0.90495
0,0,0,0,57.4,-0.73652,1.1096,0.9049
0,0,0,0,57.41,-0.7302,1.118,0.90471
0,0,0,0,57.42,-0.72391,1.1264,0.90467
0,0,0,0,57.43,-0.71772,1.1347,0.90463
0,0,0,0,57.44,-0.71135,1.1429,0.9046
0,0,0,0,57.45,-0.70487,1.151,0.90453
0,0,0,0,57.46,-0.69827,1.159,0.90454
0,0,0,0,57.47,-0.69132,1.1667,0.9046
0,0,0,0,57.48,-0.68458,1.1745,0.90456
0,0,0,0,57.49,-0.67715,1.1818,0.90459
0,0,0,0,57.5,-0.66952,1.1887,0.90486
0,0,0,0,57.51,-0.66408,1.1966,0.90478
0,0,0,0,57.52,-0.65762,1.2039,0.90497
0,0,0,0,57.53,-0.65111,1.2108,0.90508
0,0,0,0,57.54,-0.64365,1.2174,0.9051
0,0,0,0,57.55,-0.6354,1.224,0.90538
0,0,0,0,57.56,-0.62847,1.2305,0.90598
0,0,0,0,57.57,-0.62193,1.237,0.90606
0,0,0,0,57.58,-0.61477,1.2436,0.90638
0,0,0,0,57.59,-0.60724,1.2504,0.90668
0,0,0,0,57.6,-0.59894,1.2552,0.90691
0,0,0,0,57.61,-0.59191,1.2612,0.90728
0,0,0,0,57.62,-0.58436,1.267,0.9077
0,0,0,0,57.63,-0.57659,1.2726,0.90814
0,0,0,0,57.64,-0.56848,1.278,0.90856
0,0,0,0,57.65,-0.56039,1.2834,0.90905
0,0,0,0,57.66,-0.55182,1.2883,0.90982
0,0,0,0,57.67,-0.545,1.2939,0.9101
0,0,0,0,57.68,-0.53704,1.2989,0.91062
0,0,0,0,57.69,-0.5287,1.3037,0.91111
0,0,0,0,57.7,-0.52054,1.3083,0.91179
0,0,0,0,57.71,-0.5124,1.3128,0.9124
0,0,0,0,57.72,-0.50404,1.3172,0.913
0,0,0,0,57.73,-0.49482,1.3213,0.9137
0,0,0,0,57.74,-0.4866,1.3255,0.91477
0,0,0,0,57.75,-0.47933,1.33,0.91519
0,0,0,0,57.76,-0.47065,1.3338,0.91585
0,0,0,0,57.77,-0.46203,1.3376,0.9164
0,0,0,0,57.78,-0.45331,1.3411,0.91727
0,0,0,0,57.79,-0.44416,1.3444,0.91842
0,0,0,0,57.8,-0.43505,1.3479,0.91934
0,0,0,0,57.81,-0.4273,1.3517,0.91962
0,0,0,0,57.82,-0.41846,1.3551,0.92062
0,0,0,0,57.83,-0.40978,1.3581,0.92142
0,0,0,0,57.84,-0.40103,1.3611,0.92218
0,0,0,0,57.85,-0.39194,1.3638,0.92309
0,0,0,0,57.86,-0.38272,1.3666,0.92379
0,0,0,0,57.87,-0.37375,1.369,0.92493
0,0,0,0,57.88,-0.36472,1.3711,0.9261
0,0,0,0,57.89,-0.35521,1.3729,0.92701
0,0,0,0,57.9,-0.34565,1.3752,0.92774
0,0,0,0,57.91,-0.33714,1.3769,0.9289
0,0,0,0,57.92,-0.32798,1.3783,0.92992
0,0,0,0,57.93,-0.31852,1.3796,0.93087
0,0,0,0,57.94,NaN,NaN,NaN
0,0,0,0,57.95,NaN,NaN,NaN
0,0,0,0,57.96,NaN,NaN,NaN
0,0,0,0,57.97,NaN,NaN,NaN
0,0,0,0,57.98,NaN,NaN,NaN
0,0,0,0,57.99,-0.2615,1.3826,0.93763
0,0,0,0,58,-0.25175,1.3823,0.93866
0,0,0,0,58.01,-0.24191,1.3815,0.93986
0,0,0,0,58.02,-0.23245,1.3809,0.94117
0,0,0,0,58.03,-0.22267,1.3801,0.94214
0,0,0,0,58.04,-0.21268,1.3789,0.94318
0,0,0,0,58.05,-0.20271,1.378,0.94405
0,0,0,0,58.06,-0.19328,1.3761,0.94531
0,0,0,0,58.07,-0.18364,1.374,0.94649
0,0,0,0,58.08,-0.17375,1.3718,0.94744
0,0,0,0,58.09,-0.16371,1.37,0.94847
0,0,0,0,58.1,-0.15363,1.3677,0.94966
0,0,0,0,58.11,-0.14367,1.3657,0.95051
0,0,0,0,58.12,-0.1334,1.363,0.95158
0,0,0,0,58.13,-0.12305,1.36,0.95288
0,0,0,0,58.14,-0.11321,1.3569,0.95362
0,0,0,0,58.15,-0.10285,1.3538,0.95456
0,0,0,0,58.16,-0.092428,1.3507,0.95569
0,0,0,0,58.17,-0.082288,1.3474,0.95651
0,0,0,0,58.18,-0.072194,1.3431,0.95704
0,0,0,0,58.19,-0.061774,1.3391,0.95777
0,0,0,0,58.2,-0.051544,1.335,0.95848
0,0,0,0,58.21,-0.041284,1.3303,0.95953
0,0,0,0,58.22,-0.030812,1.3253,0.96034
0,0,0,0,58.23,-0.020278,1.3204,0.96135
0,0,0,0,58.24,-0.009687,1.3153,0.9622
0,0,0,0,58.25,0.001066,1.31,0.96298
0,0,0,0,58.26,0.011482,1.3042,0.96388
0,0,0,0,58.27,0.022136,1.298,0.96451
0,0,0,0,58.28,0.032816,1.2922,0.96531
0,0,0,0,58.29,0.043363,1.286,0.96608
0,0,0,0,58.3,0.05409,1.279,0.96679
0,0,0,0,58.31,0.064919,1.2723,0.96759
0,0,0,0,58.32,0.075645,1.2654,0.96817
0,0,0,0,58.33,0.086309,1.2574,0.96891
0,0,0,0,58.34,0.097142,1.2502,0.96953
0,0,0,0,58.35,0.10789,1.2427,0.97005
0,0,0,0,58.36,0.11882,1.2341,0.97063
0,0,0,0,58.37,0.12952,1.2265,0.97127
0,0,0,0,58.38,0.14059,1.2174,0.97161
0,0,0,0,58.39,0.15121,1.2082,0.97217
0,0,0,0,58.4,0.16223,1.1987,0.97267
0,0,0,0,58.41,NaN,NaN,NaN
0,0,0,0,58.42,NaN,NaN,NaN
0,0,0,0,58.43,NaN,NaN,NaN
0,0,0,0,58.44,NaN,NaN,NaN
0,0,0,0,58.45,NaN,NaN,NaN
0,0,0,0,58.46,NaN,NaN,NaN
0,0,0,0,58.47,NaN,NaN,NaN
0,0,0,0,58.48,0.24913,1.1142,0.97615
0,0,0,0,58.49,0.25998,1.1027,0.97645
0,0,0,0,58.5,0.27096,1.091,0.97677
0,0,0,0,58.51,0.28198,1.0789,0.97705
0,0,0,0,58.52,0.293,1.0664,0.97742
0,0,0,0,58.53,0.30364,1.0541,0.97766
0,0,0,0,58.54,0.3148,1.0417,0.97796
0,0,0,0,58.55,0.3259,1.0292,0.97816
0,0,0,0,58.56,0.33674,1.0164,0.97844
0,0,0,0,58.57,0.34787,1.003,0.97868
0,0,0,0,58.58,0.35895,0.9898,0.97887
0,0,0,0,58.59,0.36976,0.97661,0.97903
0,0,0,0,58.6,0.3807,0.96315,0.97903
0,0,0,0,58.61,0.39197,0.94936,0.97906
0,0,0,0,58.62,0.40272,0.93534,0.97961
0,0,0,0,58.63,0.41399,0.92071,0.97948
0,0,0,0,58.64,0.42484,0.90612,0.97945
0,0,0,0,58.65,0.43575,0.89112,0.97961
0,0,0,0,58.66,0.4467,0.87632,0.9797
0,0,0,0,58.67,0.45765,0.86131,0.97953
0,0,0,0,58.68,0.4687,0.84598,0.97934
0,0,0,0,58.69,0.47966,0.83005,0.97971
0,0,0,0,58.7,0.49055,0.81456,0.97966
0,0,0,0,58.71,0.50147,0.79844,0.9796
0,0,0,0,58.72,0.5125,0.78231,0.97955
0,0,0,0,58.73,0.52334,0.76603,0.97947
0,0,0,0,58.74,0.5342,0.74952,0.97943
0,0,0,0,58.75,0.5451,0.73308,0.97934
0,0,0,0,58.76,0.55589,0.71647,0.9791
0,0,0,0,58.77,0.56674,0.6997,0.97903
0,0,0,0,58.78,0.57772,0.68258,0.97904
0,0,0,0,58.79,0.5885,0.66549,0.97894
0,0,0,0,58.8,0.59933,0.64843,0.97869
0,0,0,0,58.81,0.61017,0.63108,0.97849
0,0,0,0,58.82,0.62086,0.61366,0.97838
0,0,0,0,58.83,0.63167,0.59611,0.97819
0,0,0,0,58.84,0.64245,0.57858,0.97802
0,0,0,0,58.85,0.65306,0.56118,0.97779
0,0,0,0,58.86,0.6636,0.54389,0.97746
0,0,0,0,58.87,0.6741,0.52686,0.97718
0,0,0,0,58.88,0.68457,0.50982,0.97687
0,0,0,0,58.89,0.69499,0.49287,0.97647
0,0,0,0,58.9,0.70534,0.47606,0.97595
0,0,0,0,58.91,0.71584,0.45926,0.97539
0,0,0,0,58.92,0.72607,0.4425,0.9749
0,0,0,0,58.93,0.73637,0.42583,0.97445
0,0,0,0,58.94,0.74657,0.40918,0.97381
0,0,0,0,58.95,0.75664,0.3924,0.97321
0,0,0,0,58.96,0.7669,0.37562,0.97258
0,0,0,0,58.97,0.77714,0.3587,0.97207
0,0,0,0,58.98,0.78722,0.34189,0.9716
0,0,0,0,58.99,0.7973,0.32501,0.97121
0,0,0,0,59,0.8074,0.30828,0.97068
0,0,0,0,59.01,0.81739,0.2916,0.97013
0,0,0,0,59.02,0.82732,0.27515,0.96956
0,0,0,0,59.03,0.83708,0.25878,0.96904
0,0,0,0,59.04,0.84681,0.24263,0.96841
0,0,0,0,59.05,0.85651,0.22649,0.96779
0,0,0,0,59.06,0.86605,0.21061,0.96706
0,0,0,0,59.07,0.87548,0.19489,0.96633
0,0,0,0,59.08,0.88511,0.17899,0.96573
0,0,0,0,59.09,0.89449,0.16319,0.96523
0,0,0,0,59.1,0.90384,0.14746,0.96479
0,0,0,0,59.11,0.913,0.1319,0.96436
0,0,0,0,59.12,0.92215,0.11639,0.96415
0,0,0,0,59.13,0.93115,0.101,0.96394
0,0,0,0,59.14,0.94008,0.085744,0.96381
0,0,0,0,59.15,0.94903,0.070398,0.96367
0,0,0,0,59.16,0.95803,0.05517,0.96375
0,0,0,0,59.17,0.9669,0.040151,0.9638
0,0,0,0,59.18,0.97558,0.025225,0.96397
0,0,0,0,59.19,0.98422,0.010441,0.9643
0,0,0,0,59.2,0.99296,-0.004231,0.9647
0,0,0,0,59.21,1.0015,-0.018567,0.96504
0,0,0,0,59.22,1.01,-0.032832,0.96531
0,0,0,0,59.23,1.0185,-0.046901,0.96562
0,0,0,0,59.24,1.0269,-0.060743,0.96593
0,0,0,0,59.25,1.0353,-0.074424,0.96632
0,0,0,0,59.26,1.0435,-0.087956,0.96665
0,0,0,0,59.27,1.0516,-0.10126,0.96697
0,0,0,0,59.28,1.0596,-0.11433,0.96728
0,0,0,0,59.29,1.0677,-0.12725,0.96765
0,0,0,0,59.3,1.0755,-0.13976,0.96786
0,0,0,0,59.31,1.0834,-0.15226,0.96811
0,0,0,0,59.32,1.0911,-0.16445,0.96831
0,0,0,0,59.33,1.0986,-0.17642,0.96849
0,0,0,0,59.34,1.1062,-0.18826,0.96876
0,0,0,0,59.35,1.1137,-0.1999,0.9689
0,0,0,0,59.36,1.121,-0.21132,0.96907
0,0,0,0,59.37,1.1283,-0.22253,0.96909
0,0,0,0,59.38,1.1354,-0.23363,0.96916
0,0,0,0,59.39,1.1425,-0.24464,0.96916
0,0,0,0,59.4,1.1495,-0.25553,0.96922
0,0,0,0,59.41,1.156,-0.266,0.96927
0,0,0,0,59.42,1.1627,-0.27653,0.96919
0,0,0,0,59.43,1.1693,-0.28688,0.96911
0,0,0,0,59.44,1.1757,-0.2971,0.96899
0,0,0,0,59.45,1.1819,-0.30702,0.96889
0,0,0,0,59.46,1.1881,-0.31682,0.96869
0,0,0,0,59.47,1.1942,-0.32665,0.96862
0,0,0,0,59.48,1.2003,-0.33635,0.9685
0,0,0,0,59.49,1.2061,-0.34576,0.96848
0,0,0,0,59.5,1.2119,-0.35508,0.96832
0,0,0,0,59.51,1.2175,-0.3643,0.96823
0,0,0,0,59.52,1.2232,-0.37343,0.96805
0,0,0,0,59.53,1.2286,-0.38238,0.96792
0,0,0,0,59.54,1.234,-0.39127,0.9677
0,0,0,0,59.55,1.2393,-0.40009,0.96752
0,0,0,0,59.56,1.2445,-0.40864,0.96718
0,0,0,0,59.57,1.2496,-0.41714,0.96704
0,0,0,0,59.58,1.2546,-0.42593,0.96713
0,0,0,0,59.59,1.2592,-0.43428,0.96712
0,0,0,0,59.6,1.264,-0.44253,0.96691
0,0,0,0,59.61,1.2685,-0.45075,0.96675
0,0,0,0,59.62,1.2729,-0.45899,0.96662
0,0,0,0,59.63,1.2774,-0.46721,0.96653
0,0,0,0,59.64,1.2817,-0.4754,0.96646
0,0,0,0,59.65,1.2859,-0.48331,0.96633
0,0,0,0,59.66,1.2897,-0.49119,0.96625
0,0,0,0,59.67,1.2936,-0.49901,0.96618
0,0,0,0,59.68,1.2974,-0.50677,0.96613
0,0,0,0,59.69,1.3012,-0.51438,0.96591
0,0,0,0,59.7,1.3044,-0.52212,0.96593
0,0,0,0,59.71,1.3078,-0.52975,0.96577
0,0,0,0,59.72,1.3111,-0.53735,0.96559
0,0,0,0,59.73,1.3141,-0.54499,0.96576
0,0,0,0,59.74,1.3171,-0.55242,0.96563
0,0,0,0,59.75,1.3199,-0.55981,0.96567
0,0,0,0,59.76,1.3224,-0.56694,0.96568
0,0,0,0,59.77,1.3252,-0.57418,0.96555
0,0,0,0,59.78,1.3276,-0.58153,0.96561
0,0,0,0,59.79,1.33,-0.58868,0.96563
0,0,0,0,59.8,1.3325,-0.59582,0.96543
0,0,0,0,59.81,1.3341,-0.60263,0.96588
0,0,0,0,59.82,1.3363,-0.60964,0.96606
0,0,0,0,59.83,1.3382,-0.61661,0.96613
0,0,0,0,59.84,1.3401,-0.62332,0.96615
0,0,0,0,59.85,1.3416,-0.62985,0.96628
0,0,0,0,59.86,1.3431,-0.63654,0.96637
0,0,0,0,59.87,1.3444,-0.64303,0.9664
0,0,0,0,59.88,1.3457,-0.64949,0.96654
0,0,0,0,59.89,1.3467,-0.6558,0.96666
0,0,0,0,59.9,1.3476,-0.66211,0.96664
0,0,0,0,59.91,1.3486,-0.66839,0.9668
0,0,0,0,59.92,1.3495,-0.67474,0.96713
0,0,0,0,59.93,1.3496,-0.68076,0.96709
0,0,0,0,59.94,1.3501,-0.68686,0.96712
0,0,0,0,59.95,1.3504,-0.69269,0.96716
0,0,0,0,59.96,1.35,-0.69847,0.96714
0,0,0,0,59.97,1.3498,-0.70417,0.96715
0,0,0,0,59.98,1.3495,-0.71003,0.96718
0,0,0,0,59.99,1.349,-0.71566,0.96716
0,0,0,0,60,1.3485,-0.72123,0.96716
0,0,0,0,60.01,1.3478,-0.72672,0.96716
0,0,0,0,60.02,1.3467,-0.73206,0.9672
0,0,0,0,60.03,1.3455,-0.73748,0.96723
0,0,0,0,60.04,1.3443,-0.74272,0.96719
0,0,0,0,60.05,1.3431,-0.74807,0.96714
0,0,0,0,60.06,1.3416,-0.75313,0.96716
0,0,0,0,60.07,1.3398,-0.75823,0.96723
0,0,0,0,60.08,1.3377,-0.76317,0.96736
0,0,0,0,60.09,1.3359,-0.7681,0.96749
0,0,0,0,60.1,1.3336,-0.77284,0.9675
0,0,0,0,60.11,1.3314,-0.77774,0.96767
0,0,0,0,60.12,1.3287,-0.78228,0.96763
0,0,0,0,60.13,1.3263,-0.78687,0.96771
0,0,0,0,60.14,1.3237,-0.79133,0.96766
0,0,0,0,60.15,1.3208,-0.79564,0.9676
0,0,0,0,60.16,1.3174,-0.79993,0.96793
0,0,0,0,60.17,1.3141,-0.80389,0.96784
0,0,0,0,60.18,1.3108,-0.80778,0.96779
0,0,0,0,60.19,1.3073,-0.81164,0.96777
0,0,0,0,60.2,1.3035,-0.8153,0.9677
0,0,0,0,60.21,1.2996,-0.81873,0.96748
0,0,0,0,60.22,1.2953,-0.8221,0.96755
0,0,0,0,60.23,1.291,-0.82531,0.96746
0,0,0,0,60.24,1.2866,-0.82829,0.96724
0,0,0,0,60.25,1.2821,-0.8312,0.96714
0,0,0,0,60.26,1.2773,-0.83395,0.96702
0,0,0,0,60.27,1.2725,-0.83666,0.96702
0,0,0,0,60.28,1.2674,-0.83915,0.96703
0,0,0,0,60.29,1.2621,-0.84151,0.96716
0,0,0,0,60.3,1.2568,-0.84367,0.96717
0,0,0,0,60.31,1.2514,-0.84579,0.96726
0,0,0,0,60.32,1.2462,-0.84779,0.96732
0,0,0,0,60.33,1.2406,-0.84954,0.96747
0,0,0,0,60.34,1.235,-0.85122,0.9676
0,0,0,0,60.35,1.2293,-0.85278,0.96779
0,0,0,0,60.36,1.2236,-0.85417,0.96804
0,0,0,0,60.37,1.2175,-0.85528,0.96826
0,0,0,0,60.38,1.2111,-0.8563,0.96837
0,0,0,0,60.39,1.2048,-0.85707,0.96849
0,0,0,0,60.4,1.1984,-0.85772,0.96873
0,0,0,0,60.41,1.1918,-0.85815,0.9691
0,0,0,0,60.42,1.1853,-0.85846,0.96919
0,0,0,0,60.43,1.1788,-0.85876,0.96937
0,0,0,0,60.44,1.1716,-0.85869,0.96938
0,0,0,0,60.45,1.1644,-0.85851,0.96962
0,0,0,0,60.46,1.1574,-0.85821,0.96969
0,0,0,0,60.47,1.15,-0.8576,0.96974
0,0,0,0,60.48,1.1424,-0.85691,0.96978
0,0,0,0,60.49,1.1347,-0.85607,0.96982
0,0,0,0,60.5,1.127,-0.855,0.96978
0,0,0,0,60.51,1.1189,-0.85367,0.96956
0,0,0,0,60.52,1.1108,-0.85224,0.96958
0,0,0,0,60.53,1.1027,-0.85054,0.96945
0,0,0,0,60.54,1.0944,-0.84859,0.96913
0,0,0,0,60.55,1.0859,-0.84647,0.969
0,0,0,0,60.56,1.0776,-0.84418,0.96878
0,0,0,0,60.57,1.0691,-0.84158,0.96847
0,0,0,0,60.58,1.0603,-0.83874,0.96822
0,0,0,0,60.59,1.0517,-0.83579,0.96786
0,0,0,0,60.6,1.0428,-0.83251,0.96733
0,0,0,0,60.61,1.0338,-0.82915,0.96697
0,0,0,0,60.62,1.0246,-0.82531,0.96652
0,0,0,0,60.63,1.0156,-0.82138,0.96608
0,0,0,0,60.64,1.0065,-0.81724,0.96549
0,0,0,0,60.65,0.99728,-0.81281,0.96484
0,0,0,0,60.66,0.98797,-0.8083,0.96438
0,0,0,0,60.67,0.97867,-0.80352,0.96386
0,0,0,0,60.68,0.96888,-0.79845,0.96334
0,0,0,0,60.69,0.95926,-0.79323,0.96278
0,0,0,0,60.7,0.94963,-0.78786,0.96217
0,0,0,0,60.71,0.94036,-0.78239,0.96165
0,0,0,0,60.72,0.9305,-0.77649,0.96106
0,0,0,0,60.73,0.92063,-0.7704,0.96052
0,0,0,0,60.74,0.9109,-0.76419,0.95991
0,0,0,0,60.75,0.90091,-0.75781,0.95949
0,0,0,0,60.76,0.8908,-0.75117,0.95889
0,0,0,0,60.77,0.88117,-0.74446,0.9583
0,0,0,0,60.78,0.87105,-0.73745,0.95777
0,0,0,0,60.79,0.86093,-0.73026,0.9573
0,0,0,0,60.8,0.85075,-0.72291,0.95678
0,0,0,0,60.81,0.84065,-0.7153,0.95624
0,0,0,0,60.82,0.83049,-0.70749,0.9556
0,0,0,0,60.83,0.81993,-0.69944,0.95507
0,0,0,0,60.84,0.80957,-0.69119,0.95455
0,0,0,0,60.85,0.79931,-0.68276,0.95395
0,0,0,0,60.86,0.78887,-0.67416,0.95337
0,0,0,0,60.87,0.77842,-0.66532,0.95279
0,0,0,0,60.88,0.76789,-0.65629,0.95222
0,0,0,0,60.89,0.75745,-0.64704,0.95162
0,0,0,0,60.9,0.74688,-0.63755,0.95109
0,0,0,0,60.91,0.7364,-0.62788,0.95049
0,0,0,0,60.92,0.72597,-0.61797,0.94987
0,0,0,0,60.93,0.71532,-0.608,0.94937
0,0,0,0,60.94,0.70467,-0.59775,0.9489
0,0,0,0,60.95,0.69411,-0.58736,0.94845
0,0,0,0,60.96,0.68352,-0.57663,0.94781
0,0,0,0,60.97,0.67304,-0.56582,0.94729
0,0,0,0,60.98,0.66234,-0.55466,0.94677
0,0,0,0,60.99,0.6517,-0.54345,0.94617
0,0,0,0,61,0.64109,-0.53213,0.94562
0,0,0,0,61.01,0.6305,-0.52056,0.94503
0,0,0,0,61.02,0.61987,-0.50876,0.94454
0,0,0,0,61.03,0.60922,-0.49668,0.94396
0,0,0,0,61.04,0.59867,-0.48451,0.9433
0,0,0,0,61.05,0.58814,-0.4721,0.94274
0,0,0,0,61.06,0.57756,-0.45945,0.94225
0,0,0,0,61.07,0.56719,-0.44686,0.94175
0,0,0,0,61.08,0.55677,-0.43403,0.94119
0,0,0,0,61.09,0.54641,-0.42103,0.94056
0,0,0,0,61.1,0.5359,-0.40786,0.94003
0,0,0,0,61.11,0.52548,-0.39456,0.93949
0,0,0,0,61.12,0.51528,-0.38105,0.93897
0,0,0,0,61.13,0.50485,-0.36733,0.9384
0,0,0,0,61.14,0.49464,-0.35345,0.93765
0,0,0,0,61.15,0.48436,-0.33937,0.93707
0,0,0,0,61.16,0.47413,-0.32516,0.93651
0,0,0,0,61.17,0.46401,-0.31074,0.93583
0,0,0,0,61.18,0.45397,-0.29625,0.93521
0,0,0,0,61.19,0.44397,-0.28159,0.93447
0,0,0,0,61.2,0.43387,-0.26685,0.93379
0,0,0,0,61.21,0.42383,-0.25205,0.93301
0,0,0,0,61.22,0.41379,-0.23703,0.93227
0,0,0,0,61.23,0.40391,-0.22193,0.93145
0,0,0,0,61.24,0.39389,-0.20674,0.9308
0,0,0,0,61.25,0.38398,-0.19141,0.9301
0,0,0,0,61.26,0.3742,-0.17595,0.92944
0,0,0,0,61.27,NaN,NaN,NaN
0,0,0,0,61.28,NaN,NaN,NaN
0,0,0,0,61.29,NaN,NaN,NaN
0,0,0,0,61.3,NaN,NaN,NaN
0,0,0,0,61.31,NaN,NaN,NaN
0,0,0,0,61.32,NaN,NaN,NaN
0,0,0,0,61.33,NaN,NaN,NaN
0,0,0,0,61.34,NaN,NaN,NaN
0,0,0,0,61.35,NaN,NaN,NaN
0,0,0,0,61.36,NaN,NaN,NaN
0,0,0,0,61.37,NaN,NaN,NaN
0,0,0,0,61.38,0.26107,0.013403,0.92255
0,0,0,0,61.39,0.25218,0.029604,0.92206
0,0,0,0,61.4,0.24328,0.045784,0.92152
0,0,0,0,61.41,0.23455,0.062128,0.92096
0,0,0,0,61.42,0.22562,0.078451,0.92069
0,0,0,0,61.43,0.2171,0.094637,0.92023
0,0,0,0,61.44,0.20843,0.11086,0.91985
0,0,0,0,61.45,0.20003,0.12707,0.91951
0,0,0,0,61.46,0.19161,0.14294,0.91946
0,0,0,0,61.47,0.18328,0.15864,0.9194
0,0,0,0,61.48,0.17518,0.17449,0.9191
0,0,0,0,61.49,0.16696,0.19017,0.9191
0,0,0,0,61.5,0.15907,0.20567,0.91903
0,0,0,0,61.51,0.15108,0.22104,0.91904
0,0,0,0,61.52,0.14324,0.23631,0.91906
0,0,0,0,61.53,0.13565,0.25127,0.91922
0,0,0,0,61.54,0.128,0.26624,0.91939
0,0,0,0,61.55,0.1207,0.28103,0.91942
0,0,0,0,61.56,0.11341,0.29579,0.91944
0,0,0,0,61.57,0.10633,0.31051,0.91949
0,0,0,0,61.58,0.099247,0.32504,0.91964
0,0,0,0,61.59,0.092203,0.33978,0.91955
0,0,0,0,61.6,0.085215,0.35443,0.91953
0,0,0,0,61.61,0.078248,0.36913,0.91953
0,0,0,0,61.62,0.071247,0.38385,0.91943
0,0,0,0,61.63,0.064677,0.39859,0.91931
0,0,0,0,61.64,NaN,NaN,NaN
0,0,0,0,61.65,NaN,NaN,NaN
0,0,0,0,61.66,NaN,NaN,NaN
0,0,0,0,61.67,NaN,NaN,NaN
0,0,0,0,61.68,NaN,NaN,NaN
0,0,0,0,61.69,NaN,NaN,NaN
0,0,0,0,61.7,NaN,NaN,NaN
0,0,0,0,61.71,NaN,NaN,NaN
0,0,0,0,61.72,NaN,NaN,NaN
0,0,0,0,61.73,NaN,NaN,NaN
0,0,0,0,61.74,NaN,NaN,NaN
0,0,0,0,61.75,-0.011159,0.57406,0.91342
0,0,0,0,61.76,-0.016863,0.58816,0.91278
0,0,0,0,61.77,-0.022653,0.60208,0.91185
0,0,0,0,61.78,-0.028246,0.61571,0.91112
0,0,0,0,61.79,-0.033787,0.62909,0.91041
0,0,0,0,61.8,-0.039288,0.64216,0.90965
0,0,0,0,61.81,-0.044646,0.65505,0.90897
0,0,0,0,61.82,-0.049952,0.66765,0.90818
0,0,0,0,61.83,-0.05536,0.67991,0.90738
0,0,0,0,61.84,-0.060514,0.69181,0.90675
0,0,0,0,61.85,-0.065695,0.70329,0.90589
0,0,0,0,61.86,-0.070906,0.7145,0.90516
0,0,0,0,61.87,-0.076012,0.72541,0.90449
0,0,0,0,61.88,-0.08096,0.73596,0.90384
0,0,0,0,61.89,-0.085973,0.74636,0.90311
0,0,0,0,61.9,-0.090738,0.75641,0.90244
0,0,0,0,61.91,-0.095612,0.76637,0.90175
0,0,0,0,61.92,-0.10022,0.77615,0.90106
0,0,0,0,61.93,-0.10478,0.78552,0.90037
0,0,0,0,61.94,-0.10956,0.79503,0.89946
0,0,0,0,61.95,-0.11392,0.80413,0.89878
0,0,0,0,61.96,-0.11818,0.81312,0.89795
0,0,0,0,61.97,-0.12259,0.82214,0.89722
0,0,0,0,61.98,-0.12688,0.83087,0.89651
0,0,0,0,61.99,-0.13118,0.8398,0.8956
0,0,0,0,62,-0.13511,0.84844,0.89479
0,0,0,0,62.01,-0.13918,0.85726,0.89396
0,0,0,0,62.02,-0.14314,0.86624,0.8931
0,0,0,0,62.03,-0.147,0.87487,0.89215
0,0,0,0,62.04,-0.15077,0.88368,0.89124
0,0,0,0,62.05,-0.15445,0.8923,0.89046
0,0,0,0,62.06,-0.15823,0.90137,0.8893
0,0,0,0,62.07,-0.16179,0.90962,0.88826
0,0,0,0,62.08,-0.16562,0.9187,0.88722
0,0,0,0,62.09,-0.16915,0.92656,0.88615
0,0,0,0,62.1,-0.17273,0.93484,0.88507
0,0,0,0,62.11,-0.1762,0.943,0.884
0,0,0,0,62.12,-0.1798,0.95091,0.88276
0,0,0,0,62.13,-0.18327,0.95858,0.88165
0,0,0,0,62.14,-0.18663,0.96632,0.8804
0,0,0,0,62.15,-0.19005,0.9738,0.87921
0,0,0,0,62.16,-0.19331,0.98076,0.87813
0,0,0,0,62.17,-0.19654,0.98783,0.87704
0,0,0,0,62.18,-0.19986,0.99491,0.87587
0,0,0,0,62.19,-0.20327,1.0019,0.87467
0,0,0,0,62.2,-0.20621,1.0085,0.87345
0,0,0,0,62.21,-0.20944,1.0148,0.87236
0,0,0,0,62.22,-0.21261,1.0214,0.87123
0,0,0,0,62.23,-0.21574,1.0278,0.87014
0,0,0,0,62.24,-0.21897,1.0342,0.86895
0,0,0,0,62.25,-0.22202,1.0404,0.86791
0,0,0,0,62.26,-0.22502,1.0465,0.86676
0,0,0,0,62.27,-0.22814,1.0522,0.86567
0,0,0,0,62.28,-0.23111,1.0582,0.86465
0,0,0,0,62.29,-0.23401,1.0638,0.86365
0,0,0,0,62.3,-0.23675,1.0692,0.86274
0,0,0,0,62.31,-0.23969,1.0748,0.86168
0,0,0,0,62.32,-0.24258,1.08,0.8611
0,0,0,0,62.33,-0.24552,1.0853,0.86006
0,0,0,0,62.34,-0.2483,1.0906,0.85899
0,0,0,0,62.35,-0.25101,1.0955,0.85836
0,0,0,0,62.36,-0.25396,1.1005,0.85781
0,0,0,0,62.37,-0.25734,1.1058,0.85713
0,0,0,0,62.38,-0.2594,1.1107,0.85656
0,0,0,0,62.39,-0.26211,1.1152,0.85603
0,0,0,0,62.4,-0.26515,1.1204,0.85528
0,0,0,0,62.41,-0.26747,1.125,0.85504
0,0,0,0,62.42,-0.27015,1.1301,0.85454
0,0,0,0,62.43,-0.27263,1.134,0.85434
0,0,0,0,62.44,-0.27523,1.1384,0.85408
0,0,0,0,62.45,-0.27792,1.143,0.85354
0,0,0,0,62.46,-0.28072,1.1475,0.85301
0,0,0,0,62.47,-0.28285,1.1516,0.85287
0,0,0,0,62.48,-0.28536,1.156,0.85261
0,0,0,0,62.49,-0.28816,1.1602,0.85214
0,0,0,0,62.5,-0.29113,1.1646,0.85182
0,0,0,0,62.51,-0.29294,1.1684,0.85209
0,0,0,0,62.52,-0.29546,1.1719,0.85254
0,0,0,0,62.53,-0.2976,1.1755,0.85269
0,0,0,0,62.54,-0.30026,1.1793,0.85264
0,0,0,0,62.55,-0.3026,1.1829,0.85269
0,0,0,0,62.56,-0.30482,1.1863,0.85275
0,0,0,0,62.57,-0.30706,1.1897,0.85286
0,0,0,0,62.58,-0.30934,1.1928,0.85315
0,0,0,0,62.59,-0.31176,1.196,0.85357
0,0,0,0,62.6,-0.314,1.1992,0.85368
0,0,0,0,62.61,-0.31612,1.202,0.85384
0,0,0,0,62.62,-0.31829,1.2051,0.85421
0,0,0,0,62.63,-0.32022,1.2078,0.85468
0,0,0,0,62.64,-0.32223,1.2105,0.85537
0,0,0,0,62.65,-0.32406,1.2128,0.85608
0,0,0,0,62.66,-0.32619,1.2156,0.8564
0,0,0,0,62.67,-0.32793,1.218,0.85683
0,0,0,0,62.68,-0.3297,1.2204,0.85723
0,0,0,0,62.69,-0.33142,1.2224,0.85771
0,0,0,0,62.7,-0.33309,1.2244,0.85806
0,0,0,0,62.71,-0.3348,1.2264,0.85848
0,0,0,0,62.72,-0.33698,1.2292,0.85977
0,0,0,0,62.73,-0.33803,1.2304,0.86006
0,0,0,0,62.74,-0.33946,1.2319,0.86056
0,0,0,0,62.75,-0.34098,1.2335,0.86108
0,0,0,0,62.76,-0.34238,1.2348,0.86151
0,0,0,0,62.77,-0.34405,1.2361,0.86205
0,0,0,0,62.78,-0.3455,1.2371,0.86272
0,0,0,0,62.79,-0.34678,1.2381,0.86328
0,0,0,0,62.8,-0.34795,1.239,0.86366
0,0,0,0,62.81,-0.34938,1.2397,0.86433
0,0,0,0,62.82,-0.35077,1.2405,0.86488
0,0,0,0,62.83,-0.35186,1.2409,0.86535
0,0,0,0,62.84,-0.35302,1.2413,0.86595
0,0,0,0,62.85,-0.35424,1.2413,0.86692
0,0,0,0,62.86,-0.35535,1.2414,0.86756
0,0,0,0,62.87,-0.35647,1.2414,0.86806
0,0,0,0,62.88,-0.35748,1.2411,0.86868
0,0,0,0,62.89,-0.35864,1.2407,0.86926
0,0,0,0,62.9,-0.35936,1.2401,0.86978
0,0,0,0,62.91,-0.36024,1.2395,0.87029
0,0,0,0,62.92,-0.36108,1.2385,0.87087
0,0,0,0,62.93,-0.36183,1.2374,0.87146
0,0,0,0,62.94,-0.3626,1.2361,0.87209
0,0,0,0,62.95,-0.36312,1.2346,0.87273
0,0,0,0,62.96,-0.36377,1.233,0.87353
0,0,0,0,62.97,-0.36426,1.2313,0.87437
0,0,0,0,62.98,-0.3649,1.2296,0.875
0,0,0,0,62.99,-0.36537,1.2274,0.87571
0,0,0,0,63,-0.36587,1.2254,0.87634
0,0,0,0,63.01,-0.36633,1.2233,0.87701
0,0,0,0,63.02,-0.36677,1.2209,0.87775
0,0,0,0,63.03,-0.36709,1.2183,0.8784
0,0,0,0,63.04,-0.36711,1.2156,0.87919
0,0,0,0,63.05,-0.36736,1.2128,0.87984
0,0,0,0,63.06,-0.36763,1.2098,0.88066
0,0,0,0,63.07,-0.36761,1.2066,0.88123
0,0,0,0,63.08,-0.36795,1.2035,0.88206
0,0,0,0,63.09,-0.36824,1.2,0.88267
0,0,0,0,63.1,-0.36821,1.1965,0.88351
0,0,0,0,63.11,-0.36804,1.1927,0.88438
0,0,0,0,63.12,-0.36793,1.1891,0.88505
0,0,0,0,63.13,-0.36792,1.1853,0.88575
0,0,0,0,63.14,-0.36774,1.1813,0.88656
0,0,0,0,63.15,-0.36772,1.1774,0.88728
0,0,0,0,63.16,-0.36768,1.1733,0.88804
0,0,0,0,63.17,-0.36758,1.1691,0.8889
0,0,0,0,63.18,-0.36745,1.1647,0.8898
0,0,0,0,63.19,-0.36743,1.1605,0.89053
0,0,0,0,63.2,-0.36722,1.156,0.89133
0,0,0,0,63.21,-0.36711,1.1515,0.89207
0,0,0,0,63.22,-0.36704,1.1469,0.89278
0,0,0,0,63.23,-0.36681,1.1423,0.89354
0,0,0,0,63.24,-0.3667,1.1374,0.89441
0,0,0,0,63.25,-0.3666,1.1324,0.89534
0,0,0,0,63.26,-0.36663,1.1272,0.8962
0,0,0,0,63.27,-0.36641,1.1225,0.89691
0,0,0,0,63.28,-0.36608,1.1173,0.8978
0,0,0,0,63.29,-0.36571,1.112,0.8987
0,0,0,0,63.3,-0.36531,1.1066,0.89965
0,0,0,0,63.31,-0.36492,1.1012,0.90048
0,0,0,0,63.32,-0.36459,1.0959,0.90136
0,0,0,0,63.33,-0.36404,1.0901,0.90239
0,0,0,0,63.34,-0.36379,1.0845,0.90332
0,0,0,0,63.35,-0.36325,1.0786,0.90434
0,0,0,0,63.36,-0.36292,1.0728,0.90529
0,0,0,0,63.37,-0.3624,1.0668,0.90649
0,0,0,0,63.38,-0.36235,1.0611,0.90761
0,0,0,0,63.39,-0.36185,1.055,0.90877
0,0,0,0,63.4,-0.36123,1.0486,0.91008
0,0,0,0,63.41,-0.36112,1.0428,0.91113
0,0,0,0,63.42,-0.36082,1.0368,0.91229
0,0,0,0,63.43,-0.36023,1.0303,0.91355
0,0,0,0,63.44,-0.35985,1.0242,0.91468
0,0,0,0,63.45,-0.35964,1.0181,0.91585
0,0,0,0,63.46,-0.35946,1.0121,0.91695
0,0,0,0,63.47,-0.35901,1.006,0.91822
0,0,0,0,63.48,-0.3587,0.9998,0.91946
0,0,0,0,63.49,-0.3582,0.99365,0.92068
0,0,0,0,63.5,-0.35806,0.9879,0.92176
0,0,0,0,63.51,-0.35774,0.98203,0.92293
0,0,0,0,63.52,-0.35757,0.97606,0.92415
0,0,0,0,63.53,-0.35727,0.96977,0.92559
0,0,0,0,63.54,-0.35715,0.96399,0.92665
0,0,0,0,63.55,-0.35679,0.95798,0.92793
0,0,0,0,63.56,-0.35663,0.95215,0.9291
0,0,0,0,63.57,-0.35675,0.94657,0.93011
0,0,0,0,63.58,-0.35643,0.94046,0.93127
0,0,0,0,63.59,-0.35601,0.93434,0.93256
0,0,0,0,63.6,-0.35576,0.92835,0.93384
0,0,0,0,63.61,-0.35588,0.92243,0.93504
0,0,0,0,63.62,-0.3558,0.91636,0.93638
0,0,0,0,63.63,-0.35563,0.91003,0.93794
0,0,0,0,63.64,-0.35547,0.90397,0.9391
0,0,0,0,63.65,-0.35541,0.89799,0.94028
0,0,0,0,63.66,-0.3551,0.89169,0.94165
0,0,0,0,63.67,-0.3546,0.88515,0.94308
0,0,0,0,63.68,-0.35455,0.87904,0.94432
0,0,0,0,63.69,-0.35454,0.8731,0.94555
0,0,0,0,63.7,-0.3543,0.86699,0.94696
0,0,0,0,63.71,-0.35407,0.8607,0.94842
0,0,0,0,63.72,-0.35392,0.85463,0.94976
0,0,0,0,63.73,-0.35392,0.84878,0.95117
0,0,0,0,63.74,-0.35416,0.84294,0.95241
0,0,0,0,63.75,-0.35433,0.83706,0.95364
0,0,0,0,63.76,-0.35411,0.83112,0.95504
0,0,0,0,63.77,-0.35403,0.8255,0.95625
0,0,0,0,63.78,-0.35406,0.81992,0.95739
0,0,0,0,63.79,-0.35412,0.81441,0.95849
0,0,0,0,63.8,-0.35405,0.80887,0.95976
0,0,0,0,63.81,-0.35412,0.80323,0.96122
0,0,0,0,63.82,-0.35399,0.79783,0.96241
0,0,0,0,63.83,-0.35406,0.79244,0.9635
0,0,0,0,63.84,-0.35432,0.78721,0.96455
0,0,0,0,63.85,-0.3547,0.7819,0.96568
0,0,0,0,63.86,-0.35464,0.7765,0.96683
0,0,0,0,63.87,-0.35453,0.77111,0.96806
0,0,0,0,63.88,-0.35458,0.76589,0.96906
0,0,0,0,63.89,-0.35499,0.76071,0.97008
0,0,0,0,63.9,-0.35499,0.75538,0.97126
0,0,0,0,63.91,-0.35519,0.75011,0.97252
0,0,0,0,63.92,-0.3555,0.74503,0.97352
0,0,0,0,63.93,-0.35578,0.7398,0.97457
0,0,0,0,63.94,-0.35614,0.73461,0.97557
0,0,0,0,63.95,-0.35637,0.72945,0.97664
0,0,0,0,63.96,-0.35647,0.72431,0.9777
0,0,0,0,63.97,-0.35672,0.71901,0.97862
0,0,0,0,63.98,-0.3568,0.71392,0.9796
0,0,0,0,63.99,-0.35689,0.70882,0.98073
0,0,0,0,64,-0.35716,0.70359,0.98192
0,0,0,0,64.01,-0.35725,0.69856,0.98266
0,0,0,0,64.02,-0.35799,0.69368,0.98357
0,0,0,0,64.03,-0.35811,0.68866,0.98443
0,0,0,0,64.04,-0.35827,0.68368,0.98539
0,0,0,0,64.05,-0.35855,0.6789,0.9863
0,0,0,0,64.06,-0.35853,0.67409,0.98714
0,0,0,0,64.07,-0.35875,0.66935,0.98777
0,0,0,0,64.08,-0.3592,0.66474,0.98849
0,0,0,0,64.09,-0.35941,0.66004,0.98917
0,0,0,0,64.1,-0.35988,0.6555,0.9898
0,0,0,0,64.11,-0.36008,0.65092,0.99036
0,0,0,0,64.12,-0.36034,0.64645,0.99083
0,0,0,0,64.13,-0.3608,0.64196,0.99124
0,0,0,0,64.14,-0.36107,0.63745,0.99165
0,0,0,0,64.15,-0.36143,0.63309,0.992
0,0,0,0,64.16,-0.36172,0.62862,0.99228
0,0,0,0,64.17,-0.36215,0.6243,0.9925
0,0,0,0,64.18,-0.36255,0.6199,0.99269
0,0,0,0,64.19,-0.3629,0.61557,0.99281
0,0,0,0,64.2,-0.36322,0.61118,0.99294
0,0,0,0,64.21,-0.36351,0.60686,0.99299
0,0,0,0,64.22,-0.36388,0.60278,0.99295
0,0,0,0,64.23,-0.36414,0.59838,0.99296
0,0,0,0,64.24,-0.3646,0.59413,0.99279
0,0,0,0,64.25,-0.3651,0.58987,0.99262
0,0,0,0,64.26,-0.36521,0.58572,0.99225
0,0,0,0,64.27,-0.36589,0.58148,0.99203
0,0,0,0,64.28,-0.3663,0.57726,0.99171
0,0,0,0,64.29,-0.36671,0.57317,0.99134
0,0,0,0,64.3,-0.36718,0.56906,0.99098
0,0,0,0,64.31,-0.3676,0.56496,0.99052
0,0,0,0,64.32,-0.36793,0.56098,0.98996
0,0,0,0,64.33,-0.36861,0.55707,0.9894
0,0,0,0,64.34,-0.36895,0.55322,0.98874
0,0,0,0,64.35,-0.36931,0.54935,0.98797
0,0,0,0,64.36,-0.36979,0.54552,0.98726
0,0,0,0,64.37,-0.3703,0.54186,0.98641
0,0,0,0,64.38,-0.37067,0.53818,0.9855
0,0,0,0,64.39,-0.3709,0.53428,0.98466
0,0,0,0,64.4,-0.37161,0.53061,0.98375
0,0,0,0,64.41,-0.37194,0.52687,0.98259
0,0,0,0,64.42,-0.37251,0.52321,0.98164
0,0,0,0,64.43,-0.37294,0.51954,0.98061
0,0,0,0,64.44,-0.3734,0.51596,0.97946
0,0,0,0,64.45,-0.37364,0.51211,0.97828
0,0,0,0,64.46,-0.37409,0.50865,0.97706
0,0,0,0,64.47,-0.37449,0.50493,0.97574
0,0,0,0,64.48,-0.37528,0.50131,0.97439
0,0,0,0,64.49,-0.37571,0.49778,0.97307
0,0,0,0,64.5,-0.37614,0.49409,0.97169
0,0,0,0,64.51,-0.37655,0.49052,0.97023
0,0,0,0,64.52,-0.37696,0.4871,0.96854
0,0,0,0,64.53,-0.3775,0.48352,0.96702
0,0,0,0,64.54,-0.37776,0.47998,0.96557
0,0,0,0,64.55,-0.3785,0.47658,0.96387
0,0,0,0,64.56,-0.37898,0.47309,0.96208
0,0,0,0,64.57,-0.37926,0.4697,0.96034
0,0,0,0,64.58,-0.37971,0.46627,0.95865
0,0,0,0,64.59,-0.38006,0.46291,0.95684
0,0,0,0,64.6,-0.38037,0.45965,0.95493
0,0,0,0,64.61,-0.38069,0.45627,0.95306
0,0,0,0,64.62,-0.38106,0.45301,0.95117
0,0,0,0,64.63,-0.38142,0.44972,0.94918
0,0,0,0,64.64,-0.38164,0.44649,0.94722
0,0,0,0,64.65,-0.38174,0.44328,0.94533
0,0,0,0,64.66,-0.3819,0.44023,0.9432
0,0,0,0,64.67,-0.38201,0.43712,0.9411
0,0,0,0,64.68,-0.38203,0.43401,0.93908
0,0,0,0,64.69,-0.38205,0.43102,0.93692
0,0,0,0,64.7,-0.38212,0.4281,0.93475
0,0,0,0,64.71,-0.38194,0.42498,0.93253
0,0,0,0,64.72,-0.382,0.42215,0.93028
0,0,0,0,64.73,-0.38199,0.41913,0.92795
0,0,0,0,64.74,-0.38194,0.41617,0.92562
0,0,0,0,64.75,-0.38179,0.41333,0.92315
0,0,0,0,64.76,-0.38164,0.41037,0.92076
0,0,0,0,64.77,-0.38165,0.40749,0.91841
0,0,0,0,64.78,-0.38146,0.40473,0.91572
0,0,0,0,64.79,-0.38145,0.40204,0.91315
0,0,0,0,64.8,-0.3815,0.39927,0.91062
0,0,0,0,64.81,-0.38133,0.39651,0.90787
0,0,0,0,64.82,-0.38071,0.39371,0.90525
0,0,0,0,64.83,-0.38107,0.39123,0.90251
0,0,0,0,64.84,-0.38074,0.3885,0.89965
0,0,0,0,64.85,-0.38058,0.38582,0.89686
0,0,0,0,64.86,-0.38032,0.38314,0.89404
0,0,0,0,64.87,-0.37994,0.38047,0.89111
0,0,0,0,64.88,-0.3797,0.37781,0.88826
0,0,0,0,64.89,-0.37943,0.37526,0.8852
0,0,0,0,64.9,-0.37896,0.37261,0.88224
0,0,0,0,64.91,-0.37874,0.37007,0.87913
0,0,0,0,64.92,-0.37839,0.36744,0.87615
0,0,0,0,64.93,-0.37795,0.36495,0.8729
0,0,0,0,64.94,-0.37761,0.36243,0.86977
0,0,0,0,64.95,NaN,NaN,NaN
0,0,0,0,64.96,NaN,NaN,NaN
0,0,0,0,64.97,NaN,NaN,NaN
0,0,0,0,64.98,NaN,NaN,NaN
0,0,0,0,64.99,NaN,NaN,NaN
0,0,0,0,65,NaN,NaN,NaN
0,0,0,0,65.01,NaN,NaN,NaN
0,0,0,0,65.02,NaN,NaN,NaN
0,0,0,0,65.03,NaN,NaN,NaN
0,0,0,0,65.04,NaN,NaN,NaN
0,0,0,0,65.05,NaN,NaN,NaN
0,0,0,0,65.06,NaN,NaN,NaN
0,0,0,0,65.07,NaN,NaN,NaN
0,0,0,0,65.08,NaN,NaN,NaN
0,0,0,0,65.09,NaN,NaN,NaN
0,0,0,0,65.1,-0.36729,0.32359,0.81391
0,0,0,0,65.11,NaN,NaN,NaN
0,0,0,0,65.12,-0.36578,0.31901,0.80635
0,0,0,0,65.13,NaN,NaN,NaN
0,0,0,0,65.14,-0.36402,0.31444,0.79864
0,0,0,0,65.15,NaN,NaN,NaN
0,0,0,0,65.16,-0.36237,0.3099,0.7909
0,0,0,0,65.17,NaN,NaN,NaN
0,0,0,0,65.18,-0.36032,0.30531,0.78302
0,0,0,0,65.19,NaN,NaN,NaN
0,0,0,0,65.2,-0.35874,0.30093,0.77512
0,0,0,0,65.21,NaN,NaN,NaN
0,0,0,0,65.22,-0.35705,0.29651,0.76708
0,0,0,0,65.23,NaN,NaN,NaN
0,0,0,0,65.24,-0.35494,0.29204,0.75906
0,0,0,0,65.25,NaN,NaN,NaN
0,0,0,0,65.26,-0.35286,0.28759,0.75116
0,0,0,0,65.27,NaN,NaN,NaN
0,0,0,0,65.28,-0.35091,0.28313,0.74305
0,0,0,0,65.29,NaN,NaN,NaN
0,0,0,0,65.3,-0.34885,0.27867,0.73491
0,0,0,0,65.31,NaN,NaN,NaN
0,0,0,0,65.32,-0.34695,0.27432,0.72668
0,0,0,0,65.33,NaN,NaN,NaN
0,0,0,0,65.34,-0.34502,0.26985,0.71858
0,0,0,0,65.35,NaN,NaN,NaN
0,0,0,0,65.36,-0.34311,0.26552,0.71035
0,0,0,0,65.37,NaN,NaN,NaN
0,0,0,0,65.38,-0.34136,0.26136,0.70214
0,0,0,0,65.39,NaN,NaN,NaN
0,0,0,0,65.4,-0.33955,0.25714,0.69389
0,0,0,0,65.41,NaN,NaN,NaN
0,0,0,0,65.42,-0.33776,0.25305,0.68573
0,0,0,0,65.43,NaN,NaN,NaN
0,0,0,0,65.44,-0.33603,0.24901,0.67767
0,0,0,0,65.45,NaN,NaN,NaN
0,0,0,0,65.46,-0.3342,0.24505,0.6697
0,0,0,0,65.47,NaN,NaN,NaN
0,0,0,0,65.48,-0.33242,0.24114,0.66186
0,0,0,0,65.49,NaN,NaN,NaN
0,0,0,0,65.5,-0.33044,0.2374,0.65401
0,0,0,0,65.51,NaN,NaN,NaN
0,0,0,0,65.52,-0.32828,0.23366,0.64618
0,0,0,0,65.53,NaN,NaN,NaN
0,0,0,0,65.54,-0.32622,0.23009,0.6384
0,0,0,0,65.55,NaN,NaN,NaN
0,0,0,0,65.56,-0.32423,0.2264,0.63082
0,0,0,0,65.57,NaN,NaN,NaN
0,0,0,0,65.58,-0.32188,0.22269,0.62312
0,0,0,0,65.59,NaN,NaN,NaN
0,0,0,0,65.6,-0.31951,0.21906,0.61566
0,0,0,0,65.61,NaN,NaN,NaN
0,0,0,0,65.62,-0.31715,0.21544,0.60813
0,0,0,0,65.63,NaN,NaN,NaN
0,0,0,0,65.64,-0.31455,0.21175,0.60055
0,0,0,0,65.65,NaN,NaN,NaN
0,0,0,0,65.66,-0.31234,0.20829,0.5928
0,0,0,0,65.67,NaN,NaN,NaN
0,0,0,0,65.68,-0.30989,0.20472,0.58514
0,0,0,0,65.69,NaN,NaN,NaN
0,0,0,0,65.7,-0.30749,0.2014,0.57727
0,0,0,0,65.71,NaN,NaN,NaN
0,0,0,0,65.72,-0.30514,0.19808,0.56924
0,0,0,0,65.73,NaN,NaN,NaN
0,0,0,0,65.74,-0.30305,0.19487,0.56121
0,0,0,0,65.75,NaN,NaN,NaN
0,0,0,0,65.76,-0.30079,0.1918,0.55316
0,0,0,0,65.77,NaN,NaN,NaN
0,0,0,0,65.78,-0.29858,0.18868,0.54496
0,0,0,0,65.79,NaN,NaN,NaN
0,0,0,0,65.8,-0.29664,0.1857,0.53684
0,0,0,0,65.81,NaN,NaN,NaN
0,0,0,0,65.82,-0.2941,0.18277,0.52844
0,0,0,0,65.83,NaN,NaN,NaN
0,0,0,0,65.84,-0.29184,0.17979,0.52043
0,0,0,0,65.85,NaN,NaN,NaN
0,0,0,0,65.86,-0.28935,0.17694,0.51196
0,0,0,0,65.87,NaN,NaN,NaN
0,0,0,0,65.88,-0.28708,0.17384,0.50426
0,0,0,0,65.89,NaN,NaN,NaN
0,0,0,0,65.9,-0.28471,0.17101,0.49618
0,0,0,0,65.91,NaN,NaN,NaN
0,0,0,0,65.92,-0.28238,0.16808,0.48784
0,0,0,0,65.93,NaN,NaN,NaN
0,0,0,0,65.94,-0.27975,0.16518,0.4798
0,0,0,0,65.95,NaN,NaN,NaN
0,0,0,0,65.96,-0.27704,0.16236,0.47197
0,0,0,0,65.97,NaN,NaN,NaN
0,0,0,0,65.98,-0.27427,0.1596,0.46398
0,0,0,0,65.99,NaN,NaN,NaN
0,0,0,0,66,-0.27163,0.15686,0.45595
0,0,0,0,66.01,NaN,NaN,NaN
0,0,0,0,66.02,-0.26882,0.15429,0.44816
0,0,0,0,66.03,NaN,NaN,NaN
0,0,0,0,66.04,-0.26592,0.15169,0.44047
0,0,0,0,66.05,-0.26446,0.15031,0.43669
0,0,0,0,66.06,-0.26297,0.14906,0.43279
0,0,0,0,66.07,-0.26167,0.14779,0.42918
0,0,0,0,66.08,-0.25996,0.14636,0.4255
0,0,0,0,66.09,-0.25844,0.14502,0.42191
0,0,0,0,66.1,-0.25717,0.14375,0.41793
0,0,0,0,66.11,-0.25603,0.14255,0.4141
0,0,0,0,66.12,-0.25461,0.14121,0.41049
0,0,0,0,66.13,-0.25302,0.13998,0.40684
0,0,0,0,66.14,-0.25165,0.13878,0.40288
0,0,0,0,66.15,-0.25024,0.13735,0.39965
0,0,0,0,66.16,-0.24906,0.13602,0.39599
0,0,0,0,66.17,-0.24757,0.13484,0.39233
0,0,0,0,66.18,-0.24641,0.13351,0.38877
0,0,0,0,66.19,-0.24513,0.13214,0.38498
0,0,0,0,66.2,-0.24399,0.13093,0.38145
0,0,0,0,66.21,-0.2428,0.12948,0.3777
0,0,0,0,66.22,-0.24146,0.12818,0.37393
0,0,0,0,66.23,-0.24023,0.12686,0.37065
0,0,0,0,66.24,-0.2388,0.12543,0.36708
0,0,0,0,66.25,-0.23755,0.12398,0.36379
0,0,0,0,66.26,-0.23629,0.12265,0.36022
0,0,0,0,66.27,-0.23505,0.12139,0.35695
0,0,0,0,66.28,-0.2337,0.11998,0.35366
0,0,0,0,66.29,-0.23228,0.11874,0.35022
0,0,0,0,66.3,-0.23105,0.11744,0.34689
0,0,0,0,66.31,-0.22974,0.11604,0.34356
0,0,0,0,66.32,-0.22843,0.11484,0.34032
0,0,0,0,66.33,-0.22727,0.11357,0.337
0,0,0,0,66.34,-0.22561,0.11231,0.33389
0,0,0,0,66.35,-0.22441,0.11106,0.33069
0,0,0,0,66.36,-0.22326,0.10974,0.32753
0,0,0,0,66.37,-0.22194,0.1085,0.32461
0,0,0,0,66.38,-0.2209,0.1072,0.32131
0,0,0,0,66.39,-0.21971,0.10595,0.31826
0,0,0,0,66.4,-0.21836,0.10453,0.31546
0,0,0,0,66.41,-0.21711,0.10319,0.31279
0,0,0,0,66.42,-0.21592,0.102,0.3096
0,0,0,0,66.43,-0.21475,0.1005,0.30707
0,0,0,0,66.44,-0.21352,0.098997,0.30417
0,0,0,0,66.45,-0.21208,0.097639,0.30191
0,0,0,0,66.46,-0.21067,0.09619,0.29937
0,0,0,0,66.47,-0.20962,0.094957,0.29667
0,0,0,0,66.48,-0.20821,0.093475,0.29417
0,0,0,0,66.49,-0.20707,0.092159,0.29182
0,0,0,0,66.5,-0.20579,0.090801,0.28955
0,0,0,0,66.51,-0.20437,0.089267,0.28735
0,0,0,0,66.52,-0.2032,0.087893,0.28522
0,0,0,0,66.53,-0.20219,0.086744,0.28285
0,0,0,0,66.54,-0.20093,0.085314,0.28103
0,0,0,0,66.55,-0.19958,0.083829,0.27912
0,0,0,0,66.56,-0.1981,0.082378,0.27714
0,0,0,0,66.57,-0.19702,0.080951,0.27539
0,0,0,0,66.58,-0.19588,0.07944,0.27354
0,0,0,0,66.59,-0.19447,0.078161,0.27151
0,0,0,0,66.6,-0.1932,0.076418,0.2703
0,0,0,0,66.61,-0.19212,0.074917,0.26876
0,0,0,0,66.62,-0.19106,0.073442,0.26682
0,0,0,0,66.63,-0.18966,0.071835,0.26555
0,0,0,0,66.64,-0.18859,0.070243,0.26435
0,0,0,0,66.65,-0.18748,0.068755,0.26313
0,0,0,0,66.66,-0.1862,0.06725,0.26199
0,0,0,0,66.67,-0.18486,0.065571,0.26088
0,0,0,0,66.68,-0.18398,0.064238,0.25936
0,0,0,0,66.69,-0.18266,0.062703,0.2583
0,0,0,0,66.7,-0.18132,0.06113,0.25736
0,0,0,0,66.71,-0.18004,0.05955,0.2565
0,0,0,0,66.72,-0.17878,0.058109,0.25566
0,0,0,0,66.73,-0.17772,0.056713,0.25476
0,0,0,0,66.74,-0.17624,0.055056,0.25405
0,0,0,0,66.75,-0.17493,0.053574,0.25309
0,0,0,0,66.76,-0.17378,0.05207,0.2525
0,0,0,0,66.77,-0.17255,0.050509,0.25196
0,0,0,0,66.78,-0.17108,0.048986,0.25142
0,0,0,0,66.79,-0.16968,0.047578,0.25089
0,0,0,0,66.8,-0.16823,0.046013,0.25056
0,0,0,0,66.81,-0.16634,0.044429,0.25011
0,0,0,0,66.82,-0.16482,0.042836,0.2498
0,0,0,0,66.83,-0.16351,0.041227,0.24959
0,0,0,0,66.84,-0.16198,0.039559,0.24948
0,0,0,0,66.85,-0.16016,0.038092,0.24951
0,0,0,0,66.86,-0.15881,0.036503,0.24946
0,0,0,0,66.87,-0.15751,0.035006,0.24941
0,0,0,0,66.88,-0.15581,0.033254,0.24947
0,0,0,0,66.89,-0.15429,0.031629,0.24951
0,0,0,0,66.9,-0.15287,0.029785,0.24958
0,0,0,0,66.91,-0.15158,0.028139,0.24969
0,0,0,0,66.92,-0.14995,0.026506,0.24962
0,0,0,0,66.93,-0.14814,0.02499,0.24928
0,0,0,0,66.94,-0.14686,0.0233,0.24941
0,0,0,0,66.95,-0.14528,0.021484,0.24976
0,0,0,0,66.96,-0.14378,0.019539,0.25
0,0,0,0,66.97,-0.14219,0.017879,0.25002
0,0,0,0,66.98,-0.14082,0.016274,0.25018
0,0,0,0,66.99,-0.13928,0.014424,0.25042
0,0,0,0,67,-0.13769,0.012693,0.25055
0,0,0,0,67.01,-0.13636,0.011018,0.2507
0,0,0,0,67.02,-0.1348,0.009274,0.25086
0,0,0,0,67.03,-0.13342,0.00754,0.25088
0,0,0,0,67.04,-0.13181,0.005993,0.25087
0,0,0,0,67.05,-0.13036,0.003908,0.25118
0,0,0,0,67.06,-0.12891,0.002232,0.2513
0,0,0,0,67.07,-0.12736,0.000633,0.25146
0,0,0,0,67.08,-0.12586,-0.001123,0.25169
0,0,0,0,67.09,-0.1244,-0.002907,0.25189
0,0,0,0,67.1,-0.12293,-0.00455,0.25204
0,0,0,0,67.11,-0.12141,-0.00629,0.25218
0,0,0,0,67.12,-0.11986,-0.008046,0.25239
0,0,0,0,67.13,-0.11813,-0.009628,0.25264
0,0,0,0,67.14,-0.11674,-0.011158,0.25275
0,0,0,0,67.15,-0.11517,-0.012583,0.25282
0,0,0,0,67.16,-0.11376,-0.014038,0.25277
0,0,0,0,67.17,-0.11236,-0.015516,0.2526
0,0,0,0,67.18,-0.11105,-0.016915,0.25259
0,0,0,0,67.19,-0.10952,-0.018342,0.2526
0,0,0,0,67.2,-0.10795,-0.019759,0.25252
0,0,0,0,67.21,-0.1064,-0.021285,0.25259
0,0,0,0,67.22,-0.10488,-0.022869,0.25254
0,0,0,0,67.23,-0.10327,-0.02443,0.25239
0,0,0,0,67.24,-0.10108,-0.025953,0.25214
0,0,0,0,67.25,-0.099707,-0.027377,0.25209
0,0,0,0,67.26,-0.098402,-0.02887,0.25203
0,0,0,0,67.27,-0.096988,-0.03066,0.25189
0,0,0,0,67.28,-0.09537,-0.032142,0.25173
0,0,0,0,67.29,-0.093887,-0.033687,0.25154
0,0,0,0,67.3,-0.092286,-0.035365,0.25139
0,0,0,0,67.31,-0.090754,-0.036908,0.25105
0,0,0,0,67.32,-0.089227,-0.038374,0.25053
0,0,0,0,67.33,-0.087757,-0.039988,0.25017
0,0,0,0,67.34,-0.086252,-0.041564,0.24962
0,0,0,0,67.35,-0.084814,-0.043105,0.24898
0,0,0,0,67.36,-0.08347,-0.044504,0.24845
0,0,0,0,67.37,-0.082117,-0.046001,0.24782
0,0,0,0,67.38,-0.080391,-0.047354,0.24706
0,0,0,0,67.39,-0.0791,-0.048696,0.24625
0,0,0,0,67.4,-0.077832,-0.050094,0.2454
0,0,0,0,67.41,-0.076524,-0.051503,0.24443
0,0,0,0,67.42,-0.07534,-0.052891,0.24353
0,0,0,0,67.43,-0.073968,-0.054262,0.24257
0,0,0,0,67.44,-0.07232,-0.05542,0.24137
0,0,0,0,67.45,-0.07115,-0.056525,0.24018
0,0,0,0,67.46,-0.069772,-0.05777,0.2392
0,0,0,0,67.47,-0.068355,-0.05891,0.23805
0,0,0,0,67.48,-0.067007,-0.059935,0.23676
0,0,0,0,67.49,-0.065543,-0.061088,0.23537
0,0,0,0,67.5,-0.064151,-0.062125,0.23416
0,0,0,0,67.51,-0.062916,-0.063029,0.23291
0,0,0,0,67.52,-0.061433,-0.063869,0.23144
0,0,0,0,67.53,-0.059977,-0.064909,0.23
0,0,0,0,67.54,-0.05869,-0.06572,0.22874
0,0,0,0,67.55,-0.057348,-0.06652,0.22731
0,0,0,0,67.56,-0.055715,-0.067319,0.22574
0,0,0,0,67.57,-0.054629,-0.067968,0.22414
0,0,0,0,67.58,-0.053468,-0.06863,0.2226
0,0,0,0,67.59,-0.052141,-0.069483,0.22099
0,0,0,0,67.6,-0.050973,-0.070198,0.21938
0,0,0,0,67.61,-0.04983,-0.070948,0.21785
0,0,0,0,67.62,-0.048624,-0.071536,0.21627
0,0,0,0,67.63,-0.047397,-0.071925,0.21428
0,0,0,0,67.64,-0.046205,-0.072571,0.21296
0,0,0,0,67.65,-0.045005,-0.073299,0.21148
0,0,0,0,67.66,-0.043826,-0.073774,0.2101
0,0,0,0,67.67,-0.042582,-0.074259,0.20867
0,0,0,0,67.68,-0.041515,-0.074871,0.20746
0,0,0,0,67.69,-0.040582,-0.07561,0.20644
0,0,0,0,67.7,-0.039271,-0.07656,0.20579
0,0,0,0,67.71,-0.038125,-0.077694,0.20514
0,0,0,0,67.72,-0.036759,-0.078817,0.20453
0,0,0,0,67.73,-0.035912,-0.079697,0.20409
0,0,0,0,67.74,-0.035082,-0.080477,0.20363
0,0,0,0,67.75,-0.033898,-0.081397,0.20326
0,0,0,0,67.76,-0.032806,-0.082251,0.20288
0,0,0,0,67.77,-0.031966,-0.082787,0.20232
0,0,0,0,67.78,-0.03118,-0.083358,0.2018
0,0,0,0,67.79,-0.030283,-0.083878,0.20139
0,0,0,0,67.8,-0.029495,-0.084052,0.20122
0,0,0,0,67.81,-0.028748,-0.083913,0.20112
0,0,0,0,67.82,-0.028329,-0.083834,0.20088
0,0,0,0,67.83,-0.027624,-0.083843,0.20079
0,0,0,0,67.84,-0.027035,-0.083644,0.20075
0,0,0,0,67.85,-0.026346,-0.083303,0.20078
0,0,0,0,67.86,-0.025386,-0.082998,0.20049
0,0,0,0,67.87,-0.024807,-0.082612,0.20057
0,0,0,0,67.88,-0.024187,-0.082427,0.20086
0,0,0,0,67.89,-0.023491,-0.082551,0.20133
0,0,0,0,67.9,-0.022941,-0.082775,0.20213
0,0,0,0,67.91,-0.022159,-0.082631,0.20271
0,0,0,0,67.92,-0.021515,-0.082506,0.20321
0,0,0,0,67.93,-0.020611,-0.082472,0.2038
0,0,0,0,67.94,-0.019765,-0.082463,0.20442
0,0,0,0,67.95,-0.018946,-0.082361,0.2049
0,0,0,0,67.96,-0.0184,-0.082268,0.2053
0,0,0,0,67.97,-0.017746,-0.082054,0.20593
0,0,0,0,67.98,-0.017028,-0.081964,0.20626
0,0,0,0,67.99,-0.016345,-0.081741,0.20698
0,0,0,0,68,-0.015864,-0.081519,0.20749
0,0,0,0,68.01,-0.015461,-0.081489,0.208
0,0,0,0,68.02,-0.015009,-0.081233,0.2084
0,0,0,0,68.03,-0.014536,-0.080789,0.20869
0,0,0,0,68.04,-0.014163,-0.080416,0.20896
0,0,0,0,68.05,-0.01375,-0.080091,0.20927
0,0,0,0,68.06,-0.013437,-0.079762,0.20955
0,0,0,0,68.07,-0.013255,-0.07943,0.20985
0,0,0,0,68.08,-0.013026,-0.079132,0.21011
0,0,0,0,68.09,-0.0128,-0.078867,0.21039
0,0,0,0,68.1,-0.01255,-0.078521,0.21068
0,0,0,0,68.11,-0.012412,-0.078098,0.21111
0,0,0,0,68.12,-0.012161,-0.077638,0.21127
0,0,0,0,68.13,-0.011803,-0.077293,0.21161
0,0,0,0,68.14,-0.011638,-0.076877,0.212
0,0,0,0,68.15,-0.011408,-0.076308,0.21236
0,0,0,0,68.16,-0.011079,-0.075832,0.2127
0,0,0,0,68.17,-0.010767,-0.075456,0.21304
0,0,0,0,68.18,-0.010607,-0.074964,0.21341
0,0,0,0,68.19,-0.010411,-0.074412,0.21377
0,0,0,0,68.2,-0.010253,-0.073844,0.21407
0,0,0,0,68.21,-0.010133,-0.073259,0.21441
0,0,0,0,68.22,-0.009973,-0.072666,0.21481
0,0,0,0,68.23,-0.009666,-0.072095,0.21542
0,0,0,0,68.24,-0.009768,-0.071308,0.21562
0,0,0,0,68.25,-0.009524,-0.070549,0.21607
0,0,0,0,68.26,-0.00931,-0.069959,0.21641
0,0,0,0,68.27,-0.009154,-0.069323,0.21673
0,0,0,0,68.28,-0.008937,-0.06863,0.21711
0,0,0,0,68.29,-0.008852,-0.068059,0.21738
0,0,0,0,68.3,-0.008744,-0.06746,0.21767
0,0,0,0,68.31,-0.008599,-0.066736,0.21789
0,0,0,0,68.32,-0.008479,-0.066067,0.21808
0,0,0,0,68.33,-0.008549,-0.065123,0.21814
0,0,0,0,68.34,-0.008444,-0.064603,0.21853
0,0,0,0,68.35,-0.008509,-0.064431,0.21924
0,0,0,0,68.36,-0.008484,-0.063842,0.21953
0,0,0,0,68.37,-0.008446,-0.063299,0.21986
0,0,0,0,68.38,-0.008207,-0.062763,0.22022
0,0,0,0,68.39,-0.008194,-0.062232,0.22044
0,0,0,0,68.4,-0.008006,-0.061573,0.22077
0,0,0,0,68.41,-0.007839,-0.06107,0.22097
0,0,0,0,68.42,-0.007742,-0.06047,0.2211
0,0,0,0,68.43,-0.007734,-0.059729,0.22118
0,0,0,0,68.44,-0.00762,-0.059047,0.22119
0,0,0,0,68.45,-0.007521,-0.058367,0.22117
0,0,0,0,68.46,-0.007528,-0.057459,0.22118
0,0,0,0,68.47,-0.0075,-0.056758,0.2212
0,0,0,0,68.48,-0.007477,-0.056041,0.2211
0,0,0,0,68.49,-0.007539,-0.055144,0.22105
0,0,0,0,68.5,-0.007684,-0.054365,0.22085
0,0,0,0,68.51,-0.007794,-0.05358,0.22063
0,0,0,0,68.52,-0.007907,-0.052801,0.22036
0,0,0,0,68.53,-0.007995,-0.051797,0.22007
0,0,0,0,68.54,-0.008062,-0.050847,0.21986
0,0,0,0,68.55,-0.008188,-0.04985,0.21953
0,0,0,0,68.56,-0.008381,-0.048911,0.21916
0,0,0,0,68.57,-0.008651,-0.047934,0.21872
0,0,0,0,68.58,-0.008975,-0.047049,0.21831
0,0,0,0,68.59,-0.009329,-0.046144,0.21785
0,0,0,0,68.6,-0.009596,-0.045368,0.21744
0,0,0,0,68.61,-0.009813,-0.04453,0.21705
0,0,0,0,68.62,-0.010292,-0.043502,0.21648
0,0,0,0,68.63,-0.010631,-0.04257,0.21594
0,0,0,0,68.64,-0.010815,-0.041791,0.21538
0,0,0,0,68.65,-0.011025,-0.040714,0.21466
0,0,0,0,68.66,-0.011414,-0.039808,0.21409
0,0,0,0,68.67,-0.011686,-0.039118,0.21354
0,0,0,0,68.68,-0.011995,-0.03834,0.21297
0,0,0,0,68.69,-0.012401,-0.037491,0.21232
0,0,0,0,68.7,-0.012794,-0.036594,0.21169
0,0,0,0,68.71,-0.013116,-0.035797,0.21113
0,0,0,0,68.72,-0.01375,-0.034918,0.21023
0,0,0,0,68.73,-0.014227,-0.034003,0.20969
0,0,0,0,68.74,-0.014742,-0.033278,0.20919
0,0,0,0,68.75,-0.015236,-0.032468,0.20863
0,0,0,0,68.76,-0.015644,-0.031611,0.20814
0,0,0,0,68.77,-0.01612,-0.030605,0.20766
0,0,0,0,68.78,-0.016481,-0.029686,0.20719
0,0,0,0,68.79,-0.016801,-0.028739,0.2067
0,0,0,0,68.8,-0.017355,-0.027656,0.20602
0,0,0,0,68.81,-0.01779,-0.026785,0.20562
0,0,0,0,68.82,-0.018238,-0.025814,0.20524
0,0,0,0,68.83,-0.018682,-0.024775,0.20491
0,0,0,0,68.84,-0.018996,-0.023744,0.20463
0,0,0,0,68.85,-0.019414,-0.022776,0.20423
0,0,0,0,68.86,-0.019828,-0.021589,0.20376
0,0,0,0,68.87,-0.020297,-0.020424,0.20328
0,0,0,0,68.88,-0.020675,-0.019281,0.20275
0,0,0,0,68.89,-0.021189,-0.018271,0.20245
0,0,0,0,68.9,-0.021708,-0.017308,0.20232
0,0,0,0,68.91,-0.022003,-0.016528,0.20254
0,0,0,0,68.92,-0.022464,-0.015793,0.20257
0,0,0,0,68.93,-0.022897,-0.015064,0.20271
0,0,0,0,68.94,-0.023515,-0.014342,0.20271
0,0,0,0,68.95,-0.023926,-0.013598,0.20282
0,0,0,0,68.96,-0.02438,-0.012612,0.20269
0,0,0,0,68.97,-0.024977,-0.011845,0.20314
0,0,0,0,68.98,-0.025596,-0.010971,0.2032
0,0,0,0,68.99,-0.026283,-0.009953,0.20288
0,0,0,0,69,-0.026808,-0.009112,0.20317
0,0,0,0,69.01,-0.027531,-0.008223,0.20398
0,0,0,0,69.02,-0.028059,-0.007178,0.20428
0,0,0,0,69.03,-0.028624,-0.00627,0.20457
0,0,0,0,69.04,-0.029252,-0.005187,0.20477
0,0,0,0,69.05,-0.029967,-0.003966,0.20501
0,0,0,0,69.06,-0.030907,-0.00282,0.20517
0,0,0,0,69.07,-0.031448,-0.001641,0.20541
0,0,0,0,69.08,-0.032127,-0.000497,0.20567
0,0,0,0,69.09,-0.032736,0.000752,0.20592
0,0,0,0,69.1,-0.033409,0.001955,0.20617
0,0,0,0,69.11,-0.034163,0.003281,0.20641
0,0,0,0,69.12,-0.034931,0.004458,0.20677
0,0,0,0,69.13,-0.035476,0.005638,0.20712
0,0,0,0,69.14,-0.036073,0.006959,0.20753
0,0,0,0,69.15,-0.036612,0.008152,0.20786
0,0,0,0,69.16,-0.037168,0.009487,0.20816
0,0,0,0,69.17,-0.037742,0.010778,0.20854
0,0,0,0,69.18,-0.038267,0.012138,0.20891
0,0,0,0,69.19,-0.038815,0.013422,0.20922
0,0,0,0,69.2,-0.039325,0.014711,0.20959
0,0,0,0,69.21,-0.039881,0.016074,0.20987
0,0,0,0,69.22,-0.040652,0.017709,0.21011
0,0,0,0,69.23,-0.041171,0.019273,0.21034
0,0,0,0,69.24,-0.041653,0.020823,0.21056
0,0,0,0,69.25,-0.042274,0.022294,0.21085
0,0,0,0,69.26,-0.042945,0.023943,0.21102
0,0,0,0,69.27,-0.043529,0.025401,0.21114
0,0,0,0,69.28,-0.043945,0.026813,0.21138
0,0,0,0,69.29,-0.044627,0.028407,0.21138
0,0,0,0,69.3,-0.045436,0.030114,0.21128
0,0,0,0,69.31,-0.046137,0.031646,0.21131
0,0,0,0,69.32,-0.046907,0.033079,0.21124
0,0,0,0,69.33,-0.047796,0.034776,0.21112
0,0,0,0,69.34,-0.048854,0.036656,0.21054
0,0,0,0,69.35,-0.049619,0.038168,0.2105
0,0,0,0,69.36,-0.050471,0.039592,0.21036
0,0,0,0,69.37,-0.051385,0.041256,0.21005
0,0,0,0,69.38,-0.052241,0.042847,0.20966
0,0,0,0,69.39,-0.053129,0.044441,0.20916
0,0,0,0,69.4,-0.053916,0.046319,0.20863
0,0,0,0,69.41,-0.054739,0.047897,0.20827
0,0,0,0,69.42,-0.055534,0.049265,0.20793
0,0,0,0,69.43,-0.056215,0.05118,0.20721
0,0,0,0,69.44,-0.057267,0.052933,0.2065
0,0,0,0,69.45,-0.058151,0.054655,0.20569
0,0,0,0,69.46,-0.058918,0.056357,0.20498
0,0,0,0,69.47,-0.059597,0.058043,0.20403
0,0,0,0,69.48,-0.060503,0.059984,0.20303
0,0,0,0,69.49,-0.061329,0.061668,0.20232
0,0,0,0,69.5,-0.062423,0.062934,0.20132
0,0,0,0,69.51,-0.06326,0.064133,0.20068
0,0,0,0,69.52,-0.064065,0.065403,0.20007
0,0,0,0,69.53,-0.064952,0.066831,0.19947
0,0,0,0,69.54,-0.065398,0.068233,0.19935
0,0,0,0,69.55,-0.065926,0.070001,0.19938
0,0,0,0,69.56,-0.066889,0.071669,0.19978
0,0,0,0,69.57,-0.067415,0.073127,0.20023
0,0,0,0,69.58,-0.067947,0.074409,0.20032
0,0,0,0,69.59,-0.068487,0.076037,0.20076
0,0,0,0,69.6,-0.06895,0.077291,0.20081
0,0,0,0,69.61,-0.069402,0.078219,0.20072
0,0,0,0,69.62,-0.070069,0.079275,0.20071
0,0,0,0,69.63,-0.070435,0.080251,0.20039
0,0,0,0,69.64,-0.070695,0.080841,0.19988
0,0,0,0,69.65,-0.071008,0.081346,0.19967
0,0,0,0,69.66,-0.071297,0.08202,0.19956
0,0,0,0,69.67,-0.071455,0.082795,0.19978
0,0,0,0,69.68,-0.071812,0.083277,0.19989
0,0,0,0,69.69,-0.071779,0.083419,0.19986
0,0,0,0,69.7,-0.071857,0.083552,0.19973
0,0,0,0,69.71,-0.07193,0.083603,0.19965
0,0,0,0,69.72,-0.071913,0.083507,0.19968
0,0,0,0,69.73,-0.071999,0.083373,0.19969
0,0,0,0,69.74,-0.071994,0.083367,0.1997
0,0,0,0,69.75,-0.07186,0.083225,0.19964
0,0,0,0,69.76,-0.071878,0.083008,0.1996
0,0,0,0,69.77,-0.071932,0.083155,0.19962
0,0,0,0,69.78,-0.071861,0.083186,0.19964
0,0,0,0,69.79,-0.071877,0.083217,0.19967
0,0,0,0,69.8,-0.071851,0.083415,0.19966
0,0,0,0,69.81,-0.071821,0.083281,0.19964
0,0,0,0,69.82,-0.071891,0.083057,0.19961
0,0,0,0,69.83,-0.071887,0.083162,0.19964
0,0,0,0,69.84,-0.071902,0.083136,0.19961
0,0,0,0,69.85,-0.071779,0.083218,0.19966
0,0,0,0,69.86,-0.07178,0.083276,0.19966
0,0,0,0,69.87,-0.071894,0.083155,0.19961
0,0,0,0,69.88,-0.071804,0.083182,0.19964
0,0,0,0,69.89,-0.07192,0.083118,0.19963
0,0,0,0,69.9,-0.071887,0.08318,0.19963
0,0,0,0,69.91,-0.071768,0.083203,0.19962
0,0,0,0,69.92,-0.071918,0.083141,0.19961
0,0,0,0,69.93,-0.071898,0.083179,0.19958
0,0,0,0,69.94,-0.071787,0.083187,0.19963
0,0,0,0,69.95,-0.071745,0.083216,0.19963
0,0,0,0,69.96,-0.071868,0.083189,0.19963
0,0,0,0,69.97,-0.071778,0.08322,0.19965
0,0,0,0,69.98,-0.071797,0.083214,0.19966
0,0,0,0,69.99,-0.071788,0.083201,0.19965
0,0,0,0,70,-0.071916,0.083135,0.19962
0,0,0,0,70.01,-0.071789,0.083233,0.19962
0,0,0,0,70.02,-0.071799,0.083213,0.1996
0,0,0,0,70.03,-0.071841,0.083203,0.1996
0,0,0,0,70.04,-0.071906,0.083158,0.1996
0,0,0,0,70.05,-0.071819,0.083193,0.19961
0,0,0,0,70.06,-0.071786,0.083226,0.19965
0,0,0,0,70.07,-0.071832,0.083156,0.19961
0,0,0,0,70.08,-0.071833,0.083185,0.19961
0,0,0,0,70.09,-0.071825,0.083202,0.19959
0,0,0,0,70.1,-0.071889,0.08317,0.1996
0,0,0,0,70.11,-0.071845,0.083181,0.19965
0,0,0,0,70.12,-0.071793,0.08327,0.19964
0,0,0,0,70.13,-0.071832,0.083203,0.19961
0,0,0,0,70.14,-0.07181,0.083193,0.19959
0,0,0,0,70.15,-0.071807,0.083214,0.19962
0,0,0,0,70.16,-0.071794,0.083237,0.19965
0,0,0,0,70.17,-0.071888,0.083135,0.19962
0,0,0,0,70.18,-0.0718,0.083182,0.19962
0,0,0,0,70.19,-0.071844,0.083203,0.19964
0,0,0,0,70.2,-0.071765,0.083266,0.19965
0,0,0,0,70.21,-0.071831,0.083202,0.19961
0,0,0,0,70.22,-0.071867,0.083156,0.19961
0,0,0,0,70.23,-0.071798,0.083207,0.19963
0,0,0,0,70.24,-0.071854,0.083195,0.19964
0,0,0,0,70.25,-0.071816,0.083201,0.19961
0,0,0,0,70.26,-0.07181,0.083194,0.19963
0,0,0,0,70.27,-0.071876,0.083177,0.19966
0,0,0,0,70.28,-0.071924,0.083161,0.19961
0,0,0,0,70.29,-0.071885,0.083167,0.19962
0,0,0,0,70.3,-0.071763,0.083241,0.19965
0,0,0,0,70.31,-0.071835,0.083197,0.19962
0,0,0,0,70.32,-0.07189,0.083171,0.19962
0,0,0,0,70.33,-0.071842,0.083195,0.19964
0,0,0,0,70.34,-0.071823,0.083232,0.1996
0,0,0,0,70.35,-0.071887,0.083135,0.19962
0,0,0,0,70.36,-0.071926,0.083116,0.19963
0,0,0,0,70.37,-0.071819,0.083235,0.1996
0,0,0,0,70.38,-0.071795,0.083252,0.19963
0,0,0,0,70.39,-0.071813,0.083208,0.19959
0,0,0,0,70.4,-0.071798,0.083213,0.1996
0,0,0,0,70.41,-0.07183,0.083216,0.1996
0,0,0,0,70.42,-0.071818,0.083199,0.19961
0,0,0,0,70.43,-0.071907,0.083108,0.19961
0,0,0,0,70.44,-0.071879,0.083161,0.19961
0,0,0,0,70.45,-0.071865,0.083157,0.19962
0,0,0,0,70.46,-0.071897,0.083154,0.1996
0,0,0,0,70.47,-0.071853,0.083212,0.19966
0,0,0,0,70.48,-0.071801,0.083216,0.1996
0,0,0,0,70.49,-0.071846,0.083185,0.19962
0,0,0,0,70.5,-0.071876,0.08317,0.19959
0,0,0,0,70.51,-0.071803,0.083242,0.19964
0,0,0,0,70.52,-0.071887,0.083145,0.1996
0,0,0,0,70.53,-0.071923,0.083139,0.19963
0,0,0,0,70.54,-0.071854,0.083198,0.19963
0,0,0,0,70.55,-0.07183,0.083191,0.19961
0,0,0,0,70.56,-0.071803,0.083211,0.19962
0,0,0,0,70.57,-0.071836,0.083225,0.19962
0,0,0,0,70.58,-0.071869,0.083154,0.19962
0,0,0,0,70.59,-0.071808,0.083246,0.19962
0,0,0,0,70.6,-0.071797,0.083274,0.19965
0,0,0,0,70.61,-0.071876,0.083144,0.19961
0,0,0,0,70.62,-0.071843,0.083168,0.19962
0,0,0,0,70.63,-0.071819,0.08321,0.19961
0,0,0,0,70.64,-0.071818,0.083212,0.19961
0,0,0,0,70.65,-0.071755,0.083264,0.19964
0,0,0,0,70.66,-0.071804,0.083231,0.19961
0,0,0,0,70.67,-0.071832,0.083195,0.19961
0,0,0,0,70.68,-0.071788,0.083209,0.19961
0,0,0,0,70.69,-0.071796,0.083216,0.1996
0,0,0,0,70.7,-0.071786,0.083237,0.19964
0,0,0,0,70.71,-0.071867,0.083171,0.19959
0,0,0,0,70.72,-0.071817,0.083214,0.19959
0,0,0,0,70.73,-0.071836,0.0832,0.19964
0,0,0,0,70.74,-0.071803,0.083211,0.19961
0,0,0,0,70.75,-0.071813,0.083247,0.19961
0,0,0,0,70.76,-0.071781,0.083279,0.19964
0,0,0,0,70.77,-0.071876,0.083163,0.1996
0,0,0,0,70.78,-0.071798,0.083228,0.19962
0,0,0,0,70.79,-0.071763,0.08326,0.19964
0,0,0,0,70.8,-0.071827,0.083221,0.19961
0,0,0,0,70.81,-0.071927,0.083157,0.19962
0,0,0,0,70.82,-0.071846,0.083209,0.19964
0,0,0,0,70.83,-0.071805,0.083231,0.19962
0,0,0,0,70.84,-0.071813,0.083189,0.1996
0,0,0,0,70.85,-0.071908,0.083135,0.19961
0,0,0,0,70.86,-0.071772,0.083261,0.19964
0,0,0,0,70.87,-0.071817,0.083222,0.19961
0,0,0,0,70.88,-0.071829,0.083235,0.19961
0,0,0,0,70.89,-0.071842,0.083197,0.19964
0,0,0,0,70.9,-0.071818,0.083217,0.19962
0,0,0,0,70.91,-0.071841,0.0832,0.1996
0,0,0,0,70.92,-0.071893,0.083132,0.1996
0,0,0,0,70.93,-0.071848,0.083218,0.19964
0,0,0,0,70.94,-0.071804,0.083222,0.19961
0,0,0,0,70.95,-0.071827,0.083194,0.1996
0,0,0,0,70.96,-0.071913,0.083126,0.19962
0,0,0,0,70.97,-0.071772,0.08325,0.19964
0,0,0,0,70.98,-0.071791,0.083217,0.19961
0,0,0,0,70.99,-0.071802,0.083212,0.1996
0,0,0,0,71,-0.071827,0.083196,0.19961
0,0,0,0,71.01,-0.071771,0.083252,0.19963
0,0,0,0,71.02,-0.071802,0.083205,0.1996
0,0,0,0,71.03,-0.071803,0.083228,0.19959
0,0,0,0,71.04,-0.071799,0.083242,0.19961
0,0,0,0,71.05,-0.07179,0.083251,0.19964
0,0,0,0,71.06,-0.071792,0.083212,0.19962
0,0,0,0,71.07,-0.07181,0.083194,0.1996
0,0,0,0,71.08,-0.071907,0.083151,0.1996
0,0,0,0,71.09,-0.071816,0.083233,0.19963
0,0,0,0,71.1,-0.071805,0.083281,0.19965
0,0,0,0,71.11,-0.071793,0.083259,0.19964
0,0,0,0,71.12,-0.071805,0.083207,0.19962
0,0,0,0,71.13,-0.071797,0.08321,0.19961
0,0,0,0,71.14,-0.071823,0.083216,0.1996
0,0,0,0,71.15,-0.071792,0.083238,0.19966
0,0,0,0,71.16,-0.071775,0.083269,0.19964
0,0,0,0,71.17,-0.071808,0.083221,0.19961
0,0,0,0,71.18,-0.071817,0.083224,0.19961
0,0,0,0,71.19,-0.071825,0.083205,0.19961
0,0,0,0,71.2,-0.071833,0.083208,0.19962
0,0,0,0,71.21,-0.071862,0.083194,0.19964
0,0,0,0,71.22,-0.071808,0.083267,0.19964
0,0,0,0,71.23,-0.071805,0.083218,0.19961
0,0,0,0,71.24,-0.071818,0.083218,0.1996
0,0,0,0,71.25,-0.071832,0.083209,0.19959
0,0,0,0,71.26,-0.071905,0.083153,0.1996
0,0,0,0,71.27,-0.071832,0.083178,0.19962
0,0,0,0,71.28,-0.071799,0.083262,0.19965
0,0,0,0,71.29,-0.071801,0.08325,0.19965
0,0,0,0,71.3,-0.071872,0.083145,0.1996
0,0,0,0,71.31,-0.071828,0.083215,0.1996
0,0,0,0,71.32,-0.071889,0.083163,0.19959
0,0,0,0,71.33,-0.071841,0.08322,0.1996
0,0,0,0,71.34,-0.071848,0.083209,0.1996
0,0,0,0,71.35,-0.071901,0.083128,0.19961
0,0,0,0,71.36,-0.071775,0.083263,0.19965
0,0,0,0,71.37,-0.071772,0.08326,0.19963
0,0,0,0,71.38,-0.071809,0.083205,0.19961
0,0,0,0,71.39,-0.071905,0.083167,0.19963
0,0,0,0,71.4,-0.07188,0.083156,0.19959
0,0,0,0,71.41,-0.071811,0.083218,0.19961
0,0,0,0,71.42,-0.07181,0.083224,0.19961
0,0,0,0,71.43,-0.071826,0.083231,0.19959
0,0,0,0,71.44,-0.071847,0.083196,0.19961
0,0,0,0,71.45,-0.071862,0.083176,0.19964
0,0,0,0,71.46,-0.071845,0.083203,0.19964
0,0,0,0,71.47,-0.071841,0.083197,0.19964
0,0,0,0,71.48,-0.071804,0.08323,0.19961
0,0,0,0,71.49,-0.071815,0.083222,0.19961
0,0,0,0,71.5,-0.071912,0.083165,0.1996
0,0,0,0,71.51,-0.071869,0.083157,0.1996
0,0,0,0,71.52,-0.071815,0.083232,0.1996
0,0,0,0,71.53,-0.071803,0.083225,0.19959
0,0,0,0,71.54,-0.071822,0.083209,0.19961
0,0,0,0,71.55,-0.071832,0.083222,0.1996
0,0,0,0,71.56,-0.071841,0.083212,0.1996
0,0,0,0,71.57,-0.071842,0.083192,0.1996
0,0,0,0,71.58,-0.071889,0.083117,0.19961
0,0,0,0,71.59,-0.071793,0.083239,0.19964
0,0,0,0,71.6,-0.071766,0.083267,0.19965
0,0,0,0,71.61,-0.071781,0.083286,0.19965
0,0,0,0,71.62,-0.071769,0.083274,0.19964
0,0,0,0,71.63,-0.071784,0.083257,0.19964
0,0,0,0,71.64,-0.07178,0.083285,0.19964
0,0,0,0,71.65,-0.071756,0.083259,0.19964
0,0,0,0,71.66,-0.071808,0.083219,0.19961
0,0,0,0,71.67,-0.071863,0.083167,0.19961
0,0,0,0,71.68,-0.071787,0.083258,0.19964
0,0,0,0,71.69,-0.0718,0.083216,0.19961
0,0,0,0,71.7,-0.071834,0.083221,0.19962
0,0,0,0,71.71,-0.071896,0.083158,0.19961
0,0,0,0,71.72,-0.071895,0.083157,0.19961
0,0,0,0,71.73,-0.071828,0.083234,0.19961
0,0,0,0,71.74,-0.071809,0.083223,0.1996
0,0,0,0,71.75,-0.07182,0.083224,0.19961
0,0,0,0,71.76,-0.071814,0.08322,0.1996
0,0,0,0,71.77,-0.071812,0.083218,0.19959
0,0,0,0,71.78,-0.071819,0.083236,0.1996
0,0,0,0,71.79,-0.071808,0.08323,0.19959
0,0,0,0,71.8,-0.071829,0.083217,0.1996
0,0,0,0,71.81,-0.07191,0.083172,0.1996
0,0,0,0,71.82,-0.071811,0.083222,0.19959
0,0,0,0,71.83,-0.071807,0.083229,0.19959
0,0,0,0,71.84,-0.071805,0.083225,0.1996
0,0,0,0,71.85,-0.071803,0.083223,0.19958
0,0,0,0,71.86,-0.071806,0.083219,0.19959
0,0,0,0,71.87,-0.071819,0.08323,0.19958
0,0,0,0,71.88,-0.071807,0.083246,0.19959
0,0,0,0,71.89,-0.071814,0.08322,0.19959
0,0,0,0,71.9,-0.07182,0.083205,0.1996
0,0,0,0,71.91,-0.071879,0.083161,0.1996
0,0,0,0,71.92,-0.071816,0.083213,0.1996
0,0,0,0,71.93,-0.071913,0.08316,0.19961
0,0,0,0,71.94,-0.071894,0.083163,0.1996
0,0,0,0,71.95,-0.071814,0.083214,0.1996
0,0,0,0,71.96,-0.071812,0.083217,0.1996
0,0,0,0,71.97,-0.071809,0.083217,0.1996
0,0,0,0,71.98,-0.071818,0.083232,0.19958
0,0,0,0,71.99,-0.07182,0.083275,0.19954
0,0,0,0,72,-0.071819,0.083205,0.1996
0,0,0,0,72.01,-0.07183,0.083215,0.19961
0,0,0,0,72.02,-0.071888,0.08316,0.19959
0,0,0,0,72.03,-0.071812,0.083226,0.1996
0,0,0,0,72.04,-0.071812,0.083213,0.1996
0,0,0,0,72.05,-0.071891,0.083159,0.1996
0,0,0,0,72.06,-0.071816,0.083229,0.19959
0,0,0,0,72.07,-0.071809,0.083221,0.19959
0,0,0,0,72.08,-0.071812,0.083234,0.1996
0,0,0,0,72.09,-0.071798,0.083226,0.1996
0,0,0,0,72.1,-0.071803,0.083215,0.1996
0,0,0,0,72.11,-0.071808,0.083221,0.1996
0,0,0,0,72.12,-0.071809,0.083213,0.1996
0,0,0,0,72.13,-0.071889,0.083172,0.19958
0,0,0,0,72.14,-0.071798,0.083225,0.19959
0,0,0,0,72.15,-0.0718,0.083238,0.1996
0,0,0,0,72.16,-0.071807,0.083212,0.19959
0,0,0,0,72.17,-0.071826,0.083228,0.1996
0,0,0,0,72.18,-0.071839,0.083234,0.1996
0,0,0,0,72.19,-0.071835,0.083232,0.19961
0,0,0,0,72.2,-0.071902,0.08317,0.19959
0,0,0,0,72.21,-0.071845,0.08321,0.1996
0,0,0,0,72.22,-0.071914,0.083165,0.1996
0,0,0,0,72.23,-0.071827,0.083218,0.19961
0,0,0,0,72.24,-0.071827,0.083207,0.19959
0,0,0,0,72.25,-0.071875,0.083155,0.19959
0,0,0,0,72.26,-0.071804,0.083217,0.1996
0,0,0,0,72.27,-0.071805,0.083218,0.1996
0,0,0,0,72.28,-0.071797,0.083217,0.19959
0,0,0,0,72.29,-0.071804,0.083209,0.19961
0,0,0,0,72.3,-0.071825,0.083211,0.19961
0,0,0,0,72.31,-0.07189,0.083166,0.1996
0,0,0,0,72.32,-0.071895,0.083145,0.19961
0,0,0,0,72.33,-0.071895,0.083144,0.1996
0,0,0,0,72.34,-0.071885,0.083148,0.19959
0,0,0,0,72.35,-0.071885,0.083164,0.19959
0,0,0,0,72.36,-0.071801,0.083217,0.1996
0,0,0,0,72.37,-0.071811,0.083225,0.19961
0,0,0,0,72.38,-0.071887,0.083168,0.1996
0,0,0,0,72.39,-0.071808,0.083218,0.19959
0,0,0,0,72.4,-0.071791,0.083209,0.1996
0,0,0,0,72.41,-0.071805,0.083222,0.1996
0,0,0,0,72.42,-0.071839,0.08322,0.1996
0,0,0,0,72.43,-0.07189,0.083158,0.19958
0,0,0,0,72.44,-0.071875,0.083152,0.19959
0,0,0,0,72.45,-0.071888,0.083159,0.19959
0,0,0,0,72.46,-0.071902,0.083169,0.1996
0,0,0,0,72.47,-0.071821,0.083221,0.19959
0,0,0,0,72.48,-0.071829,0.083219,0.1996
0,0,0,0,72.49,-0.07182,0.083216,0.19958
0,0,0,0,72.5,-0.071823,0.083213,0.19959
0,0,0,0,72.51,-0.071891,0.083172,0.19959
0,0,0,0,72.52,-0.071815,0.083218,0.1996
0,0,0,0,72.53,-0.07187,0.083165,0.19958
0,0,0,0,72.54,-0.071817,0.083236,0.19961
0,0,0,0,72.55,-0.071815,0.083225,0.19959
0,0,0,0,72.56,-0.071809,0.083219,0.19959
0,0,0,0,72.57,-0.071821,0.08322,0.19959
0,0,0,0,72.58,-0.071897,0.083159,0.19959
0,0,0,0,72.59,-0.071819,0.083228,0.19961
0,0,0,0,72.6,-0.071816,0.083213,0.1996
0,0,0,0,72.61,-0.071814,0.083205,0.1996
0,0,0,0,72.62,-0.071873,0.083163,0.19962
0,0,0,0,72.63,-0.071802,0.083225,0.19961
0,0,0,0,72.64,-0.071809,0.083211,0.19961
0,0,0,0,72.65,-0.07181,0.083211,0.19961
0,0,0,0,72.66,-0.071877,0.083148,0.1996
0,0,0,0,72.67,-0.071878,0.083159,0.1996
0,0,0,0,72.68,-0.071818,0.083209,0.1996
0,0,0,0,72.69,-0.071813,0.083208,0.1996
0,0,0,0,72.7,-0.0718,0.083216,0.19959
0,0,0,0,72.71,-0.071813,0.083209,0.19959
0,0,0,0,72.72,-0.071814,0.083224,0.19959
0,0,0,0,72.73,-0.071812,0.083212,0.1996
0,0,0,0,72.74,-0.071813,0.083218,0.1996
0,0,0,0,72.75,-0.071809,0.083211,0.1996
0,0,0,0,72.76,-0.071819,0.08322,0.1996
0,0,0,0,72.77,-0.071807,0.083205,0.1996
0,0,0,0,72.78,-0.071804,0.083229,0.1996
0,0,0,0,72.79,-0.071808,0.083212,0.1996
0,0,0,0,72.8,-0.071807,0.083218,0.19959
0,0,0,0,72.81,-0.071886,0.083166,0.19958
0,0,0,0,72.82,-0.071799,0.083205,0.1996
0,0,0,0,72.83,-0.071881,0.083162,0.19959
0,0,0,0,72.84,-0.071802,0.083217,0.19959
0,0,0,0,72.85,-0.071804,0.083219,0.19959
0,0,0,0,72.86,-0.071805,0.083219,0.19959
0,0,0,0,72.87,-0.071796,0.083213,0.19959
0,0,0,0,72.88,-0.071804,0.083225,0.19958
0,0,0,0,72.89,-0.071793,0.083213,0.1996
0,0,0,0,72.9,-0.071801,0.083232,0.19959
0,0,0,0,72.91,-0.071795,0.083219,0.1996
0,0,0,0,72.92,-0.071806,0.083214,0.1996
0,0,0,0,72.93,-0.071803,0.083218,0.1996
0,0,0,0,72.94,-0.071873,0.083158,0.1996
0,0,0,0,72.95,-0.071818,0.083228,0.1996
0,0,0,0,72.96,-0.071805,0.083227,0.1996
0,0,0,0,72.97,-0.071838,0.08329,0.19955
0,0,0,0,72.98,-0.071805,0.083221,0.1996
0,0,0,0,72.99,-0.071802,0.083224,0.19961
0,0,0,0,73,-0.071803,0.083213,0.1996
0,0,0,0,73.01,-0.071819,0.083224,0.19961
0,0,0,0,73.02,-0.071816,0.08321,0.19961
0,0,0,0,73.03,-0.071891,0.08315,0.1996
0,0,0,0,73.04,-0.071804,0.083214,0.19959
0,0,0,0,73.05,-0.071819,0.083209,0.1996
0,0,0,0,73.06,-0.071821,0.083221,0.19959
0,0,0,0,73.07,-0.071807,0.083214,0.1996
0,0,0,0,73.08,-0.07181,0.083219,0.19961
0,0,0,0,73.09,-0.071825,0.083234,0.1996
0,0,0,0,73.1,-0.071884,0.08317,0.19959
0,0,0,0,73.11,-0.071809,0.083218,0.19959
0,0,0,0,73.12,-0.071806,0.083224,0.19959
0,0,0,0,73.13,-0.071796,0.083211,0.1996
0,0,0,0,73.14,-0.071826,0.083218,0.19959
0,0,0,0,73.15,-0.071812,0.083226,0.19959
0,0,0,0,73.16,-0.071813,0.083224,0.1996
0,0,0,0,73.17,-0.071816,0.083226,0.1996
0,0,0,0,73.18,-0.071807,0.083217,0.19959
0,0,0,0,73.19,-0.071814,0.083212,0.19959
0,0,0,0,73.2,-0.071896,0.083165,0.19959
0,0,0,0,73.21,-0.071811,0.083213,0.1996
0,0,0,0,73.22,-0.071804,0.083223,0.19959
0,0,0,0,73.23,-0.071815,0.083236,0.19961
0,0,0,0,73.24,-0.071818,0.083225,0.1996
0,0,0,0,73.25,-0.071885,0.083173,0.19959
0,0,0,0,73.26,-0.071822,0.083211,0.1996
0,0,0,0,73.27,-0.071809,0.083219,0.1996
0,0,0,0,73.28,-0.071803,0.083221,0.19961
0,0,0,0,73.29,-0.071811,0.083222,0.19961
0,0,0,0,73.3,-0.071878,0.083154,0.19961
0,0,0,0,73.31,-0.071803,0.083214,0.19961
0,0,0,0,73.32,-0.071823,0.08321,0.19961
0,0,0,0,73.33,-0.071894,0.083156,0.1996
0,0,0,0,73.34,-0.071793,0.083212,0.19962
0,0,0,0,73.35,-0.071816,0.083218,0.19961
0,0,0,0,73.36,-0.0718,0.083219,0.19961
0,0,0,0,73.37,-0.07181,0.083216,0.19959
0,0,0,0,73.38,-0.07182,0.083225,0.19961
0,0,0,0,73.39,-0.071823,0.083209,0.1996
0,0,0,0,73.4,-0.071882,0.083168,0.19959
0,0,0,0,73.41,-0.071816,0.083216,0.19961
0,0,0,0,73.42,-0.071891,0.083163,0.19958
0,0,0,0,73.43,-0.071895,0.083174,0.19958
0,0,0,0,73.44,-0.071802,0.083224,0.19959
0,0,0,0,73.45,-0.071805,0.083233,0.1996
0,0,0,0,73.46,-0.071823,0.083228,0.1996
0,0,0,0,73.47,-0.071815,0.08321,0.1996
0,0,0,0,73.48,-0.071815,0.083213,0.1996
0,0,0,0,73.49,-0.071817,0.083214,0.1996
0,0,0,0,73.5,-0.071811,0.083218,0.19959
0,0,0,0,73.51,-0.071812,0.083211,0.1996
0,0,0,0,73.52,-0.07189,0.083162,0.19959
0,0,0,0,73.53,-0.07182,0.083215,0.1996
0,0,0,0,73.54,-0.071894,0.083148,0.19959
0,0,0,0,73.55,-0.071881,0.083158,0.19959
0,0,0,0,73.56,-0.071814,0.083222,0.19961
0,0,0,0,73.57,-0.071815,0.08322,0.19961
0,0,0,0,73.58,-0.071815,0.083218,0.1996
0,0,0,0,73.59,-0.071828,0.083228,0.19961
0,0,0,0,73.6,-0.071817,0.083222,0.19961
0,0,0,0,73.61,-0.071887,0.083165,0.19961
0,0,0,0,73.62,-0.071889,0.083165,0.19959
0,0,0,0,73.63,-0.071817,0.083222,0.19961
0,0,0,0,73.64,-0.071804,0.083215,0.19959
0,0,0,0,73.65,-0.071807,0.083213,0.19959
0,0,0,0,73.66,-0.07182,0.083217,0.19961
0,0,0,0,73.67,-0.071814,0.083218,0.19959
0,0,0,0,73.68,-0.071829,0.083221,0.1996
0,0,0,0,73.69,-0.071826,0.083224,0.19959
0,0,0,0,73.7,-0.071826,0.083227,0.19959
0,0,0,0,73.71,-0.071825,0.083229,0.19959
0,0,0,0,73.72,-0.07182,0.083213,0.1996
0,0,0,0,73.73,-0.071881,0.08317,0.19959
0,0,0,0,73.74,-0.07182,0.083219,0.1996
0,0,0,0,73.75,-0.071828,0.08322,0.1996
0,0,0,0,73.76,-0.071859,0.083176,0.19965
0,0,0,0,73.77,-0.071893,0.083143,0.19958
0,0,0,0,73.78,-0.07195,0.083158,0.19953
0,0,0,0,73.79,-0.071812,0.083221,0.19958
0,0,0,0,73.8,-0.071821,0.083223,0.19959
0,0,0,0,73.81,-0.071806,0.083215,0.1996
0,0,0,0,73.82,-0.071811,0.08323,0.19959
0,0,0,0,73.83,-0.071817,0.083219,0.1996
0,0,0,0,73.84,-0.071819,0.083222,0.19961
0,0,0,0,73.85,-0.071803,0.083213,0.19961
0,0,0,0,73.86,-0.071794,0.08323,0.19961
0,0,0,0,73.87,-0.07179,0.08326,0.19964
0,0,0,0,73.88,-0.071795,0.083275,0.19966
0,0,0,0,73.89,-0.071777,0.083272,0.19964
0,0,0,0,73.9,-0.071808,0.083279,0.19965
0,0,0,0,73.91,-0.07179,0.083249,0.19964
0,0,0,0,73.92,-0.071803,0.083269,0.19965
0,0,0,0,73.93,-0.071804,0.083266,0.19965
0,0,0,0,73.94,-0.0718,0.083265,0.19963
0,0,0,0,73.95,-0.071806,0.083277,0.19964
0,0,0,0,73.96,-0.071796,0.083272,0.19965
0,0,0,0,73.97,-0.071793,0.083286,0.19966
0,0,0,0,73.98,-0.07179,0.083264,0.19966
0,0,0,0,73.99,-0.071788,0.083268,0.19965
0,0,0,0,74,-0.071779,0.083265,0.19965
0,0,0,0,74.01,-0.071784,0.083281,0.19963
0,0,0,0,74.02,-0.071793,0.083264,0.19963
0,0,0,0,74.03,-0.071803,0.083269,0.19962
0,0,0,0,74.04,-0.071799,0.083259,0.19963
0,0,0,0,74.05,-0.071786,0.083267,0.19963
0,0,0,0,74.06,-0.071794,0.083257,0.19964
0,0,0,0,74.07,-0.071791,0.08326,0.19963
0,0,0,0,74.08,-0.071785,0.083256,0.19965
0,0,0,0,74.09,-0.071791,0.083253,0.19964
0,0,0,0,74.1,-0.071797,0.083262,0.19963
0,0,0,0,74.11,-0.07179,0.083262,0.19964
0,0,0,0,74.12,-0.071788,0.083245,0.19963
0,0,0,0,74.13,-0.071766,0.083163,0.19964
0,0,0,0,74.14,-0.071804,0.083211,0.19959
0,0,0,0,74.15,-0.071816,0.083218,0.1996
0,0,0,0,74.16,-0.071807,0.083208,0.19962
0,0,0,0,74.17,-0.071784,0.083228,0.19965
0,0,0,0,74.18,-0.07179,0.083249,0.19965
0,0,0,0,74.19,-0.071801,0.083264,0.19966
0,0,0,0,74.2,-0.071794,0.083273,0.19967
0,0,0,0,74.21,-0.071789,0.083272,0.19966
0,0,0,0,74.22,-0.071786,0.083268,0.19966
0,0,0,0,74.23,-0.07178,0.083258,0.19967
0,0,0,0,74.24,-0.071803,0.083268,0.19966
0,0,0,0,74.25,-0.071804,0.083271,0.19965
0,0,0,0,74.26,-0.071793,0.083257,0.19966
0,0,0,0,74.27,-0.071781,0.083262,0.19966
0,0,0,0,74.28,-0.071785,0.083258,0.19965
0,0,0,0,74.29,-0.07179,0.083272,0.19966
0,0,0,0,74.3,-0.0718,0.083271,0.19966
0,0,0,0,74.31,-0.071789,0.08326,0.19965
0,0,0,0,74.32,-0.071787,0.083265,0.19964
0,0,0,0,74.33,-0.071789,0.083278,0.19964
0,0,0,0,74.34,-0.071798,0.083256,0.19964
0,0,0,0,74.35,-0.07178,0.083255,0.19964
0,0,0,0,74.36,-0.071792,0.083276,0.19965
0,0,0,0,74.37,-0.071794,0.083262,0.19965
0,0,0,0,74.38,-0.071791,0.083254,0.19963
0,0,0,0,74.39,-0.071786,0.083273,0.19965
0,0,0,0,74.4,-0.071794,0.083278,0.19963
0,0,0,0,74.41,-0.071788,0.083272,0.19965
0,0,0,0,74.42,-0.071788,0.083267,0.19964
0,0,0,0,74.43,-0.071789,0.083272,0.19965
0,0,0,0,74.44,-0.071788,0.083277,0.19965
0,0,0,0,74.45,-0.071796,0.083282,0.19964
0,0,0,0,74.46,-0.07179,0.083278,0.19964
0,0,0,0,74.47,-0.071804,0.08327,0.19965
0,0,0,0,74.48,-0.071872,0.083076,0.1996
0,0,0,0,74.49,-0.071812,0.083203,0.19961
0,0,0,0,74.5,-0.0719,0.083153,0.1996
0,0,0,0,74.51,-0.071897,0.083146,0.19961
0,0,0,0,74.52,-0.071906,0.083155,0.1996
0,0,0,0,74.53,-0.071885,0.083162,0.19959
0,0,0,0,74.54,-0.071817,0.083223,0.19961
0,0,0,0,74.55,-0.071805,0.083216,0.19961
0,0,0,0,74.56,-0.071819,0.083226,0.1996
0,0,0,0,74.57,-0.071813,0.08322,0.19961
0,0,0,0,74.58,-0.07181,0.083218,0.19961
0,0,0,0,74.59,-0.071808,0.083213,0.1996
0,0,0,0,74.6,-0.071819,0.083224,0.19959
0,0,0,0,74.61,-0.071811,0.083217,0.19961
0,0,0,0,74.62,-0.071807,0.083222,0.1996
0,0,0,0,74.63,-0.0718,0.083226,0.1996
0,0,0,0,74.64,-0.071797,0.083212,0.1996
0,0,0,0,74.65,-0.071809,0.083211,0.19958
0,0,0,0,74.66,-0.071895,0.083168,0.19958
0,0,0,0,74.67,-0.071808,0.083215,0.19959
0,0,0,0,74.68,-0.071816,0.083218,0.19959
0,0,0,0,74.69,-0.071803,0.083209,0.19959
0,0,0,0,74.7,-0.071816,0.083228,0.19958
0,0,0,0,74.71,-0.071814,0.083213,0.19958
0,0,0,0,74.72,-0.071814,0.083196,0.19959
0,0,0,0,74.73,-0.071884,0.083164,0.19959
0,0,0,0,74.74,-0.071805,0.083218,0.1996
0,0,0,0,74.75,-0.071895,0.083153,0.19959
0,0,0,0,74.76,-0.071884,0.083155,0.1996
0,0,0,0,74.77,-0.071813,0.08322,0.1996
0,0,0,0,74.78,-0.071818,0.083219,0.19961
0,0,0,0,74.79,-0.071817,0.08322,0.19961
0,0,0,0,74.8,-0.071812,0.083218,0.19961
0,0,0,0,74.81,-0.07182,0.083218,0.19961
0,0,0,0,74.82,-0.071826,0.083235,0.19959
0,0,0,0,74.83,-0.071818,0.083224,0.1996
0,0,0,0,74.84,-0.071821,0.083224,0.19962
0,0,0,0,74.85,-0.071822,0.083224,0.1996
0,0,0,0,74.86,-0.071903,0.083159,0.19961
0,0,0,0,74.87,-0.071824,0.083216,0.19961
0,0,0,0,74.88,-0.071899,0.08316,0.1996
0,0,0,0,74.89,-0.071829,0.08321,0.1996
0,0,0,0,74.9,-0.071881,0.083166,0.19959
0,0,0,0,74.91,-0.07181,0.083221,0.19959
0,0,0,0,74.92,-0.071892,0.083168,0.19958
0,0,0,0,74.93,-0.071799,0.083229,0.19959
0,0,0,0,74.94,-0.071808,0.083218,0.1996
0,0,0,0,74.95,-0.071793,0.083221,0.19959
0,0,0,0,74.96,-0.071801,0.08321,0.19958
0,0,0,0,74.97,-0.071823,0.083204,0.1996
0,0,0,0,74.98,-0.071822,0.083209,0.19961
0,0,0,0,74.99,-0.071895,0.083154,0.19958
0,0,0,0,75,-0.07189,0.083159,0.19958
0,0,0,0,75.01,-0.071812,0.08322,0.19958
0,0,0,0,75.02,-0.071817,0.083215,0.1996
0,0,0,0,75.03,-0.071835,0.083215,0.1996
0,0,0,0,75.04,-0.071888,0.083155,0.19959
0,0,0,0,75.05,-0.071823,0.083206,0.19959
0,0,0,0,75.06,-0.071887,0.08316,0.19959
0,0,0,0,75.07,-0.071811,0.083206,0.1996
0,0,0,0,75.08,-0.071808,0.083214,0.19959
0,0,0,0,75.09,-0.071884,0.083159,0.19959
0,0,0,0,75.1,-0.071812,0.083221,0.1996
0,0,0,0,75.11,-0.071825,0.083224,0.1996
0,0,0,0,75.12,-0.071906,0.083156,0.19959
0,0,0,0,75.13,-0.071819,0.083215,0.1996
0,0,0,0,75.14,-0.071904,0.083159,0.19959
0,0,0,0,75.15,-0.071902,0.083158,0.19958
0,0,0,0,75.16,-0.071895,0.083149,0.19959
0,0,0,0,75.17,-0.071894,0.083152,0.1996
0,0,0,0,75.18,-0.071808,0.083213,0.1996
0,0,0,0,75.19,-0.071807,0.083209,0.1996
0,0,0,0,75.2,-0.071822,0.083227,0.1996
0,0,0,0,75.21,-0.071795,0.083218,0.19959
0,0,0,0,75.22,-0.071803,0.083215,0.1996
0,0,0,0,75.23,-0.071892,0.083157,0.19959
0,0,0,0,75.24,-0.071895,0.08316,0.1996
0,0,0,0,75.25,-0.071891,0.083157,0.19958
0,0,0,0,75.26,-0.071824,0.083218,0.1996
0,0,0,0,75.27,-0.071808,0.083215,0.1996
0,0,0,0,75.28,-0.071881,0.083147,0.19959
0,0,0,0,75.29,-0.071802,0.083228,0.19959
0,0,0,0,75.3,-0.071823,0.083212,0.19959
0,0,0,0,75.31,-0.071892,0.083156,0.19959
0,0,0,0,75.32,-0.071819,0.083224,0.1996
0,0,0,0,75.33,-0.071804,0.083235,0.1996
0,0,0,0,75.34,-0.071816,0.083231,0.19959
0,0,0,0,75.35,-0.071818,0.083222,0.1996
0,0,0,0,75.36,-0.071822,0.083223,0.19961
0,0,0,0,75.37,-0.071824,0.083226,0.19961
0,0,0,0,75.38,-0.071906,0.083168,0.19958
0,0,0,0,75.39,-0.071819,0.083214,0.19961
0,0,0,0,75.4,-0.071814,0.083214,0.19961
0,0,0,0,75.41,-0.071823,0.083221,0.19961
0,0,0,0,75.42,-0.071824,0.08322,0.19961
0,0,0,0,75.43,-0.071804,0.083217,0.1996
0,0,0,0,75.44,-0.071812,0.083216,0.19961
0,0,0,0,75.45,-0.071818,0.083223,0.19961
0,0,0,0,75.46,-0.071812,0.083229,0.19962
0,0,0,0,75.47,-0.071818,0.083217,0.1996
0,0,0,0,75.48,-0.071803,0.08322,0.19961
0,0,0,0,75.49,-0.071818,0.083223,0.1996
0,0,0,0,75.5,-0.071817,0.083219,0.1996
0,0,0,0,75.51,-0.071816,0.083233,0.19959
0,0,0,0,75.52,-0.071793,0.083218,0.1996
0,0,0,0,75.53,-0.071776,0.083243,0.19959
0,0,0,0,75.54,-0.071819,0.083218,0.19961
0,0,0,0,75.55,-0.071806,0.08322,0.19959
0,0,0,0,75.56,-0.071804,0.083215,0.19959
0,0,0,0,75.57,-0.071826,0.083212,0.19959
0,0,0,0,75.58,-0.071888,0.083154,0.19959
0,0,0,0,75.59,-0.071818,0.083222,0.19959
0,0,0,0,75.6,-0.071821,0.083221,0.1996
0,0,0,0,75.61,-0.0719,0.083156,0.19959
0,0,0,0,75.62,-0.071811,0.083211,0.19959
0,0,0,0,75.63,-0.071826,0.08322,0.1996
0,0,0,0,75.64,-0.071809,0.083229,0.1996
0,0,0,0,75.65,-0.071818,0.083225,0.19959
0,0,0,0,75.66,-0.071818,0.083208,0.1996
0,0,0,0,75.67,-0.071893,0.083159,0.19959
0,0,0,0,75.68,-0.071818,0.08321,0.19959
0,0,0,0,75.69,-0.071896,0.083163,0.19959
0,0,0,0,75.7,-0.071823,0.083227,0.1996
0,0,0,0,75.71,-0.071821,0.083224,0.1996
0,0,0,0,75.72,-0.071808,0.083222,0.19959
0,0,0,0,75.73,-0.071887,0.083154,0.19959
0,0,0,0,75.74,-0.071815,0.083213,0.19961
0,0,0,0,75.75,-0.071815,0.083231,0.19961
0,0,0,0,75.76,-0.071816,0.083227,0.19959
0,0,0,0,75.77,-0.071828,0.083207,0.1996
0,0,0,0,75.78,-0.071808,0.083223,0.19961
0,0,0,0,75.79,-0.071806,0.083224,0.19961
0,0,0,0,75.8,-0.071804,0.083202,0.19959
0,0,0,0,75.81,-0.071817,0.083206,0.19961
0,0,0,0,75.82,-0.071889,0.083146,0.19959
0,0,0,0,75.83,-0.071797,0.083214,0.1996
0,0,0,0,75.84,-0.071795,0.083219,0.1996
0,0,0,0,75.85,-0.071819,0.083227,0.1996
0,0,0,0,75.86,-0.071808,0.083216,0.1996
0,0,0,0,75.87,-0.071818,0.083229,0.19961
0,0,0,0,75.88,-0.071817,0.083226,0.1996
0,0,0,0,75.89,-0.071823,0.083216,0.19961
0,0,0,0,75.9,-0.071888,0.083158,0.19959
0,0,0,0,75.91,-0.071827,0.083219,0.1996
0,0,0,0,75.92,-0.071906,0.083162,0.19959
0,0,0,0,75.93,-0.071814,0.083238,0.1996
0,0,0,0,75.94,-0.071824,0.083226,0.1996
0,0,0,0,75.95,-0.071823,0.083229,0.1996
0,0,0,0,75.96,-0.071807,0.083215,0.1996
0,0,0,0,75.97,-0.071828,0.083224,0.19961
0,0,0,0,75.98,-0.071828,0.083218,0.19959
0,0,0,0,75.99,-0.071888,0.083153,0.19959
0,0,0,0,76,-0.07182,0.083209,0.1996
0,0,0,0,76.01,-0.071825,0.083238,0.19961
0,0,0,0,76.02,-0.071824,0.083232,0.19959
0,0,0,0,76.03,-0.071826,0.083242,0.1996
0,0,0,0,76.04,-0.071814,0.083225,0.1996
0,0,0,0,76.05,-0.07183,0.083237,0.19961
0,0,0,0,76.06,-0.071824,0.083227,0.19959
0,0,0,0,76.07,-0.071814,0.083232,0.19959
0,0,0,0,76.08,-0.07181,0.083223,0.19959
0,0,0,0,76.09,-0.071893,0.083165,0.19959
0,0,0,0,76.1,-0.07182,0.083215,0.1996
0,0,0,0,76.11,-0.071898,0.083168,0.19959
0,0,0,0,76.12,-0.071828,0.083229,0.1996
0,0,0,0,76.13,-0.071896,0.083167,0.1996
0,0,0,0,76.14,-0.071808,0.083221,0.1996
0,0,0,0,76.15,-0.071835,0.083226,0.1996
0,0,0,0,76.16,-0.071887,0.083158,0.19961
0,0,0,0,76.17,-0.071807,0.083238,0.1996
0,0,0,0,76.18,-0.07189,0.083162,0.1996
0,0,0,0,76.19,-0.0718,0.083225,0.1996
0,0,0,0,76.2,-0.071808,0.083226,0.1996
0,0,0,0,76.21,-0.071804,0.083225,0.1996
0,0,0,0,76.22,-0.071807,0.083219,0.19959
0,0,0,0,76.23,-0.071809,0.083235,0.19959
0,0,0,0,76.24,-0.071811,0.083219,0.19959
0,0,0,0,76.25,-0.071824,0.083235,0.19959
0,0,0,0,76.26,-0.071822,0.08321,0.1996
0,0,0,0,76.27,-0.07188,0.083183,0.19958
0,0,0,0,76.28,-0.071814,0.083237,0.19959
0,0,0,0,76.29,-0.071818,0.083223,0.1996
0,0,0,0,76.3,-0.071828,0.083218,0.1996
0,0,0,0,76.31,-0.071877,0.083159,0.1996
0,0,0,0,76.32,-0.071816,0.083218,0.1996
0,0,0,0,76.33,-0.071828,0.083211,0.1996
0,0,0,0,76.34,-0.071812,0.083223,0.19961
0,0,0,0,76.35,-0.07183,0.083228,0.1996
0,0,0,0,76.36,-0.071813,0.083202,0.1996
0,0,0,0,76.37,-0.071897,0.083165,0.1996
0,0,0,0,76.38,-0.071803,0.083217,0.19959
0,0,0,0,76.39,-0.071819,0.08322,0.1996
0,0,0,0,76.4,-0.071824,0.083219,0.19962
0,0,0,0,76.41,-0.07181,0.083211,0.1996
0,0,0,0,76.42,-0.071883,0.083158,0.1996
0,0,0,0,76.43,-0.071812,0.083218,0.19961
0,0,0,0,76.44,-0.071891,0.083162,0.1996
0,0,0,0,76.45,-0.071816,0.083217,0.1996
0,0,0,0,76.46,-0.071891,0.083162,0.19959
0,0,0,0,76.47,-0.07182,0.083228,0.19959
0,0,0,0,76.48,-0.071823,0.083234,0.1996
0,0,0,0,76.49,-0.071811,0.083222,0.1996
0,0,0,0,76.5,-0.071807,0.083226,0.19958
0,0,0,0,76.51,-0.07181,0.08322,0.1996
0,0,0,0,76.52,-0.07182,0.083217,0.19959
0,0,0,0,76.53,-0.071812,0.083225,0.19959
0,0,0,0,76.54,-0.07182,0.083229,0.1996
0,0,0,0,76.55,-0.07186,0.083197,0.19963
0,0,0,0,76.56,-0.071818,0.083231,0.19959
0,0,0,0,76.57,-0.071887,0.08317,0.19959
0,0,0,0,76.58,-0.0718,0.083229,0.1996
0,0,0,0,76.59,-0.071821,0.083207,0.1996
0,0,0,0,76.6,-0.071811,0.083219,0.1996
0,0,0,0,76.61,-0.071891,0.083164,0.19959
0,0,0,0,76.62,-0.071814,0.083238,0.19958
0,0,0,0,76.63,-0.071828,0.083227,0.19959
0,0,0,0,76.64,-0.07182,0.08323,0.1996
0,0,0,0,76.65,-0.071808,0.083217,0.1996
0,0,0,0,76.66,-0.071816,0.083226,0.1996
0,0,0,0,76.67,-0.071815,0.083223,0.19961
0,0,0,0,76.68,-0.071832,0.083232,0.1996
0,0,0,0,76.69,-0.071825,0.083231,0.19961
0,0,0,0,76.7,-0.071807,0.083215,0.1996
0,0,0,0,76.71,-0.071812,0.083228,0.19959
0,0,0,0,76.72,-0.07181,0.083222,0.1996
0,0,0,0,76.73,-0.071811,0.083234,0.19959
0,0,0,0,76.74,-0.07181,0.083212,0.1996
0,0,0,0,76.75,-0.071904,0.083158,0.1996
0,0,0,0,76.76,-0.071806,0.083227,0.19959
0,0,0,0,76.77,-0.07181,0.083222,0.1996
0,0,0,0,76.78,-0.07181,0.083238,0.19959
0,0,0,0,76.79,-0.071801,0.083229,0.19961
0,0,0,0,76.8,-0.071808,0.083221,0.19961
0,0,0,0,76.81,-0.071804,0.083224,0.1996
0,0,0,0,76.82,-0.071812,0.083218,0.1996
0,0,0,0,76.83,-0.071802,0.083236,0.19959
0,0,0,0,76.84,-0.071808,0.083218,0.19961
0,0,0,0,76.85,-0.071815,0.083222,0.19959
0,0,0,0,76.86,-0.071811,0.083219,0.1996
0,0,0,0,76.87,-0.071802,0.083222,0.19959
0,0,0,0,76.88,-0.071804,0.083232,0.1996
0,0,0,0,76.89,-0.071805,0.083228,0.19958
0,0,0,0,76.9,-0.071813,0.083226,0.1996
0,0,0,0,76.91,-0.071814,0.083223,0.19959
0,0,0,0,76.92,-0.071821,0.083226,0.19961
0,0,0,0,76.93,-0.07181,0.083225,0.1996
0,0,0,0,76.94,-0.071817,0.083232,0.1996
0,0,0,0,76.95,-0.07181,0.083231,0.1996
0,0,0,0,76.96,-0.071803,0.08322,0.19959
0,0,0,0,76.97,-0.07181,0.083214,0.19961
0,0,0,0,76.98,-0.071912,0.083163,0.19959
0,0,0,0,76.99,-0.071898,0.083156,0.1996
0,0,0,0,77,-0.071815,0.083221,0.19959
0,0,0,0,77.01,-0.071808,0.083228,0.1996
0,0,0,0,77.02,-0.071827,0.08323,0.1996
0,0,0,0,77.03,-0.071894,0.083151,0.19959
0,0,0,0,77.04,-0.071825,0.08322,0.1996
0,0,0,0,77.05,-0.071813,0.083229,0.1996
0,0,0,0,77.06,-0.071822,0.083226,0.19961
0,0,0,0,77.07,-0.071894,0.08317,0.19959
0,0,0,0,77.08,-0.071806,0.083223,0.1996
0,0,0,0,77.09,-0.071817,0.083229,0.1996
0,0,0,0,77.1,-0.071814,0.083231,0.1996
0,0,0,0,77.11,-0.071821,0.083223,0.19959
0,0,0,0,77.12,-0.071826,0.083219,0.19959
0,0,0,0,77.13,-0.071817,0.083222,0.19959
0,0,0,0,77.14,-0.071812,0.083225,0.19958
0,0,0,0,77.15,-0.071815,0.083225,0.19958
0,0,0,0,77.16,-0.071812,0.083219,0.19959
0,0,0,0,77.17,-0.071799,0.083226,0.19959
0,0,0,0,77.18,-0.071812,0.083222,0.19959
0,0,0,0,77.19,-0.071808,0.083223,0.19961
0,0,0,0,77.2,-0.071815,0.083229,0.1996
0,0,0,0,77.21,-0.0719,0.08316,0.19958
0,0,0,0,77.22,-0.071815,0.083218,0.19959
0,0,0,0,77.23,-0.07182,0.083222,0.1996
0,0,0,0,77.24,-0.071822,0.083228,0.19959
0,0,0,0,77.25,-0.071816,0.083221,0.19959
0,0,0,0,77.26,-0.071817,0.083202,0.19961
0,0,0,0,77.27,-0.071894,0.083153,0.19958
0,0,0,0,77.28,-0.071902,0.08316,0.1996
0,0,0,0,77.29,-0.07182,0.083227,0.1996
0,0,0,0,77.3,-0.071901,0.083158,0.19958
0,0,0,0,77.31,-0.07189,0.083165,0.19959
0,0,0,0,77.32,-0.071809,0.083226,0.19959
0,0,0,0,77.33,-0.071827,0.083233,0.19961
0,0,0,0,77.34,-0.071802,0.083228,0.19961
0,0,0,0,77.35,-0.071822,0.083304,0.19953
0,0,0,0,77.36,-0.07181,0.083217,0.1996
0,0,0,0,77.37,-0.071814,0.083231,0.19959
0,0,0,0,77.38,-0.071897,0.083156,0.19959
0,0,0,0,77.39,-0.071805,0.083215,0.19961
0,0,0,0,77.4,-0.071821,0.08322,0.19959
0,0,0,0,77.41,-0.071818,0.08322,0.19959
0,0,0,0,77.42,-0.071803,0.083217,0.1996
0,0,0,0,77.43,-0.071892,0.083166,0.19959
0,0,0,0,77.44,-0.071808,0.083224,0.19959
0,0,0,0,77.45,-0.071832,0.083219,0.1996
0,0,0,0,77.46,-0.071813,0.083231,0.19959
0,0,0,0,77.47,-0.0718,0.083214,0.1996
0,0,0,0,77.48,-0.071817,0.083228,0.1996
0,0,0,0,77.49,-0.071821,0.083216,0.19959
0,0,0,0,77.5,-0.071811,0.083231,0.19959
0,0,0,0,77.51,-0.071811,0.083217,0.1996
0,0,0,0,77.52,-0.071817,0.083223,0.19961
0,0,0,0,77.53,-0.071821,0.083213,0.19959
0,0,0,0,77.54,-0.0719,0.083162,0.1996
0,0,0,0,77.55,-0.071819,0.083228,0.19959
0,0,0,0,77.56,-0.071808,0.083225,0.1996
0,0,0,0,77.57,-0.071821,0.083218,0.1996
0,0,0,0,77.58,-0.071819,0.083227,0.1996
0,0,0,0,77.59,-0.071817,0.083217,0.19961
0,0,0,0,77.6,-0.071901,0.083158,0.19959
0,0,0,0,77.61,-0.071823,0.083236,0.1996
0,0,0,0,77.62,-0.071812,0.083215,0.1996
0,0,0,0,77.63,-0.071892,0.08316,0.19959
0,0,0,0,77.64,-0.071823,0.083211,0.1996
0,0,0,0,77.65,-0.071892,0.08316,0.19959
0,0,0,0,77.66,-0.071819,0.083227,0.1996
0,0,0,0,77.67,-0.071817,0.083231,0.1996
0,0,0,0,77.68,-0.071818,0.083233,0.19959
0,0,0,0,77.69,-0.071804,0.083234,0.1996
0,0,0,0,77.7,-0.071828,0.083236,0.19959
0,0,0,0,77.71,-0.071813,0.083235,0.19959
0,0,0,0,77.72,-0.071816,0.083228,0.19959
0,0,0,0,77.73,-0.071816,0.083236,0.19959
0,0,0,0,77.74,-0.071822,0.083226,0.19961
0,0,0,0,77.75,-0.071818,0.083243,0.19959
0,0,0,0,77.76,-0.0719,0.083165,0.19959
0,0,0,0,77.77,-0.071824,0.08321,0.1996
0,0,0,0,77.78,-0.071812,0.083227,0.1996
0,0,0,0,77.79,-0.071822,0.083234,0.1996
0,0,0,0,77.8,-0.071807,0.083233,0.19959
0,0,0,0,77.81,-0.071821,0.083231,0.1996
0,0,0,0,77.82,-0.071885,0.08316,0.19959
0,0,0,0,77.83,-0.071816,0.083229,0.19959
0,0,0,0,77.84,-0.071899,0.083174,0.19959
0,0,0,0,77.85,-0.071891,0.083167,0.19959
0,0,0,0,77.86,-0.071893,0.083163,0.19959
0,0,0,0,77.87,-0.071801,0.083233,0.1996
0,0,0,0,77.88,-0.071826,0.083234,0.1996
0,0,0,0,77.89,-0.071824,0.083229,0.1996
0,0,0,0,77.9,-0.071788,0.083276,0.19963
0,0,0,0,77.91,-0.071805,0.083231,0.1996
0,0,0,0,77.92,-0.071819,0.083247,0.1996
0,0,0,0,77.93,-0.07182,0.083232,0.19961
0,0,0,0,77.94,-0.071813,0.083231,0.19961
0,0,0,0,77.95,-0.071815,0.083232,0.1996
0,0,0,0,77.96,-0.071819,0.083231,0.1996
0,0,0,0,77.97,-0.071811,0.083237,0.19961
0,0,0,0,77.98,-0.071824,0.083238,0.19959
0,0,0,0,77.99,-0.071816,0.08323,0.19961
0,0,0,0,78,-0.071822,0.083233,0.1996
0,0,0,0,78.01,-0.071828,0.083221,0.1996
0,0,0,0,78.02,-0.071809,0.08322,0.19961
0,0,0,0,78.03,-0.071916,0.083168,0.19958
0,0,0,0,78.04,-0.0719,0.083157,0.19958
0,0,0,0,78.05,-0.071819,0.083228,0.1996
0,0,0,0,78.06,-0.071891,0.083176,0.19958
0,0,0,0,78.07,-0.071809,0.083226,0.19959
0,0,0,0,78.08,-0.071812,0.083222,0.19959
0,0,0,0,78.09,-0.071805,0.083232,0.19959
0,0,0,0,78.1,-0.071814,0.083228,0.19959
0,0,0,0,78.11,-0.071812,0.083227,0.19959
0,0,0,0,78.12,-0.07181,0.083227,0.19959
0,0,0,0,78.13,-0.071814,0.083234,0.19959
0,0,0,0,78.14,-0.071814,0.083217,0.1996
0,0,0,0,78.15,-0.071806,0.083228,0.1996
0,0,0,0,78.16,-0.071824,0.083228,0.1996
0,0,0,0,78.17,-0.07189,0.083147,0.19959
0,0,0,0,78.18,-0.071815,0.083219,0.19959
0,0,0,0,78.19,-0.071805,0.083232,0.1996
0,0,0,0,78.2,-0.071825,0.083229,0.1996
0,0,0,0,78.21,-0.071824,0.083234,0.1996
0,0,0,0,78.22,-0.071893,0.083174,0.19959
0,0,0,0,78.23,-0.07188,0.083171,0.19959
0,0,0,0,78.24,-0.071822,0.083224,0.1996
0,0,0,0,78.25,-0.071811,0.083217,0.1996
0,0,0,0,78.26,-0.07193,0.083199,0.1996
0,0,0,0,78.27,-0.071818,0.083222,0.19959
0,0,0,0,78.28,-0.071802,0.083232,0.19959
0,0,0,0,78.29,-0.071818,0.083234,0.1996
0,0,0,0,78.3,-0.071814,0.083233,0.1996
0,0,0,0,78.31,-0.071808,0.083228,0.19959
0,0,0,0,78.32,-0.07181,0.083229,0.19959
0,0,0,0,78.33,-0.071828,0.083236,0.19959
0,0,0,0,78.34,-0.071893,0.083148,0.19959
0,0,0,0,78.35,-0.07181,0.083234,0.1996
0,0,0,0,78.36,-0.071805,0.083231,0.19959
0,0,0,0,78.37,-0.07181,0.083229,0.19959
0,0,0,0,78.38,-0.071826,0.083228,0.19958
0,0,0,0,78.39,-0.071911,0.083156,0.19958
0,0,0,0,78.4,-0.071817,0.083233,0.19959
0,0,0,0,78.41,-0.071808,0.083218,0.1996
0,0,0,0,78.42,-0.07181,0.08322,0.19959
0,0,0,0,78.43,-0.071794,0.083224,0.19959
0,0,0,0,78.44,-0.071797,0.083217,0.19959
0,0,0,0,78.45,-0.071815,0.08322,0.1996
0,0,0,0,78.46,-0.071814,0.083222,0.1996
0,0,0,0,78.47,-0.07181,0.083223,0.19959
0,0,0,0,78.48,-0.071811,0.083217,0.1996
0,0,0,0,78.49,-0.071812,0.083223,0.19959
0,0,0,0,78.5,-0.071809,0.083224,0.1996
0,0,0,0,78.51,-0.071801,0.083226,0.19961
0,0,0,0,78.52,-0.071809,0.083215,0.19961
0,0,0,0,78.53,-0.071821,0.083223,0.1996
0,0,0,0,78.54,-0.071907,0.083162,0.19959
0,0,0,0,78.55,-0.071809,0.083216,0.1996
0,0,0,0,78.56,-0.071813,0.08322,0.1996
0,0,0,0,78.57,-0.071816,0.083235,0.1996
0,0,0,0,78.58,-0.071812,0.083232,0.19961
0,0,0,0,78.59,-0.071827,0.08323,0.19961
0,0,0,0,78.6,-0.071816,0.083224,0.19961
0,0,0,0,78.61,-0.071899,0.083162,0.19958
0,0,0,0,78.62,-0.071795,0.083228,0.19961
0,0,0,0,78.63,-0.071815,0.083222,0.19959
0,0,0,0,78.64,-0.071822,0.083226,0.19959
0,0,0,0,78.65,-0.071815,0.083244,0.19959
0,0,0,0,78.66,-0.07181,0.083231,0.19959
0,0,0,0,78.67,-0.071802,0.083215,0.19959
0,0,0,0,78.68,-0.071803,0.083225,0.1996
0,0,0,0,78.69,-0.071818,0.083236,0.19959
0,0,0,0,78.7,-0.071815,0.08323,0.19959
0,0,0,0,78.71,-0.071824,0.083235,0.19959
0,0,0,0,78.72,-0.071883,0.083156,0.19958
0,0,0,0,78.73,-0.071829,0.083223,0.19959
0,0,0,0,78.74,-0.071889,0.083155,0.19958
0,0,0,0,78.75,-0.071831,0.083237,0.19959
0,0,0,0,78.76,-0.071828,0.083237,0.1996
0,0,0,0,78.77,-0.071811,0.08322,0.19961
0,0,0,0,78.78,-0.071814,0.083227,0.19959
0,0,0,0,78.79,-0.071811,0.083232,0.1996
0,0,0,0,78.8,-0.071808,0.083216,0.19959
0,0,0,0,78.81,-0.071811,0.083222,0.1996
0,0,0,0,78.82,-0.071807,0.083212,0.1996
0,0,0,0,78.83,-0.071811,0.083235,0.1996
0,0,0,0,78.84,-0.071806,0.083223,0.19961
0,0,0,0,78.85,-0.071812,0.083222,0.1996
0,0,0,0,78.86,-0.071813,0.083217,0.1996
0,0,0,0,78.87,-0.071788,0.083221,0.19961
0,0,0,0,78.88,-0.071808,0.083219,0.1996
0,0,0,0,78.89,-0.07181,0.083222,0.19961
0,0,0,0,78.9,-0.071803,0.083232,0.1996
0,0,0,0,78.91,-0.071809,0.083229,0.1996
0,0,0,0,78.92,-0.071816,0.08322,0.19961
0,0,0,0,78.93,-0.071894,0.08317,0.19959
0,0,0,0,78.94,-0.071807,0.083225,0.1996
0,0,0,0,78.95,-0.071811,0.083222,0.1996
0,0,0,0,78.96,-0.071811,0.083232,0.19961
0,0,0,0,78.97,-0.071842,0.083303,0.19952
0,0,0,0,78.98,-0.071823,0.083231,0.19959
0,0,0,0,78.99,-0.071807,0.083235,0.19958
0,0,0,0,79,-0.071812,0.083224,0.1996
0,0,0,0,79.01,-0.071814,0.083229,0.1996
0,0,0,0,79.02,-0.071919,0.083164,0.19957
0,0,0,0,79.03,-0.071825,0.083217,0.19958
0,0,0,0,79.04,-0.071843,0.083227,0.19959
0,0,0,0,79.05,-0.071893,0.08317,0.19958
0,0,0,0,79.06,-0.071829,0.08323,0.1996
0,0,0,0,79.07,-0.071824,0.08323,0.19959
0,0,0,0,79.08,-0.071818,0.083229,0.19959
0,0,0,0,79.09,-0.071906,0.083172,0.19959
0,0,0,0,79.1,-0.071825,0.083227,0.19959
0,0,0,0,79.11,-0.071819,0.08322,0.19959
0,0,0,0,79.12,-0.071826,0.083231,0.19959
0,0,0,0,79.13,-0.071823,0.083227,0.1996
0,0,0,0,79.14,-0.071806,0.083211,0.1996
0,0,0,0,79.15,-0.071812,0.08323,0.19961
0,0,0,0,79.16,-0.071824,0.083231,0.1996
0,0,0,0,79.17,-0.071895,0.083164,0.19959
0,0,0,0,79.18,-0.071891,0.08315,0.19959
0,0,0,0,79.19,-0.071821,0.083229,0.1996
0,0,0,0,79.2,-0.071812,0.083226,0.19961
0,0,0,0,79.21,-0.071806,0.083227,0.19959
0,0,0,0,79.22,-0.071818,0.083225,0.1996
0,0,0,0,79.23,-0.071811,0.083219,0.1996
0,0,0,0,79.24,-0.071817,0.083216,0.1996
0,0,0,0,79.25,-0.071822,0.083213,0.19959
0,0,0,0,79.26,-0.071896,0.083152,0.19959
0,0,0,0,79.27,-0.071901,0.083163,0.19957
0,0,0,0,79.28,-0.071807,0.083216,0.19959
0,0,0,0,79.29,-0.071834,0.083224,0.19961
0,0,0,0,79.3,-0.071815,0.083236,0.1996
0,0,0,0,79.31,-0.071815,0.083225,0.19959
0,0,0,0,79.32,-0.071814,0.08323,0.19959
0,0,0,0,79.33,-0.07182,0.083225,0.1996
0,0,0,0,79.34,-0.071911,0.083174,0.19958
0,0,0,0,79.35,-0.071899,0.083165,0.19959
0,0,0,0,79.36,-0.071822,0.083237,0.1996
0,0,0,0,79.37,-0.071828,0.083231,0.19959
0,0,0,0,79.38,-0.07181,0.083229,0.1996
0,0,0,0,79.39,-0.071899,0.083167,0.19959
0,0,0,0,79.4,-0.071821,0.08323,0.19959
0,0,0,0,79.41,-0.071821,0.083225,0.19959
0,0,0,0,79.42,-0.071816,0.083225,0.1996
0,0,0,0,79.43,-0.071819,0.08321,0.1996
0,0,0,0,79.44,-0.071904,0.083169,0.19961
0,0,0,0,79.45,-0.071807,0.083238,0.19959
0,0,0,0,79.46,-0.071817,0.083218,0.19959
0,0,0,0,79.47,-0.071817,0.083225,0.19959
0,0,0,0,79.48,-0.071822,0.083223,0.1996
0,0,0,0,79.49,-0.071813,0.083218,0.19963
0,0,0,0,79.5,-0.07182,0.083222,0.19961
0,0,0,0,79.51,-0.071816,0.083221,0.19961
0,0,0,0,79.52,-0.071895,0.083153,0.19959
0,0,0,0,79.53,-0.071819,0.083224,0.19961
0,0,0,0,79.54,-0.071892,0.083159,0.19958
0,0,0,0,79.55,-0.071804,0.08322,0.1996
0,0,0,0,79.56,-0.071816,0.08321,0.19961
0,0,0,0,79.57,-0.071887,0.083166,0.19959
0,0,0,0,79.58,-0.07181,0.083226,0.19961
0,0,0,0,79.59,-0.071808,0.083232,0.19961
0,0,0,0,79.6,-0.071818,0.083222,0.1996
0,0,0,0,79.61,-0.071816,0.083223,0.1996
0,0,0,0,79.62,-0.071807,0.083229,0.19959
0,0,0,0,79.63,-0.071827,0.083234,0.19961
0,0,0,0,79.64,-0.071821,0.083235,0.1996
0,0,0,0,79.65,-0.071887,0.083174,0.19958
0,0,0,0,79.66,-0.071828,0.083232,0.1996
0,0,0,0,79.67,-0.07182,0.08323,0.19958
0,0,0,0,79.68,-0.071828,0.083229,0.1996
0,0,0,0,79.69,-0.071828,0.083221,0.19959
0,0,0,0,79.7,-0.071902,0.083154,0.19959
0,0,0,0,79.71,-0.071839,0.083223,0.1996
0,0,0,0,79.72,-0.071813,0.083228,0.19961
0,0,0,0,79.73,-0.071827,0.08322,0.1996
0,0,0,0,79.74,-0.071824,0.083223,0.1996
0,0,0,0,79.75,-0.071813,0.083224,0.1996
0,0,0,0,79.76,-0.071808,0.083233,0.1996
0,0,0,0,79.77,-0.071813,0.083225,0.1996
0,0,0,0,79.78,-0.071829,0.083225,0.1996
0,0,0,0,79.79,-0.071825,0.083229,0.19961
0,0,0,0,79.8,-0.071815,0.083222,0.19961
0,0,0,0,79.81,-0.071812,0.083213,0.1996
0,0,0,0,79.82,-0.071812,0.083227,0.19959
0,0,0,0,79.83,-0.071802,0.083206,0.1996
0,0,0,0,79.84,-0.071816,0.083231,0.1996
0,0,0,0,79.85,-0.071896,0.083169,0.19959
0,0,0,0,79.86,-0.071814,0.083217,0.1996
0,0,0,0,79.87,-0.071811,0.083229,0.19961
0,0,0,0,79.88,-0.071816,0.083213,0.19961
0,0,0,0,79.89,-0.071811,0.083228,0.1996
0,0,0,0,79.9,-0.071821,0.083224,0.1996
0,0,0,0,79.91,-0.07182,0.083216,0.19961
0,0,0,0,79.92,-0.071814,0.083218,0.19961
0,0,0,0,79.93,-0.07181,0.083212,0.1996
0,0,0,0,79.94,-0.071828,0.083222,0.19961
0,0,0,0,79.95,-0.07181,0.083233,0.19959
0,0,0,0,79.96,-0.071831,0.083223,0.19961
0,0,0,0,79.97,-0.071809,0.083238,0.19961
0,0,0,0,79.98,-0.071832,0.083236,0.19959
0,0,0,0,79.99,-0.071829,0.083246,0.19959
0,0,0,0,80,-0.071908,0.083179,0.19959
