0,-0.054,0.923,0.064,1.22,NaN,NaN,NaN
0.47207,-0.054,0.923,0.064,NaN,NaN,NaN,NaN
0.5271,-0.054,0.923,0.064,NaN,1,-1,1
0.57715,-0.159,25.187,25.6,NaN,NaN,NaN,NaN
0.99767,-0.054,0.923,0.064,NaN,NaN,NaN,NaN
1.0526,-0.053,0.923,0.064,NaN,NaN,NaN,NaN
1.1027,-0.053,0.923,0.064,0,-0.1244,0.97871,0.20352
1.1577,-0.053,0.923,0.064,0.01,-0.12439,0.97869,0.20351
1.2131,-0.053,0.923,0.064,0.02,-0.12439,0.9787,0.20353
1.2627,-0.053,0.923,0.064,0.03,-0.12438,0.9787,0.20352
1.3177,-0.053,0.923,0.064,0.04,NaN,NaN,NaN
1.3677,-0.053,0.923,0.064,0.05,-0.12438,0.97868,0.20351
7.3822,0,0,0.255,0.06,-0.12438,0.97868,0.20351
2.5278,-0.053,0.923,0.064,0.07,-0.12441,0.97871,0.20347
2.5778,-0.053,0.923,0.064,0.08,-0.12437,0.97868,0.20352
2.6328,-0.054,0.923,0.063,0.09,-0.12439,0.97868,0.20353
2.6828,-0.054,0.923,0.063,0.1,-0.12438,0.9787,0.20352
2.7378,-0.054,0.923,0.063,0.11,-0.12439,0.97871,0.20351
2.7878,-0.054,0.923,0.063,0.12,-0.12439,0.97869,0.20353
2.8428,-0.054,0.923,0.063,0.13,-0.12437,0.97867,0.20353
2.8929,-0.054,0.923,0.063,0.14,-0.12438,0.97869,0.20352
2.9479,-0.054,0.923,0.063,0.15,-0.12438,0.97868,0.20352
2.9979,-0.054,0.923,0.063,0.16,-0.1244,0.97869,0.20347
3.0529,-0.054,0.923,0.063,0.17,-0.12437,0.97869,0.2035
3.1029,-0.054,0.923,0.063,0.18,-0.12438,0.97866,0.20351
3.1579,-0.054,0.923,0.063,0.19,-0.12439,0.97868,0.2035
3.2133,-0.055,0.923,0.062,0.2,-0.12441,0.9787,0.20351
3.2629,-0.055,0.923,0.062,0.21,-0.12439,0.97866,0.20351
3.3179,-0.055,0.923,0.062,0.22,-0.1244,0.9787,0.2035
3.368,-0.055,0.923,0.062,0.23,-0.12438,0.97869,0.2035
3.423,-0.055,0.923,0.062,0.24,-0.12441,0.9787,0.20349
3.473,-0.055,0.923,0.062,0.25,-0.1244,0.97867,0.20349
3.528,-0.055,0.923,0.063,0.26,-0.12441,0.97871,0.2035
3.578,-0.055,0.923,0.063,0.27,-0.12442,0.97872,0.2035
3.6331,-0.055,0.923,0.063,0.28,-0.12444,0.97871,0.20349
3.683,-0.055,0.923,0.063,0.29,-0.12441,0.97869,0.20347
3.738,-0.055,0.923,0.063,0.3,-0.12442,0.97871,0.20349
3.788,-0.055,0.923,0.063,0.31,-0.12445,0.97872,0.20348
3.8431,-0.055,0.923,0.063,0.32,-0.12442,0.97869,0.20348
3.8931,-0.055,0.923,0.063,0.33,-0.12441,0.9787,0.20351
3.9481,-0.055,0.923,0.063,0.34,-0.12443,0.97872,0.20349
3.9981,-0.055,0.923,0.063,0.35,-0.12441,0.9787,0.20349
4.0531,-0.055,0.923,0.063,0.36,-0.1244,0.97869,0.20351
4.1031,-0.053,0.923,0.064,0.37,-0.12439,0.97869,0.2035
4.1581,-0.053,0.923,0.064,0.38,-0.12441,0.9787,0.20352
4.2136,-0.053,0.923,0.064,0.39,-0.1244,0.97869,0.2035
4.2631,-0.053,0.923,0.064,0.4,-0.12442,0.97869,0.20351
4.3182,-0.053,0.923,0.064,0.41,-0.12438,0.97869,0.20351
4.3682,-0.052,0.922,0.064,0.42,-0.12438,0.97869,0.20352
4.4232,-0.052,0.922,0.064,0.43,-0.12438,0.97868,0.20353
4.4732,-0.052,0.922,0.064,0.44,-0.12439,0.97869,0.20352
4.5282,-0.052,0.922,0.064,0.45,-0.12438,0.97869,0.20352
4.5783,-0.052,0.922,0.064,0.46,-0.12437,0.97868,0.2035
4.6332,-0.052,0.922,0.064,0.47,-0.1244,0.97871,0.2035
4.6832,-0.051,0.921,0.064,0.48,-0.12439,0.9787,0.2035
4.7383,-0.051,0.921,0.064,0.49,-0.12439,0.97869,0.2035
4.7883,-0.051,0.921,0.064,0.5,-0.12438,0.97867,0.20351
4.8433,-0.051,0.921,0.064,0.51,-0.12438,0.97868,0.20351
4.8933,-0.051,0.921,0.064,0.52,-0.12436,0.9787,0.20349
4.9484,-0.051,0.921,0.065,0.53,-0.12439,0.97868,0.20349
4.9983,-0.051,0.921,0.065,0.54,-0.12436,0.97868,0.2035
5.0533,-0.051,0.921,0.065,0.55,-0.12437,0.97868,0.20353
5.1034,-0.051,0.921,0.065,0.56,-0.12439,0.97868,0.2035
5.1583,-0.051,0.921,0.065,0.57,-0.12437,0.97867,0.20352
5.2136,-0.051,0.921,0.065,0.58,-0.1244,0.97869,0.2035
5.2634,-0.053,0.92,0.063,0.59,-0.12437,0.97869,0.2035
5.3184,-0.053,0.92,0.063,0.6,-0.12436,0.97869,0.20352
5.3684,-0.053,0.92,0.063,0.61,-0.12439,0.97869,0.20352
5.4235,-0.053,0.92,0.063,0.62,-0.12438,0.97868,0.20351
5.4734,-0.053,0.92,0.063,0.63,-0.12439,0.97869,0.20351
5.5285,-0.054,0.921,0.062,0.64,-0.1244,0.97869,0.2035
5.5785,-0.054,0.921,0.062,0.65,-0.12438,0.97866,0.20351
5.6335,-0.054,0.921,0.062,0.66,-0.1244,0.97868,0.20353
5.6835,-0.054,0.921,0.062,0.67,-0.12439,0.97867,0.20351
5.7385,-0.054,0.921,0.062,0.68,-0.1244,0.97868,0.20352
5.7886,-0.054,0.921,0.062,0.69,-0.12442,0.97871,0.2035
5.8436,-0.055,0.921,0.061,0.7,-0.12439,0.97868,0.20352
5.8936,-0.055,0.921,0.061,0.71,-0.12438,0.97869,0.20349
5.9486,-0.055,0.921,0.061,0.72,-0.12441,0.9787,0.20352
5.9986,-0.055,0.921,0.061,0.73,-0.12438,0.97869,0.20352
6.0536,-0.055,0.921,0.061,0.74,-0.1244,0.97869,0.20351
6.1035,-0.055,0.92,0.061,0.75,-0.12437,0.97869,0.20352
6.1586,-0.055,0.92,0.061,0.76,-0.12439,0.9787,0.2035
6.2136,-0.055,0.92,0.061,0.77,-0.12442,0.97871,0.20346
6.2636,-0.055,0.92,0.061,0.78,-0.1244,0.97868,0.20349
6.3187,-0.055,0.92,0.061,0.79,-0.12439,0.97867,0.20351
6.3686,-0.053,0.921,0.061,0.8,-0.12439,0.97869,0.20349
6.4236,-0.053,0.921,0.061,0.81,-0.1244,0.97869,0.2035
6.4736,-0.053,0.921,0.061,0.82,-0.12441,0.97867,0.2035
6.5287,-0.053,0.921,0.061,0.83,-0.12438,0.97866,0.20351
6.5787,-0.053,0.921,0.061,0.84,-0.12439,0.97869,0.20352
6.6337,-0.053,0.921,0.061,0.85,-0.12438,0.97867,0.20351
6.6837,-0.053,0.921,0.061,0.86,-0.12441,0.9787,0.20349
6.7387,-0.053,0.921,0.061,0.87,-0.12439,0.97868,0.2035
6.7887,-0.053,0.921,0.061,0.88,-0.1244,0.97869,0.2035
6.8438,-0.053,0.921,0.061,0.89,-0.12438,0.97867,0.2035
6.8938,-0.053,0.921,0.061,0.9,-0.12437,0.97866,0.2035
6.9488,1.005,-0.577,-0.44,0.91,-0.12438,0.97868,0.20351
6.9988,1.005,-0.577,-0.44,0.92,-0.12438,0.97868,0.20349
7.0537,1.005,-0.577,-0.44,0.93,-0.1244,0.97868,0.20351
7.1038,1.005,-0.577,-0.44,0.94,-0.1244,0.97869,0.20349
7.1588,1.005,-0.577,-0.44,0.95,-0.12436,0.9787,0.2035
7.2136,1.005,-0.577,-0.44,0.96,-0.12438,0.9787,0.20351
7.2638,0.99,-0.578,-0.38,0.97,-0.1244,0.97868,0.20352
7.3188,0.99,-0.578,-0.38,0.98,-0.1244,0.97867,0.20352
7.3688,0.99,-0.578,-0.38,0.99,-0.12439,0.97868,0.20354
7.4239,0.99,-0.578,-0.38,1,-0.12441,0.97868,0.20351
7.4739,0.99,-0.578,-0.38,1.01,-0.12439,0.97868,0.2035
7.5289,0.937,-0.61,-0.283,1.02,-0.12439,0.97867,0.2035
7.5789,0.937,-0.61,-0.283,1.03,-0.12439,0.9787,0.20352
7.6339,0.937,-0.61,-0.283,1.04,-0.1244,0.97868,0.20352
7.6839,0.937,-0.61,-0.283,1.05,-0.12439,0.97869,0.2035
7.7389,0.937,-0.61,-0.283,1.06,-0.12438,0.9787,0.20351
7.7889,0.937,-0.61,-0.283,1.07,-0.12439,0.9787,0.20351
7.844,0.937,-0.61,-0.283,1.08,-0.12439,0.97867,0.20351
7.894,0.937,-0.61,-0.283,1.09,-0.12438,0.97869,0.20352
7.9491,0.937,-0.61,-0.283,1.1,-0.12439,0.97869,0.2035
7.999,0.937,-0.61,-0.283,1.11,-0.12439,0.97866,0.20353
8.054,0.937,-0.61,-0.283,1.12,-0.12438,0.97868,0.2035
8.104,-0.296,0.747,0.516,1.13,-0.12439,0.97869,0.2035
8.159,-0.296,0.747,0.516,1.14,-0.1244,0.97869,0.20349
8.2136,-0.296,0.747,0.516,1.15,-0.12439,0.97868,0.20351
8.264,-0.296,0.747,0.516,1.16,-0.12439,0.97867,0.20348
8.3191,-0.296,0.747,0.516,1.17,-0.1244,0.97868,0.2035
8.3691,-0.296,0.747,0.516,1.18,-0.12437,0.97867,0.20351
8.4241,-0.397,0.668,0.643,1.19,-0.12437,0.97869,0.20351
8.4741,-0.397,0.668,0.643,1.2,-0.12439,0.97869,0.2035
8.5291,-0.397,0.668,0.643,1.21,-0.12438,0.97868,0.2035
8.5791,-0.397,0.668,0.643,1.22,-0.12439,0.97869,0.2035
8.6342,-0.397,0.668,0.643,1.23,-0.12438,0.9787,0.20351
8.6842,-0.47,0.626,0.761,1.24,-0.12439,0.97867,0.2035
8.7392,-0.47,0.626,0.761,1.25,-0.12438,0.9787,0.20351
8.7892,-0.47,0.626,0.761,1.26,-0.12439,0.97868,0.20351
8.8442,-0.47,0.626,0.761,1.27,-0.1244,0.9787,0.20352
8.8943,-0.47,0.626,0.761,1.28,-0.12439,0.97868,0.20351
8.9492,-0.47,0.626,0.761,1.29,-0.12439,0.97869,0.20352
8.9993,-0.517,0.617,0.851,1.3,-0.12437,0.97868,0.20351
9.0542,-0.517,0.617,0.851,1.31,-0.12438,0.97869,0.20352
9.1042,-0.517,0.617,0.851,1.32,-0.12439,0.97869,0.20352
9.1593,-0.517,0.617,0.851,1.33,-0.12438,0.97868,0.2035
9.2144,-0.517,0.617,0.851,1.34,-0.12439,0.97867,0.2035
9.2643,-0.534,0.628,0.918,1.35,-0.12441,0.97868,0.20352
9.3193,-0.534,0.628,0.918,1.36,-0.1244,0.97868,0.20352
9.3693,-0.534,0.628,0.918,1.37,-0.12438,0.97869,0.20352
9.4243,-0.534,0.628,0.918,1.38,-0.1244,0.97869,0.20353
9.4743,-0.671,25.187,25.6,1.39,-0.1244,0.9787,0.20351
9.5793,-0.525,0.636,0.972,1.4,-0.12439,0.97869,0.2035
9.6344,-0.525,0.636,0.972,1.41,-0.12438,0.97869,0.2035
9.6844,-0.525,0.636,0.972,1.42,-0.12438,0.97868,0.20351
9.7394,-0.671,25.187,25.6,1.43,-0.12439,0.97868,0.20351
9.8444,-0.494,0.628,1.007,1.44,-0.12435,0.97868,0.20351
9.8944,-0.494,0.628,1.007,1.45,-0.12438,0.97869,0.2035
9.9495,-0.494,0.628,1.007,1.46,-0.12439,0.97868,0.2035
9.9995,-0.494,0.628,1.007,1.47,-0.12439,0.9787,0.2035
10.054,-0.494,0.628,1.007,1.48,-0.12436,0.97867,0.20351
10.105,-0.494,0.628,1.007,1.49,-0.12438,0.97869,0.20351
10.159,-0.448,0.605,1.044,1.5,-0.12438,0.97868,0.2035
10.214,-0.448,0.605,1.044,1.51,-0.12439,0.97868,0.20352
10.265,-0.448,0.605,1.044,1.52,-0.12437,0.97868,0.20352
10.315,-0.448,0.605,1.044,1.53,-0.12439,0.97868,0.20352
10.365,-0.448,0.605,1.044,1.54,-0.12438,0.97867,0.20349
10.42,-0.388,0.57,1.076,1.55,-0.12439,0.97866,0.20351
10.47,-0.388,0.57,1.076,1.56,-0.12437,0.97867,0.20351
10.52,-0.388,0.57,1.076,1.57,-0.12438,0.97869,0.20352
10.57,-0.388,0.57,1.076,1.58,-0.12438,0.97869,0.2035
10.62,-0.388,0.57,1.076,1.59,-0.12439,0.97869,0.20353
10.67,-0.388,0.57,1.076,1.6,-0.12439,0.9787,0.20352
10.72,-0.322,0.526,1.105,1.61,-0.1244,0.97869,0.20352
10.77,-0.322,0.526,1.105,1.62,-0.1244,0.97869,0.20351
10.82,-0.322,0.526,1.105,1.63,-0.12438,0.97868,0.2035
10.87,-0.322,0.526,1.105,1.64,-0.12437,0.97869,0.20356
10.92,-0.322,0.526,1.105,1.65,-0.12438,0.97868,0.20352
10.97,-0.322,0.526,1.105,1.66,-0.12438,0.97868,0.20352
11.02,-0.255,0.477,1.129,1.67,-0.12439,0.9787,0.20353
11.07,-0.255,0.477,1.129,1.68,-0.12439,0.9787,0.20354
11.12,-0.255,0.477,1.129,1.69,-0.1244,0.97869,0.20352
11.17,-0.255,0.477,1.129,1.7,-0.12438,0.97869,0.20351
11.22,-0.255,0.477,1.129,1.71,-0.12436,0.97867,0.20351
11.27,-0.192,0.425,1.139,1.72,-0.12437,0.97869,0.20351
11.32,-0.192,0.425,1.139,1.73,-0.12437,0.97866,0.20352
11.37,-0.192,0.425,1.139,1.74,-0.12438,0.9787,0.20352
11.42,-0.192,0.425,1.139,1.75,-0.12437,0.97868,0.2035
11.47,-0.192,0.425,1.139,1.76,-0.12437,0.97869,0.20349
11.52,-0.192,0.425,1.139,1.77,-0.12437,0.97869,0.20352
11.57,-0.138,0.369,1.147,1.78,-0.12437,0.97868,0.2035
11.62,-0.138,0.369,1.147,1.79,-0.12439,0.97869,0.20349
11.67,-0.138,0.369,1.147,1.8,-0.12437,0.97868,0.20349
11.72,-0.138,0.369,1.147,1.81,-0.12439,0.97866,0.2035
11.77,-0.138,0.369,1.147,1.82,-0.12437,0.97869,0.20347
11.82,-0.138,0.369,1.147,1.83,-0.12438,0.97869,0.2035
11.87,-0.083,0.309,1.155,1.84,-0.12439,0.97869,0.20349
11.92,-0.083,0.309,1.155,1.85,-0.12437,0.97868,0.20352
11.97,-0.083,0.309,1.155,1.86,-0.12439,0.9787,0.20351
12.02,-0.083,0.309,1.155,1.87,-0.12438,0.97866,0.20351
12.07,-0.083,0.309,1.155,1.88,-0.12441,0.97867,0.20349
12.12,-0.083,0.309,1.155,1.89,-0.12437,0.97869,0.20352
12.17,-0.029,0.237,1.178,1.9,-0.12438,0.97869,0.20348
12.22,-0.029,0.237,1.178,1.91,-0.1244,0.9787,0.20351
12.27,-0.029,0.237,1.178,1.92,-0.12439,0.97869,0.20351
12.32,-0.029,0.237,1.178,1.93,-0.1244,0.97869,0.20351
12.37,-0.029,0.237,1.178,1.94,-0.1244,0.97869,0.20351
12.42,0.029,0.138,1.222,1.95,-0.12439,0.97869,0.20351
12.47,0.029,0.138,1.222,1.96,-0.12438,0.97868,0.20353
12.52,0.029,0.138,1.222,1.97,-0.12438,0.97869,0.20351
12.57,0.029,0.138,1.222,1.98,-0.12439,0.97867,0.20352
12.62,0.029,0.138,1.222,1.99,-0.12438,0.97869,0.20352
12.67,0.029,0.138,1.222,2,-0.12439,0.97869,0.20353
12.72,0.029,0.138,1.222,2.01,-0.12439,0.97869,0.20352
12.77,0.029,0.138,1.222,2.02,-0.12438,0.9787,0.20352
12.82,0.029,0.138,1.222,2.03,-0.12439,0.9787,0.20352
12.87,0.029,0.138,1.222,2.04,-0.1244,0.97868,0.20351
12.92,0.029,0.138,1.222,2.05,-0.12438,0.97866,0.20352
12.97,0.029,0.138,1.222,2.06,-0.12437,0.97869,0.20353
13.02,-0.844,0.952,0.76,2.07,-0.12439,0.97869,0.20351
13.07,-0.844,0.952,0.76,2.08,-0.12439,0.97866,0.20349
13.12,-0.844,0.952,0.76,2.09,-0.12439,0.97868,0.20351
13.17,-0.844,0.952,0.76,2.1,-0.1244,0.9787,0.20347
13.22,-0.844,0.952,0.76,2.11,-0.1244,0.97869,0.2035
13.27,-0.844,0.952,0.76,2.12,-0.12438,0.97868,0.20353
13.32,-0.779,0.785,0.812,2.13,-0.12439,0.97868,0.20349
13.37,-0.779,0.785,0.812,2.14,-0.12441,0.97869,0.20351
13.42,-0.779,0.785,0.812,2.15,-0.12438,0.97869,0.20351
13.47,-0.779,0.785,0.812,2.16,-0.12437,0.97867,0.2035
13.52,-0.779,0.785,0.812,2.17,-0.12438,0.9787,0.20351
13.57,-0.718,0.637,0.872,2.18,-0.12439,0.9787,0.20351
13.62,-0.718,0.637,0.872,2.19,-0.12439,0.97868,0.20353
13.67,-0.718,0.637,0.872,2.2,-0.12437,0.97864,0.20352
13.72,-0.718,0.637,0.872,2.21,-0.12439,0.97868,0.20351
13.77,-0.718,0.637,0.872,2.22,-0.1244,0.97869,0.2035
13.82,-0.718,0.637,0.872,2.23,-0.12439,0.97869,0.20351
13.87,-0.718,0.637,0.872,2.24,-0.12439,0.97868,0.20352
13.92,-0.718,0.637,0.872,2.25,-0.1244,0.97868,0.20352
13.97,-0.718,0.637,0.872,2.26,-0.12439,0.97869,0.20352
14.02,-0.718,0.637,0.872,2.27,-0.12437,0.97869,0.20353
14.07,-0.718,0.637,0.872,2.28,-0.12439,0.9787,0.20352
14.12,-0.718,0.637,0.872,2.29,-0.12438,0.97869,0.20353
14.17,0.433,-0.631,1.569,2.3,-0.12439,0.9787,0.20352
14.22,0.433,-0.631,1.569,2.31,-0.12439,0.97867,0.20352
14.27,0.433,-0.631,1.569,2.32,-0.12438,0.97867,0.2035
14.32,0.433,-0.631,1.569,2.33,-0.1244,0.97868,0.2035
14.37,0.433,-0.631,1.569,2.34,-0.12439,0.97868,0.20351
14.42,0.433,-0.631,1.569,2.35,-0.12437,0.97867,0.20351
14.47,0.49,-0.624,1.603,2.36,-0.12438,0.97869,0.20351
14.52,0.49,-0.624,1.603,2.37,-0.12439,0.97867,0.20351
14.571,0.49,-0.624,1.603,2.38,-0.12439,0.97868,0.20351
14.62,0.49,-0.624,1.603,2.39,-0.12438,0.97869,0.20351
14.67,0.49,-0.624,1.603,2.4,-0.1244,0.97868,0.2035
14.72,0.551,-0.548,1.604,2.41,-0.12439,0.97866,0.20351
14.771,0.551,-0.548,1.604,2.42,-0.12438,0.97868,0.20351
14.821,0.551,-0.548,1.604,2.43,-0.12438,0.97867,0.20349
14.871,0.551,-0.548,1.604,2.44,-0.12438,0.97866,0.20352
14.921,0.551,-0.548,1.604,2.45,-0.12438,0.97871,0.2035
14.971,0.551,-0.548,1.604,2.46,-0.12437,0.97868,0.20352
15.021,0.61,-0.403,1.578,2.47,-0.12438,0.97869,0.20351
15.071,0.61,-0.403,1.578,2.48,-0.12439,0.97868,0.20352
15.121,0.61,-0.403,1.578,2.49,-0.12438,0.97868,0.20352
15.171,0.61,-0.403,1.578,2.5,-0.12439,0.97871,0.20352
15.221,0.61,-0.403,1.578,2.51,-0.12437,0.97867,0.20351
15.271,0.61,-0.403,1.578,2.52,-0.12439,0.97869,0.20352
15.321,0.654,-0.206,1.509,2.53,-0.12437,0.97867,0.20352
15.371,0.654,-0.206,1.509,2.54,-0.12439,0.97868,0.20352
15.421,0.654,-0.206,1.509,2.55,-0.12438,0.97866,0.20351
15.471,0.654,-0.206,1.509,2.56,-0.12439,0.97867,0.20351
15.521,0.654,-0.206,1.509,2.57,-0.12437,0.97867,0.20351
15.571,0.654,-0.206,1.509,2.58,-0.1244,0.97869,0.20351
15.621,0.724,0.024,1.449,2.59,-0.1244,0.97869,0.20353
15.671,0.724,0.024,1.449,2.6,-0.12438,0.97869,0.2035
15.721,0.724,0.024,1.449,2.61,-0.12437,0.97868,0.20352
15.771,0.724,0.024,1.449,2.62,-0.1244,0.97868,0.20352
15.826,0.724,0.024,1.449,2.63,-0.12438,0.97867,0.20352
15.876,0.785,0.259,1.399,2.64,-0.12437,0.97867,0.20347
15.931,0.785,0.259,1.399,2.65,-0.12438,0.97867,0.20351
15.981,0.785,0.259,1.399,2.66,-0.12438,0.97869,0.20351
16.036,0.785,0.259,1.399,2.67,-0.12438,0.97868,0.2035
16.086,0.785,0.259,1.399,2.68,-0.12439,0.9787,0.20352
16.141,0.785,0.259,1.399,2.69,-0.12439,0.97867,0.20349
16.191,0.815,0.454,1.356,2.7,-0.12438,0.97868,0.20351
16.246,0.815,0.454,1.356,2.71,-0.12438,0.97868,0.2035
16.296,0.815,0.454,1.356,2.72,-0.12439,0.97867,0.20352
16.351,0.815,0.454,1.356,2.73,-0.12439,0.9787,0.20349
16.401,0.815,0.454,1.356,2.74,-0.12437,0.97867,0.20349
16.456,0.806,0.58,1.328,2.75,-0.1244,0.97869,0.20351
16.511,0.806,0.58,1.328,2.76,-0.12439,0.97867,0.20351
16.561,0.806,0.58,1.328,2.77,-0.12438,0.97869,0.20352
16.616,0.806,0.58,1.328,2.78,-0.12438,0.97869,0.20351
16.666,0.806,0.58,1.328,2.79,-0.12439,0.97869,0.20351
16.721,0.806,0.58,1.328,2.8,-0.12439,0.97867,0.20351
16.771,0.737,0.61,1.285,2.81,-0.12439,0.9787,0.20351
16.826,0.737,0.61,1.285,2.82,-0.12439,0.97869,0.20352
16.876,0.737,0.61,1.285,2.83,-0.12439,0.9787,0.20352
16.931,0.737,0.61,1.285,2.84,-0.12439,0.97867,0.20351
16.981,0.737,0.61,1.285,2.85,-0.1244,0.97869,0.20353
17.036,0.608,0.545,1.232,2.86,-0.12439,0.97867,0.20351
17.086,0.608,0.545,1.232,2.87,-0.12439,0.97868,0.20353
17.141,0.608,0.545,1.232,2.88,-0.12439,0.97868,0.20351
17.191,0.608,0.545,1.232,2.89,-0.12438,0.97868,0.20351
17.246,0.608,0.545,1.232,2.9,-0.12438,0.97869,0.2035
17.296,0.608,0.545,1.232,2.91,-0.12439,0.97867,0.20351
17.351,0.422,0.402,1.171,2.92,-0.12437,0.97868,0.20351
17.401,0.422,0.402,1.171,2.93,-0.12439,0.97869,0.20354
17.456,0.422,0.402,1.171,2.94,-0.12438,0.97867,0.20352
17.511,0.422,0.402,1.171,2.95,-0.12438,0.97871,0.2035
17.561,0.422,0.402,1.171,2.96,-0.12439,0.97869,0.20351
17.616,0.186,0.211,1.122,2.97,-0.12439,0.9787,0.2035
17.666,0.186,0.211,1.122,2.98,-0.12439,0.97869,0.2035
17.721,0.186,0.211,1.122,2.99,-0.12439,0.97869,0.20349
17.771,0.186,0.211,1.122,3,-0.1244,0.97867,0.20351
17.826,0.186,0.211,1.122,3.01,-0.12438,0.97869,0.20351
17.876,0.186,0.211,1.122,3.02,-0.12439,0.97869,0.2035
17.931,-0.102,0.022,1.084,3.03,-0.12439,0.97867,0.2035
17.981,-0.102,0.022,1.084,3.04,-0.1244,0.97871,0.20351
18.036,-0.102,0.022,1.084,3.05,-0.12437,0.97868,0.20351
18.086,-0.102,0.022,1.084,3.06,-0.12439,0.9787,0.2035
18.141,-0.102,0.022,1.084,3.07,-0.12438,0.97869,0.20352
18.191,-0.38,-0.183,1.051,3.08,-0.12439,0.97867,0.20353
18.246,-0.38,-0.183,1.051,3.09,-0.1244,0.97869,0.20351
18.296,-0.38,-0.183,1.051,3.1,-0.12439,0.97869,0.20351
18.351,-0.38,-0.183,1.051,3.11,-0.1244,0.97868,0.20352
18.401,-0.38,-0.183,1.051,3.12,-0.12438,0.97866,0.2035
18.456,-0.64,-0.356,1.036,3.13,-0.12439,0.97867,0.20351
18.512,-0.64,-0.356,1.036,3.14,-0.1244,0.97868,0.20352
18.666,0,0,0.253,3.15,-0.12438,0.9787,0.20352
19.666,-14.343,26.617,-29.44,3.16,-0.12438,0.97867,0.20353
19.771,1.365,24.93,25.444,3.17,-0.12438,0.97867,0.20351
19.876,-0.844,-0.48,1.031,3.18,-0.12438,0.97867,0.2035
19.931,-0.844,-0.48,1.031,3.19,-0.12439,0.97867,0.20351
19.981,-0.844,-0.48,1.031,3.2,-0.12439,0.97869,0.2035
20.036,-0.982,-0.591,1.018,3.21,-0.12438,0.97869,0.20352
20.086,-0.927,25.187,25.6,3.22,-0.1244,0.97868,0.20353
20.246,-0.982,-0.591,1.018,3.23,-0.1244,0.97868,0.20353
20.296,-0.982,-0.591,1.018,3.24,-0.1244,0.97872,0.2035
20.351,0.01,11.191,17.411,3.25,-0.12439,0.97868,0.2035
20.722,-1.07,-0.663,1.028,3.26,-0.12437,0.97867,0.20351
20.772,-1.07,-0.663,1.028,3.27,-0.12439,0.97867,0.2035
20.827,-1.07,-0.663,1.028,3.28,-0.12438,0.97868,0.20354
20.877,-1.07,-0.663,1.028,3.29,-0.12438,0.97866,0.20351
20.932,-1.031,-0.684,1.011,3.3,-0.1244,0.9787,0.2035
20.982,-1.031,-0.684,1.011,3.31,-0.12438,0.97867,0.20351
21.037,-1.031,-0.684,1.011,3.32,-0.12442,0.9787,0.20353
21.087,-1.183,25.187,25.6,3.33,-0.12438,0.97868,0.20352
21.352,-1.857,0.491,0.45,3.34,-0.1244,0.9787,0.20351
21.402,-1.857,0.491,0.45,3.35,-0.12438,0.9787,0.2035
21.457,-1.951,25.187,25.6,3.36,-0.12439,0.97867,0.20352
21.617,-10.759,-27.911,-29.44,3.37,-0.12439,0.9787,0.20352
21.877,-0.786,0.273,1.01,3.38,-0.12439,0.97868,0.20351
21.932,-0.786,0.273,1.01,3.39,-0.12438,0.97867,0.20349
21.982,-0.786,0.273,1.01,3.4,-0.1244,0.9787,0.20351
22.037,-0.786,0.273,1.01,3.41,-0.12439,0.97869,0.2035
22.087,-0.723,0.444,1.253,3.42,-0.12439,0.97868,0.20353
22.142,-0.723,0.444,1.253,3.43,-0.12441,0.9787,0.20352
22.192,-0.723,0.444,1.253,3.44,-0.12438,0.9787,0.20352
22.247,-0.723,0.444,1.253,3.45,-0.12439,0.97869,0.20351
22.297,-0.723,0.444,1.253,3.46,-0.12439,0.97869,0.20353
22.352,-0.709,0.67,1.262,3.47,-0.1244,0.97869,0.20352
22.402,-0.709,0.67,1.262,3.48,-0.12439,0.97867,0.20352
22.457,-0.709,0.67,1.262,3.49,-0.12438,0.97869,0.20352
22.513,-0.709,0.67,1.262,3.5,-0.1244,0.97871,0.20351
22.562,-0.709,0.67,1.262,3.51,-0.1244,0.97871,0.20351
22.617,-0.709,0.67,1.262,3.52,-0.1244,0.97869,0.20352
22.667,-0.627,0.899,1.3,3.53,-0.12438,0.97868,0.20351
22.722,-0.627,0.899,1.3,3.54,-0.1244,0.97867,0.20352
22.772,-0.627,0.899,1.3,3.55,-0.12442,0.97868,0.20352
22.827,-0.627,0.899,1.3,3.56,-0.1244,0.97871,0.20351
22.877,-0.627,0.899,1.3,3.57,-0.12439,0.9787,0.20352
22.932,-0.478,1.103,1.312,3.58,-0.12438,0.97873,0.20351
22.982,-0.478,1.103,1.312,3.59,-0.12438,0.9787,0.2035
23.037,-17.673,15.925,13.112,3.6,-0.12439,0.97866,0.2035
23.297,-0.252,1.261,1.304,3.61,-0.12439,0.97869,0.2035
23.353,-0.252,1.261,1.304,3.62,-0.12446,0.9787,0.20351
23.403,-0.252,1.261,1.304,3.63,-0.12437,0.97865,0.20353
23.458,-0.252,1.261,1.304,3.64,-0.12438,0.97867,0.20351
23.513,0.026,1.347,1.286,3.65,-0.1244,0.97871,0.20349
23.563,0.026,1.347,1.286,3.66,-0.12437,0.9787,0.2035
23.618,0.026,1.347,1.286,3.67,-0.1244,0.97871,0.2035
23.668,0.026,1.347,1.286,3.68,-0.1244,0.9787,0.2035
23.723,0.026,1.347,1.286,3.69,-0.12437,0.97868,0.2035
23.773,0.026,1.347,1.286,3.7,-0.12438,0.97867,0.20351
23.828,0.342,1.338,1.233,3.71,-0.12439,0.97867,0.20351
23.878,0.342,1.338,1.233,3.72,-0.1244,0.97869,0.2035
23.933,0.342,1.338,1.233,3.73,-0.12438,0.97871,0.20352
23.983,0.342,1.338,1.233,3.74,-0.12442,0.97871,0.20349
24.038,0.342,1.338,1.233,3.75,-0.12439,0.97869,0.20352
24.088,0.68,1.227,1.197,3.76,-0.12442,0.97871,0.20351
24.143,0.68,1.227,1.197,3.77,-0.12445,0.97871,0.20351
24.193,0.68,1.227,1.197,3.78,-0.12436,0.97867,0.20353
24.248,0.68,1.227,1.197,3.79,-0.12441,0.97869,0.2035
24.298,0.68,1.227,1.197,3.8,-0.12439,0.9787,0.20352
24.353,0.68,1.227,1.197,3.81,-0.12439,0.97869,0.20351
24.403,1.019,1.014,1.167,3.82,-0.1244,0.97872,0.20351
24.458,1.019,1.014,1.167,3.83,-0.12439,0.9787,0.20351
24.513,1.019,1.014,1.167,3.84,-0.12442,0.97869,0.20351
24.563,1.019,1.014,1.167,3.85,-0.1244,0.97871,0.20352
24.618,1.019,1.014,1.167,3.86,-0.12439,0.9787,0.20349
24.668,1.336,0.697,1.139,3.87,-0.12438,0.97871,0.20352
24.723,1.336,0.697,1.139,3.88,-0.12438,0.97869,0.20352
24.773,1.336,0.697,1.139,3.89,-0.12442,0.9787,0.20351
24.828,1.336,0.697,1.139,3.9,-0.1244,0.97871,0.20351
24.878,1.336,0.697,1.139,3.91,-0.12437,0.97869,0.20353
24.933,1.336,0.697,1.139,3.92,-0.12439,0.97869,0.2035
24.983,1.602,0.305,1.1,3.93,-0.12439,0.97869,0.20353
25.038,1.602,0.305,1.1,3.94,-0.12442,0.97868,0.2035
25.088,1.602,0.305,1.1,3.95,-0.12439,0.9787,0.20351
25.143,1.602,0.305,1.1,3.96,-0.1244,0.97868,0.20351
25.193,1.602,0.305,1.1,3.97,-0.12438,0.97869,0.20349
25.248,1.791,-0.109,1.067,3.98,-0.12439,0.97872,0.20351
25.298,1.791,-0.109,1.067,3.99,-0.12439,0.97871,0.20351
25.353,1.791,-0.109,1.067,4,-0.12438,0.97868,0.20351
25.403,1.791,-0.109,1.067,4.01,-0.12518,0.97871,0.20337
25.458,1.791,-0.109,1.067,4.02,-0.12443,0.97877,0.20347
25.513,1.881,-0.5,1.021,4.03,-0.12438,0.97872,0.20347
25.563,1.881,-0.5,1.021,4.04,-0.12439,0.97867,0.20351
25.618,1.881,-0.5,1.021,4.05,-0.1244,0.97871,0.20352
25.668,1.881,-0.5,1.021,4.06,-0.12439,0.9787,0.20351
25.723,1.881,-0.5,1.021,4.07,-0.12441,0.97872,0.20351
25.773,1.881,-0.5,1.021,4.08,-0.12442,0.97871,0.20351
25.828,1.871,-0.825,0.976,4.09,-0.12437,0.9787,0.20352
25.878,1.871,-0.825,0.976,4.1,-0.12439,0.97871,0.20353
25.933,1.871,-0.825,0.976,4.11,-0.12437,0.97872,0.20352
25.983,1.871,-0.825,0.976,4.12,-0.12442,0.97872,0.20352
26.038,1.871,-0.825,0.976,4.13,-0.1244,0.97869,0.20352
26.088,1.765,-1.069,0.936,4.14,-0.1244,0.97872,0.20351
26.143,1.765,-1.069,0.936,4.15,-0.12442,0.97874,0.2035
26.193,1.765,-1.069,0.936,4.16,-0.12439,0.97872,0.20351
26.248,1.765,-1.069,0.936,4.17,-0.12441,0.97869,0.2035
26.298,1.765,-1.069,0.936,4.18,-0.12437,0.97873,0.2035
26.353,1.765,-1.069,0.936,4.19,-0.1244,0.97871,0.20351
26.403,1.587,-1.238,0.911,4.2,-0.1244,0.97872,0.20352
26.458,1.587,-1.238,0.911,4.21,-0.1244,0.97873,0.20351
26.513,1.587,-1.238,0.911,4.22,-0.12437,0.97872,0.20352
26.563,1.587,-1.238,0.911,4.23,-0.1244,0.97872,0.2035
26.618,1.587,-1.238,0.911,4.24,-0.12438,0.97873,0.20352
26.668,1.358,-1.338,0.904,4.25,-0.12439,0.97874,0.20352
26.723,1.358,-1.338,0.904,4.26,-0.1244,0.97875,0.2035
26.773,1.358,-1.338,0.904,4.27,-0.1244,0.97872,0.20349
26.828,1.358,-1.338,0.904,4.28,-0.12438,0.97873,0.20351
26.878,1.358,-1.338,0.904,4.29,-0.1244,0.97873,0.2035
26.933,1.358,-1.338,0.904,4.3,-0.12437,0.97873,0.20353
26.983,1.105,-1.377,0.908,4.31,-0.1244,0.97873,0.20352
27.038,1.105,-1.377,0.908,4.32,-0.12443,0.9787,0.20352
27.088,1.105,-1.377,0.908,4.33,-0.12442,0.97874,0.20352
27.143,1.105,-1.377,0.908,4.34,-0.12439,0.97877,0.20352
27.193,1.105,-1.377,0.908,4.35,-0.12435,0.97875,0.20353
27.248,0.849,-1.36,0.931,4.36,-0.12434,0.97876,0.20352
27.298,0.849,-1.36,0.931,4.37,-0.12441,0.97876,0.20355
27.353,0.849,-1.36,0.931,4.38,-0.12446,0.97874,0.20354
27.403,0.849,-1.36,0.931,4.39,-0.12441,0.97873,0.20353
27.458,0.849,-1.36,0.931,4.4,-0.12436,0.97878,0.20356
27.513,0.849,-1.36,0.931,4.41,-0.12434,0.97876,0.20355
27.563,0.602,-1.307,0.952,4.42,-0.12438,0.97877,0.20355
27.618,0.602,-1.307,0.952,4.43,-0.1244,0.97877,0.20353
27.668,0.602,-1.307,0.952,4.44,-0.1244,0.97874,0.20355
27.723,0.602,-1.307,0.952,4.45,-0.12438,0.97877,0.20352
27.774,0.602,-1.307,0.952,4.46,-0.12441,0.97873,0.20354
27.829,0.384,-1.237,0.978,4.47,-0.12441,0.97878,0.20354
27.879,0.384,-1.237,0.978,4.48,-0.12439,0.97876,0.20353
27.933,0.384,-1.237,0.978,4.49,-0.12436,0.97876,0.20356
27.984,0.384,-1.237,0.978,4.5,-0.12438,0.97876,0.20354
28.033,0.384,-1.237,0.978,4.51,-0.12438,0.97873,0.20357
28.084,0.384,-1.237,0.978,4.52,-0.12441,0.97876,0.20354
28.134,0.189,-1.164,0.992,4.53,-0.12445,0.97878,0.20352
28.184,0.189,-1.164,0.992,4.54,-0.12443,0.97877,0.20355
28.239,0.189,-1.164,0.992,4.55,-0.12439,0.97878,0.20355
28.289,0.189,-1.164,0.992,4.56,-0.12431,0.97881,0.20357
28.339,0.189,-1.164,0.992,4.57,-0.12433,0.97877,0.20357
28.389,0.019,1.095,0.989,4.58,-0.12433,0.97879,0.2036
28.439,0.019,-1.095,0.989,4.59,-0.1244,0.97879,0.20356
28.489,0.019,-1.095,0.989,4.6,-0.12442,0.97883,0.20357
28.539,0.019,-1.095,0.989,4.61,-0.12445,0.97879,0.20357
28.589,0.019,-1.095,0.989,4.62,-0.12446,0.9789,0.20357
28.639,0.019,-1.095,0.989,4.63,-0.12441,0.97891,0.20357
28.689,-0.132,-1.035,0.97,4.64,-0.12437,0.97891,0.20359
28.739,-0.132,-1.035,0.97,4.65,-0.12432,0.979,0.20361
28.789,-0.132,-1.035,0.97,4.66,-0.12432,0.97901,0.20364
28.839,-0.132,-1.035,0.97,4.67,-0.12431,0.97901,0.20368
28.889,-0.132,-1.035,0.97,4.68,-0.12432,0.97908,0.2037
28.939,-0.132,-1.035,0.97,4.69,-0.12431,0.97913,0.20372
28.989,-0.276,-0.978,0.932,4.7,-0.12431,0.97923,0.20376
29.039,-0.276,-0.978,0.932,4.71,-0.12432,0.97932,0.20379
29.089,-0.276,-0.978,0.932,4.72,-0.12429,0.97939,0.20387
29.139,-0.276,-0.978,0.932,4.73,-0.12432,0.9795,0.20391
29.189,-0.276,-0.978,0.932,4.74,-0.1243,0.97968,0.20401
29.239,-0.276,-0.978,0.932,4.75,-0.12428,0.97986,0.2041
29.289,-0.395,-0.919,0.881,4.76,-0.12433,0.98,0.20413
29.339,-0.395,-0.919,0.881,4.77,-0.12422,0.98027,0.20423
29.389,-0.395,-0.919,0.881,4.78,-0.1241,0.98048,0.20438
29.439,-0.395,-0.919,0.881,4.79,-0.12396,0.98068,0.20444
29.489,-0.395,-0.919,0.881,4.8,-0.12359,0.98093,0.20477
29.539,-0.395,-0.919,0.881,4.81,-0.1235,0.98155,0.20501
29.589,-0.501,-0.855,0.816,4.82,-0.12368,0.982,0.20493
29.639,-0.501,-0.855,0.816,4.83,-0.12356,0.98225,0.20498
29.689,-0.501,-0.855,0.816,4.84,-0.12353,0.98267,0.20517
29.739,-0.501,-0.855,0.816,4.85,-0.12329,0.9831,0.20542
29.789,-0.501,-0.855,0.816,4.86,-0.12299,0.98343,0.20559
29.839,-0.593,-0.768,0.752,4.87,-0.12283,0.98406,0.20581
29.889,-0.593,-0.768,0.752,4.88,-0.12251,0.98475,0.20605
29.939,-0.593,-0.768,0.752,4.89,-0.12221,0.9854,0.20642
29.989,-0.593,-0.768,0.752,4.9,-0.1217,0.98596,0.20683
30.039,-0.593,-0.768,0.752,4.91,-0.12143,0.9866,0.20729
30.089,-0.593,-0.768,0.752,4.92,-0.121,0.98735,0.20776
30.139,-0.664,-0.656,0.684,4.93,-0.12011,0.98822,0.20827
30.189,-0.664,-0.656,0.684,4.94,-0.1196,0.98905,0.209
30.239,-0.664,-0.656,0.684,4.95,-0.11896,0.99003,0.2098
30.289,-0.664,-0.656,0.684,4.96,-0.11942,0.99134,0.21064
30.339,-0.664,-0.656,0.684,4.97,-0.11822,0.99209,0.21201
30.389,-0.664,-0.656,0.684,4.98,-0.11763,0.9932,0.21308
30.439,-0.712,-0.517,0.634,4.99,-0.11674,0.99451,0.21391
30.489,-0.712,-0.517,0.634,5,-0.11606,0.99632,0.21485
30.539,-0.712,-0.517,0.634,5.01,-0.11577,0.99785,0.21628
30.589,-0.712,-0.517,0.634,5.02,-0.11484,0.99933,0.21739
30.639,-0.712,-0.517,0.634,5.03,-0.11422,1.0008,0.21876
30.689,-0.712,-0.517,0.634,5.04,-0.11376,1.0026,0.22014
30.739,-0.744,-0.351,0.621,5.05,-0.11257,1.0045,0.2214
30.789,-0.744,-0.351,0.621,5.06,-0.11169,1.0059,0.22335
30.839,-0.744,-0.351,0.621,5.07,-0.11102,1.0075,0.2249
30.889,-0.744,-0.351,0.621,5.08,-0.11039,1.0093,0.22661
30.939,-0.744,-0.351,0.621,5.09,-0.10988,1.0108,0.22887
30.989,-0.728,-0.166,0.632,5.1,-0.10919,1.0122,0.23068
31.039,-0.728,-0.166,0.632,5.11,-0.10851,1.0139,0.23272
31.089,-0.728,-0.166,0.632,5.12,-0.10921,1.0159,0.23531
31.139,-0.728,-0.166,0.632,5.13,-0.10798,1.0168,0.23776
31.189,-0.728,-0.166,0.632,5.14,-0.10763,1.0182,0.2403
31.239,-0.728,-0.166,0.632,5.15,-0.10753,1.0197,0.24294
31.289,-0.68,0.025,0.657,5.16,-0.10793,1.0209,0.24572
31.339,-0.68,0.025,0.657,5.17,-0.10761,1.0213,0.24857
31.389,-0.68,0.025,0.657,5.18,-0.10828,1.0224,0.25115
31.439,-0.68,0.025,0.657,5.19,-0.10973,1.023,0.25416
31.489,-0.68,0.025,0.657,5.2,-0.10941,1.0227,0.25725
31.539,-0.68,0.025,0.657,5.21,-0.11047,1.0231,0.26008
31.589,-0.606,0.21,0.712,5.22,-0.11189,1.023,0.26299
31.639,-0.606,0.21,0.712,5.23,-0.11217,1.0225,0.2664
31.689,-0.606,0.21,0.712,5.24,-0.11304,1.0223,0.26928
31.739,-0.606,0.21,0.712,5.25,-0.11433,1.0221,0.27216
31.789,-0.606,0.21,0.712,5.26,-0.11494,1.0216,0.27539
31.839,-0.606,0.21,0.712,5.27,-0.11653,1.021,0.27817
31.889,-0.496,0.364,0.76,5.28,-0.11685,1.0213,0.28147
31.939,-0.496,0.364,0.76,5.29,NaN,NaN,NaN
31.989,-0.496,0.364,0.76,5.3,NaN,NaN,NaN
32.039,-0.496,0.364,0.76,5.31,NaN,NaN,NaN
32.089,-0.496,0.364,0.76,5.32,-0.12129,1.019,0.29446
32.139,-0.371,0.484,0.796,5.33,-0.12213,1.0187,0.29792
32.189,-0.371,0.484,0.796,5.34,-0.12321,1.0181,0.30142
32.239,-0.371,0.484,0.796,5.35,-0.1241,1.0178,0.30498
32.289,-0.371,0.484,0.796,5.36,-0.12467,1.0174,0.30884
32.339,-0.371,0.484,0.796,5.37,-0.12627,1.017,0.31229
32.389,-0.371,0.484,0.796,5.38,-0.12698,1.0164,0.31633
32.439,-0.228,0.568,0.846,5.39,-0.12845,1.016,0.31986
32.489,-0.228,0.568,0.846,5.4,-0.12909,1.0152,0.32376
32.539,-0.228,0.568,0.846,5.41,-0.13042,1.015,0.32732
32.589,-0.228,0.568,0.846,5.42,-0.13161,1.0141,0.33123
32.64,-0.228,0.568,0.846,5.43,-0.13298,1.0137,0.33482
32.689,-0.228,0.568,0.846,5.44,NaN,NaN,NaN
32.74,-0.084,0.616,0.868,5.45,NaN,NaN,NaN
32.79,-0.084,0.616,0.868,5.46,NaN,NaN,NaN
32.84,-0.084,0.616,0.868,5.47,NaN,NaN,NaN
32.89,-0.084,0.616,0.868,5.48,NaN,NaN,NaN
32.94,-0.084,0.616,0.868,5.49,NaN,NaN,NaN
32.99,-0.084,0.616,0.868,5.5,NaN,NaN,NaN
33.04,0.063,0.639,0.881,5.51,NaN,NaN,NaN
33.09,0.063,0.639,0.881,5.52,-0.14679,1.0045,0.36661
33.14,0.063,0.639,0.881,5.53,-0.14928,1.0031,0.37027
33.19,0.063,0.639,0.881,5.54,-0.1511,1.0013,0.37341
33.24,0.063,0.639,0.881,5.55,-0.15301,0.99959,0.37668
33.29,0.194,0.655,0.889,5.56,-0.15639,0.99774,0.37997
33.34,0.194,0.655,0.889,5.57,-0.1581,0.99554,0.38331
33.39,0.194,0.655,0.889,5.58,-0.16033,0.99325,0.38659
33.44,0.194,0.655,0.889,5.59,-0.16398,0.99049,0.38997
33.49,0.194,0.655,0.889,5.6,-0.16591,0.98785,0.39334
33.54,0.194,0.655,0.889,5.61,-0.16857,0.98526,0.3965
33.59,0.321,0.681,0.882,5.62,-0.17198,0.98247,0.40016
33.64,0.321,0.681,0.882,5.63,-0.17479,0.9794,0.40337
33.69,0.321,0.681,0.882,5.64,-0.17797,0.97597,0.4069
33.74,0.321,0.681,0.882,5.65,-0.18154,0.97316,0.41032
33.79,0.321,0.681,0.882,5.66,-0.18481,0.96946,0.41388
33.845,0.321,0.681,0.882,5.67,-0.18815,0.96623,0.41731
33.895,0.448,0.724,0.868,5.68,-0.19166,0.96248,0.42087
33.95,0.448,0.724,0.868,5.69,-0.19548,0.95881,0.42462
34,0.448,0.724,0.868,5.7,-0.19909,0.95481,0.42827
34.055,0.448,0.724,0.868,5.71,-0.20264,0.95116,0.43202
34.11,0.448,0.724,0.868,5.72,-0.20618,0.94713,0.43572
34.16,0.569,0.783,0.858,5.73,-0.21,0.94267,0.43979
34.215,0.569,0.783,0.858,5.74,-0.21365,0.93869,0.44354
34.265,0.569,0.783,0.858,5.75,-0.21759,0.93456,0.44739
34.32,0.569,0.783,0.858,5.76,-0.22141,0.93045,0.45136
34.37,0.569,0.783,0.858,5.77,-0.22536,0.92625,0.45528
34.425,0.569,0.783,0.858,5.78,-0.22939,0.92188,0.45951
34.475,0.569,0.783,0.858,5.79,-0.23334,0.91785,0.46363
34.53,0.569,0.783,0.858,5.8,-0.23701,0.91396,0.46768
34.58,0.569,0.783,0.858,5.81,-0.24119,0.90906,0.47197
34.635,0.569,0.783,0.858,5.82,-0.24499,0.90515,0.47553
34.685,0.569,0.783,0.858,5.83,-0.2491,0.9006,0.48051
34.74,0.722,0.824,0.822,5.84,-0.25288,0.89604,0.48496
34.79,0.722,0.824,0.822,5.85,-0.25704,0.89213,0.48934
34.845,0.722,0.824,0.822,5.86,-0.26106,0.88733,0.49364
34.895,0.722,0.824,0.822,5.87,-0.26527,0.88321,0.49819
34.95,0.722,0.824,0.822,5.88,-0.26944,0.87916,0.50202
35,0.722,0.824,0.822,5.89,-0.27335,0.87422,0.50717
35.055,0.851,0.847,0.779,5.9,-0.27741,0.86988,0.51185
35.11,0.851,0.847,0.779,5.91,-0.28187,0.86535,0.51653
35.16,0.851,0.847,0.779,5.92,-0.2862,0.86108,0.52041
35.215,0.851,0.847,0.779,5.93,-0.29032,0.85634,0.52575
35.265,0.851,0.847,0.779,5.94,-0.29444,0.85179,0.53057
35.32,0.95,0.846,0.753,5.95,-0.29931,0.84746,0.53496
35.37,0.95,0.846,0.753,5.96,-0.30343,0.84267,0.54
35.425,0.95,0.846,0.753,5.97,-0.30759,0.83802,0.54474
35.475,0.95,0.846,0.753,5.98,-0.31184,0.83334,0.54988
35.53,0.95,0.846,0.753,5.99,-0.31631,0.82893,0.55408
35.58,0.95,0.846,0.753,6,-0.32067,0.82418,0.5596
35.635,1.015,0.82,0.712,6.01,-0.32478,0.81946,0.56483
35.685,1.015,0.82,0.712,6.02,-0.32946,0.81494,0.5695
35.74,1.015,0.82,0.712,6.03,-0.33362,0.81026,0.57453
35.79,1.015,0.82,0.712,6.04,-0.3378,0.80524,0.57981
35.845,1.015,0.82,0.712,6.05,-0.34247,0.8008,0.58493
35.895,1.006,0.798,0.698,6.06,-0.3462,0.79586,0.58981
35.95,1.006,0.798,0.698,6.07,-0.35093,0.79201,0.59489
36,1.006,0.798,0.698,6.08,-0.35532,0.78685,0.60034
36.055,1.006,0.798,0.698,6.09,-0.35911,0.7823,0.60562
36.111,1.006,0.798,0.698,6.1,-0.36343,0.77786,0.61099
36.16,0.962,-0.778,0.694,6.11,-0.36743,0.77298,0.61626
36.215,0.962,0.778,0.694,6.12,-0.37137,0.76861,0.62143
36.265,0.962,0.778,0.694,6.13,-0.37551,0.7643,0.62668
36.32,0.962,0.778,0.694,6.14,-0.3795,0.75995,0.63163
36.37,0.962,0.778,0.694,6.15,-0.3835,0.75597,0.63694
36.425,0.962,0.778,0.694,6.16,-0.38708,0.75131,0.64238
36.475,0.962,0.778,0.694,6.17,-0.39117,0.74749,0.64734
36.53,0.962,0.778,0.694,6.18,-0.39522,0.74397,0.65207
36.58,0.962,0.778,0.694,6.19,-0.39881,0.74006,0.65704
36.635,0.962,0.778,0.694,6.2,-0.40297,0.73641,0.66224
36.685,0.962,0.778,0.694,6.21,-0.40666,0.73259,0.6673
36.74,-0.355,2,0.67,6.22,-0.41063,0.72924,0.67193
36.79,-0.355,2,0.67,6.23,-0.41449,0.72538,0.67705
36.845,-0.355,2,0.67,6.24,-0.41842,0.72188,0.68214
36.895,-0.355,2,0.67,6.25,-0.42225,0.71821,0.68693
36.95,-0.355,2,0.67,6.26,-0.42601,0.71467,0.69189
37,-0.355,2,0.67,6.27,-0.4299,0.71118,0.69688
37.055,-0.504,2.017,0.687,6.28,-0.43377,0.70777,0.70188
37.111,-0.504,2.017,0.687,6.29,-0.43733,0.70401,0.70696
37.16,-0.504,2.017,0.687,6.3,-0.44132,0.70063,0.71173
37.215,-0.504,2.017,0.687,6.31,-0.44517,0.69719,0.71668
37.265,-0.504,2.017,0.687,6.32,-0.44835,0.69374,0.72159
37.32,-0.684,2.037,0.701,6.33,-0.45249,0.69031,0.72672
37.37,-0.684,2.037,0.701,6.34,-0.45589,0.68681,0.73195
37.425,-0.684,2.037,0.701,6.35,-0.45868,0.68312,0.73688
37.475,-0.684,2.037,0.701,6.36,-0.46279,0.68024,0.74193
37.53,-0.684,2.037,0.701,6.37,-0.46621,0.67681,0.74726
37.581,-0.684,2.037,0.701,6.38,-0.46974,0.67368,0.75242
37.636,-0.684,2.037,0.701,6.39,-0.47276,0.67036,0.75749
37.686,-0.684,2.037,0.701,6.4,-0.47654,0.66756,0.76243
37.741,-0.684,2.037,0.701,6.41,-0.47956,0.66464,0.76774
37.791,-0.684,2.037,0.701,6.42,-0.48298,0.6617,0.77256
37.846,-0.684,2.037,0.701,6.43,-0.48597,0.65886,0.77761
37.896,-0.009,0.846,0.777,6.44,-0.48943,0.65628,0.78256
37.951,-0.009,0.846,0.777,6.45,-0.49231,0.65361,0.78756
38.001,-0.009,0.846,0.777,6.46,-0.49556,0.65123,0.79219
38.056,-0.009,0.846,0.777,6.47,-0.49826,0.64849,0.79736
38.111,-0.009,0.846,0.777,6.48,-0.50154,0.64646,0.80216
38.161,-0.009,0.846,0.777,6.49,-0.50444,0.64432,0.80679
38.216,-0.259,0.842,0.808,6.5,-0.50749,0.64229,0.81166
38.266,-0.259,0.842,0.808,6.51,-0.51006,0.64022,0.8165
38.321,-0.259,0.842,0.808,6.52,-0.51314,0.6385,0.82108
38.371,-0.259,0.842,0.808,6.53,-0.51567,0.63651,0.82571
38.426,-0.259,0.842,0.808,6.54,-0.5186,0.63498,0.83016
38.476,-0.516,0.803,0.833,6.55,-0.52111,0.63329,0.83463
38.531,-0.516,0.803,0.833,6.56,-0.52401,0.63195,0.83914
38.581,-0.516,0.803,0.833,6.57,-0.52668,0.63053,0.84357
38.636,-0.516,0.803,0.833,6.58,-0.5287,0.62901,0.84801
38.686,-0.516,0.803,0.833,6.59,-0.53169,0.62789,0.85227
38.741,-0.516,0.803,0.833,6.6,-0.5339,0.6264,0.85674
38.791,-0.759,0.707,0.828,6.61,-0.53658,0.62529,0.86097
38.846,-0.759,0.707,0.828,6.62,-0.53851,0.62384,0.86545
38.896,-0.759,0.707,0.828,6.63,-0.54104,0.62277,0.86944
38.951,-0.759,0.707,0.828,6.64,-0.54343,0.62142,0.87382
39.001,-0.759,0.707,0.828,6.65,-0.54566,0.6203,0.8779
39.056,-0.964,0.548,0.801,6.66,-0.54781,0.61906,0.88216
39.111,-0.964,0.548,0.801,6.67,-0.55006,0.61804,0.88618
39.161,-0.964,0.548,0.801,6.68,-0.55224,0.61715,0.89011
39.216,-0.964,0.548,0.801,6.69,-0.5544,0.61617,0.89406
39.266,-0.964,0.548,0.801,6.7,-0.55653,0.61543,0.89787
39.321,-0.964,0.548,0.801,6.71,-0.55846,0.61466,0.90191
39.371,-1.106,0.312,0.748,6.72,-0.56036,0.61418,0.90549
39.426,-1.106,0.312,0.748,6.73,-0.56266,0.61362,0.90932
39.476,-1.106,0.312,0.748,6.74,-0.56454,0.61327,0.91291
39.531,-1.106,0.312,0.748,6.75,-0.56673,0.61302,0.91661
39.581,-1.106,0.312,0.748,6.76,-0.56852,0.61283,0.92001
39.636,-1.192,0.065,0.709,6.77,-0.57045,0.61272,0.92367
39.686,-1.192,0.065,0.709,6.78,-0.57227,0.61264,0.92697
39.741,-1.192,0.065,0.709,6.79,-0.57429,0.61266,0.93048
39.791,-1.192,0.065,0.709,6.8,-0.57597,0.61264,0.93383
39.846,-1.192,0.065,0.709,6.81,-0.57751,0.61264,0.93729
39.896,-1.192,0.065,0.709,6.82,-0.5794,0.61287,0.94051
39.951,-1.212,-0.189,0.679,6.83,-0.58106,0.61296,0.944
40.001,-1.212,-0.189,0.679,6.84,-0.58256,0.61297,0.94724
40.056,-1.212,-0.189,0.679,6.85,-0.58425,0.61313,0.95056
40.111,-1.212,-0.189,0.679,6.86,-0.58573,0.61326,0.95373
40.161,-1.212,-0.189,0.679,6.87,-0.58686,0.61352,0.9567
40.216,-1.17,-0.417,0.675,6.88,-0.58878,0.61361,0.96009
40.266,-1.17,-0.417,0.675,6.89,-0.58989,0.61369,0.96323
40.321,-1.17,-0.417,0.675,6.9,-0.59139,0.61384,0.96636
40.371,-1.17,-0.417,0.675,6.91,-0.59267,0.61414,0.9693
40.426,-1.17,-0.417,0.675,6.92,-0.59432,0.61431,0.97255
40.476,-1.058,-0.6,0.698,6.93,-0.59557,0.61464,0.97539
40.531,-1.058,-0.6,0.698,6.94,-0.59671,0.61501,0.97816
40.581,-1.058,-0.6,0.698,6.95,-0.59789,0.61522,0.98123
40.636,-1.058,-0.6,0.698,6.96,-0.59928,0.61569,0.98403
40.686,-1.058,-0.6,0.698,6.97,-0.60081,0.61613,0.98682
40.741,-1.058,-0.6,0.698,6.98,-0.60169,0.61652,0.98965
40.791,-0.861,-0.763,0.727,6.99,-0.60273,0.61706,0.99228
40.846,-0.861,-0.763,0.727,7,-0.60375,0.61743,0.995
40.896,-0.861,-0.763,0.727,7.01,-0.605,0.61803,0.99765
40.951,-0.861,-0.763,0.727,7.02,-0.60607,0.61856,1.0002
41.001,-0.861,-0.763,0.727,7.03,-0.60751,0.61917,1.0029
41.056,-0.606,-0.884,0.774,7.04,-0.6083,0.6198,1.0054
41.112,-0.606,-0.884,0.774,7.05,-0.60919,0.62045,1.0077
41.161,-0.606,-0.884,0.774,7.06,-0.61008,0.62112,1.0103
41.216,-0.606,-0.884,0.774,7.07,-0.61068,0.62174,1.0126
41.266,-0.606,-0.884,0.774,7.08,-0.61135,0.6224,1.0148
41.321,-0.606,-0.884,0.774,7.09,-0.61243,0.623,1.0174
41.371,-0.335,-0.977,0.84,7.1,-0.61303,0.62381,1.0196
41.426,-0.335,-0.977,0.84,7.11,-0.61302,0.6243,1.0218
41.476,-0.335,-0.977,0.84,7.12,-0.61494,0.62519,1.0242
41.531,-0.335,-0.977,0.84,7.13,-0.61561,0.62587,1.0263
41.581,-0.335,-0.977,0.84,7.14,-0.61611,0.62645,1.0284
41.636,-0.094,-1.016,0.915,7.15,-0.61567,0.62695,1.0304
41.686,-0.094,-1.016,0.915,7.16,-0.61721,0.62778,1.0327
41.741,-0.094,-1.016,0.915,7.17,-0.6176,0.62831,1.0347
41.791,-0.094,-1.016,0.915,7.18,-0.61712,0.62894,1.0366
41.846,-0.094,-1.016,0.915,7.19,-0.61848,0.62965,1.0388
41.896,-0.094,-1.016,0.915,7.2,-0.6189,0.63038,1.0406
41.951,-0.094,-1.016,0.915,7.21,-0.61843,0.63102,1.0424
42.001,-0.094,-1.016,0.915,7.22,-0.61843,0.63152,1.0444
42.056,-0.094,-1.016,0.915,7.23,-0.61892,0.63217,1.0461
42.112,-0.094,-1.016,0.915,7.24,-0.61984,0.63297,1.0479
42.161,-0.094,-1.016,0.915,7.25,-0.61945,0.63355,1.0496
42.216,-0.797,0.227,0.348,7.26,-0.62022,0.63431,1.0513
42.266,-0.797,0.227,0.348,7.27,-0.6205,0.63494,1.053
42.321,-0.797,0.227,0.348,7.28,-0.62058,0.63557,1.0548
42.371,-0.797,0.227,0.348,7.29,-0.6201,0.63612,1.0564
42.426,-0.797,0.227,0.348,7.3,-0.62072,0.63676,1.058
42.477,-0.797,0.227,0.348,7.31,-0.62083,0.63758,1.0596
42.532,-0.684,0.363,0.422,7.32,-0.62061,0.63786,1.0615
42.582,-0.684,0.363,0.422,7.33,-0.62009,0.63852,1.063
42.637,-0.684,0.363,0.422,7.34,-0.62069,0.63922,1.0646
42.687,-0.684,0.363,0.422,7.35,-0.62073,0.63973,1.0663
42.742,-0.684,0.363,0.422,7.36,-0.61827,0.6396,1.0682
42.792,-0.598,0.548,0.493,7.37,-0.61798,0.64014,1.0696
42.847,-0.598,0.548,0.493,7.38,-0.62012,0.64119,1.071
42.897,-0.598,0.548,0.493,7.39,-0.62009,0.64165,1.0725
42.952,-0.598,0.548,0.493,7.4,-0.61762,0.64135,1.0747
43.002,-0.598,0.548,0.493,7.41,-0.61843,0.64228,1.0758
43.057,-0.598,0.548,0.493,7.42,-0.61942,0.64289,1.0773
43.112,-0.598,0.548,0.493,7.43,-0.61925,0.64298,1.0788
43.162,-0.598,0.548,0.493,7.44,-0.6188,0.64331,1.0805
43.217,-0.598,0.548,0.493,7.45,-0.61761,0.64371,1.0821
43.267,-0.598,0.548,0.493,7.46,-0.6169,0.64416,1.0835
43.322,-0.598,0.548,0.493,7.47,-0.61631,0.64436,1.0851
43.372,0.549,-0.136,1.317,7.48,-0.61552,0.64459,1.0865
43.427,0.549,-0.136,1.317,7.49,-0.61533,0.6448,1.0881
43.477,0.549,-0.136,1.317,7.5,-0.61507,0.64496,1.0896
43.532,0.549,-0.136,1.317,7.51,-0.6142,0.64513,1.0911
43.582,0.549,-0.136,1.317,7.52,-0.61352,0.64519,1.0926
43.637,0.549,-0.136,1.317,7.53,-0.61294,0.64528,1.094
43.687,0.576,0.126,1.33,7.54,-0.6135,0.64575,1.0951
43.742,0.576,0.126,1.33,7.55,-0.61177,0.64534,1.0972
43.792,0.576,0.126,1.33,7.56,-0.61119,0.64523,1.0987
43.847,0.576,0.126,1.33,7.57,-0.61059,0.64514,1.1001
43.897,0.576,0.126,1.33,7.58,-0.60945,0.64506,1.1015
43.952,0.576,0.377,1.317,7.59,-0.60855,0.64493,1.1029
44.002,0.576,0.377,1.317,7.6,-0.60784,0.64471,1.1046
44.057,0.576,0.377,1.317,7.61,-0.60685,0.64455,1.1061
44.112,0.576,0.377,1.317,7.62,-0.6062,0.64439,1.1075
44.162,0.576,0.377,1.317,7.63,-0.60538,0.64427,1.1088
44.217,0.547,-0.58,1.271,7.64,NaN,NaN,NaN
44.267,0.547,0.58,1.271,7.65,NaN,NaN,NaN
44.322,0.547,0.58,1.271,7.66,NaN,NaN,NaN
44.372,0.547,0.58,1.271,7.67,NaN,NaN,NaN
44.427,0.547,0.58,1.271,7.68,NaN,NaN,NaN
44.477,0.547,0.58,1.271,7.69,NaN,NaN,NaN
44.532,0.479,0.704,1.218,7.7,NaN,NaN,NaN
44.582,0.479,0.704,1.218,7.71,-0.59722,0.64165,1.1203
44.637,0.479,0.704,1.218,7.72,-0.59626,0.6413,1.1216
44.687,0.479,0.704,1.218,7.73,-0.5952,0.64087,1.1228
44.742,0.479,0.704,1.218,7.74,-0.59423,0.64043,1.1243
44.792,0.371,-0.747,1.159,7.75,-0.59278,0.63983,1.1257
44.847,0.371,0.747,1.159,7.76,-0.59166,0.63926,1.127
44.897,0.371,0.747,1.159,7.77,-0.59071,0.6388,1.1284
44.952,0.371,0.747,1.159,7.78,-0.58877,0.63794,1.13
45.002,0.371,0.747,1.159,7.79,-0.58768,0.63737,1.1313
45.057,0.371,0.747,1.159,7.8,-0.58691,0.63692,1.1326
45.111,0.233,0.752,1.1,7.81,-0.58543,0.63611,1.1341
45.162,0.233,0.752,1.1,7.82,-0.58431,0.63542,1.1355
45.217,0.233,0.752,1.1,7.83,-0.58301,0.63484,1.1367
45.267,0.233,0.752,1.1,7.84,-0.5817,0.63417,1.138
45.322,0.233,0.752,1.1,7.85,-0.57983,0.63349,1.1394
45.372,0.069,0.763,1.062,7.86,-0.5785,0.63275,1.1407
45.427,0.069,0.763,1.062,7.87,-0.57686,0.63209,1.1421
45.477,0.069,0.763,1.062,7.88,-0.57582,0.63134,1.1437
45.532,0.069,0.763,1.062,7.89,-0.57428,0.63065,1.145
45.582,0.069,0.763,1.062,7.9,-0.57249,0.62998,1.1463
45.637,0.069,0.763,1.062,7.91,-0.57118,0.62935,1.1475
45.687,-0.111,0.801,1.036,7.92,-0.56989,0.6286,1.1488
45.742,-0.111,0.801,1.036,7.93,-0.5681,0.62782,1.1501
45.792,-0.111,0.801,1.036,7.94,-0.56674,0.62706,1.1515
45.847,-0.111,0.801,1.036,7.95,-0.56436,0.62627,1.1528
45.897,-0.111,0.801,1.036,7.96,-0.56257,0.62535,1.1543
45.952,-0.299,0.874,1.028,7.97,-0.56161,0.62469,1.1554
46.002,-0.299,0.874,1.028,7.98,-0.55975,0.62407,1.1566
46.057,-0.299,0.874,1.028,7.99,-0.55837,0.62323,1.158
46.112,-0.299,0.874,1.028,8,-0.55653,0.62241,1.1594
46.162,-0.299,0.874,1.028,8.01,-0.5546,0.62155,1.1605
46.217,-0.299,0.874,1.028,8.02,-0.55283,0.62074,1.1618
46.267,-0.489,0.962,1.038,8.03,-0.551,0.61995,1.1631
46.322,-0.489,0.962,1.038,8.04,-0.54935,0.6192,1.1642
46.372,-0.489,0.962,1.038,8.05,-0.54761,0.61838,1.1654
46.427,-0.489,0.962,1.038,8.06,-0.54633,0.61764,1.1665
46.477,-0.489,0.962,1.038,8.07,-0.54427,0.61667,1.1679
46.532,-0.67,1.05,1.067,8.08,-0.54218,0.61587,1.1692
46.582,-0.67,1.05,1.067,8.09,-0.54027,0.61505,1.1704
46.637,-0.67,1.05,1.067,8.1,-0.53958,0.61444,1.1715
46.687,-0.67,1.05,1.067,8.11,-0.53684,0.61341,1.1727
46.742,-0.67,1.05,1.067,8.12,-0.53485,0.61254,1.1739
46.792,-0.67,1.05,1.067,8.13,-0.53311,0.61162,1.1751
46.847,-0.83,1.143,1.097,8.14,-0.53182,0.61086,1.1763
46.897,-0.83,1.143,1.097,8.15,-0.52934,0.60988,1.1776
46.952,-0.83,1.143,1.097,8.16,-0.52702,0.60897,1.1787
47.002,-0.83,1.143,1.097,8.17,-0.52508,0.60802,1.1799
47.057,-0.83,1.143,1.097,8.18,-0.52372,0.60736,1.1809
47.112,-0.95,1.236,1.115,8.19,-0.52107,0.60633,1.182
47.162,-0.95,1.236,1.115,8.2,-0.51858,0.60524,1.1833
47.213,-0.95,1.236,1.115,8.21,-0.51669,0.6045,1.1844
47.262,-0.95,1.236,1.115,8.22,-0.51485,0.60366,1.1854
47.313,-0.95,1.236,1.115,8.23,-0.51263,0.60269,1.1865
47.363,-0.95,1.236,1.115,8.24,-0.51024,0.60161,1.1877
47.413,-1.026,1.319,1.133,8.25,-0.50931,0.6011,1.1885
47.463,-1.026,1.319,1.133,8.26,-0.50625,0.59985,1.1898
47.513,-1.026,1.319,1.133,8.27,-0.50382,0.59869,1.1911
47.563,-1.026,1.319,1.133,8.28,-0.50139,0.59759,1.1922
47.614,-1.026,1.319,1.133,8.29,-0.5005,0.59672,1.1934
47.663,-1.026,1.319,1.133,8.3,-0.49795,0.59575,1.1945
47.714,-1.044,1.387,1.13,8.31,-0.49586,0.59479,1.1954
47.763,-1.044,1.387,1.13,8.32,-0.49297,0.59356,1.1965
47.814,-1.044,1.387,1.13,8.33,-0.4908,0.59266,1.1975
47.863,-1.044,1.387,1.13,8.34,-0.48914,0.59183,1.1985
47.914,-1.044,1.387,1.13,8.35,-0.48691,0.59091,1.1996
47.963,-0.997,1.432,1.121,8.36,-0.48407,0.58977,1.2006
48.014,-0.997,1.432,1.121,8.37,-0.48173,0.58873,1.2016
48.063,-0.997,1.432,1.121,8.38,-0.48002,0.58782,1.2026
48.114,-0.997,1.432,1.121,8.39,-0.47737,0.58682,1.2036
48.163,-0.997,1.432,1.121,8.4,-0.47647,0.58613,1.2043
48.214,-0.997,1.432,1.121,8.41,-0.47271,0.58468,1.2055
48.263,-0.899,1.449,1.11,8.42,-0.47095,0.58369,1.2064
48.314,-0.899,1.449,1.11,8.43,-0.46837,0.58258,1.2074
48.363,-0.899,1.449,1.11,8.44,-0.46607,0.58145,1.2086
48.414,-0.899,1.449,1.11,8.45,-0.46396,0.58029,1.2095
48.463,-0.899,1.449,1.11,8.46,-0.46135,0.57914,1.2103
48.514,-0.899,1.449,1.11,8.47,-0.45889,0.57806,1.2113
48.563,-0.744,1.442,1.086,8.48,-0.45663,0.57692,1.2122
48.614,-0.744,1.442,1.086,8.49,-0.45503,0.57605,1.2129
48.663,-0.744,1.442,1.086,8.5,-0.45164,0.57458,1.214
48.714,-0.744,1.442,1.086,8.51,-0.44944,0.57355,1.215
48.763,-0.744,1.442,1.086,8.52,-0.44692,0.57227,1.2159
48.814,-0.744,1.442,1.086,8.53,-0.44473,0.5711,1.2168
48.863,-0.544,1.414,1.063,8.54,-0.44195,0.5699,1.2176
48.914,-0.544,1.414,1.063,8.55,-0.44034,0.56878,1.2186
48.963,-0.544,1.414,1.063,8.56,-0.43748,0.56743,1.2194
49.014,-0.544,1.414,1.063,8.57,-0.43501,0.56633,1.2203
49.063,-0.544,1.414,1.063,8.58,-0.43244,0.56504,1.2211
49.114,-0.317,1.371,1.029,8.59,-0.43007,0.56371,1.222
49.163,-0.317,1.371,1.029,8.6,-0.42788,0.56246,1.2229
49.214,-0.317,1.371,1.029,8.61,-0.42488,0.56114,1.2237
49.263,-0.317,1.371,1.029,8.62,-0.42303,0.55992,1.2247
49.314,-0.317,1.371,1.029,8.63,-0.42058,0.55858,1.2257
49.363,-0.317,1.371,1.029,8.64,-0.41817,0.55726,1.2265
49.414,-0.079,1.317,0.986,8.65,-0.41556,0.55593,1.2272
49.463,-0.079,1.317,0.986,8.66,-0.41288,0.55464,1.2279
49.514,-0.079,1.317,0.986,8.67,-0.40989,0.553,1.2289
49.563,-0.079,1.317,0.986,8.68,-0.40825,0.55188,1.2297
49.614,-0.079,1.317,0.986,8.69,-0.40582,0.55053,1.2306
49.663,-0.079,1.317,0.986,8.7,-0.40334,0.54906,1.2316
49.714,0.165,1.251,0.935,8.71,-0.40078,0.5476,1.2324
49.763,0.165,1.251,0.935,8.72,-0.39794,0.54614,1.2331
49.814,0.165,1.251,0.935,8.73,-0.39573,0.54467,1.234
49.863,0.165,1.251,0.935,8.74,-0.39317,0.54344,1.2346
49.914,0.165,1.251,0.935,8.75,-0.3911,0.54205,1.2355
49.963,0.165,1.251,0.935,8.76,-0.38855,0.54054,1.2363
50.014,0.398,1.178,0.878,8.77,-0.38617,0.53906,1.2371
50.063,0.398,1.178,0.878,8.78,-0.38379,0.53768,1.2378
50.114,0.398,1.178,0.878,8.79,-0.38141,0.53635,1.2385
50.163,0.398,1.178,0.878,8.8,-0.37888,0.53479,1.2393
50.214,0.398,1.178,0.878,8.81,-0.37649,0.53337,1.24
50.263,0.619,1.095,0.839,8.82,-0.37407,0.53192,1.2407
50.314,0.619,1.095,0.839,8.83,-0.37165,0.53042,1.2414
50.363,0.619,1.095,0.839,8.84,-0.36926,0.52896,1.2422
50.414,0.619,1.095,0.839,8.85,-0.36686,0.5275,1.2429
50.463,0.619,1.095,0.839,8.86,-0.36456,0.52589,1.2435
50.514,0.619,1.095,0.839,8.87,-0.36208,0.5243,1.2443
50.563,0.818,0.991,0.813,8.88,-0.35957,0.52287,1.2451
50.614,0.818,0.991,0.813,8.89,-0.3572,0.52133,1.2456
50.663,0.818,0.991,0.813,8.9,-0.35475,0.51972,1.2463
50.714,0.818,0.991,0.813,8.91,-0.35222,0.51815,1.2471
50.763,0.818,0.991,0.813,8.92,-0.35006,0.51665,1.2477
50.814,0.818,0.991,0.813,8.93,-0.34759,0.51502,1.2483
50.863,0.972,0.843,0.791,8.94,-0.3452,0.51339,1.249
50.914,0.972,0.843,0.791,8.95,-0.34283,0.51187,1.2497
50.963,0.972,0.843,0.791,8.96,-0.34057,0.51034,1.2503
51.014,0.972,0.843,0.791,8.97,-0.33811,0.50872,1.2508
51.063,0.972,0.843,0.791,8.98,-0.33588,0.5071,1.2514
51.114,0.972,0.843,0.791,8.99,-0.33352,0.50548,1.252
51.163,1.081,0.626,0.781,9,-0.33113,0.50388,1.2526
51.214,1.081,0.626,0.781,9.01,-0.32893,0.50227,1.2532
51.263,1.081,0.626,0.781,9.02,-0.3264,0.50071,1.2536
51.314,1.081,0.626,0.781,9.03,-0.32415,0.49914,1.2542
51.363,1.081,0.626,0.781,9.04,-0.32184,0.49742,1.2547
51.414,1.133,0.328,0.776,9.05,-0.31957,0.49579,1.2551
51.463,1.133,0.328,0.776,9.06,-0.3175,0.49416,1.2556
51.514,1.133,0.328,0.776,9.07,-0.315,0.4925,1.2563
51.563,1.133,0.328,0.776,9.08,-0.31282,0.49084,1.2568
51.614,1.133,0.328,0.776,9.09,-0.31048,0.48912,1.2573
51.663,1.133,0.328,0.776,9.1,-0.30831,0.48758,1.2577
51.714,1.112,-0.029,0.781,9.11,-0.30616,0.48589,1.2582
51.763,1.112,-0.029,0.781,9.12,-0.30377,0.48411,1.2587
51.814,1.112,-0.029,0.781,9.13,-0.30176,0.48261,1.259
51.863,1.112,-0.029,0.781,9.14,-0.29923,0.4807,1.2595
51.914,1.112,-0.029,0.781,9.15,-0.29701,0.479,1.2599
51.963,1.112,-0.029,0.781,9.16,-0.29498,0.47751,1.2603
52.013,1.035,-0.409,0.81,9.17,-0.29261,0.4758,1.2608
52.063,1.035,-0.409,0.81,9.18,-0.29047,0.47397,1.2612
52.113,1.035,-0.409,0.81,9.19,-0.28819,0.47232,1.2616
52.163,1.035,-0.409,0.81,9.2,-0.2861,0.47073,1.262
52.213,1.035,-0.409,0.81,9.21,-0.28376,0.46905,1.2623
52.264,1.035,-0.409,0.81,9.22,-0.28158,0.46737,1.2626
52.314,0.791,-0.758,0.765,9.23,-0.2796,0.46578,1.2629
52.364,0.791,-0.758,0.765,9.24,-0.2774,0.46411,1.2632
52.414,0.791,-0.758,0.765,9.25,-0.27536,0.46239,1.2635
52.464,0.791,-0.758,0.765,9.26,-0.27318,0.46071,1.2638
52.514,0.791,-0.758,0.765,9.27,-0.27103,0.45906,1.2641
52.564,0.581,-1.039,0.804,9.28,-0.26898,0.45724,1.2644
52.614,0.581,-1.039,0.804,9.29,-0.26695,0.45554,1.2647
52.664,0.581,-1.039,0.804,9.3,-0.2649,0.45371,1.265
52.714,0.581,-1.039,0.804,9.31,-0.26279,0.45203,1.2652
52.764,0.581,-1.039,0.804,9.32,-0.26059,0.45014,1.2654
52.814,0.581,-1.039,0.804,9.33,-0.25863,0.44851,1.2654
52.864,0.324,-1.216,0.837,9.34,-0.2567,0.44683,1.2655
52.914,0.324,-1.216,0.837,9.35,-0.25483,0.44499,1.2654
52.964,0.324,-1.216,0.837,9.36,-0.25301,0.44316,1.2655
53.019,0.324,-1.216,0.837,9.37,-0.2511,0.44122,1.2656
53.069,0.324,-1.216,0.837,9.38,-0.24903,0.4393,1.2655
53.119,0.324,-1.216,0.837,9.39,-0.24719,0.43756,1.2655
53.169,0.021,-1.276,0.865,9.4,-0.24508,0.43559,1.2655
53.224,0.021,-1.276,0.865,9.41,-0.24322,0.43405,1.2653
53.274,0.021,-1.276,0.865,9.42,-0.24141,0.43226,1.2651
53.329,0.021,-1.276,0.865,9.43,-0.23944,0.43026,1.2649
53.379,0.021,-1.276,0.865,9.44,-0.23756,0.42857,1.2648
53.434,-0.233,-1.209,0.953,9.45,-0.23587,0.42685,1.2645
53.484,-0.233,-1.209,0.953,9.46,-0.23397,0.42486,1.2643
53.539,-0.233,-1.209,0.953,9.47,-0.23215,0.42315,1.2641
53.589,-0.233,-1.209,0.953,9.48,-0.23033,0.42123,1.2639
53.644,-0.233,-1.209,0.953,9.49,-0.22842,0.41923,1.2636
53.694,-0.233,-1.209,0.953,9.5,-0.2266,0.41758,1.2633
53.749,-0.604,-1.028,0.954,9.51,-0.22489,0.41588,1.2631
53.799,-0.604,-1.028,0.954,9.52,-0.22294,0.41387,1.2629
53.854,-0.604,-1.028,0.954,9.53,-0.22114,0.41207,1.2624
53.909,-0.604,-1.028,0.954,9.54,-0.21941,0.41031,1.2621
53.959,-0.604,-1.028,0.954,9.55,-0.21768,0.40834,1.2618
54.014,-0.604,-1.028,0.954,9.56,-0.21593,0.40645,1.2615
54.064,-0.604,-1.028,0.954,9.57,-0.21427,0.40463,1.2611
54.119,-0.604,-1.028,0.954,9.58,-0.21245,0.40265,1.2607
54.169,-0.604,-1.028,0.954,9.59,-0.21066,0.40076,1.2602
54.224,-0.604,-1.028,0.954,9.6,-0.20895,0.39884,1.2599
54.274,-0.604,-1.028,0.954,9.61,-0.20719,0.39679,1.2594
54.329,-1.343,-0.608,0.769,9.62,-0.20531,0.39476,1.259
54.379,-1.343,-0.608,0.769,9.63,-0.20367,0.39285,1.2588
54.434,-1.343,-0.608,0.769,9.64,-0.20207,0.39085,1.2584
54.484,-1.343,-0.608,0.769,9.65,-0.20037,0.38886,1.2579
54.539,-1.343,-0.608,0.769,9.66,-0.19863,0.38675,1.2575
54.589,-1.478,-0.282,0.797,9.67,-0.19707,0.38484,1.2571
54.644,-1.478,-0.282,0.797,9.68,-0.19531,0.38275,1.2566
54.694,-1.478,-0.282,0.797,9.69,-0.19359,0.38063,1.256
54.749,-1.478,-0.282,0.797,9.7,-0.19201,0.37868,1.2556
54.799,-1.478,-0.282,0.797,9.71,-0.19036,0.37654,1.2552
54.854,-1.478,-0.282,0.797,9.72,-0.18867,0.37458,1.2548
54.909,-1.483,0.024,0.794,9.73,-0.1871,0.37256,1.2544
54.959,-1.483,0.024,0.794,9.74,-0.18549,0.37048,1.2541
55.014,-1.483,0.024,0.794,9.75,-0.18372,0.36845,1.2538
55.064,-1.483,0.024,0.794,9.76,-0.18206,0.36641,1.2533
55.119,-1.483,0.024,0.794,9.77,-0.18048,0.36435,1.2531
55.169,-1.374,0.302,0.771,9.78,-0.17873,0.36235,1.253
55.224,-1.374,0.302,0.771,9.79,-0.17706,0.3602,1.2528
55.274,-1.374,0.302,0.771,9.8,-0.17545,0.35823,1.2527
55.329,-1.374,0.302,0.771,9.81,-0.17385,0.3563,1.2526
55.379,-1.374,0.302,0.771,9.82,-0.17216,0.35416,1.2526
55.434,-1.374,0.302,0.771,9.83,-0.17052,0.35208,1.2525
55.484,-1.019,0.633,0.934,9.84,-0.16895,0.35022,1.2526
55.539,-1.019,0.633,0.934,9.85,-0.1672,0.34813,1.2526
55.589,-1.019,0.633,0.934,9.86,-0.16562,0.34623,1.2527
55.644,-1.019,0.633,0.934,9.87,-0.16407,0.34423,1.2529
55.694,-1.019,0.633,0.934,9.88,-0.1623,0.3422,1.2531
55.749,-0.725,0.737,0.872,9.89,-0.16063,0.34013,1.2533
55.799,-0.725,0.737,0.872,9.9,NaN,NaN,NaN
55.854,-0.725,0.737,0.872,9.91,NaN,NaN,NaN
55.91,-0.725,0.737,0.872,9.92,NaN,NaN,NaN
55.959,-0.725,0.737,0.872,9.93,NaN,NaN,NaN
56.014,-0.725,0.737,0.872,9.94,NaN,NaN,NaN
56.064,-0.362,0.76,0.824,9.95,NaN,NaN,NaN
56.119,-0.362,0.76,0.824,9.96,NaN,NaN,NaN
56.169,-0.362,0.76,0.824,9.97,NaN,NaN,NaN
56.224,-0.362,0.76,0.824,9.98,NaN,NaN,NaN
56.274,-0.362,0.76,0.824,9.99,-0.14363,0.31896,1.2587
56.329,0.046,0.706,0.791,10,NaN,NaN,NaN
56.379,0.046,0.706,0.791,10.01,-0.14028,0.31435,1.2606
56.434,0.046,0.706,0.791,10.02,NaN,NaN,NaN
56.484,0.046,0.706,0.791,10.03,-0.13686,0.31001,1.2623
56.539,0.046,0.706,0.791,10.04,NaN,NaN,NaN
56.589,0.046,0.706,0.791,10.05,-0.13325,0.30537,1.2645
56.644,0.459,0.569,0.759,10.06,NaN,NaN,NaN
56.694,0.459,0.569,0.759,10.07,-0.12967,0.30086,1.2667
56.749,0.459,0.569,0.759,10.08,NaN,NaN,NaN
56.799,0.459,0.569,0.759,10.09,-0.12605,0.29596,1.2692
56.854,0.459,0.569,0.759,10.1,NaN,NaN,NaN
56.91,0.845,0.354,0.74,10.11,-0.12245,0.29121,1.2717
56.959,0.845,0.354,0.74,10.12,NaN,NaN,NaN
57.014,0.845,0.354,0.74,10.13,-0.11869,0.28615,1.2746
57.064,0.845,0.354,0.74,10.14,NaN,NaN,NaN
57.119,0.845,0.354,0.74,10.15,-0.11491,0.28112,1.2775
57.169,1.159,0.084,0.739,10.16,NaN,NaN,NaN
57.224,1.159,0.084,0.739,10.17,-0.11113,0.27599,1.2808
57.275,1.159,0.084,0.739,10.18,NaN,NaN,NaN
57.33,1.159,0.084,0.739,10.19,-0.10728,0.27066,1.2842
57.38,1.159,0.084,0.739,10.2,NaN,NaN,NaN
57.435,1.159,0.084,0.739,10.21,-0.10337,0.26535,1.2876
57.485,1.351,-0.199,0.728,10.22,NaN,NaN,NaN
57.54,1.351,-0.199,0.728,10.23,-0.099359,0.25984,1.2912
57.59,1.351,-0.199,0.728,10.24,NaN,NaN,NaN
57.645,1.351,-0.199,0.728,10.25,-0.095492,0.25433,1.2951
57.695,1.351,-0.199,0.728,10.26,NaN,NaN,NaN
57.75,1.417,-0.449,0.718,10.27,-0.091384,0.24863,1.2989
57.8,1.417,-0.449,0.718,10.28,NaN,NaN,NaN
57.855,1.417,-0.449,0.718,10.29,-0.087327,0.24267,1.3029
57.91,1.417,-0.449,0.718,10.3,NaN,NaN,NaN
57.96,1.417,-0.449,0.718,10.31,-0.083159,0.23677,1.3069
58.015,1.417,-0.449,0.718,10.32,NaN,NaN,NaN
58.065,1.36,-0.641,0.715,10.33,-0.078963,0.23054,1.3111
58.12,1.36,-0.641,0.715,10.34,NaN,NaN,NaN
58.17,1.36,-0.641,0.715,10.35,-0.074894,0.22421,1.3153
58.225,1.36,-0.641,0.715,10.36,NaN,NaN,NaN
58.275,1.36,-0.641,0.715,10.37,-0.070519,0.21761,1.3195
58.33,1.198,-0.774,0.707,10.38,NaN,NaN,NaN
58.38,1.198,-0.774,0.707,10.39,-0.066287,0.21082,1.3236
58.435,1.198,-0.774,0.707,10.4,NaN,NaN,NaN
58.485,1.198,-0.774,0.707,10.41,-0.062007,0.20384,1.3276
58.54,1.198,-0.774,0.707,10.42,NaN,NaN,NaN
58.59,1.198,-0.774,0.707,10.43,-0.057803,0.19631,1.3322
58.645,0.982,-0.843,0.709,10.44,NaN,NaN,NaN
58.695,0.982,-0.843,0.709,10.45,-0.053692,0.18856,1.3363
58.75,0.982,-0.843,0.709,10.46,NaN,NaN,NaN
58.8,0.982,-0.843,0.709,10.47,-0.049362,0.18058,1.3406
58.855,0.982,-0.843,0.709,10.48,NaN,NaN,NaN
58.91,0.739,-0.836,0.711,10.49,-0.045097,0.1726,1.3449
58.96,0.739,-0.836,0.711,10.5,NaN,NaN,NaN
59.015,0.739,-0.836,0.711,10.51,-0.040644,0.16434,1.349
59.065,0.739,-0.836,0.711,10.52,NaN,NaN,NaN
59.12,0.739,-0.836,0.711,10.53,-0.036317,0.15579,1.3532
59.17,0.739,-0.836,0.711,10.54,NaN,NaN,NaN
59.225,0.5,-0.741,0.718,10.55,-0.031827,0.14726,1.3573
59.275,0.5,-0.741,0.718,10.56,NaN,NaN,NaN
59.33,0.5,-0.741,0.718,10.57,-0.027314,0.13837,1.3615
59.38,0.5,-0.741,0.718,10.58,NaN,NaN,NaN
59.435,0.5,-0.741,0.718,10.59,-0.022855,0.12937,1.3657
59.485,0.288,-0.558,0.73,10.6,NaN,NaN,NaN
59.54,0.288,-0.558,0.73,10.61,-0.018291,0.12008,1.3698
59.59,0.288,-0.558,0.73,10.62,NaN,NaN,NaN
59.645,0.288,-0.558,0.73,10.63,-0.01364,0.11065,1.3739
59.695,0.288,-0.558,0.73,10.64,NaN,NaN,NaN
59.75,0.288,-0.558,0.73,10.65,-0.009106,0.10112,1.378
59.8,0.104,-0.302,0.736,10.66,NaN,NaN,NaN
59.855,0.104,-0.302,0.736,10.67,-0.004461,0.091257,1.3821
59.91,0.104,-0.302,0.736,10.68,NaN,NaN,NaN
59.96,0.104,-0.302,0.736,10.69,6.4e-05,0.081185,1.3861
60.015,0.104,-0.302,0.736,10.7,NaN,NaN,NaN
60.065,-0.042,-0.014,0.75,10.71,0.004687,0.070538,1.3903
60.12,-0.042,-0.014,0.75,10.72,NaN,NaN,NaN
60.17,-0.042,-0.014,0.75,10.73,0.0092,0.059815,1.3947
60.225,-0.042,-0.014,0.75,10.74,NaN,NaN,NaN
60.275,-0.042,-0.014,0.75,10.75,0.013724,0.048511,1.3987
60.33,-0.042,-0.014,0.75,10.76,NaN,NaN,NaN
60.38,-0.148,0.281,0.778,10.77,0.018299,0.03699,1.403
60.435,-0.148,0.281,0.778,10.78,0.020508,0.031185,1.4051
60.485,-0.148,0.281,0.778,10.79,0.022751,0.025402,1.4074
60.54,-0.148,0.281,0.778,10.8,0.025141,0.019462,1.4094
60.59,-0.148,0.281,0.778,10.81,0.027301,0.013461,1.4116
60.645,-0.22,0.532,0.801,10.82,0.029672,0.007441,1.4136
60.695,-0.22,0.532,0.801,10.83,0.032009,0.001398,1.4158
60.75,-0.22,0.532,0.801,10.84,0.034279,-0.004688,1.4179
60.8,-0.22,0.532,0.801,10.85,0.036613,-0.010789,1.42
60.855,-0.22,0.532,0.801,10.86,0.038912,-0.016877,1.4222
60.911,-0.263,0.67,0.815,10.87,0.041188,-0.023057,1.4243
60.96,-0.263,0.67,0.815,10.88,0.043584,-0.029212,1.4264
61.015,-0.263,0.67,0.815,10.89,0.045958,-0.035397,1.4285
61.065,-0.263,0.67,0.815,10.9,0.048297,-0.041721,1.4306
61.12,-0.263,0.67,0.815,10.91,0.050658,-0.04782,1.4326
61.17,-0.263,0.67,0.815,10.92,0.052974,-0.053861,1.4348
61.225,-0.296,0.71,0.845,10.93,0.055351,-0.060017,1.4369
61.275,-0.296,0.71,0.845,10.94,0.057676,-0.066223,1.4389
61.33,-0.296,0.71,0.845,10.95,0.060132,-0.072381,1.4409
61.38,-0.296,0.71,0.845,10.96,0.062459,-0.078708,1.4431
61.435,-0.296,0.71,0.845,10.97,0.064841,-0.084977,1.4453
61.485,-0.338,0.599,0.85,10.98,0.067193,-0.091221,1.4472
61.54,-0.338,0.599,0.85,10.99,0.069544,-0.097554,1.4492
61.59,-0.338,0.599,0.85,11,0.071896,-0.10391,1.4513
61.645,-0.338,0.599,0.85,11.01,0.074375,-0.11037,1.4534
61.695,-0.338,0.599,0.85,11.02,0.076683,-0.11686,1.4555
61.75,-0.338,0.599,0.85,11.03,0.079106,-0.12346,1.4576
61.8,-0.387,0.355,0.851,11.04,0.081442,-0.12998,1.4597
61.855,-0.387,0.355,0.851,11.05,0.083839,-0.13656,1.4617
61.911,-0.387,0.355,0.851,11.06,0.08619,-0.14312,1.4638
61.96,-0.387,0.355,0.851,11.07,0.088571,-0.14982,1.466
62.015,-0.387,0.355,0.851,11.08,0.09111,-0.1565,1.4681
62.065,-0.428,0.035,0.856,11.09,0.093378,-0.16309,1.4702
62.12,-0.428,0.035,0.856,11.1,0.095828,-0.16996,1.4725
62.17,-0.428,0.035,0.856,11.11,0.098212,-0.17661,1.4746
62.225,-0.428,0.035,0.856,11.12,0.10067,-0.18332,1.4766
62.275,-0.428,0.035,0.856,11.13,0.10311,-0.19003,1.4787
62.33,-0.428,0.035,0.856,11.14,0.10546,-0.19673,1.4809
62.381,-0.453,-0.346,0.841,11.15,0.10787,-0.20343,1.483
62.436,-0.453,-0.346,0.841,11.16,0.11028,-0.21011,1.4851
62.486,-0.453,-0.346,0.841,11.17,0.11273,-0.21677,1.4872
62.541,-0.453,-0.346,0.841,11.18,0.11511,-0.22337,1.4892
62.591,-0.453,-0.346,0.841,11.19,0.11759,-0.2299,1.4913
62.646,-0.446,-0.692,0.828,11.2,0.12006,-0.23638,1.4934
62.696,-0.446,-0.692,0.828,11.21,0.1225,-0.24267,1.4952
62.751,-0.446,-0.692,0.828,11.22,0.12486,-0.24875,1.4972
62.801,-0.446,-0.692,0.828,11.23,0.12726,-0.25482,1.4992
62.856,-0.446,-0.692,0.828,11.24,0.12971,-0.2608,1.501
62.911,-0.446,-0.692,0.828,11.25,0.13209,-0.26672,1.5029
62.961,-0.446,-0.692,0.828,11.26,0.13453,-0.27267,1.5048
63.016,-0.446,-0.692,0.828,11.27,0.13689,-0.27857,1.5067
63.066,-0.446,-0.692,0.828,11.28,0.13935,-0.28444,1.5084
63.121,-0.446,-0.692,0.828,11.29,0.14174,-0.29025,1.5102
63.171,-0.446,-0.692,0.828,11.3,0.14411,-0.29605,1.5121
63.226,-1.501,0.157,0.289,11.31,0.14652,-0.30193,1.5141
63.276,-1.501,0.157,0.289,11.32,0.14886,-0.30778,1.516
63.331,-1.501,0.157,0.289,11.33,0.15125,-0.31364,1.5179
63.381,-1.501,0.157,0.289,11.34,0.1537,-0.31964,1.5199
63.436,-1.501,0.157,0.289,11.35,0.15607,-0.32539,1.5218
63.486,-1.501,0.157,0.289,11.36,0.15842,-0.33109,1.5238
63.541,-1.484,0.148,0.252,11.37,0.16084,-0.3369,1.5259
63.591,-1.484,0.148,0.252,11.38,0.16323,-0.34273,1.5278
63.646,-1.484,0.148,0.252,11.39,0.16564,-0.34841,1.5298
63.696,-1.484,0.148,0.252,11.4,0.16803,-0.35405,1.5319
63.751,-1.484,0.148,0.252,11.41,0.17046,-0.35976,1.5339
63.801,-1.531,0.243,0.209,11.42,0.17285,-0.36532,1.5359
63.856,-1.531,0.243,0.209,11.43,0.1753,-0.37093,1.538
63.911,-1.531,0.243,0.209,11.44,0.17771,-0.37657,1.5402
63.961,-1.531,0.243,0.209,11.45,0.18011,-0.38201,1.5422
64.016,-1.531,0.243,0.209,11.46,0.18256,-0.38737,1.5443
64.066,-1.531,0.243,0.209,11.47,0.18486,-0.39265,1.5465
64.121,-1.531,0.243,0.209,11.48,0.18732,-0.39793,1.5486
64.171,-1.531,0.243,0.209,11.49,0.18968,-0.40311,1.5508
64.226,-1.531,0.243,0.209,11.5,0.19207,-0.40816,1.5528
64.276,-1.531,0.243,0.209,11.51,0.19441,-0.41336,1.5551
64.331,-1.531,0.243,0.209,11.52,0.19679,-0.41839,1.5572
64.381,-0.654,-0.557,0.642,11.53,0.1992,-0.42346,1.5593
64.436,-0.654,-0.557,0.642,11.54,0.20141,-0.42829,1.5616
64.486,-0.654,-0.557,0.642,11.55,0.20383,-0.43316,1.5636
64.541,-0.654,-0.557,0.642,11.56,0.20628,-0.438,1.5657
64.591,-0.654,-0.557,0.642,11.57,0.20852,-0.44256,1.5678
64.646,-0.654,-0.557,0.642,11.58,0.21099,-0.44722,1.5699
64.696,-0.796,-0.248,0.622,11.59,0.2132,-0.45191,1.5721
64.751,-0.796,-0.248,0.622,11.6,0.21551,-0.45632,1.5742
64.801,-0.796,-0.248,0.622,11.61,0.21787,-0.46076,1.5762
64.856,-0.796,-0.248,0.622,11.62,0.22019,-0.4651,1.5784
64.91,-0.796,-0.248,0.622,11.63,0.22243,-0.46941,1.5805
64.961,-0.867,0.087,0.61,11.64,0.2248,-0.4737,1.5825
65.016,-0.867,0.087,0.61,11.65,0.22711,-0.47788,1.5847
65.066,-0.867,0.087,0.61,11.66,0.2294,-0.482,1.5867
65.121,-0.867,0.087,0.61,11.67,0.23181,-0.48608,1.5888
65.171,-0.867,0.087,0.61,11.68,0.23407,-0.49012,1.5908
65.226,-0.826,0.407,0.6,11.69,0.23633,-0.49412,1.5928
65.276,-0.826,0.407,0.6,11.7,0.23874,-0.4981,1.5949
65.331,-0.826,0.407,0.6,11.71,0.24098,-0.50197,1.5969
65.381,-0.826,0.407,0.6,11.72,0.24325,-0.50575,1.5988
65.436,-0.826,0.407,0.6,11.73,0.24555,-0.5096,1.601
65.486,-0.826,0.407,0.6,11.74,0.24777,-0.51335,1.6029
65.541,-0.689,0.659,0.591,11.75,0.24995,-0.51705,1.605
65.591,-0.689,0.659,0.591,11.76,0.25224,-0.52077,1.607
65.646,-0.689,0.659,0.591,11.77,0.25453,-0.52434,1.609
65.696,-0.689,0.659,0.591,11.78,0.25671,-0.52786,1.611
65.751,-0.689,0.659,0.591,11.79,0.25902,-0.53136,1.6129
65.801,-0.455,0.816,0.587,11.8,0.26128,-0.53484,1.615
65.856,-0.455,0.816,0.587,11.81,0.26351,-0.53826,1.6169
65.911,-0.455,0.816,0.587,11.82,0.26569,-0.54161,1.6189
65.961,-0.455,0.816,0.587,11.83,0.26803,-0.54486,1.6209
66.016,-0.455,0.816,0.587,11.84,0.27032,-0.54811,1.6228
66.066,-0.455,0.816,0.587,11.85,0.27253,-0.55115,1.6247
66.121,-0.174,0.856,0.586,11.86,0.27483,-0.5543,1.6267
66.171,-0.174,0.856,0.586,11.87,0.27712,-0.55731,1.6285
66.226,-0.174,0.856,0.586,11.88,0.27938,-0.56022,1.6304
66.276,-0.174,0.856,0.586,11.89,0.28165,-0.56314,1.6324
66.331,-0.174,0.856,0.586,11.9,0.28379,-0.56584,1.6342
66.381,0.102,0.78,0.595,11.91,0.28595,-0.56866,1.6362
66.436,0.102,0.78,0.595,11.92,0.28832,-0.57142,1.638
66.486,0.102,0.78,0.595,11.93,0.29056,-0.57405,1.6399
66.541,0.102,0.78,0.595,11.94,0.29268,-0.5767,1.6419
66.591,0.102,0.78,0.595,11.95,0.29496,-0.57934,1.6437
66.646,0.102,0.78,0.595,11.96,0.29721,-0.58193,1.6456
66.696,0.331,0.636,0.619,11.97,0.29934,-0.58454,1.6477
66.751,0.331,0.636,0.619,11.98,0.30156,-0.58707,1.6496
66.801,0.331,0.636,0.619,11.99,0.30373,-0.58954,1.6515
66.856,0.331,0.636,0.619,12,0.30597,-0.59202,1.6535
66.909,0.331,0.636,0.619,12.01,0.30815,-0.59445,1.6553
66.956,0.483,0.442,0.663,12.02,0.31029,-0.59686,1.6572
67.009,0.483,0.442,0.663,12.03,0.31238,-0.59917,1.659
67.056,0.483,0.442,0.663,12.04,0.31437,-0.60145,1.6608
67.109,0.483,0.442,0.663,12.05,0.3165,-0.60368,1.6626
67.156,0.483,0.442,0.663,12.06,0.31867,-0.60585,1.6644
67.209,0.483,0.442,0.663,12.07,0.3208,-0.60793,1.6661
67.256,0.546,0.234,0.732,12.08,0.32287,-0.60993,1.6678
67.309,0.546,0.234,0.732,12.09,0.32507,-0.61196,1.6695
67.356,0.546,0.234,0.732,12.1,0.32711,-0.61385,1.6711
67.409,0.546,0.234,0.732,12.11,0.32902,-0.61548,1.6727
67.456,0.546,0.234,0.732,12.12,0.33113,-0.61716,1.6742
67.509,0.546,0.234,0.732,12.13,0.33325,-0.61874,1.6756
67.557,0.516,0.051,0.824,12.14,0.33532,-0.62023,1.6771
67.609,0.516,0.051,0.824,12.15,0.33736,-0.62159,1.6785
67.657,0.516,0.051,0.824,12.16,0.33946,-0.62288,1.6798
67.709,0.516,0.051,0.824,12.17,0.3415,-0.62411,1.6811
67.757,0.516,0.051,0.824,12.18,0.34347,-0.62525,1.6824
67.809,0.516,0.051,0.824,12.19,0.34559,-0.62633,1.6836
67.857,0.404,-0.101,0.93,12.2,0.34752,-0.62742,1.6848
67.909,0.404,-0.101,0.93,12.21,0.34947,-0.62835,1.6861
67.957,0.404,-0.101,0.93,12.22,0.35158,-0.62916,1.6872
68.009,0.404,-0.101,0.93,12.23,0.35368,-0.62982,1.6883
68.057,0.404,-0.101,0.93,12.24,0.3557,-0.63045,1.6893
68.11,0.22,-0.201,1.044,12.25,0.35774,-0.63095,1.6903
68.157,0.22,-0.201,1.044,12.26,0.3597,-0.63138,1.6913
68.209,0.22,-0.201,1.044,12.27,0.36169,-0.63166,1.6923
68.257,0.22,-0.201,1.044,12.28,0.36359,-0.63188,1.6932
68.309,0.22,-0.201,1.044,12.29,0.36563,-0.632,1.694
68.357,0.22,-0.201,1.044,12.3,0.36762,-0.63206,1.6947
68.409,-0.022,-0.236,1.151,12.31,0.36962,-0.63206,1.6955
68.457,-0.022,-0.236,1.151,12.32,0.3716,-0.63196,1.6963
68.509,-0.022,-0.236,1.151,12.33,0.37342,-0.63177,1.6971
68.557,-0.022,-0.236,1.151,12.34,0.37532,-0.63149,1.6979
68.609,-0.022,-0.236,1.151,12.35,0.37722,-0.63115,1.6986
68.657,-0.022,-0.236,1.151,12.36,0.3792,-0.63071,1.6992
68.709,-0.022,-0.236,1.151,12.37,0.38107,-0.63031,1.6998
68.757,-0.022,-0.236,1.151,12.38,0.38294,-0.62982,1.7005
68.809,-0.022,-0.236,1.151,12.39,0.38479,-0.62918,1.7012
68.857,-0.022,-0.236,1.151,12.4,0.38676,-0.6284,1.7018
68.909,-0.022,-0.236,1.151,12.41,0.38866,-0.62759,1.7024
68.957,-0.022,-0.236,1.151,12.42,0.39046,-0.62672,1.7029
69.009,-0.022,-0.236,1.151,12.43,0.39237,-0.62582,1.7034
69.057,-0.022,-0.236,1.151,12.44,0.39431,-0.62481,1.7039
69.109,-0.022,-0.236,1.151,12.45,0.39622,-0.62364,1.7044
69.157,-0.022,-0.236,1.151,12.46,0.39812,-0.62243,1.7049
69.209,-0.022,-0.236,1.151,12.47,0.40003,-0.62121,1.7053
69.257,-0.38,-0.087,1.24,12.48,0.4019,-0.61985,1.7057
69.309,-0.38,-0.087,1.24,12.49,0.4038,-0.61834,1.7061
69.357,-0.38,-0.087,1.24,12.5,0.40569,-0.61676,1.7064
69.409,-0.38,-0.087,1.24,12.51,0.40751,-0.61509,1.7066
69.457,-0.38,-0.087,1.24,12.52,0.40935,-0.61335,1.7068
69.509,-0.38,-0.087,1.24,12.53,0.41109,-0.61137,1.7071
69.557,-0.671,0.132,1.284,12.54,0.41289,-0.60932,1.7073
69.609,-0.671,0.132,1.284,12.55,0.41487,-0.6072,1.7072
69.657,-0.671,0.132,1.284,12.56,0.41656,-0.60493,1.7074
69.709,-0.671,0.132,1.284,12.57,0.41845,-0.60265,1.7074
69.757,-0.671,0.132,1.284,12.58,0.42035,-0.60009,1.7074
69.809,-0.671,0.132,1.284,12.59,0.42215,-0.59753,1.7073
69.857,-0.848,0.397,1.285,12.6,0.42386,-0.59481,1.7072
69.909,-0.848,0.397,1.285,12.61,0.42574,-0.59208,1.707
69.957,-0.848,0.397,1.285,12.62,0.42753,-0.58921,1.7068
70.009,-0.848,0.397,1.285,12.63,0.42935,-0.58621,1.7066
70.057,-0.848,0.397,1.285,12.64,0.43112,-0.58313,1.7064
70.109,-0.848,0.397,1.285,12.65,0.43294,-0.57999,1.7061
70.157,-0.886,0.674,1.239,12.66,0.43475,-0.5767,1.7059
70.209,-0.886,0.674,1.239,12.67,0.43658,-0.57348,1.7055
70.257,-0.886,0.674,1.239,12.68,0.43836,-0.57001,1.7051
70.309,-0.886,0.674,1.239,12.69,0.44014,-0.56651,1.7047
70.357,-0.886,0.674,1.239,12.7,0.44189,-0.56295,1.7042
70.409,-0.71,0.801,1.149,12.71,0.44378,-0.55931,1.7037
70.457,-0.71,0.801,1.149,12.72,0.44564,-0.55551,1.7032
70.509,-0.71,0.801,1.149,12.73,0.44749,-0.55168,1.7026
70.557,-0.71,0.801,1.149,12.74,0.44925,-0.54771,1.702
70.609,-0.71,0.801,1.149,12.75,0.4511,-0.54369,1.7014
70.657,-0.71,0.801,1.149,12.76,0.45288,-0.53961,1.7007
70.709,-0.488,0.87,1.047,12.77,0.45479,-0.53553,1.7
70.757,-0.488,0.87,1.047,12.78,0.45654,-0.53131,1.6993
70.809,-0.488,0.87,1.047,12.79,0.45842,-0.52689,1.6985
70.857,-0.488,0.87,1.047,12.8,0.46028,-0.52242,1.6977
70.909,-0.488,0.87,1.047,12.81,0.46218,-0.51792,1.6968
70.957,-0.488,0.87,1.047,12.82,0.46405,-0.51331,1.6959
71.009,-0.264,0.895,0.94,12.83,0.4659,-0.50876,1.695
71.057,-0.264,0.895,0.94,12.84,0.46779,-0.50404,1.6941
71.109,-0.264,0.895,0.94,12.85,0.46967,-0.49921,1.6931
71.157,-0.264,0.895,0.94,12.86,0.47152,-0.49435,1.6921
71.209,-0.264,0.895,0.94,12.87,0.47341,-0.48947,1.6911
71.257,-0.264,0.895,0.94,12.88,0.4753,-0.4844,1.69
71.309,-0.059,0.89,0.842,12.89,0.47712,-0.47929,1.6889
71.357,-0.059,0.89,0.842,12.9,0.47908,-0.47408,1.6877
71.409,-0.059,0.89,0.842,12.91,0.48107,-0.46875,1.6864
71.457,-0.059,0.89,0.842,12.92,0.48288,-0.46329,1.6852
71.509,-0.059,0.89,0.842,12.93,0.48478,-0.4578,1.684
71.557,0.122,0.875,0.767,12.94,0.48671,-0.45215,1.6827
71.609,0.122,0.875,0.767,12.95,0.48866,-0.44649,1.6813
71.657,0.122,0.875,0.767,12.96,0.49065,-0.44066,1.6799
71.709,0.122,0.875,0.767,12.97,0.49261,-0.43479,1.6785
71.757,0.122,0.875,0.767,12.98,0.4946,-0.42887,1.6771
71.809,0.122,0.875,0.767,12.99,0.49662,-0.42288,1.6755
71.857,0.288,0.848,0.716,13,0.49852,-0.4167,1.6739
71.909,0.288,0.848,0.716,13.01,0.50053,-0.41047,1.6725
71.957,0.288,0.848,0.716,13.02,0.5025,-0.40418,1.6709
72.009,0.288,0.848,0.716,13.03,0.50449,-0.39787,1.6693
72.057,0.288,0.848,0.716,13.04,0.50663,-0.3915,1.6677
72.109,0.288,0.848,0.716,13.05,0.50863,-0.38506,1.6661
72.157,0.423,0.816,0.674,13.06,0.51067,-0.37841,1.6643
72.209,0.423,0.816,0.674,13.07,0.51289,-0.37181,1.6626
72.257,0.423,0.816,0.674,13.08,0.51487,-0.36495,1.6608
72.309,0.423,0.816,0.674,13.09,0.51693,-0.35813,1.659
72.358,0.423,0.816,0.674,13.1,0.51906,-0.3512,1.6573
72.409,0.423,0.816,0.674,13.11,0.52122,-0.34437,1.6555
72.458,0.532,0.78,0.648,13.12,0.52339,-0.33741,1.6536
72.509,0.532,0.78,0.648,13.13,0.5255,-0.33035,1.6517
72.558,0.532,0.78,0.648,13.14,0.52776,-0.32326,1.6499
72.609,0.532,0.78,0.648,13.15,0.52997,-0.31613,1.648
72.658,0.532,0.78,0.648,13.16,0.53223,-0.30897,1.6461
72.709,0.532,0.78,0.648,13.17,0.53439,-0.30158,1.6442
72.758,0.613,0.738,0.628,13.18,0.53665,-0.29424,1.6423
72.809,0.613,0.738,0.628,13.19,0.53887,-0.28674,1.6404
72.858,0.613,0.738,0.628,13.2,0.54118,-0.27928,1.6383
72.909,0.613,0.738,0.628,13.21,0.54354,-0.27171,1.6364
72.958,0.613,0.738,0.628,13.22,0.5458,-0.26399,1.6345
73.013,0.656,0.7,0.612,13.23,0.54825,-0.25633,1.6324
73.063,0.656,0.7,0.612,13.24,0.55059,-0.24858,1.6305
73.118,0.656,0.7,0.612,13.25,0.55304,-0.24071,1.6286
73.168,0.656,0.7,0.612,13.26,0.55539,-0.23283,1.6265
73.223,0.656,0.7,0.612,13.27,0.55782,-0.22486,1.6245
73.273,0.656,0.7,0.612,13.28,0.56029,-0.21686,1.6225
73.328,0.656,0.7,0.612,13.29,0.56272,-0.20885,1.6205
73.378,0.656,0.7,0.612,13.3,0.56513,-0.20087,1.6184
73.433,0.656,0.7,0.612,13.31,0.56757,-0.19279,1.6164
73.483,0.656,0.7,0.612,13.32,0.57001,-0.18462,1.6144
73.538,0.656,0.7,0.612,13.33,0.57231,-0.17651,1.6124
73.588,1.7,-0.838,0.286,13.34,0.57484,-0.16851,1.6104
73.643,1.7,-0.838,0.286,13.35,0.57718,-0.16045,1.6085
73.693,1.7,-0.838,0.286,13.36,0.57968,-0.15242,1.6064
73.748,1.7,-0.838,0.286,13.37,0.58199,-0.1443,1.6045
73.798,1.7,-0.838,0.286,13.38,0.58452,-0.13625,1.6026
73.853,1.7,-0.838,0.286,13.39,0.58688,-0.12804,1.6005
73.908,1.69,-0.879,0.264,13.4,0.58935,-0.11995,1.5985
73.958,1.69,-0.879,0.264,13.41,0.59182,-0.11177,1.5964
74.013,1.69,-0.879,0.264,13.42,0.5942,-0.10343,1.5944
74.063,1.69,-0.879,0.264,13.43,0.59666,-0.09508,1.5924
74.118,1.69,-0.879,0.264,13.44,0.59923,-0.086748,1.5903
74.168,1.69,-0.879,0.264,13.45,0.60164,-0.078317,1.5882
74.223,1.69,-0.879,0.264,13.46,0.60412,-0.069821,1.586
74.273,1.69,-0.879,0.264,13.47,0.60677,-0.06135,1.5839
74.328,1.69,-0.879,0.264,13.48,0.60924,-0.052694,1.5817
74.378,1.69,-0.879,0.264,13.49,0.61171,-0.044039,1.5794
74.433,1.69,-0.879,0.264,13.5,0.6144,-0.035463,1.5772
74.483,1.666,-0.914,0.231,13.51,0.61693,-0.026643,1.5751
74.538,1.666,-0.914,0.231,13.52,0.61944,-0.017866,1.5729
74.588,1.666,-0.914,0.231,13.53,0.62209,-0.00913,1.5706
74.643,1.666,-0.914,0.231,13.54,0.62467,-0.000325,1.5682
74.693,1.666,-0.914,0.231,13.55,0.62721,0.008488,1.5661
74.748,0.577,0.48,0.462,13.56,0.62994,0.017295,1.5639
74.798,0.577,0.48,0.462,13.57,0.63253,0.026156,1.5616
74.853,0.577,0.48,0.462,13.58,0.63503,0.03504,1.5594
74.908,0.577,0.48,0.462,13.59,0.63763,0.043884,1.5572
74.958,0.577,0.48,0.462,13.6,0.64027,0.052681,1.555
75.013,0.53,0.452,0.421,13.61,0.64286,0.061491,1.5529
75.063,0.53,0.452,0.421,13.62,0.6455,0.070221,1.5506
75.118,0.53,0.452,0.421,13.63,0.64816,0.078977,1.5484
75.168,0.53,0.452,0.421,13.64,0.6507,0.087821,1.5463
75.223,0.53,0.452,0.421,13.65,0.65326,0.096662,1.5442
75.273,0.53,0.452,0.421,13.66,0.65588,0.10542,1.5419
75.328,0.49,0.42,0.373,13.67,0.65846,0.11429,1.5398
75.378,0.49,0.42,0.373,13.68,0.66097,0.123,1.5377
75.433,0.49,0.42,0.373,13.69,0.66375,0.13164,1.5357
75.483,0.49,0.42,0.373,13.7,0.66629,0.14034,1.5336
75.538,0.49,0.42,0.373,13.71,0.66876,0.14917,1.5316
75.588,0.454,0.383,0.322,13.72,0.67139,0.15783,1.5297
75.643,0.454,0.383,0.322,13.73,0.67395,0.16653,1.5277
75.693,0.454,0.383,0.322,13.74,0.67655,0.17512,1.5257
75.748,0.454,0.383,0.322,13.75,0.67923,0.18374,1.5237
75.798,0.454,0.383,0.322,13.76,0.68176,0.19248,1.5218
75.853,0.454,0.383,0.322,13.77,0.68428,0.20113,1.5199
75.909,0.423,0.343,0.268,13.78,0.68659,0.20994,1.518
75.958,0.423,0.343,0.268,13.79,0.68932,0.21858,1.5161
76.013,0.423,0.343,0.268,13.8,0.69185,0.22722,1.5143
76.063,0.423,0.343,0.268,13.81,0.69425,0.23589,1.5124
76.118,0.423,0.343,0.268,13.82,0.69665,0.24468,1.5106
76.168,0.399,0.313,0.228,13.83,0.69926,0.25326,1.5088
76.223,0.399,0.313,0.228,13.84,0.70168,0.26185,1.5071
76.273,0.399,0.313,0.228,13.85,0.70401,0.27052,1.5053
76.328,0.399,0.313,0.228,13.86,0.70646,0.2791,1.5034
76.378,0.399,0.313,0.228,13.87,0.70882,0.28757,1.5016
76.433,0.399,0.313,0.228,13.88,0.7111,0.29608,1.5
76.483,0.375,0.295,0.204,13.89,0.71328,0.30483,1.4982
76.538,0.375,0.295,0.204,13.9,0.71539,0.31336,1.4965
76.588,0.375,0.295,0.204,13.91,0.71777,0.32179,1.4947
76.643,0.375,0.295,0.204,13.92,0.71986,0.33013,1.493
76.693,0.375,0.295,0.204,13.93,0.72178,0.33849,1.4913
76.748,0.353,25.187,25.6,13.94,0.72359,0.34673,1.4896
76.958,0.357,0.297,0.201,13.95,0.72546,0.35487,1.4879
77.013,0.357,0.297,0.201,13.96,0.7271,0.36285,1.4862
77.063,0.343,0.311,0.211,13.97,0.72894,0.37062,1.4845
77.118,0.343,0.311,0.211,13.98,0.73067,0.37842,1.4828
77.168,0.343,0.311,0.211,13.99,0.73225,0.38634,1.481
77.223,0.343,0.311,0.211,14,0.73386,0.39423,1.4794
77.273,0.343,0.311,0.211,14.01,0.73535,0.40192,1.4778
77.328,0.33,0.324,0.213,14.02,0.73693,0.40959,1.4762
77.378,0.33,0.324,0.213,14.03,0.73853,0.41731,1.4745
77.433,0.33,0.324,0.213,14.04,0.7399,0.42503,1.4728
77.484,0.33,0.324,0.213,14.05,0.74135,0.43263,1.4713
77.538,0.33,0.324,0.213,14.06,0.74286,0.44001,1.4698
77.589,0.33,0.324,0.213,14.07,0.74421,0.4475,1.4682
77.644,0.325,0.325,0.212,14.08,0.74551,0.45485,1.4666
77.694,0.325,0.325,0.212,14.09,0.7468,0.46219,1.4651
77.749,0.325,0.325,0.212,14.1,0.74799,0.4694,1.4637
77.799,0.325,0.325,0.212,14.11,0.7492,0.47658,1.4621
77.854,0.325,0.325,0.212,14.12,0.75032,0.48369,1.4607
77.909,0.325,0.308,0.198,14.13,0.75142,0.49065,1.4592
77.959,0.325,0.308,0.198,14.14,0.75242,0.49747,1.4578
78.014,0.325,0.308,0.198,14.15,0.75343,0.50443,1.4564
78.064,0.325,0.308,0.198,14.16,0.75438,0.51114,1.4549
78.119,0.325,0.308,0.198,14.17,0.75531,0.51785,1.4535
78.169,0.325,0.308,0.198,14.18,0.75599,0.52457,1.4521
78.224,0.328,0.285,0.18,14.19,0.75663,0.53127,1.4506
78.274,0.328,0.285,0.18,14.2,0.7574,0.53769,1.4492
78.329,0.328,0.285,0.18,14.21,0.75803,0.54394,1.4478
78.379,0.328,0.285,0.18,14.22,0.75856,0.55022,1.4464
78.434,0.328,0.285,0.18,14.23,0.75891,0.55661,1.445
78.484,0.344,0.262,0.154,14.24,0.7593,0.56281,1.4435
78.539,0.344,0.262,0.154,14.25,0.75956,0.56876,1.4422
78.589,0.344,0.262,0.154,14.26,0.75977,0.57478,1.4407
78.644,0.344,0.262,0.154,14.27,0.75998,0.58035,1.4394
78.694,0.344,0.262,0.154,14.28,0.76001,0.58604,1.438
78.749,0.344,0.262,0.154,14.29,0.76011,0.59165,1.4367
78.799,0.363,0.255,0.132,14.3,0.76013,0.59698,1.4353
78.854,0.363,0.255,0.132,14.31,0.76005,0.60221,1.434
78.909,0.363,0.255,0.132,14.32,0.75976,0.60751,1.4327
78.959,0.363,0.255,0.132,14.33,0.75948,0.61226,1.4313
79.014,0.363,0.255,0.132,14.34,0.75932,0.6173,1.4301
79.064,0.379,0.259,0.113,14.35,0.75885,0.62195,1.4287
79.119,0.379,0.259,0.113,14.36,0.75838,0.62654,1.4274
79.169,0.379,0.259,0.113,14.37,0.75791,0.63088,1.426
79.224,0.379,0.259,0.113,14.38,0.7573,0.63512,1.4248
79.274,0.379,0.259,0.113,14.39,0.75668,0.63902,1.4234
79.329,0.395,0.266,0.1,14.4,0.75584,0.64326,1.4221
79.379,0.395,0.266,0.1,14.41,0.75506,0.64699,1.4208
79.434,0.395,0.266,0.1,14.42,0.75422,0.65068,1.4197
79.484,0.395,0.266,0.1,14.43,0.75323,0.6544,1.4184
79.539,0.395,0.266,0.1,14.44,0.75203,0.65747,1.4171
79.589,0.395,0.266,0.1,14.45,0.75075,0.66049,1.4156
79.644,0.4,0.276,0.099,14.46,0.74961,0.66374,1.4144
79.694,0.4,0.276,0.099,14.47,0.74843,0.66657,1.4131
79.749,0.4,0.276,0.099,14.48,0.74706,0.66953,1.4117
79.799,0.4,0.276,0.099,14.49,0.7455,0.6721,1.4104
79.854,0.4,0.276,0.099,14.5,0.74404,0.67444,1.4089
79.909,0.401,0.278,0.101,14.51,0.74243,0.67718,1.4075
79.959,0.401,0.278,0.101,14.52,0.74096,0.67956,1.4063
80.014,0.401,0.278,0.101,14.53,0.73933,0.68185,1.4047
80.064,0.401,0.278,0.101,14.54,0.73747,0.68414,1.4033
80.119,0.401,0.278,0.101,14.55,0.73573,0.6861,1.4021
80.169,0.401,0.278,0.101,14.56,0.73372,0.68748,1.4006
80.224,0.402,0.279,0.102,14.57,0.73177,0.68943,1.3991
80.274,0.402,0.279,0.102,14.58,0.7297,0.69116,1.3976
80.329,0.402,0.279,0.102,14.59,0.72734,0.69251,1.3958
80.379,0.402,0.279,0.102,14.6,0.72537,0.69362,1.3947
80.434,0.402,0.279,0.102,14.61,0.72311,0.69434,1.3932
80.484,0.401,0.278,0.101,14.62,0.72072,0.69575,1.3918
80.539,0.401,0.278,0.101,14.63,0.71832,0.69672,1.3903
80.589,0.401,0.278,0.101,14.64,0.71563,0.69703,1.3886
80.644,0.401,0.278,0.101,14.65,0.71335,0.69735,1.3871
80.694,0.401,0.278,0.101,14.66,0.7106,0.69779,1.3858
80.749,0.401,0.278,0.101,14.67,0.70798,0.6982,1.3841
80.799,0.402,0.28,0.101,14.68,0.70529,0.69807,1.3825
80.854,0.402,0.28,0.101,14.69,0.70223,0.69789,1.381
80.91,0.402,0.28,0.101,14.7,0.69949,0.69801,1.3796
80.959,0.402,0.28,0.101,14.71,0.69657,0.69764,1.3782
81.014,0.402,0.28,0.101,14.72,0.69349,0.69717,1.3765
81.064,0.401,0.28,0.102,14.73,0.69046,0.69673,1.375
81.119,0.401,0.28,0.102,14.74,0.68728,0.6961,1.3734
81.169,0.401,0.28,0.102,14.75,0.68397,0.69524,1.3719
81.224,0.401,0.28,0.102,14.76,0.68068,0.69432,1.3704
81.274,0.401,0.28,0.102,14.77,0.67736,0.69246,1.3688
81.329,0.401,0.28,0.102,14.78,0.67385,0.69155,1.3673
81.379,0.401,0.28,0.103,14.79,0.67035,0.68989,1.3658
81.434,0.401,0.28,0.103,14.8,0.66683,0.6886,1.3641
81.484,0.401,0.28,0.103,14.81,0.66317,0.68682,1.3626
81.539,0.401,0.28,0.103,14.82,0.65948,0.68471,1.3611
81.589,0.401,0.28,0.103,14.83,0.65565,0.68292,1.3596
81.644,0.402,0.281,0.104,14.84,0.65181,0.6807,1.3581
81.694,0.402,0.281,0.104,14.85,0.64787,0.67892,1.3564
81.749,0.402,0.281,0.104,14.86,0.64398,0.67641,1.3548
81.799,0.402,0.281,0.104,14.87,0.63996,0.67395,1.3533
81.854,0.402,0.281,0.104,14.88,0.6357,0.67156,1.3518
81.909,0.402,0.281,0.104,14.89,0.63145,0.66887,1.3502
81.959,0.402,0.28,0.104,14.9,0.62713,0.66628,1.3487
82.014,0.402,0.28,0.104,14.91,0.62275,0.66358,1.3472
82.064,0.402,0.28,0.104,14.92,0.61834,0.6604,1.3456
82.119,0.402,0.28,0.104,14.93,0.61397,0.65743,1.344
82.169,0.402,0.28,0.104,14.94,0.60932,0.65428,1.3423
82.224,0.402,0.28,0.103,14.95,0.6046,0.65114,1.3407
82.274,0.402,0.28,0.103,14.96,0.59991,0.64786,1.3392
82.329,0.402,0.28,0.103,14.97,0.59511,0.64428,1.3376
82.379,0.402,0.28,0.103,14.98,0.59016,0.64086,1.336
82.434,0.402,0.28,0.103,14.99,0.58516,0.63718,1.3344
82.484,0.402,0.28,0.103,15,0.58019,0.63347,1.3328
82.539,0.402,0.279,0.102,15.01,0.57521,0.62953,1.3312
82.589,0.402,0.279,0.102,15.02,0.56995,0.62563,1.3295
82.644,0.402,0.279,0.102,15.03,0.56465,0.62164,1.328
82.694,0.402,0.279,0.102,15.04,0.55935,0.61742,1.3264
82.749,0.402,0.279,0.102,15.05,0.55396,0.6133,1.3247
82.8,0.402,0.279,0.103,15.06,0.54849,0.60883,1.323
82.855,0.402,0.279,0.103,15.07,0.54296,0.6043,1.3214
82.909,0.402,0.279,0.103,15.08,0.53726,0.59994,1.3198
82.96,0.402,0.279,0.103,15.09,0.53156,0.59533,1.3182
83.015,0.402,0.279,0.103,15.1,0.52575,0.59069,1.3166
83.065,0.402,0.279,0.103,15.11,0.51997,0.58587,1.3148
83.12,0.401,0.277,0.102,15.12,0.51393,0.58104,1.3132
83.17,0.401,0.277,0.102,15.13,0.50808,0.57592,1.3116
83.225,0.401,0.277,0.102,15.14,0.50193,0.57104,1.3099
83.275,0.401,0.277,0.102,15.15,0.49586,0.56592,1.3083
83.33,0.401,0.277,0.102,15.16,0.48972,0.56059,1.3067
83.38,0.401,0.278,0.102,15.17,0.48334,0.55546,1.3052
83.435,0.401,0.278,0.102,15.18,0.47705,0.55017,1.3036
83.485,0.401,0.278,0.102,15.19,0.47069,0.5449,1.302
83.54,0.401,0.278,0.102,15.2,0.46426,0.53936,1.3004
83.59,0.401,0.278,0.102,15.21,0.4578,0.53388,1.2988
83.645,0.401,0.279,0.104,15.22,0.45115,0.52829,1.2974
83.695,0.401,0.279,0.104,15.23,0.4445,0.52271,1.2959
83.75,0.401,0.279,0.104,15.24,0.43787,0.51695,1.2943
83.8,0.401,0.279,0.104,15.25,0.43104,0.51115,1.2928
83.855,0.401,0.279,0.104,15.26,0.42418,0.50532,1.2914
83.909,0.401,0.279,0.104,15.27,0.41725,0.49937,1.29
83.96,0.401,0.279,0.105,15.28,0.41024,0.4933,1.2885
84.015,0.401,0.279,0.105,15.29,0.40311,0.48733,1.287
84.065,0.401,0.279,0.105,15.3,0.396,0.48134,1.2856
84.12,0.401,0.279,0.105,15.31,0.38882,0.47514,1.2843
84.17,0.401,0.279,0.105,15.32,0.38164,0.46882,1.2826
84.225,0.401,0.28,0.106,15.33,0.37432,0.46247,1.2812
84.275,0.401,0.28,0.106,15.34,0.36686,0.45616,1.2798
84.33,0.401,0.28,0.106,15.35,0.35931,0.44977,1.2784
84.38,0.401,0.28,0.106,15.36,0.35183,0.44323,1.2771
84.435,0.401,0.28,0.106,15.37,0.34421,0.43668,1.2757
84.485,0.401,0.28,0.106,15.38,0.33654,0.43018,1.2742
84.54,0.401,0.28,0.107,15.39,0.32874,0.42364,1.2728
84.59,0.401,0.28,0.107,15.4,0.32096,0.41703,1.2713
84.645,0.401,0.28,0.107,15.41,0.31316,0.41032,1.27
84.695,0.401,0.28,0.107,15.42,0.30519,0.40364,1.2686
84.75,0.401,0.28,0.107,15.43,0.2973,0.39689,1.2672
84.8,0.401,0.279,0.108,15.44,0.28931,0.39,1.2659
84.855,0.401,0.279,0.108,15.45,0.28104,0.38321,1.2645
84.909,0.401,0.279,0.108,15.46,0.27285,0.3764,1.2632
84.96,0.401,0.279,0.108,15.47,0.26463,0.36952,1.2618
85.015,0.401,0.279,0.108,15.48,0.25627,0.36251,1.2604
85.065,0.401,0.279,0.108,15.49,0.24795,0.35529,1.259
85.12,0.401,0.279,0.109,15.5,0.2394,0.34833,1.2576
85.17,0.401,0.279,0.109,15.51,0.23079,0.34123,1.2563
85.225,0.401,0.279,0.109,15.52,0.22238,0.33391,1.255
85.275,0.401,0.279,0.109,15.53,0.21384,0.32662,1.2537
85.33,0.401,0.279,0.109,15.54,NaN,NaN,NaN
85.38,0.402,0.279,0.107,15.55,NaN,NaN,NaN
85.435,0.402,0.279,0.107,15.56,NaN,NaN,NaN
85.485,0.402,0.279,0.107,15.57,NaN,NaN,NaN
85.54,0.402,0.279,0.107,15.58,NaN,NaN,NaN
85.59,0.402,0.279,0.107,15.59,NaN,NaN,NaN
85.645,0.402,0.279,0.107,15.6,NaN,NaN,NaN
85.695,0.401,0.277,0.104,15.61,NaN,NaN,NaN
85.75,0.401,0.277,0.104,15.62,NaN,NaN,NaN
85.8,0.401,0.277,0.104,15.63,0.1246,0.25317,1.2407
85.855,0.401,0.277,0.104,15.64,NaN,NaN,NaN
85.91,0.401,0.277,0.104,15.65,NaN,NaN,NaN
85.96,0.402,0.275,0.1,15.66,NaN,NaN,NaN
86.015,0.402,0.275,0.1,15.67,NaN,NaN,NaN
86.065,0.402,0.275,0.1,15.68,NaN,NaN,NaN
86.12,0.402,0.275,0.1,15.69,NaN,NaN,NaN
86.17,0.402,0.275,0.1,15.7,0.05956,0.2005,1.2319
86.225,0.402,0.275,0.1,15.71,NaN,NaN,NaN
86.275,0.402,0.276,0.1,15.72,0.040545,0.18517,1.2295
86.33,0.402,0.276,0.1,15.73,NaN,NaN,NaN
86.38,0.402,0.276,0.1,15.74,0.021389,0.1699,1.2271
86.435,0.402,0.276,0.1,15.75,NaN,NaN,NaN
86.485,0.402,0.276,0.1,15.76,0.002057,0.15435,1.2246
86.54,0.401,0.275,0.102,15.77,NaN,NaN,NaN
86.59,0.401,0.275,0.102,15.78,-0.017553,0.1387,1.2226
86.645,0.401,0.275,0.102,15.79,NaN,NaN,NaN
86.695,0.401,0.275,0.102,15.8,-0.037152,0.12312,1.22
86.75,0.401,0.275,0.102,15.81,-0.047061,0.11519,1.2189
86.8,0.401,0.275,0.102,15.82,-0.057007,0.10721,1.218
86.855,0.402,0.277,0.105,15.83,-0.066904,0.099293,1.2168
86.908,0.402,0.277,0.105,15.84,-0.076873,0.09143,1.2157
86.955,0.402,0.277,0.105,15.85,-0.086993,0.083486,1.2146
87.008,0.402,0.277,0.105,15.86,NaN,NaN,NaN
87.055,0.402,0.277,0.105,15.87,NaN,NaN,NaN
87.108,0.401,0.278,0.108,15.88,NaN,NaN,NaN
87.155,0.401,0.278,0.108,15.89,NaN,NaN,NaN
87.208,0.401,0.278,0.108,15.9,NaN,NaN,NaN
87.255,0.401,0.278,0.108,15.91,NaN,NaN,NaN
87.308,0.401,0.278,0.108,15.92,NaN,NaN,NaN
87.355,0.401,0.278,0.108,15.93,-0.1674,0.021372,1.206
87.408,0.401,0.277,0.107,15.94,NaN,NaN,NaN
87.455,0.401,0.277,0.107,15.95,-0.18781,0.005748,1.204
87.508,0.401,0.277,0.107,15.96,-0.19802,-0.00204,1.203
87.555,0.401,0.277,0.107,15.97,-0.20825,-0.009883,1.202
87.608,0.401,0.277,0.107,15.98,-0.21849,-0.017773,1.2011
87.655,0.401,0.277,0.107,15.99,-0.22882,-0.025614,1.2001
87.708,0.401,0.277,0.108,16,-0.23921,-0.033453,1.1991
87.755,0.401,0.277,0.108,16.01,-0.24953,-0.041247,1.1981
87.808,0.401,0.277,0.108,16.02,-0.25998,-0.049232,1.1973
87.856,0.401,0.277,0.108,16.03,-0.27027,-0.057143,1.1963
87.908,0.401,0.277,0.108,16.04,-0.28072,-0.064915,1.1953
87.956,0.401,0.277,0.108,16.05,-0.29114,-0.072897,1.1945
88.008,0.401,0.277,0.106,16.06,-0.30154,-0.080791,1.1937
88.055,0.401,0.277,0.106,16.07,-0.31202,-0.088682,1.1926
88.108,0.401,0.277,0.106,16.08,-0.32241,-0.096491,1.1917
88.156,0.401,0.277,0.106,16.09,-0.33298,-0.10436,1.191
88.208,0.401,0.277,0.106,16.1,-0.34338,-0.11219,1.1901
88.256,0.401,0.277,0.105,16.11,-0.35387,-0.11999,1.1893
88.308,0.401,0.277,0.105,16.12,-0.36416,-0.12793,1.1884
88.356,0.401,0.277,0.105,16.13,-0.37456,-0.1358,1.1877
88.408,0.401,0.277,0.105,16.14,-0.3848,-0.14361,1.187
88.456,0.401,0.277,0.105,16.15,-0.39523,-0.1514,1.1862
88.508,0.401,0.277,0.105,16.16,-0.40547,-0.1592,1.1855
88.556,0.402,0.278,0.106,16.17,-0.41577,-0.1669,1.1848
88.608,0.402,0.278,0.106,16.18,-0.42602,-0.17456,1.1841
88.656,0.402,0.278,0.106,16.19,-0.43604,-0.18203,1.1834
88.708,0.402,0.278,0.106,16.2,-0.4461,-0.18957,1.1828
88.756,0.402,0.278,0.106,16.21,-0.45599,-0.19687,1.182
88.808,0.402,0.278,0.106,16.22,-0.466,-0.20389,1.1811
88.856,0.402,0.279,0.105,16.23,-0.47579,-0.21079,1.1803
88.908,0.402,0.279,0.105,16.24,-0.48557,-0.21762,1.1794
88.956,0.402,0.279,0.105,16.25,-0.49567,-0.22432,1.1785
89.008,0.402,0.279,0.105,16.26,-0.50545,-0.23097,1.1776
89.056,0.402,0.279,0.105,16.27,-0.51515,-0.23764,1.1767
89.108,0.402,0.279,0.105,16.28,-0.5249,-0.24426,1.1757
89.156,0.402,0.279,0.106,16.29,-0.53469,-0.251,1.1748
89.208,0.402,0.279,0.106,16.3,-0.54437,-0.25787,1.1739
89.256,0.402,0.279,0.106,16.31,-0.55411,-0.26463,1.173
89.308,0.402,0.279,0.106,16.32,-0.5639,-0.27126,1.1722
89.356,0.402,0.279,0.106,16.33,-0.57365,-0.27793,1.1712
89.408,0.401,0.278,0.106,16.34,-0.58342,-0.28475,1.1705
89.456,0.401,0.278,0.106,16.35,-0.59314,-0.29135,1.1696
89.508,0.401,0.278,0.106,16.36,-0.6027,-0.29812,1.1688
89.556,0.401,0.278,0.106,16.37,-0.6123,-0.30478,1.168
89.608,0.401,0.278,0.106,16.38,-0.62194,-0.31143,1.1673
89.656,0.401,0.278,0.106,16.39,-0.63152,-0.31815,1.1666
89.708,0.401,0.277,0.106,16.4,-0.64103,-0.3246,1.1658
89.756,0.401,0.277,0.106,16.41,-0.65043,-0.33103,1.165
89.808,0.401,0.277,0.106,16.42,-0.65988,-0.33738,1.1642
89.856,0.401,0.277,0.106,16.43,-0.66928,-0.34379,1.1636
89.908,0.401,0.277,0.106,16.44,-0.67846,-0.34997,1.1628
89.956,0.401,0.277,0.106,16.45,-0.68756,-0.35619,1.1621
90.008,0.401,0.276,0.104,16.46,-0.6965,-0.36223,1.1614
90.056,0.401,0.276,0.104,16.47,-0.70568,-0.36822,1.1609
90.108,0.401,0.276,0.104,16.48,-0.7145,-0.37404,1.1602
90.156,0.401,0.276,0.104,16.49,-0.72331,-0.37954,1.1594
90.208,0.401,0.276,0.104,16.5,-0.73196,-0.38518,1.1588
90.256,0.401,0.276,0.104,16.51,-0.74059,-0.39076,1.158
90.308,0.401,0.276,0.104,16.52,-0.74901,-0.39621,1.1575
90.356,0.401,0.276,0.104,16.53,-0.75736,-0.40159,1.1569
90.408,0.401,0.276,0.104,16.54,-0.76576,-0.4069,1.1562
90.456,0.401,0.276,0.104,16.55,-0.77405,-0.41204,1.1555
90.508,0.401,0.276,0.104,16.56,-0.78207,-0.41741,1.1548
90.556,0.401,0.277,0.104,16.57,-0.79023,-0.42243,1.1544
90.608,0.401,0.277,0.104,16.58,-0.79836,-0.42757,1.1538
90.656,0.401,0.277,0.104,16.59,-0.80621,-0.43261,1.1532
90.708,0.401,0.277,0.104,16.6,-0.81397,-0.43759,1.1526
90.756,0.401,0.277,0.104,16.61,-0.82178,-0.44219,1.1518
90.808,0.401,0.277,0.104,16.62,-0.82943,-0.44706,1.1513
90.856,0.401,0.276,0.104,16.63,-0.83709,-0.45183,1.1508
90.908,0.401,0.276,0.104,16.64,-0.84466,-0.45646,1.1504
90.956,0.401,0.276,0.104,16.65,-0.85214,-0.46094,1.1498
91.008,0.401,0.276,0.104,16.66,-0.85955,-0.46546,1.1492
91.056,0.401,0.276,0.104,16.67,-0.86691,-0.46962,1.1486
91.108,0.401,0.276,0.104,16.68,-0.87426,-0.47402,1.148
91.156,0.401,0.278,0.106,16.69,-0.88157,-0.47825,1.1474
91.208,0.401,0.278,0.106,16.7,-0.8887,-0.48242,1.1468
91.256,0.401,0.278,0.106,16.71,-0.89574,-0.48669,1.1464
91.308,0.401,0.278,0.106,16.72,-0.9027,-0.49072,1.1458
91.356,0.401,0.278,0.106,16.73,-0.90959,-0.49474,1.1452
91.408,0.401,0.278,0.106,16.74,-0.91651,-0.4985,1.1447
91.456,0.401,0.278,0.106,16.75,-0.92316,-0.50237,1.144
91.508,0.401,0.278,0.106,16.76,-0.92988,-0.50636,1.1435
91.556,0.401,0.278,0.106,16.77,-0.93635,-0.51008,1.1429
91.608,0.401,0.278,0.106,16.78,-0.94276,-0.51365,1.1423
91.656,0.401,0.278,0.106,16.79,-0.94912,-0.51734,1.1417
91.708,0.401,0.277,0.106,16.8,-0.95532,-0.52071,1.1412
91.756,0.401,0.277,0.106,16.81,-0.96142,-0.52417,1.1407
91.808,0.401,0.277,0.106,16.82,-0.96751,-0.5276,1.1401
91.856,0.401,0.277,0.106,16.83,-0.97355,-0.53087,1.1396
91.908,0.401,0.277,0.106,16.84,-0.97935,-0.53411,1.139
91.956,0.401,0.277,0.106,16.85,-0.98513,-0.53726,1.1384
92.008,0.401,0.278,0.106,16.86,-0.99081,-0.54039,1.1378
92.056,0.401,0.278,0.106,16.87,-0.99639,-0.54346,1.1372
92.108,0.401,0.278,0.106,16.88,-1.0019,-0.54641,1.1367
92.156,0.401,0.278,0.106,16.89,-1.0073,-0.54913,1.1361
92.208,0.401,0.278,0.106,16.9,-1.0125,-0.55208,1.1357
92.256,0.401,0.278,0.106,16.91,-1.0173,-0.55517,1.1353
92.308,0.401,0.277,0.106,16.92,-1.0232,-0.55785,1.1346
92.356,0.401,0.277,0.106,16.93,-1.0284,-0.56081,1.1341
92.408,0.401,0.277,0.106,16.94,-1.0334,-0.56355,1.1335
92.456,0.401,0.277,0.106,16.95,-1.0382,-0.5663,1.1331
92.508,0.401,0.277,0.106,16.96,-1.0432,-0.5687,1.1325
92.556,0.401,0.277,0.106,16.97,-1.048,-0.57134,1.1318
92.608,0.401,0.276,0.106,16.98,-1.0528,-0.5738,1.1314
92.656,0.401,0.276,0.106,16.99,-1.0571,-0.57642,1.1308
92.708,0.401,0.276,0.106,17,-1.0616,-0.57881,1.1305
92.756,0.401,0.276,0.106,17.01,-1.0661,-0.58131,1.13
92.808,0.401,0.276,0.106,17.02,-1.0706,-0.58372,1.1294
92.857,0.4,0.276,0.108,17.03,-1.0748,-0.58596,1.1289
92.908,0.4,0.276,0.108,17.04,-1.0791,-0.5882,1.1284
92.957,0.4,0.276,0.108,17.05,-1.0831,-0.59046,1.128
93.008,0.4,0.276,0.108,17.06,-1.0874,-0.59257,1.1274
93.056,0.4,0.276,0.108,17.07,-1.0912,-0.59473,1.127
93.108,0.4,0.276,0.108,17.08,-1.0952,-0.59673,1.1264
93.156,0.401,0.277,0.107,17.09,-1.099,-0.59876,1.126
93.212,0.401,0.277,0.107,17.1,-1.1027,-0.60093,1.1257
93.262,0.401,0.277,0.107,17.11,-1.1064,-0.60297,1.1252
93.317,0.401,0.277,0.107,17.12,-1.1101,-0.60474,1.1249
93.367,0.401,0.277,0.107,17.13,-1.1136,-0.60664,1.1244
93.422,0.401,0.277,0.107,17.14,-1.117,-0.60874,1.124
93.472,0.401,0.276,0.105,17.15,-1.1203,-0.61046,1.1237
93.527,0.401,0.276,0.105,17.16,-1.1238,-0.61229,1.1232
93.577,0.401,0.276,0.105,17.17,-1.127,-0.61406,1.1229
93.632,0.401,0.276,0.105,17.18,-1.13,-0.61585,1.1225
93.682,0.401,0.276,0.105,17.19,-1.1331,-0.6176,1.122
93.737,0.402,0.275,0.102,17.2,-1.1363,-0.61911,1.1216
93.787,0.402,0.275,0.102,17.21,-1.1392,-0.6207,1.1213
93.842,0.402,0.275,0.102,17.22,-1.1422,-0.62256,1.1208
93.892,0.402,0.275,0.102,17.23,-1.145,-0.62416,1.1205
93.947,0.402,0.275,0.102,17.24,-1.1477,-0.62554,1.1202
93.997,0.402,0.275,0.102,17.25,-1.1506,-0.62689,1.1196
94.052,0.403,0.274,0.101,17.26,-1.153,-0.62844,1.1196
94.107,0.403,0.274,0.101,17.27,-1.1554,-0.63002,1.1194
94.157,0.403,0.274,0.101,17.28,-1.1579,-0.6315,1.119
94.212,0.403,0.274,0.101,17.29,-1.1607,-0.63294,1.1186
94.262,0.403,0.274,0.101,17.3,-1.1631,-0.63432,1.1182
94.317,0.403,0.273,0.1,17.31,-1.1651,-0.63551,1.1182
94.367,0.403,0.273,0.1,17.32,-1.1666,-0.63688,1.1177
94.422,0.403,0.273,0.1,17.33,-1.1693,-0.6377,1.1178
94.472,0.403,0.273,0.1,17.34,-1.1714,-0.63948,1.1176
94.527,0.403,0.273,0.1,17.35,-1.1734,-0.64072,1.1174
94.577,0.403,0.273,0.1,17.36,-1.1753,-0.64194,1.1172
94.632,0.403,0.273,0.1,17.37,-1.1774,-0.64318,1.1171
94.682,0.403,0.273,0.1,17.38,-1.179,-0.64468,1.117
94.737,0.403,0.273,0.1,17.39,-1.1807,-0.64585,1.1168
94.787,0.403,0.273,0.1,17.4,-1.1824,-0.64689,1.1166
94.842,0.403,0.273,0.1,17.41,-1.184,-0.64785,1.1165
94.892,0.402,0.273,0.102,17.42,-1.1847,-0.64887,1.1161
94.947,0.402,0.273,0.102,17.43,-1.1867,-0.65004,1.1165
94.997,0.402,0.273,0.102,17.44,-1.1882,-0.65114,1.1165
95.052,0.402,0.273,0.102,17.45,-1.1893,-0.65256,1.1164
95.107,0.402,0.273,0.102,17.46,-1.1904,-0.65368,1.1165
95.157,0.402,0.273,0.102,17.47,-1.1915,-0.6547,1.1165
95.212,0.402,0.273,0.102,17.48,-1.1924,-0.6554,1.1165
95.262,0.402,0.273,0.102,17.49,-1.193,-0.65655,1.1165
95.317,0.402,0.273,0.102,17.5,-1.1936,-0.6575,1.1167
95.367,0.402,0.273,0.102,17.51,-1.1942,-0.65843,1.1168
95.422,0.402,0.273,0.102,17.52,-1.1949,-0.65937,1.1171
95.472,0.402,0.273,0.101,17.53,-1.1954,-0.66039,1.1172
95.527,0.402,0.273,0.101,17.54,-1.1957,-0.66103,1.1173
95.577,0.402,0.273,0.101,17.55,-1.1961,-0.66175,1.1175
95.632,0.402,0.273,0.101,17.56,-1.1959,-0.66285,1.1173
95.682,0.402,0.273,0.101,17.57,-1.196,-0.66374,1.1174
95.737,0.403,0.273,0.102,17.58,-1.196,-0.66449,1.1175
95.787,0.403,0.273,0.102,17.59,-1.1959,-0.66523,1.1177
95.842,0.403,0.273,0.102,17.6,-1.1956,-0.66591,1.1178
95.892,0.403,0.273,0.102,17.61,-1.1951,-0.66655,1.1178
95.947,0.403,0.273,0.102,17.62,-1.195,-0.66722,1.118
95.997,0.403,0.273,0.102,17.63,-1.1951,-0.66764,1.1179
96.052,0.402,0.273,0.103,17.64,-1.1943,-0.6687,1.1183
96.108,0.402,0.273,0.103,17.65,-1.1941,-0.66919,1.1183
96.157,0.402,0.273,0.103,17.66,-1.1934,-0.66968,1.1185
96.212,0.402,0.273,0.103,17.67,-1.1915,-0.67048,1.1188
96.262,0.402,0.273,0.103,17.68,-1.1904,-0.67109,1.1189
96.317,0.402,0.274,0.104,17.69,-1.1897,-0.67146,1.1191
96.367,0.402,0.274,0.104,17.7,-1.1894,-0.67175,1.1191
96.422,0.402,0.274,0.104,17.71,-1.1878,-0.67235,1.1192
96.472,0.402,0.274,0.104,17.72,-1.187,-0.6727,1.1192
96.527,0.402,0.274,0.104,17.73,-1.1852,-0.67342,1.1194
96.577,0.402,0.274,0.104,17.74,-1.1838,-0.6738,1.1194
96.632,0.401,0.275,0.104,17.75,-1.1824,-0.67428,1.1195
96.682,0.401,0.275,0.104,17.76,-1.1805,-0.67478,1.1199
96.737,0.401,0.275,0.104,17.77,-1.1789,-0.67513,1.1201
96.787,0.401,0.275,0.104,17.78,-1.1774,-0.67541,1.1201
96.842,0.401,0.275,0.104,17.79,-1.1754,-0.67579,1.1203
96.892,0.401,0.275,0.103,17.8,-1.1735,-0.67605,1.1204
96.947,0.401,0.275,0.103,17.81,-1.1718,-0.6762,1.1204
96.997,0.401,0.275,0.103,17.82,-1.1695,-0.67647,1.1205
97.052,0.401,0.275,0.103,17.83,-1.167,-0.67703,1.1207
97.108,0.401,0.275,0.103,17.84,-1.1647,-0.67724,1.1209
97.157,0.401,0.275,0.103,17.85,-1.1622,-0.67751,1.1211
97.212,0.401,0.275,0.103,17.86,-1.1594,-0.67769,1.1212
97.262,0.401,0.275,0.103,17.87,-1.1566,-0.67806,1.1215
97.317,0.401,0.275,0.103,17.88,-1.1541,-0.67801,1.1214
97.367,0.401,0.275,0.103,17.89,-1.1509,-0.67827,1.1218
97.422,0.401,0.275,0.103,17.9,-1.148,-0.6785,1.1219
97.472,0.401,0.274,0.101,17.91,-1.1449,-0.67861,1.1221
97.527,0.401,0.274,0.101,17.92,-1.1418,-0.67855,1.1224
97.577,0.401,0.274,0.101,17.93,-1.1384,-0.67866,1.1225
97.632,0.401,0.274,0.101,17.94,-1.1349,-0.67874,1.1228
97.682,0.401,0.274,0.101,17.95,-1.1313,-0.67866,1.123
97.737,0.401,0.274,0.101,17.96,-1.127,-0.67869,1.1231
97.787,0.403,0.274,0.101,17.97,-1.1237,-0.67859,1.1233
97.842,0.403,0.274,0.101,17.98,-1.1201,-0.67839,1.1233
97.893,0.403,0.274,0.101,17.99,-1.116,-0.67832,1.1238
97.947,0.403,0.274,0.101,18,-1.1122,-0.67819,1.124
97.998,0.403,0.274,0.101,18.01,-1.1082,-0.67809,1.1244
98.052,0.404,0.275,0.1,18.02,-1.1039,-0.67791,1.1247
98.108,0.404,0.275,0.1,18.03,-1.0998,-0.67774,1.1249
98.158,0.404,0.275,0.1,18.04,-1.0954,-0.67755,1.1253
98.213,0.404,0.275,0.1,18.05,-1.0911,-0.67732,1.1257
98.263,0.404,0.275,0.1,18.06,-1.0866,-0.67699,1.126
98.318,0.405,0.276,0.099,18.07,-1.0821,-0.67647,1.1258
98.368,0.405,0.276,0.099,18.08,-1.0774,-0.67636,1.1264
98.423,0.405,0.276,0.099,18.09,-1.0728,-0.67615,1.1267
98.473,0.405,0.276,0.099,18.1,-1.068,-0.67562,1.1271
98.528,0.405,0.276,0.099,18.11,-1.0633,-0.67503,1.1273
98.578,0.405,0.276,0.099,18.12,-1.0584,-0.67465,1.1279
98.633,0.405,0.275,0.098,18.13,-1.0536,-0.67376,1.1282
98.683,0.405,0.275,0.098,18.14,-1.0484,-0.67334,1.1285
98.738,0.405,0.275,0.098,18.15,-1.0434,-0.67284,1.1284
98.788,0.405,0.275,0.098,18.16,-1.0385,-0.67238,1.1289
98.843,0.405,0.275,0.098,18.17,-1.0334,-0.67195,1.1293
98.893,0.404,0.275,0.099,18.18,-1.028,-0.67164,1.1293
98.948,0.404,0.275,0.099,18.19,-1.0233,-0.67082,1.13
98.998,0.404,0.275,0.099,18.2,-1.0182,-0.67005,1.1303
99.053,0.404,0.275,0.099,18.21,-1.013,-0.66952,1.1302
99.108,0.404,0.275,0.099,18.22,-1.0074,-0.6689,1.1305
99.158,0.404,0.275,0.099,18.23,-1.0028,-0.66827,1.131
99.213,0.403,0.274,0.099,18.24,-0.99781,-0.66754,1.1314
99.263,0.403,0.274,0.099,18.25,-0.99298,-0.66688,1.1317
99.318,0.403,0.274,0.099,18.26,-0.98813,-0.66616,1.1319
99.368,0.403,0.274,0.099,18.27,-0.9833,-0.66542,1.1322
99.423,0.403,0.274,0.099,18.28,-0.97852,-0.6648,1.1325
99.473,0.403,0.273,0.099,18.29,-0.97362,-0.66418,1.1326
99.528,0.403,0.273,0.099,18.3,-0.96901,-0.66318,1.1328
99.578,0.403,0.273,0.099,18.31,-0.96423,-0.66236,1.133
99.633,0.403,0.273,0.099,18.32,-0.95952,-0.66152,1.1334
99.683,0.403,0.273,0.099,18.33,-0.9548,-0.66048,1.1336
99.738,0.403,0.273,0.099,18.34,-0.95012,-0.65967,1.1338
99.788,0.403,0.274,0.1,18.35,-0.94554,-0.65863,1.1341
99.843,0.403,0.274,0.1,18.36,-0.94065,-0.65759,1.1344
99.893,0.403,0.274,0.1,18.37,-0.93585,-0.65665,1.1348
99.948,0.403,0.274,0.1,18.38,-0.9311,-0.65562,1.1349
99.998,0.403,0.274,0.1,18.39,-0.92627,-0.6546,1.1352
100.05,0.402,0.273,0.098,18.4,-0.92173,-0.65351,1.1358
100.11,0.402,0.273,0.098,18.41,-0.91685,-0.65243,1.1362
100.16,0.402,0.273,0.098,18.42,-0.91191,-0.65133,1.1368
100.21,0.402,0.273,0.098,18.43,-0.90729,-0.65027,1.1374
100.26,0.402,0.273,0.098,18.44,-0.90243,-0.6492,1.138
100.32,0.402,0.273,0.098,18.45,-0.89777,-0.64799,1.1387
100.37,0.403,0.274,0.098,18.46,-0.8929,-0.64685,1.1393
100.42,0.403,0.274,0.098,18.47,-0.88807,-0.64578,1.1401
100.47,0.403,0.274,0.098,18.48,-0.88367,-0.64435,1.1409
100.53,0.403,0.274,0.098,18.49,-0.87879,-0.64328,1.1416
100.58,0.403,0.274,0.098,18.5,-0.87415,-0.64215,1.1422
100.63,0.402,0.273,0.1,18.51,-0.86958,-0.64099,1.1431
100.68,0.402,0.273,0.1,18.52,-0.86504,-0.63988,1.1439
100.74,0.402,0.273,0.1,18.53,-0.86058,-0.63858,1.1445
100.79,0.402,0.273,0.1,18.54,-0.85614,-0.63723,1.1456
100.84,0.402,0.273,0.1,18.55,-0.85179,-0.63603,1.1465
100.89,0.402,0.273,0.1,18.56,-0.84757,-0.63478,1.1474
100.95,0.402,0.273,0.101,18.57,-0.84328,-0.63351,1.1483
101,0.402,0.273,0.101,18.58,-0.83919,-0.63216,1.1492
101.05,0.402,0.273,0.101,18.59,-0.83499,-0.63083,1.15
101.11,0.402,0.273,0.101,18.6,-0.83101,-0.62949,1.1509
101.16,0.402,0.273,0.101,18.61,-0.82694,-0.62811,1.1518
101.21,0.402,0.274,0.102,18.62,-0.8231,-0.62668,1.1527
101.26,0.402,0.274,0.102,18.63,-0.8192,-0.62533,1.1535
101.32,0.402,0.274,0.102,18.64,-0.81537,-0.62398,1.1544
0,0,0,0,18.65,-0.81171,-0.62255,1.1552
0,0,0,0,18.66,-0.80807,-0.6211,1.156
0,0,0,0,18.67,-0.80445,-0.61955,1.1569
0,0,0,0,18.68,-0.80088,-0.61799,1.1577
0,0,0,0,18.69,-0.79753,-0.61636,1.1586
0,0,0,0,18.7,-0.79395,-0.61475,1.1595
0,0,0,0,18.71,-0.79058,-0.61322,1.1603
0,0,0,0,18.72,-0.78742,-0.61156,1.1612
0,0,0,0,18.73,-0.78435,-0.6097,1.162
0,0,0,0,18.74,-0.78101,-0.60826,1.1627
0,0,0,0,18.75,-0.77786,-0.60672,1.1637
0,0,0,0,18.76,-0.7748,-0.60525,1.1644
0,0,0,0,18.77,-0.77167,-0.60362,1.1651
0,0,0,0,18.78,-0.76869,-0.60194,1.1659
0,0,0,0,18.79,-0.76567,-0.60028,1.1667
0,0,0,0,18.8,-0.76267,-0.59863,1.1676
0,0,0,0,18.81,-0.75993,-0.59677,1.1684
0,0,0,0,18.82,-0.75694,-0.59499,1.169
0,0,0,0,18.83,-0.75403,-0.5934,1.1699
0,0,0,0,18.84,-0.75108,-0.5916,1.1706
0,0,0,0,18.85,-0.74832,-0.58992,1.1715
0,0,0,0,18.86,-0.74546,-0.58804,1.1722
0,0,0,0,18.87,-0.74279,-0.5862,1.173
0,0,0,0,18.88,-0.74001,-0.58439,1.174
0,0,0,0,18.89,-0.73731,-0.58258,1.1749
0,0,0,0,18.9,-0.73458,-0.58072,1.1756
0,0,0,0,18.91,-0.73185,-0.57878,1.1764
0,0,0,0,18.92,-0.72922,-0.57693,1.1772
0,0,0,0,18.93,-0.72662,-0.57505,1.1781
0,0,0,0,18.94,-0.72394,-0.57322,1.1788
0,0,0,0,18.95,-0.72129,-0.57131,1.1795
0,0,0,0,18.96,-0.71885,-0.56939,1.1804
0,0,0,0,18.97,-0.71626,-0.56737,1.1812
0,0,0,0,18.98,-0.7136,-0.56542,1.182
0,0,0,0,18.99,-0.71111,-0.56332,1.1829
0,0,0,0,19,-0.70854,-0.5613,1.1836
0,0,0,0,19.01,-0.70612,-0.55925,1.1844
0,0,0,0,19.02,-0.70366,-0.55721,1.1852
0,0,0,0,19.03,-0.70125,-0.55511,1.186
0,0,0,0,19.04,-0.69875,-0.55319,1.1868
0,0,0,0,19.05,-0.69625,-0.55119,1.1877
0,0,0,0,19.06,-0.69392,-0.54907,1.1884
0,0,0,0,19.07,-0.69141,-0.54695,1.1891
0,0,0,0,19.08,-0.68901,-0.54485,1.19
0,0,0,0,19.09,-0.68664,-0.54269,1.1909
0,0,0,0,19.1,-0.68427,-0.54048,1.1917
0,0,0,0,19.11,-0.68181,-0.53825,1.1925
0,0,0,0,19.12,-0.67943,-0.53609,1.1934
0,0,0,0,19.13,-0.67718,-0.53387,1.1941
0,0,0,0,19.14,-0.67475,-0.53159,1.1949
0,0,0,0,19.15,-0.67232,-0.5294,1.1958
0,0,0,0,19.16,-0.67003,-0.52715,1.1967
0,0,0,0,19.17,-0.66782,-0.5248,1.1975
0,0,0,0,19.18,-0.66538,-0.52254,1.1983
0,0,0,0,19.19,-0.66306,-0.52029,1.1992
0,0,0,0,19.2,-0.66085,-0.51784,1.2001
0,0,0,0,19.21,-0.65844,-0.51556,1.2008
0,0,0,0,19.22,-0.65605,-0.51328,1.2016
0,0,0,0,19.23,-0.65384,-0.5108,1.2025
0,0,0,0,19.24,-0.65165,-0.50838,1.2033
0,0,0,0,19.25,-0.64927,-0.50597,1.2041
0,0,0,0,19.26,-0.64708,-0.50346,1.2049
0,0,0,0,19.27,-0.64489,-0.50104,1.2058
0,0,0,0,19.28,-0.64272,-0.49855,1.2066
0,0,0,0,19.29,-0.6404,-0.49602,1.2074
0,0,0,0,19.3,-0.63823,-0.49355,1.2083
0,0,0,0,19.31,-0.63604,-0.49102,1.2091
0,0,0,0,19.32,-0.63386,-0.48854,1.21
0,0,0,0,19.33,-0.63154,-0.48593,1.2109
0,0,0,0,19.34,-0.62936,-0.48325,1.2117
0,0,0,0,19.35,-0.62722,-0.48058,1.2127
0,0,0,0,19.36,-0.62496,-0.47795,1.2135
0,0,0,0,19.37,-0.62281,-0.47527,1.2143
0,0,0,0,19.38,-0.62067,-0.4727,1.2152
0,0,0,0,19.39,-0.61854,-0.46995,1.2161
0,0,0,0,19.4,-0.61621,-0.4673,1.217
0,0,0,0,19.41,-0.61405,-0.46457,1.2179
0,0,0,0,19.42,-0.61201,-0.46173,1.2187
0,0,0,0,19.43,-0.60987,-0.45897,1.2196
0,0,0,0,19.44,-0.60774,-0.45614,1.2204
0,0,0,0,19.45,-0.60574,-0.45333,1.2213
0,0,0,0,19.46,-0.60377,-0.45049,1.2222
0,0,0,0,19.47,-0.60185,-0.44763,1.223
0,0,0,0,19.48,-0.60006,-0.44487,1.2238
0,0,0,0,19.49,-0.5982,-0.44199,1.2245
0,0,0,0,19.5,-0.59644,-0.43906,1.2252
0,0,0,0,19.51,-0.59474,-0.43617,1.2261
0,0,0,0,19.52,-0.59328,-0.43315,1.227
0,0,0,0,19.53,-0.59183,-0.43014,1.2278
0,0,0,0,19.54,-0.59041,-0.42721,1.2285
0,0,0,0,19.55,-0.58884,-0.42433,1.2292
0,0,0,0,19.56,-0.58743,-0.4214,1.2299
0,0,0,0,19.57,-0.58631,-0.41831,1.2305
0,0,0,0,19.58,-0.58524,-0.41518,1.2311
0,0,0,0,19.59,-0.58415,-0.41213,1.2319
0,0,0,0,19.6,-0.58314,-0.4089,1.2325
0,0,0,0,19.61,-0.58229,-0.40559,1.2332
0,0,0,0,19.62,-0.58136,-0.40225,1.2338
0,0,0,0,19.63,-0.58037,-0.39878,1.2344
0,0,0,0,19.64,-0.57958,-0.39528,1.2351
0,0,0,0,19.65,-0.57885,-0.39166,1.2357
0,0,0,0,19.66,-0.57798,-0.3881,1.2363
0,0,0,0,19.67,-0.57729,-0.38448,1.237
0,0,0,0,19.68,-0.57663,-0.38077,1.2377
0,0,0,0,19.69,-0.57601,-0.37702,1.2385
0,0,0,0,19.7,-0.57537,-0.37327,1.2394
0,0,0,0,19.71,-0.5747,-0.36948,1.2402
0,0,0,0,19.72,-0.57416,-0.36568,1.2411
0,0,0,0,19.73,-0.57364,-0.36185,1.242
0,0,0,0,19.74,-0.57309,-0.35798,1.2429
0,0,0,0,19.75,-0.57264,-0.35409,1.2438
0,0,0,0,19.76,-0.57225,-0.35022,1.2449
0,0,0,0,19.77,-0.5718,-0.34637,1.2459
0,0,0,0,19.78,-0.57157,-0.34247,1.247
0,0,0,0,19.79,-0.5714,-0.33855,1.2482
0,0,0,0,19.8,-0.57129,-0.3346,1.2494
0,0,0,0,19.81,-0.57123,-0.33063,1.2505
0,0,0,0,19.82,-0.57115,-0.32662,1.2516
0,0,0,0,19.83,-0.57116,-0.3226,1.2529
0,0,0,0,19.84,-0.57144,-0.3185,1.2541
0,0,0,0,19.85,-0.57169,-0.31439,1.2553
0,0,0,0,19.86,-0.57195,-0.31027,1.2565
0,0,0,0,19.87,-0.57236,-0.3061,1.2577
0,0,0,0,19.88,-0.57283,-0.30191,1.259
0,0,0,0,19.89,-0.57335,-0.29759,1.2604
0,0,0,0,19.9,-0.574,-0.29332,1.2616
0,0,0,0,19.91,-0.57465,-0.28896,1.2629
0,0,0,0,19.92,-0.57535,-0.28458,1.2641
0,0,0,0,19.93,-0.57622,-0.28015,1.2654
0,0,0,0,19.94,-0.577,-0.27572,1.2667
0,0,0,0,19.95,-0.57782,-0.27126,1.2679
0,0,0,0,19.96,-0.57888,-0.26669,1.2691
0,0,0,0,19.97,-0.58003,-0.26207,1.2702
0,0,0,0,19.98,-0.58124,-0.25749,1.2716
0,0,0,0,19.99,-0.58242,-0.25278,1.2727
0,0,0,0,20,-0.58359,-0.24795,1.2737
0,0,0,0,20.01,-0.58512,-0.24312,1.2749
0,0,0,0,20.02,-0.58665,-0.23834,1.276
0,0,0,0,20.03,-0.58825,-0.23343,1.2771
0,0,0,0,20.04,-0.58994,-0.22848,1.2783
0,0,0,0,20.05,-0.59156,-0.22345,1.2792
0,0,0,0,20.06,-0.5932,-0.2184,1.2802
0,0,0,0,20.07,-0.59513,-0.21343,1.2813
0,0,0,0,20.08,-0.59692,-0.2084,1.2823
0,0,0,0,20.09,-0.5989,-0.20324,1.2832
0,0,0,0,20.1,-0.60079,-0.19802,1.2842
0,0,0,0,20.11,-0.60275,-0.1928,1.2853
0,0,0,0,20.12,-0.60488,-0.18751,1.2863
0,0,0,0,20.13,-0.60696,-0.18219,1.2872
0,0,0,0,20.14,-0.60914,-0.17688,1.2881
0,0,0,0,20.15,-0.61125,-0.17148,1.289
0,0,0,0,20.16,-0.61362,-0.16602,1.29
0,0,0,0,20.17,-0.61595,-0.16051,1.291
0,0,0,0,20.18,-0.61833,-0.15505,1.2919
0,0,0,0,20.19,-0.62062,-0.14953,1.2927
0,0,0,0,20.2,-0.6231,-0.14405,1.2936
0,0,0,0,20.21,-0.6255,-0.1385,1.2945
0,0,0,0,20.22,-0.62811,-0.13281,1.2955
0,0,0,0,20.23,-0.6305,-0.12712,1.2964
0,0,0,0,20.24,-0.63313,-0.12144,1.2974
0,0,0,0,20.25,-0.63577,-0.11572,1.2985
0,0,0,0,20.26,-0.63843,-0.10999,1.2994
0,0,0,0,20.27,-0.64114,-0.10419,1.3003
0,0,0,0,20.28,-0.64393,-0.098302,1.3012
0,0,0,0,20.29,-0.64676,-0.092381,1.3022
0,0,0,0,20.3,-0.6496,-0.086423,1.3032
0,0,0,0,20.31,-0.65245,-0.080535,1.3041
0,0,0,0,20.32,-0.65523,-0.074463,1.305
0,0,0,0,20.33,-0.65804,-0.06846,1.3061
0,0,0,0,20.34,-0.661,-0.062385,1.3072
0,0,0,0,20.35,-0.66399,-0.0563,1.3082
0,0,0,0,20.36,-0.66688,-0.050219,1.3094
0,0,0,0,20.37,-0.66974,-0.044132,1.3106
0,0,0,0,20.38,-0.6727,-0.038032,1.3116
0,0,0,0,20.39,-0.67551,-0.031855,1.3126
0,0,0,0,20.4,-0.67863,-0.025641,1.3138
0,0,0,0,20.41,-0.68163,-0.019349,1.3151
0,0,0,0,20.42,-0.68455,-0.013055,1.3162
0,0,0,0,20.43,-0.68746,-0.006771,1.3173
0,0,0,0,20.44,-0.69051,-0.000443,1.3185
0,0,0,0,20.45,-0.69356,0.005984,1.3197
0,0,0,0,20.46,-0.69655,0.01245,1.3208
0,0,0,0,20.47,-0.69963,0.018935,1.3221
0,0,0,0,20.48,-0.70253,0.025543,1.3233
0,0,0,0,20.49,-0.7055,0.032084,1.3245
0,0,0,0,20.5,-0.70843,0.03869,1.3256
0,0,0,0,20.51,-0.71156,0.045373,1.3269
0,0,0,0,20.52,-0.71449,0.052121,1.3281
0,0,0,0,20.53,-0.71723,0.058859,1.3292
0,0,0,0,20.54,-0.72012,0.065682,1.3303
0,0,0,0,20.55,-0.72298,0.072496,1.3317
0,0,0,0,20.56,-0.72582,0.079301,1.3329
0,0,0,0,20.57,-0.72874,0.086211,1.334
0,0,0,0,20.58,-0.73154,0.093186,1.3352
0,0,0,0,20.59,-0.73431,0.10021,1.3363
0,0,0,0,20.6,-0.73717,0.10719,1.3374
0,0,0,0,20.61,-0.73984,0.11428,1.3385
0,0,0,0,20.62,-0.74285,0.12139,1.3396
0,0,0,0,20.63,-0.74561,0.12858,1.3406
0,0,0,0,20.64,-0.74816,0.13569,1.3417
0,0,0,0,20.65,-0.75055,0.1427,1.3427
0,0,0,0,20.66,-0.75349,0.14989,1.344
0,0,0,0,20.67,-0.7562,0.15708,1.345
0,0,0,0,20.68,-0.75897,0.16428,1.3459
0,0,0,0,20.69,-0.76169,0.17148,1.347
0,0,0,0,20.7,-0.76428,0.17873,1.3481
0,0,0,0,20.71,-0.76677,0.18593,1.3491
0,0,0,0,20.72,-0.76924,0.19325,1.3499
0,0,0,0,20.73,-0.77182,0.2004,1.3512
0,0,0,0,20.74,-0.7741,0.2075,1.3522
0,0,0,0,20.75,-0.77664,0.21474,1.353
0,0,0,0,20.76,-0.77894,0.22196,1.3539
0,0,0,0,20.77,-0.78154,0.22916,1.355
0,0,0,0,20.78,-0.78382,0.2365,1.356
0,0,0,0,20.79,-0.78611,0.24381,1.3568
0,0,0,0,20.8,-0.78833,0.25119,1.3577
0,0,0,0,20.81,-0.79031,0.25858,1.3585
0,0,0,0,20.82,-0.7924,0.26591,1.3594
0,0,0,0,20.83,-0.79462,0.27333,1.3603
0,0,0,0,20.84,-0.79671,0.28065,1.3613
0,0,0,0,20.85,-0.79872,0.28814,1.3621
0,0,0,0,20.86,-0.8008,0.29569,1.3628
0,0,0,0,20.87,-0.8026,0.30312,1.3637
0,0,0,0,20.88,-0.80442,0.31064,1.3644
0,0,0,0,20.89,-0.80653,0.31828,1.365
0,0,0,0,20.9,-0.80829,0.32588,1.3658
0,0,0,0,20.91,-0.8096,0.33333,1.3666
0,0,0,0,20.92,-0.81145,0.34097,1.3672
0,0,0,0,20.93,-0.81322,0.34857,1.368
0,0,0,0,20.94,-0.81476,0.35608,1.3688
0,0,0,0,20.95,-0.81622,0.36372,1.3696
0,0,0,0,20.96,-0.81769,0.37134,1.3702
0,0,0,0,20.97,-0.81915,0.37894,1.3709
0,0,0,0,20.98,-0.82055,0.38656,1.3716
0,0,0,0,20.99,-0.82184,0.3941,1.3724
0,0,0,0,21,-0.82289,0.40159,1.3731
0,0,0,0,21.01,-0.82423,0.40925,1.3739
0,0,0,0,21.02,-0.82544,0.41705,1.3746
0,0,0,0,21.03,-0.82637,0.42475,1.3754
0,0,0,0,21.04,-0.82723,0.43241,1.376
0,0,0,0,21.05,-0.82788,0.44001,1.3767
0,0,0,0,21.06,-0.82874,0.44767,1.3775
0,0,0,0,21.07,-0.82935,0.45545,1.3778
0,0,0,0,21.08,-0.8302,0.463,1.3789
0,0,0,0,21.09,-0.83101,0.47067,1.3798
0,0,0,0,21.1,-0.83151,0.47835,1.3805
0,0,0,0,21.11,-0.8319,0.48603,1.3813
0,0,0,0,21.12,-0.83221,0.49376,1.382
0,0,0,0,21.13,-0.83236,0.50145,1.3825
0,0,0,0,21.14,-0.83293,0.50952,1.3833
0,0,0,0,21.15,-0.83331,0.51715,1.3843
0,0,0,0,21.16,-0.83341,0.52481,1.3851
0,0,0,0,21.17,-0.83346,0.53252,1.3856
0,0,0,0,21.18,-0.8335,0.54031,1.3863
0,0,0,0,21.19,-0.83334,0.54804,1.3868
0,0,0,0,21.2,-0.83332,0.55587,1.3876
0,0,0,0,21.21,-0.83319,0.56363,1.3882
0,0,0,0,21.22,-0.83305,0.57143,1.3887
0,0,0,0,21.23,-0.83284,0.57925,1.3893
0,0,0,0,21.24,-0.83294,0.58715,1.3902
0,0,0,0,21.25,-0.83244,0.59471,1.391
0,0,0,0,21.26,-0.83215,0.60262,1.3914
0,0,0,0,21.27,-0.83144,0.6104,1.392
0,0,0,0,21.28,-0.83141,0.6184,1.3925
0,0,0,0,21.29,-0.83097,0.62641,1.393
0,0,0,0,21.3,-0.8301,0.63405,1.3935
0,0,0,0,21.31,-0.82975,0.64193,1.3939
0,0,0,0,21.32,-0.82932,0.65,1.3943
0,0,0,0,21.33,-0.82852,0.65782,1.3947
0,0,0,0,21.34,-0.82774,0.66572,1.3953
0,0,0,0,21.35,-0.82634,0.67324,1.396
0,0,0,0,21.36,-0.82589,0.68134,1.3965
0,0,0,0,21.37,-0.82492,0.68939,1.3969
0,0,0,0,21.38,-0.82331,0.69691,1.3976
0,0,0,0,21.39,-0.82191,0.70496,1.3981
0,0,0,0,21.4,-0.82089,0.71313,1.3983
0,0,0,0,21.41,-0.81915,0.72081,1.3988
0,0,0,0,21.42,-0.81769,0.72886,1.3993
0,0,0,0,21.43,-0.81585,0.73654,1.3998
0,0,0,0,21.44,-0.81405,0.74455,1.4002
0,0,0,0,21.45,-0.81279,0.75301,1.4005
0,0,0,0,21.46,-0.81099,0.76103,1.4008
0,0,0,0,21.47,-0.80871,0.76892,1.4014
0,0,0,0,21.48,-0.80628,0.77678,1.402
0,0,0,0,21.49,-0.80444,0.78514,1.402
0,0,0,0,21.5,-0.80225,0.79325,1.4023
0,0,0,0,21.51,-0.79977,0.80147,1.4027
0,0,0,0,21.52,-0.79679,0.80934,1.4033
0,0,0,0,21.53,-0.79406,0.81739,1.4037
0,0,0,0,21.54,-0.79208,0.82596,1.4039
0,0,0,0,21.55,-0.78942,0.83415,1.4041
0,0,0,0,21.56,-0.78675,0.84247,1.4044
0,0,0,0,21.57,-0.78289,0.85033,1.405
0,0,0,0,21.58,-0.78033,0.85875,1.4052
0,0,0,0,21.59,-0.77746,0.86746,1.4054
0,0,0,0,21.6,-0.774,0.87536,1.4057
0,0,0,0,21.61,-0.77047,0.88333,1.4055
0,0,0,0,21.62,-0.76711,0.8917,1.4053
0,0,0,0,21.63,-0.76378,0.90011,1.4055
0,0,0,0,21.64,-0.75993,0.9084,1.4064
0,0,0,0,21.65,-0.75617,0.91673,1.4068
0,0,0,0,21.66,-0.75162,0.92446,1.4075
0,0,0,0,21.67,-0.7482,0.9331,1.4075
0,0,0,0,21.68,-0.74434,0.94153,1.4075
0,0,0,0,21.69,-0.74025,0.94986,1.4075
0,0,0,0,21.7,-0.73591,0.95792,1.4079
0,0,0,0,21.71,-0.73069,0.96572,1.4083
0,0,0,0,21.72,-0.72603,0.97351,1.4087
0,0,0,0,21.73,-0.72168,0.98151,1.409
0,0,0,0,21.74,-0.71703,0.98973,1.4091
0,0,0,0,21.75,-0.71202,0.99733,1.4097
0,0,0,0,21.76,-0.7069,1.005,1.4101
0,0,0,0,21.77,-0.70181,1.0123,1.4106
0,0,0,0,21.78,-0.69674,1.02,1.4109
0,0,0,0,21.79,-0.69216,1.028,1.4108
0,0,0,0,21.8,-0.6867,1.0354,1.4111
0,0,0,0,21.81,-0.68118,1.0429,1.4113
0,0,0,0,21.82,-0.67573,1.0504,1.4115
0,0,0,0,21.83,-0.67019,1.0578,1.4117
0,0,0,0,21.84,-0.66441,1.0652,1.4118
0,0,0,0,21.85,-0.65859,1.073,1.412
0,0,0,0,21.86,-0.6526,1.0802,1.4122
0,0,0,0,21.87,-0.64658,1.0874,1.4123
0,0,0,0,21.88,-0.64043,1.0948,1.4123
0,0,0,0,21.89,-0.63458,1.1028,1.412
0,0,0,0,21.9,-0.62788,1.1095,1.4123
0,0,0,0,21.91,-0.62135,1.1164,1.4123
0,0,0,0,21.92,-0.61509,1.124,1.4122
0,0,0,0,21.93,-0.60856,1.1313,1.4119
0,0,0,0,21.94,-0.60182,1.1384,1.4119
0,0,0,0,21.95,-0.59498,1.1454,1.4118
0,0,0,0,21.96,-0.58813,1.1526,1.4116
0,0,0,0,21.97,-0.58075,1.1597,1.4115
0,0,0,0,21.98,-0.57351,1.1663,1.4113
0,0,0,0,21.99,-0.56631,1.1731,1.4111
0,0,0,0,22,-0.55902,1.1804,1.4109
0,0,0,0,22.01,-0.55168,1.187,1.4105
0,0,0,0,22.02,-0.54408,1.1936,1.4101
0,0,0,0,22.03,-0.53646,1.2003,1.4098
0,0,0,0,22.04,-0.52889,1.2073,1.4096
0,0,0,0,22.05,-0.52122,1.2135,1.4091
0,0,0,0,22.06,-0.51338,1.22,1.4087
0,0,0,0,22.07,-0.50551,1.2266,1.4082
0,0,0,0,22.08,-0.49749,1.2332,1.4078
0,0,0,0,22.09,-0.48943,1.2399,1.4071
0,0,0,0,22.1,-0.48117,1.2455,1.407
0,0,0,0,22.11,-0.47296,1.2515,1.4065
0,0,0,0,22.12,-0.46471,1.2575,1.4058
0,0,0,0,22.13,-0.45618,1.263,1.4056
0,0,0,0,22.14,-0.44768,1.2686,1.4052
0,0,0,0,22.15,-0.4396,1.2747,1.4046
0,0,0,0,22.16,-0.43119,1.2802,1.4043
0,0,0,0,22.17,-0.4226,1.2853,1.4039
0,0,0,0,22.18,-0.41374,1.2905,1.4033
0,0,0,0,22.19,-0.40488,1.2957,1.403
0,0,0,0,22.2,-0.39618,1.3007,1.4025
0,0,0,0,22.21,-0.38735,1.3058,1.4018
0,0,0,0,22.22,-0.37828,1.3106,1.4014
0,0,0,0,22.23,-0.36914,1.3155,1.4011
0,0,0,0,22.24,-0.36008,1.3201,1.4006
0,0,0,0,22.25,-0.35105,1.3243,1.4
0,0,0,0,22.26,-0.34165,1.329,1.3996
0,0,0,0,22.27,-0.33232,1.3332,1.3991
0,0,0,0,22.28,-0.32302,1.3373,1.3986
0,0,0,0,22.29,-0.31367,1.3418,1.3982
0,0,0,0,22.3,-0.3039,1.3452,1.3975
0,0,0,0,22.31,-0.29436,1.3489,1.397
0,0,0,0,22.32,-0.28484,1.3529,1.3965
0,0,0,0,22.33,-0.27501,1.3563,1.396
0,0,0,0,22.34,-0.26523,1.3597,1.3955
0,0,0,0,22.35,-0.25558,1.3634,1.395
0,0,0,0,22.36,-0.24566,1.3666,1.3944
0,0,0,0,22.37,-0.23577,1.3701,1.3939
0,0,0,0,22.38,-0.22583,1.3729,1.3932
0,0,0,0,22.39,-0.21577,1.3759,1.3926
0,0,0,0,22.4,-0.20568,1.3789,1.392
0,0,0,0,22.41,-0.19567,1.3816,1.3913
0,0,0,0,22.42,-0.18545,1.3846,1.3907
0,0,0,0,22.43,-0.17519,1.3871,1.39
0,0,0,0,22.44,-0.16499,1.3894,1.3892
0,0,0,0,22.45,-0.15457,1.3921,1.3887
0,0,0,0,22.46,-0.14425,1.3945,1.388
0,0,0,0,22.47,-0.13393,1.3969,1.3872
0,0,0,0,22.48,-0.1234,1.3993,1.3866
0,0,0,0,22.49,-0.11299,1.4015,1.386
0,0,0,0,22.5,-0.10226,1.4033,1.3851
0,0,0,0,22.51,-0.091733,1.4046,1.3842
0,0,0,0,22.52,-0.081167,1.4064,1.3834
0,0,0,0,22.53,-0.0697,1.408,1.3824
0,0,0,0,22.54,-0.059401,1.4099,1.3818
0,0,0,0,22.55,-0.048826,1.4118,1.3812
0,0,0,0,22.56,-0.038031,1.4133,1.3804
0,0,0,0,22.57,-0.027158,1.4142,1.3794
0,0,0,0,22.58,-0.016333,1.4156,1.3786
0,0,0,0,22.59,-0.005307,1.4164,1.3777
0,0,0,0,22.6,0.005684,1.4174,1.3767
0,0,0,0,22.61,0.016538,1.4178,1.3758
0,0,0,0,22.62,0.02779,1.4187,1.3749
0,0,0,0,22.63,0.038803,1.4196,1.3743
0,0,0,0,22.64,0.050039,1.4196,1.3732
0,0,0,0,22.65,0.061211,1.42,1.3722
0,0,0,0,22.66,0.072368,1.4204,1.3713
0,0,0,0,22.67,0.084233,1.4204,1.3704
0,0,0,0,22.68,0.096029,1.4205,1.3696
0,0,0,0,22.69,0.1071,1.4205,1.3686
0,0,0,0,22.7,0.11838,1.4212,1.3678
0,0,0,0,22.71,0.12939,1.4202,1.3668
0,0,0,0,22.72,0.14153,1.4202,1.3659
0,0,0,0,22.73,0.15253,1.4192,1.3649
0,0,0,0,22.74,0.16367,1.4184,1.364
0,0,0,0,22.75,0.17528,1.4176,1.363
0,0,0,0,22.76,0.18681,1.417,1.3621
0,0,0,0,22.77,0.19851,1.4161,1.3611
0,0,0,0,22.78,0.21011,1.415,1.36
0,0,0,0,22.79,0.22208,1.4144,1.3591
0,0,0,0,22.8,0.23411,1.4133,1.358
0,0,0,0,22.81,0.24582,1.4114,1.3573
0,0,0,0,22.82,0.25703,1.4109,1.3563
0,0,0,0,22.83,0.27009,1.4085,1.3553
0,0,0,0,22.84,0.28187,1.4066,1.3548
0,0,0,0,22.85,0.29348,1.4046,1.3539
0,0,0,0,22.86,0.30528,1.4024,1.3531
0,0,0,0,22.87,0.31742,1.4003,1.3523
0,0,0,0,22.88,0.32938,1.398,1.3516
0,0,0,0,22.89,0.34123,1.3952,1.3505
0,0,0,0,22.9,0.35309,1.3932,1.3497
0,0,0,0,22.91,0.36521,1.39,1.3489
0,0,0,0,22.92,0.37706,1.3869,1.3479
0,0,0,0,22.93,0.38929,1.3836,1.347
0,0,0,0,22.94,0.40146,1.3802,1.3461
0,0,0,0,22.95,0.41342,1.3767,1.3451
0,0,0,0,22.96,0.42547,1.3734,1.3442
0,0,0,0,22.97,0.43745,1.3697,1.3433
0,0,0,0,22.98,0.44943,1.3659,1.3424
0,0,0,0,22.99,0.46154,1.3621,1.3414
0,0,0,0,23,0.47374,1.3582,1.3405
0,0,0,0,23.01,0.48581,1.3542,1.3394
0,0,0,0,23.02,0.49805,1.35,1.3384
0,0,0,0,23.03,0.51021,1.3461,1.3373
0,0,0,0,23.04,0.52243,1.3415,1.3362
0,0,0,0,23.05,0.53466,1.3371,1.3352
0,0,0,0,23.06,0.54636,1.3327,1.3337
0,0,0,0,23.07,0.55885,1.328,1.3327
0,0,0,0,23.08,0.57118,1.3228,1.3318
0,0,0,0,23.09,0.58295,1.3185,1.3305
0,0,0,0,23.1,0.59552,1.3128,1.3294
0,0,0,0,23.11,0.60791,1.3074,1.3282
0,0,0,0,23.12,0.62019,1.3019,1.3271
0,0,0,0,23.13,0.63241,1.2967,1.326
0,0,0,0,23.14,0.64473,1.2912,1.3248
0,0,0,0,23.15,0.65656,1.2858,1.3233
0,0,0,0,23.16,0.6692,1.2798,1.3222
0,0,0,0,23.17,0.68177,1.2735,1.3211
0,0,0,0,23.18,0.69371,1.2674,1.3196
0,0,0,0,23.19,0.70615,1.2611,1.3185
0,0,0,0,23.2,0.71853,1.2546,1.3173
0,0,0,0,23.21,0.73084,1.2485,1.3159
0,0,0,0,23.22,0.74283,1.2418,1.3145
0,0,0,0,23.23,0.75521,1.2347,1.3132
0,0,0,0,23.24,0.76762,1.2276,1.312
0,0,0,0,23.25,0.77992,1.2204,1.3107
0,0,0,0,23.26,0.79219,1.2132,1.3095
0,0,0,0,23.27,0.80445,1.2058,1.3082
0,0,0,0,23.28,0.81611,1.198,1.3065
0,0,0,0,23.29,0.82869,1.1902,1.3053
0,0,0,0,23.3,0.84114,1.1818,1.3038
0,0,0,0,23.31,0.8533,1.174,1.3025
0,0,0,0,23.32,0.86547,1.166,1.3011
0,0,0,0,23.33,0.87718,1.1578,1.2995
0,0,0,0,23.34,0.88962,1.1488,1.2981
0,0,0,0,23.35,0.90174,1.1402,1.2968
0,0,0,0,23.36,0.91387,1.1307,1.2953
0,0,0,0,23.37,0.92585,1.1221,1.294
0,0,0,0,23.38,0.93777,1.1131,1.2926
0,0,0,0,23.39,0.9492,1.1037,1.2906
0,0,0,0,23.4,0.96163,1.0941,1.2894
0,0,0,0,23.41,0.97373,1.0846,1.2882
0,0,0,0,23.42,0.98571,1.0744,1.2866
0,0,0,0,23.43,0.99753,1.0647,1.285
0,0,0,0,23.44,1.0093,1.0546,1.2835
0,0,0,0,23.45,1.0211,1.0448,1.2821
0,0,0,0,23.46,1.0328,1.0344,1.2805
0,0,0,0,23.47,1.0444,1.0239,1.2788
0,0,0,0,23.48,1.0561,1.0136,1.2773
0,0,0,0,23.49,1.0677,1.0027,1.2757
0,0,0,0,23.5,1.0793,0.99195,1.2742
0,0,0,0,23.51,1.0908,0.98119,1.2727
0,0,0,0,23.52,1.1022,0.96987,1.271
0,0,0,0,23.53,1.1136,0.95893,1.2693
0,0,0,0,23.54,1.125,0.94761,1.2678
0,0,0,0,23.55,1.1364,0.93634,1.2662
0,0,0,0,23.56,1.1477,0.92487,1.2646
0,0,0,0,23.57,1.1591,0.91305,1.2628
0,0,0,0,23.58,1.1705,0.90135,1.2612
0,0,0,0,23.59,1.1818,0.88924,1.2596
0,0,0,0,23.6,1.1931,0.87735,1.258
0,0,0,0,23.61,1.2044,0.8653,1.2563
0,0,0,0,23.62,1.2156,0.85316,1.2547
0,0,0,0,23.63,1.2268,0.84072,1.2531
0,0,0,0,23.64,1.238,0.82853,1.2515
0,0,0,0,23.65,1.2492,0.81603,1.2499
0,0,0,0,23.66,1.2604,0.80339,1.2482
0,0,0,0,23.67,1.2715,0.79123,1.2466
0,0,0,0,23.68,1.2826,0.7784,1.245
0,0,0,0,23.69,1.2935,0.76547,1.2432
0,0,0,0,23.7,1.3046,0.75223,1.2415
0,0,0,0,23.71,1.3155,0.73925,1.2398
0,0,0,0,23.72,1.3265,0.7263,1.2381
0,0,0,0,23.73,1.3372,0.71318,1.2365
0,0,0,0,23.74,1.3481,0.6997,1.2348
0,0,0,0,23.75,1.3586,0.68622,1.2332
0,0,0,0,23.76,1.3694,0.67282,1.2311
0,0,0,0,23.77,1.3798,0.65944,1.2293
0,0,0,0,23.78,1.3902,0.64568,1.2277
0,0,0,0,23.79,1.4005,0.63194,1.2259
0,0,0,0,23.8,1.4108,0.61792,1.2241
0,0,0,0,23.81,1.4208,0.60408,1.2223
0,0,0,0,23.82,1.4311,0.58964,1.2205
0,0,0,0,23.83,1.4412,0.57512,1.2189
0,0,0,0,23.84,1.451,0.56161,1.2168
0,0,0,0,23.85,1.4609,0.54719,1.215
0,0,0,0,23.86,1.4708,0.5324,1.2133
0,0,0,0,23.87,1.4809,0.51615,1.2113
0,0,0,0,23.88,1.4906,0.50135,1.2091
0,0,0,0,23.89,1.4993,0.48812,1.2073
0,0,0,0,23.9,1.5085,0.47414,1.2055
0,0,0,0,23.91,1.5176,0.45955,1.2035
0,0,0,0,23.92,1.527,0.44454,1.2015
0,0,0,0,23.93,1.5363,0.42906,1.1998
0,0,0,0,23.94,1.5455,0.41353,1.1983
0,0,0,0,23.95,1.5544,0.39855,1.1965
0,0,0,0,23.96,1.5636,0.38278,1.1944
0,0,0,0,23.97,1.5725,0.36765,1.1927
0,0,0,0,23.98,1.5806,0.3527,1.1908
0,0,0,0,23.99,1.5892,0.33774,1.189
0,0,0,0,24,1.5976,0.32211,1.1871
0,0,0,0,24.01,1.6063,0.30659,1.1851
0,0,0,0,24.02,1.6149,0.29106,1.1831
0,0,0,0,24.03,1.6234,0.2754,1.1816
0,0,0,0,24.04,1.6311,0.25966,1.1799
0,0,0,0,24.05,1.6389,0.24408,1.1779
0,0,0,0,24.06,1.6472,0.22829,1.176
0,0,0,0,24.07,1.6554,0.21213,1.1742
0,0,0,0,24.08,1.6629,0.1967,1.1728
0,0,0,0,24.09,1.6707,0.18123,1.1712
0,0,0,0,24.1,1.6783,0.16541,1.1695
0,0,0,0,24.11,1.6854,0.14949,1.1673
0,0,0,0,24.12,1.693,0.13422,1.1654
0,0,0,0,24.13,1.7003,0.11799,1.1638
0,0,0,0,24.14,1.7074,0.10253,1.162
0,0,0,0,24.15,1.7143,0.086987,1.1601
0,0,0,0,24.16,1.7211,0.071067,1.158
0,0,0,0,24.17,1.7277,0.054563,1.1562
0,0,0,0,24.18,1.7344,0.038414,1.1545
0,0,0,0,24.19,1.7406,0.022769,1.1525
0,0,0,0,24.2,1.7462,0.007212,1.1507
0,0,0,0,24.21,1.7522,-0.008666,1.1485
0,0,0,0,24.22,1.7575,-0.024526,1.1469
0,0,0,0,24.23,1.7635,-0.040177,1.1449
0,0,0,0,24.24,1.7694,-0.056,1.1432
0,0,0,0,24.25,1.7746,-0.071727,1.1413
0,0,0,0,24.26,1.78,-0.087332,1.1394
0,0,0,0,24.27,1.7855,-0.10304,1.1375
0,0,0,0,24.28,1.7904,-0.11854,1.1355
0,0,0,0,24.29,1.7949,-0.13369,1.133
0,0,0,0,24.3,1.7992,-0.14917,1.1309
0,0,0,0,24.31,1.8042,-0.16505,1.1293
0,0,0,0,24.32,1.8092,-0.18071,1.1276
0,0,0,0,24.33,1.8134,-0.19607,1.1256
0,0,0,0,24.34,1.8175,-0.21135,1.1236
0,0,0,0,24.35,1.8217,-0.22663,1.1217
0,0,0,0,24.36,1.8253,-0.24155,1.1196
0,0,0,0,24.37,1.8286,-0.25625,1.1173
0,0,0,0,24.38,1.8323,-0.27128,1.1155
0,0,0,0,24.39,1.8357,-0.28614,1.1136
0,0,0,0,24.4,1.8388,-0.30073,1.1115
0,0,0,0,24.41,1.8417,-0.31475,1.1087
0,0,0,0,24.42,1.8441,-0.329,1.1069
0,0,0,0,24.43,1.8467,-0.34321,1.1049
0,0,0,0,24.44,1.8489,-0.35692,1.1024
0,0,0,0,24.45,1.8514,-0.37099,1.1005
0,0,0,0,24.46,1.8536,-0.38483,1.0984
0,0,0,0,24.47,1.8556,-0.39854,1.0963
0,0,0,0,24.48,1.8573,-0.41219,1.0941
0,0,0,0,24.49,1.8588,-0.42569,1.0921
0,0,0,0,24.5,1.86,-0.43892,1.0901
0,0,0,0,24.51,1.8612,-0.45225,1.0882
0,0,0,0,24.52,1.8624,-0.46546,1.0864
0,0,0,0,24.53,1.8636,-0.47875,1.0847
0,0,0,0,24.54,1.8646,-0.49204,1.083
0,0,0,0,24.55,1.8654,-0.5049,1.0814
0,0,0,0,24.56,1.866,-0.51779,1.0799
0,0,0,0,24.57,1.8667,-0.53065,1.0784
0,0,0,0,24.58,1.867,-0.5433,1.0768
0,0,0,0,24.59,1.8672,-0.55584,1.0754
0,0,0,0,24.6,1.8673,-0.56822,1.074
0,0,0,0,24.61,1.8674,-0.58064,1.0728
0,0,0,0,24.62,1.8674,-0.59291,1.0716
0,0,0,0,24.63,1.8672,-0.60502,1.0704
0,0,0,0,24.64,1.8669,-0.61697,1.069
0,0,0,0,24.65,1.8665,-0.62891,1.0678
0,0,0,0,24.66,1.8657,-0.64059,1.0664
0,0,0,0,24.67,1.8649,-0.65211,1.065
0,0,0,0,24.68,1.864,-0.66344,1.0637
0,0,0,0,24.69,1.8627,-0.67454,1.0622
0,0,0,0,24.7,1.8616,-0.68564,1.0609
0,0,0,0,24.71,1.8603,-0.69656,1.0596
0,0,0,0,24.72,1.8588,-0.70739,1.0581
0,0,0,0,24.73,1.8569,-0.71781,1.0565
0,0,0,0,24.74,1.8551,-0.72826,1.055
0,0,0,0,24.75,1.8534,-0.73876,1.0536
0,0,0,0,24.76,1.8514,-0.74906,1.052
0,0,0,0,24.77,1.8488,-0.75916,1.0502
0,0,0,0,24.78,1.8467,-0.76904,1.0487
0,0,0,0,24.79,1.8444,-0.77879,1.0472
0,0,0,0,24.8,1.8421,-0.78845,1.0456
0,0,0,0,24.81,1.8396,-0.79799,1.044
0,0,0,0,24.82,1.837,-0.80742,1.0425
0,0,0,0,24.83,1.8342,-0.8168,1.041
0,0,0,0,24.84,1.8314,-0.82607,1.0396
0,0,0,0,24.85,1.8289,-0.83528,1.0381
0,0,0,0,24.86,1.8259,-0.84418,1.0366
0,0,0,0,24.87,1.8229,-0.85298,1.035
0,0,0,0,24.88,1.8198,-0.86175,1.0335
0,0,0,0,24.89,1.817,-0.87051,1.0321
0,0,0,0,24.9,1.8133,-0.87909,1.0307
0,0,0,0,24.91,1.8095,-0.88752,1.0293
0,0,0,0,24.92,1.8062,-0.89605,1.0278
0,0,0,0,24.93,1.8025,-0.90431,1.0263
0,0,0,0,24.94,1.7989,-0.91243,1.0247
0,0,0,0,24.95,1.795,-0.92063,1.0232
0,0,0,0,24.96,1.7913,-0.92873,1.0217
0,0,0,0,24.97,1.7871,-0.9368,1.0203
0,0,0,0,24.98,1.7828,-0.94469,1.0189
0,0,0,0,24.99,1.7788,-0.95253,1.0173
0,0,0,0,25,1.7746,-0.9603,1.0159
0,0,0,0,25.01,1.77,-0.96795,1.0143
0,0,0,0,25.02,1.7656,-0.97568,1.0129
0,0,0,0,25.03,1.7608,-0.98307,1.0114
0,0,0,0,25.04,1.7562,-0.99014,1.0096
0,0,0,0,25.05,1.7514,-0.99751,1.0083
0,0,0,0,25.06,1.7463,-1.0047,1.0071
0,0,0,0,25.07,1.741,-1.0119,1.0057
0,0,0,0,25.08,1.7364,-1.0189,1.0042
0,0,0,0,25.09,1.7313,-1.0258,1.0028
0,0,0,0,25.1,1.726,-1.0327,1.0014
0,0,0,0,25.11,1.7209,-1.0393,0.99993
0,0,0,0,25.12,1.7155,-1.0458,0.99863
0,0,0,0,25.13,1.71,-1.0524,0.99736
0,0,0,0,25.14,1.7043,-1.0589,0.99614
0,0,0,0,25.15,1.6988,-1.0655,0.99484
0,0,0,0,25.16,1.6931,-1.0719,0.99353
0,0,0,0,25.17,1.6872,-1.0783,0.99241
0,0,0,0,25.18,1.6812,-1.0847,0.99134
0,0,0,0,25.19,1.6751,-1.091,0.99028
0,0,0,0,25.2,1.6691,-1.0973,0.98912
0,0,0,0,25.21,1.6629,-1.1035,0.98808
0,0,0,0,25.22,1.6564,-1.1097,0.98717
0,0,0,0,25.23,1.6497,-1.1156,0.98612
0,0,0,0,25.24,1.6432,-1.1217,0.98516
0,0,0,0,25.25,1.6366,-1.1275,0.98429
0,0,0,0,25.26,1.6299,-1.1332,0.98341
0,0,0,0,25.27,1.6231,-1.139,0.98251
0,0,0,0,25.28,1.6165,-1.1446,0.98165
0,0,0,0,25.29,1.6097,-1.1502,0.98077
0,0,0,0,25.3,1.6026,-1.1555,0.97978
0,0,0,0,25.31,1.5956,-1.1608,0.97927
0,0,0,0,25.32,1.5885,-1.1662,0.97872
0,0,0,0,25.33,1.5813,-1.1716,0.97813
0,0,0,0,25.34,1.5741,-1.1767,0.97752
0,0,0,0,25.35,1.5668,-1.1818,0.97695
0,0,0,0,25.36,1.5596,-1.1866,0.97643
0,0,0,0,25.37,1.5523,-1.1917,0.9761
0,0,0,0,25.38,1.5445,-1.1967,0.97568
0,0,0,0,25.39,1.5366,-1.2015,0.97527
0,0,0,0,25.4,1.529,-1.2062,0.97489
0,0,0,0,25.41,1.5214,-1.2107,0.97454
0,0,0,0,25.42,1.5137,-1.2152,0.97431
0,0,0,0,25.43,1.5059,-1.2196,0.97405
0,0,0,0,25.44,1.4981,-1.2238,0.9738
0,0,0,0,25.45,1.4903,-1.2282,0.97362
0,0,0,0,25.46,1.4822,-1.2322,0.97335
0,0,0,0,25.47,1.474,-1.2363,0.97309
0,0,0,0,25.48,1.4658,-1.2404,0.97289
0,0,0,0,25.49,1.4575,-1.2445,0.97287
0,0,0,0,25.5,1.4494,-1.2482,0.97284
0,0,0,0,25.51,1.4416,-1.2523,0.97286
0,0,0,0,25.52,1.4329,-1.256,0.97267
0,0,0,0,25.53,1.4243,-1.2598,0.97255
0,0,0,0,25.54,1.4161,-1.2634,0.97257
0,0,0,0,25.55,1.4077,-1.2668,0.97258
0,0,0,0,25.56,1.3991,-1.2704,0.97268
0,0,0,0,25.57,1.391,-1.2738,0.97288
0,0,0,0,25.58,1.3824,-1.2771,0.97294
0,0,0,0,25.59,1.3734,-1.2803,0.97294
0,0,0,0,25.6,1.3647,-1.2835,0.97301
0,0,0,0,25.61,1.3562,-1.2865,0.97315
0,0,0,0,25.62,1.3477,-1.2895,0.97333
0,0,0,0,25.63,1.3388,-1.2924,0.97352
0,0,0,0,25.64,1.33,-1.2953,0.9737
0,0,0,0,25.65,1.3215,-1.2979,0.97393
0,0,0,0,25.66,1.3126,-1.3007,0.97414
0,0,0,0,25.67,1.3037,-1.3033,0.97434
0,0,0,0,25.68,1.2949,-1.3057,0.97454
0,0,0,0,25.69,1.2859,-1.3082,0.9747
0,0,0,0,25.7,1.277,-1.3106,0.97498
0,0,0,0,25.71,1.2681,-1.3129,0.97528
0,0,0,0,25.72,1.2591,-1.3151,0.97553
0,0,0,0,25.73,1.25,-1.3173,0.97576
0,0,0,0,25.74,1.241,-1.3193,0.97609
0,0,0,0,25.75,1.232,-1.3213,0.97632
0,0,0,0,25.76,1.2229,-1.3234,0.97663
0,0,0,0,25.77,1.2138,-1.3253,0.97701
0,0,0,0,25.78,1.2048,-1.3271,0.97741
0,0,0,0,25.79,1.1957,-1.329,0.97787
0,0,0,0,25.8,1.1865,-1.3307,0.97825
0,0,0,0,25.81,1.1773,-1.3323,0.97863
0,0,0,0,25.82,1.1682,-1.3338,0.97908
0,0,0,0,25.83,1.1591,-1.3354,0.97956
0,0,0,0,25.84,1.1497,-1.3369,0.98007
0,0,0,0,25.85,1.1406,-1.3382,0.98059
0,0,0,0,25.86,1.1315,-1.3396,0.98122
0,0,0,0,25.87,1.1225,-1.3411,0.98186
0,0,0,0,25.88,1.1134,-1.3422,0.98245
0,0,0,0,25.89,1.1044,-1.3433,0.98308
0,0,0,0,25.9,1.0953,-1.3444,0.98373
0,0,0,0,25.91,1.0862,-1.3453,0.98439
0,0,0,0,25.92,1.0772,-1.3461,0.98507
0,0,0,0,25.93,1.0683,-1.3469,0.98576
0,0,0,0,25.94,1.0591,-1.3475,0.98651
0,0,0,0,25.95,1.0501,-1.3481,0.98726
0,0,0,0,25.96,1.0411,-1.3485,0.98797
0,0,0,0,25.97,1.032,-1.3489,0.98872
0,0,0,0,25.98,1.023,-1.3493,0.98953
0,0,0,0,25.99,1.0139,-1.3495,0.9903
0,0,0,0,26,1.0049,-1.3496,0.99115
0,0,0,0,26.01,0.99593,-1.3498,0.99204
0,0,0,0,26.02,0.98691,-1.3499,0.99285
0,0,0,0,26.03,0.97784,-1.3499,0.9938
0,0,0,0,26.04,0.96877,-1.3498,0.99468
0,0,0,0,26.05,0.95966,-1.3497,0.99557
0,0,0,0,26.06,0.95058,-1.3494,0.99651
0,0,0,0,26.07,0.94153,-1.3491,0.9975
0,0,0,0,26.08,0.9325,-1.3489,0.99847
0,0,0,0,26.09,0.92342,-1.3485,0.99959
0,0,0,0,26.1,0.91434,-1.3481,1.0007
0,0,0,0,26.11,0.90529,-1.3476,1.0018
0,0,0,0,26.12,0.89629,-1.3471,1.0029
0,0,0,0,26.13,0.88724,-1.3465,1.004
0,0,0,0,26.14,0.87814,-1.3457,1.005
0,0,0,0,26.15,0.86904,-1.3449,1.0061
0,0,0,0,26.16,0.86005,-1.3441,1.0072
0,0,0,0,26.17,0.85098,-1.3432,1.0083
0,0,0,0,26.18,0.84197,-1.3423,1.0096
0,0,0,0,26.19,0.83293,-1.3411,1.0107
0,0,0,0,26.2,0.82391,-1.3399,1.0118
0,0,0,0,26.21,0.81498,-1.3386,1.0129
0,0,0,0,26.22,0.80594,-1.3371,1.0141
0,0,0,0,26.23,0.79694,-1.3356,1.0151
0,0,0,0,26.24,0.78797,-1.3341,1.0162
0,0,0,0,26.25,0.77906,-1.3324,1.0174
0,0,0,0,26.26,0.77007,-1.3307,1.0185
0,0,0,0,26.27,0.76115,-1.3288,1.0197
0,0,0,0,26.28,0.7522,-1.327,1.0208
0,0,0,0,26.29,0.74329,-1.3252,1.022
0,0,0,0,26.3,0.73444,-1.3233,1.0233
0,0,0,0,26.31,0.72555,-1.3213,1.0244
0,0,0,0,26.32,0.71671,-1.3193,1.0256
0,0,0,0,26.33,0.70778,-1.3171,1.0268
0,0,0,0,26.34,0.69894,-1.3149,1.0281
0,0,0,0,26.35,0.69008,-1.3126,1.0293
0,0,0,0,26.36,0.68118,-1.3103,1.0306
0,0,0,0,26.37,0.67236,-1.3079,1.0318
0,0,0,0,26.38,0.66355,-1.3055,1.0331
0,0,0,0,26.39,0.65474,-1.3029,1.0343
0,0,0,0,26.4,0.64587,-1.3004,1.0355
0,0,0,0,26.41,0.63706,-1.2977,1.0367
0,0,0,0,26.42,0.62828,-1.2951,1.0381
0,0,0,0,26.43,0.61951,-1.2926,1.0395
0,0,0,0,26.44,0.61072,-1.2896,1.0407
0,0,0,0,26.45,0.60194,-1.2869,1.042
0,0,0,0,26.46,0.59323,-1.2839,1.0432
0,0,0,0,26.47,0.58453,-1.2811,1.0446
0,0,0,0,26.48,0.57577,-1.278,1.0458
0,0,0,0,26.49,0.56699,-1.2748,1.0471
0,0,0,0,26.5,0.55834,-1.2717,1.0486
0,0,0,0,26.51,0.54969,-1.2685,1.05
0,0,0,0,26.52,0.54103,-1.2652,1.0513
0,0,0,0,26.53,0.53245,-1.2621,1.0526
0,0,0,0,26.54,0.5239,-1.2589,1.054
0,0,0,0,26.55,0.51548,-1.2559,1.0554
0,0,0,0,26.56,0.50704,-1.253,1.0571
0,0,0,0,26.57,0.4987,-1.2503,1.0587
0,0,0,0,26.58,0.49051,-1.2479,1.0605
0,0,0,0,26.59,0.4824,-1.2452,1.0621
0,0,0,0,26.6,0.47442,-1.2428,1.0638
0,0,0,0,26.61,0.46644,-1.2405,1.0656
0,0,0,0,26.62,0.45844,-1.2379,1.0671
0,0,0,0,26.63,0.45063,-1.2355,1.0687
0,0,0,0,26.64,0.44282,-1.233,1.0702
0,0,0,0,26.65,0.43505,-1.2304,1.0717
0,0,0,0,26.66,0.42723,-1.2279,1.0734
0,0,0,0,26.67,0.41944,-1.2252,1.0747
0,0,0,0,26.68,0.41167,-1.2225,1.076
0,0,0,0,26.69,0.40404,-1.2197,1.0773
0,0,0,0,26.7,0.3964,-1.2169,1.0786
0,0,0,0,26.71,0.38873,-1.2139,1.0796
0,0,0,0,26.72,0.38104,-1.211,1.0806
0,0,0,0,26.73,0.37343,-1.2079,1.0815
0,0,0,0,26.74,0.36578,-1.2049,1.0826
0,0,0,0,26.75,0.35818,-1.2019,1.0835
0,0,0,0,26.76,0.35056,-1.1989,1.0843
0,0,0,0,26.77,0.34291,-1.1959,1.085
0,0,0,0,26.78,0.33537,-1.1927,1.0856
0,0,0,0,26.79,0.32778,-1.1897,1.0863
0,0,0,0,26.8,0.32023,-1.1869,1.0871
0,0,0,0,26.81,0.31284,-1.1837,1.0877
0,0,0,0,26.82,0.30548,-1.1809,1.0883
0,0,0,0,26.83,0.29806,-1.1779,1.0888
0,0,0,0,26.84,0.2907,-1.1751,1.0894
0,0,0,0,26.85,0.28346,-1.1722,1.0898
0,0,0,0,26.86,0.2762,-1.1695,1.0903
0,0,0,0,26.87,0.26897,-1.1672,1.0908
0,0,0,0,26.88,0.26181,-1.1643,1.0912
0,0,0,0,26.89,0.25471,-1.1618,1.0917
0,0,0,0,26.9,0.24755,-1.1592,1.0922
0,0,0,0,26.91,0.24055,-1.1566,1.0926
0,0,0,0,26.92,0.2337,-1.1541,1.0929
0,0,0,0,26.93,0.2268,-1.1518,1.0934
0,0,0,0,26.94,0.22001,-1.1495,1.094
0,0,0,0,26.95,0.21328,-1.1472,1.0944
0,0,0,0,26.96,0.20653,-1.1449,1.0948
0,0,0,0,26.97,0.19976,-1.1427,1.0953
0,0,0,0,26.98,0.19317,-1.1406,1.0958
0,0,0,0,26.99,0.18652,-1.1385,1.0961
0,0,0,0,27,0.17985,-1.1363,1.0965
0,0,0,0,27.01,0.17334,-1.1342,1.097
0,0,0,0,27.02,0.16681,-1.1323,1.0973
0,0,0,0,27.03,0.16031,-1.1303,1.0976
0,0,0,0,27.04,0.15397,-1.1282,1.0979
0,0,0,0,27.05,0.1476,-1.1262,1.0981
0,0,0,0,27.06,0.14121,-1.1245,1.0986
0,0,0,0,27.07,0.13494,-1.1224,1.0989
0,0,0,0,27.08,0.12854,-1.1203,1.0991
0,0,0,0,27.09,0.1222,-1.1184,1.0993
0,0,0,0,27.1,0.11611,-1.1163,1.0994
0,0,0,0,27.11,0.10995,-1.1143,1.0996
0,0,0,0,27.12,0.10375,-1.1124,1.0997
0,0,0,0,27.13,0.09752,-1.1105,1.0999
0,0,0,0,27.14,0.091397,-1.1085,1.1
0,0,0,0,27.15,0.085369,-1.1065,1.0999
0,0,0,0,27.16,0.079377,-1.1046,1.1
0,0,0,0,27.17,0.073174,-1.1029,1.1002
0,0,0,0,27.18,0.067195,-1.1007,1.1001
0,0,0,0,27.19,0.061251,-1.0986,1.1
0,0,0,0,27.2,0.05522,-1.0967,1.1
0,0,0,0,27.21,0.049078,-1.0946,1.0998
0,0,0,0,27.22,0.043122,-1.0926,1.0997
0,0,0,0,27.23,0.037168,-1.0906,1.0996
0,0,0,0,27.24,0.03129,-1.0888,1.0995
0,0,0,0,27.25,0.0254,-1.0866,1.0992
0,0,0,0,27.26,0.019603,-1.0845,1.099
0,0,0,0,27.27,0.013737,-1.0826,1.0988
0,0,0,0,27.28,0.007824,-1.0804,1.0985
0,0,0,0,27.29,0.00192,-1.0784,1.0983
0,0,0,0,27.3,-0.003961,-1.0763,1.098
0,0,0,0,27.31,-0.009788,-1.0741,1.0976
0,0,0,0,27.32,-0.015573,-1.0721,1.0972
0,0,0,0,27.33,-0.021381,-1.07,1.097
0,0,0,0,27.34,-0.027213,-1.068,1.0968
0,0,0,0,27.35,-0.032851,-1.066,1.0963
0,0,0,0,27.36,-0.038522,-1.0638,1.0958
0,0,0,0,27.37,-0.044321,-1.0617,1.0954
0,0,0,0,27.38,-0.049806,-1.0596,1.0947
0,0,0,0,27.39,-0.055653,-1.0574,1.0943
0,0,0,0,27.4,-0.061441,-1.0553,1.0939
0,0,0,0,27.41,-0.067163,-1.0531,1.0934
0,0,0,0,27.42,-0.07284,-1.051,1.0929
0,0,0,0,27.43,-0.07842,-1.0489,1.0924
0,0,0,0,27.44,-0.084195,-1.0466,1.0918
0,0,0,0,27.45,-0.089761,-1.0444,1.0913
0,0,0,0,27.46,-0.095395,-1.0423,1.0907
0,0,0,0,27.47,-0.10103,-1.0401,1.0901
0,0,0,0,27.48,-0.10665,-1.0379,1.0894
0,0,0,0,27.49,-0.11218,-1.0356,1.0887
0,0,0,0,27.5,-0.11766,-1.0334,1.088
0,0,0,0,27.51,-0.12323,-1.0312,1.0873
0,0,0,0,27.52,-0.12891,-1.0289,1.0867
0,0,0,0,27.53,-0.13447,-1.0266,1.086
0,0,0,0,27.54,-0.14005,-1.0242,1.0853
0,0,0,0,27.55,-0.14563,-1.022,1.0845
0,0,0,0,27.56,-0.15127,-1.0197,1.0838
0,0,0,0,27.57,-0.15667,-1.0173,1.0829
0,0,0,0,27.58,-0.16218,-1.015,1.0821
0,0,0,0,27.59,-0.16772,-1.0125,1.0813
0,0,0,0,27.6,-0.17327,-1.01,1.0804
0,0,0,0,27.61,-0.1787,-1.0077,1.0796
0,0,0,0,27.62,-0.18424,-1.0051,1.0788
0,0,0,0,27.63,-0.1897,-1.0028,1.0779
0,0,0,0,27.64,-0.19508,-1.0004,1.077
0,0,0,0,27.65,-0.20042,-0.99787,1.0761
0,0,0,0,27.66,-0.20577,-0.99534,1.0752
0,0,0,0,27.67,-0.21113,-0.99293,1.0744
0,0,0,0,27.68,-0.21628,-0.99062,1.0735
0,0,0,0,27.69,-0.22143,-0.9882,1.0727
0,0,0,0,27.7,-0.2266,-0.98593,1.0718
0,0,0,0,27.71,-0.23177,-0.98374,1.071
0,0,0,0,27.72,-0.23702,-0.98123,1.0702
0,0,0,0,27.73,-0.24193,-0.97905,1.0693
0,0,0,0,27.74,-0.2469,-0.97712,1.0686
0,0,0,0,27.75,-0.25202,-0.97514,1.0678
0,0,0,0,27.76,-0.25713,-0.97292,1.067
0,0,0,0,27.77,-0.26194,-0.97095,1.066
0,0,0,0,27.78,-0.26693,-0.96903,1.0652
0,0,0,0,27.79,-0.27192,-0.96706,1.0642
0,0,0,0,27.8,-0.27691,-0.96497,1.0634
0,0,0,0,27.81,-0.28174,-0.96303,1.0624
0,0,0,0,27.82,-0.28647,-0.96124,1.0615
0,0,0,0,27.83,-0.2914,-0.95939,1.0607
0,0,0,0,27.84,-0.29638,-0.95725,1.0595
0,0,0,0,27.85,-0.30106,-0.95537,1.0584
0,0,0,0,27.86,-0.30581,-0.9536,1.0573
0,0,0,0,27.87,-0.31072,-0.95168,1.0561
0,0,0,0,27.88,-0.31535,-0.94969,1.055
0,0,0,0,27.89,-0.31995,-0.94767,1.0538
0,0,0,0,27.9,-0.32467,-0.94585,1.0525
0,0,0,0,27.91,-0.32939,-0.94408,1.0513
0,0,0,0,27.92,-0.33406,-0.94236,1.05
0,0,0,0,27.93,-0.3386,-0.94053,1.0485
0,0,0,0,27.94,-0.34317,-0.93903,1.0471
0,0,0,0,27.95,-0.34769,-0.93745,1.0458
0,0,0,0,27.96,-0.35219,-0.93585,1.0444
0,0,0,0,27.97,-0.35672,-0.93418,1.0429
0,0,0,0,27.98,-0.36129,-0.9325,1.0414
0,0,0,0,27.99,-0.36573,-0.93107,1.0399
0,0,0,0,28,-0.37005,-0.9297,1.0383
0,0,0,0,28.01,-0.37448,-0.92829,1.0367
0,0,0,0,28.02,-0.37873,-0.92672,1.0351
0,0,0,0,28.03,-0.38299,-0.92523,1.0334
0,0,0,0,28.04,-0.38733,-0.92364,1.0317
0,0,0,0,28.05,-0.39144,-0.92222,1.0299
0,0,0,0,28.06,-0.39557,-0.92085,1.0282
0,0,0,0,28.07,-0.3998,-0.91916,1.0263
0,0,0,0,28.08,-0.40379,-0.91757,1.0244
0,0,0,0,28.09,-0.40789,-0.91595,1.0224
0,0,0,0,28.1,-0.41204,-0.91453,1.0205
0,0,0,0,28.11,-0.41594,-0.91291,1.0185
0,0,0,0,28.12,-0.42006,-0.91104,1.0165
0,0,0,0,28.13,-0.4242,-0.90922,1.0144
0,0,0,0,28.14,-0.42798,-0.9074,1.0123
0,0,0,0,28.15,-0.43194,-0.90558,1.0101
0,0,0,0,28.16,-0.43587,-0.90369,1.0079
0,0,0,0,28.17,-0.43971,-0.9019,1.0057
0,0,0,0,28.18,-0.4436,-0.90017,1.0034
0,0,0,0,28.19,-0.44739,-0.89835,1.0008
0,0,0,0,28.2,-0.45141,-0.89667,0.99869
0,0,0,0,28.21,-0.45535,-0.89509,0.99659
0,0,0,0,28.22,-0.45929,-0.89342,0.99433
0,0,0,0,28.23,-0.4632,-0.89177,0.99204
0,0,0,0,28.24,-0.46707,-0.89022,0.98978
0,0,0,0,28.25,-0.47096,-0.88886,0.98752
0,0,0,0,28.26,-0.47485,-0.88746,0.98524
0,0,0,0,28.27,-0.47875,-0.88604,0.98298
0,0,0,0,28.28,-0.48257,-0.88465,0.98073
0,0,0,0,28.29,-0.48637,-0.8833,0.97855
0,0,0,0,28.3,-0.49013,-0.88183,0.97638
0,0,0,0,28.31,-0.49376,-0.88036,0.97385
0,0,0,0,28.32,-0.49749,-0.87895,0.97185
0,0,0,0,28.33,-0.50118,-0.87761,0.96991
0,0,0,0,28.34,-0.50484,-0.87616,0.96778
0,0,0,0,28.35,-0.50847,-0.87468,0.96556
0,0,0,0,28.36,-0.51209,-0.87316,0.96341
0,0,0,0,28.37,-0.51567,-0.87164,0.96137
0,0,0,0,28.38,-0.51908,-0.8701,0.9593
0,0,0,0,28.39,-0.52252,-0.86837,0.95725
0,0,0,0,28.4,-0.52565,-0.86662,0.9548
0,0,0,0,28.41,-0.52914,-0.86489,0.95268
0,0,0,0,28.42,-0.53261,-0.86311,0.95069
0,0,0,0,28.43,-0.53601,-0.86129,0.94819
0,0,0,0,28.44,-0.53939,-0.85946,0.94609
0,0,0,0,28.45,-0.54271,-0.8575,0.94409
0,0,0,0,28.46,-0.54604,-0.85552,0.94191
0,0,0,0,28.47,-0.54929,-0.85354,0.93975
0,0,0,0,28.48,-0.5527,-0.85141,0.93741
0,0,0,0,28.49,-0.55584,-0.84917,0.93493
0,0,0,0,28.5,-0.55915,-0.84692,0.93273
0,0,0,0,28.51,-0.56242,-0.84473,0.93018
0,0,0,0,28.52,-0.5657,-0.84255,0.92794
0,0,0,0,28.53,-0.56892,-0.84015,0.92575
0,0,0,0,28.54,-0.57222,-0.83774,0.9234
0,0,0,0,28.55,-0.57553,-0.83524,0.92105
0,0,0,0,28.56,-0.5788,-0.83278,0.91864
0,0,0,0,28.57,-0.58193,-0.83022,0.91612
0,0,0,0,28.58,-0.58509,-0.82754,0.91369
0,0,0,0,28.59,-0.58831,-0.82491,0.91123
0,0,0,0,28.6,-0.59146,-0.82234,0.90863
0,0,0,0,28.61,-0.59468,-0.81972,0.90616
0,0,0,0,28.62,-0.59783,-0.81697,0.90377
0,0,0,0,28.63,-0.60103,-0.81424,0.90111
0,0,0,0,28.64,-0.60411,-0.81131,0.89843
0,0,0,0,28.65,-0.60704,-0.80835,0.89569
0,0,0,0,28.66,-0.6101,-0.80553,0.89329
0,0,0,0,28.67,-0.61331,-0.80268,0.89076
0,0,0,0,28.68,-0.61644,-0.79977,0.88807
0,0,0,0,28.69,-0.61945,-0.79689,0.8854
0,0,0,0,28.7,-0.62254,-0.7939,0.88273
0,0,0,0,28.71,-0.6255,-0.79092,0.88007
0,0,0,0,28.72,-0.62843,-0.78769,0.87737
0,0,0,0,28.73,-0.63138,-0.78451,0.87469
0,0,0,0,28.74,-0.63432,-0.78156,0.87187
0,0,0,0,28.75,-0.63728,-0.77824,0.86923
0,0,0,0,28.76,-0.64013,-0.77516,0.86644
0,0,0,0,28.77,-0.64304,-0.77199,0.86368
0,0,0,0,28.78,-0.64591,-0.76868,0.86075
0,0,0,0,28.79,-0.64874,-0.76552,0.85813
0,0,0,0,28.8,-0.65157,-0.76221,0.85548
0,0,0,0,28.81,-0.65427,-0.75887,0.8524
0,0,0,0,28.82,-0.65718,-0.75557,0.84961
0,0,0,0,28.83,-0.66,-0.75226,0.847
0,0,0,0,28.84,-0.66279,-0.74886,0.84424
0,0,0,0,28.85,-0.66568,-0.74542,0.84138
0,0,0,0,28.86,-0.66824,-0.74197,0.8386
0,0,0,0,28.87,-0.67106,-0.73842,0.83574
0,0,0,0,28.88,-0.67381,-0.73498,0.83269
0,0,0,0,28.89,-0.67662,-0.73148,0.82988
0,0,0,0,28.9,-0.67932,-0.72786,0.82709
0,0,0,0,28.91,-0.6821,-0.7243,0.82421
0,0,0,0,28.92,-0.68486,-0.72075,0.8214
0,0,0,0,28.93,-0.6875,-0.71702,0.81848
0,0,0,0,28.94,-0.69013,-0.71327,0.81556
0,0,0,0,28.95,-0.69261,-0.70975,0.81273
0,0,0,0,28.96,-0.69541,-0.706,0.8098
0,0,0,0,28.97,-0.69831,-0.70217,0.80661
0,0,0,0,28.98,-0.70093,-0.69837,0.80385
0,0,0,0,28.99,-0.70352,-0.69435,0.80096
0,0,0,0,29,-0.70617,-0.69051,0.79817
0,0,0,0,29.01,-0.70878,-0.68665,0.79537
0,0,0,0,29.02,-0.71146,-0.68295,0.79245
0,0,0,0,29.03,-0.71379,-0.6788,0.78955
0,0,0,0,29.04,-0.71632,-0.67493,0.78668
0,0,0,0,29.05,-0.71904,-0.6711,0.78388
0,0,0,0,29.06,-0.72162,-0.66719,0.78113
0,0,0,0,29.07,-0.72434,-0.66255,0.77825
0,0,0,0,29.08,-0.72666,-0.65872,0.7754
0,0,0,0,29.09,-0.7291,-0.65482,0.7727
0,0,0,0,29.1,-0.73179,-0.65087,0.76979
0,0,0,0,29.11,-0.73408,-0.64695,0.76723
0,0,0,0,29.12,-0.73676,-0.64291,0.76465
0,0,0,0,29.13,-0.73934,-0.6387,0.76172
0,0,0,0,29.14,-0.74152,-0.63439,0.7593
0,0,0,0,29.15,-0.74405,-0.63005,0.75682
0,0,0,0,29.16,-0.74635,-0.62584,0.75449
0,0,0,0,29.17,-0.74897,-0.62159,0.75177
0,0,0,0,29.18,-0.75162,-0.61727,0.74958
0,0,0,0,29.19,-0.75382,-0.61288,0.74745
0,0,0,0,29.2,-0.75613,-0.60849,0.74521
0,0,0,0,29.21,-0.75871,-0.60404,0.74251
0,0,0,0,29.22,-0.76103,-0.59962,0.74044
0,0,0,0,29.23,-0.76341,-0.59506,0.73842
0,0,0,0,29.24,-0.76562,-0.59043,0.7364
0,0,0,0,29.25,-0.76786,-0.58583,0.73441
0,0,0,0,29.26,-0.76997,-0.58114,0.7326
0,0,0,0,29.27,-0.77199,-0.57665,0.73073
0,0,0,0,29.28,-0.77393,-0.57203,0.72887
0,0,0,0,29.29,-0.77592,-0.56728,0.72712
0,0,0,0,29.3,-0.77768,-0.56259,0.72545
0,0,0,0,29.31,-0.77894,-0.5578,0.72364
0,0,0,0,29.32,-0.78119,-0.55289,0.72206
0,0,0,0,29.33,-0.78305,-0.54804,0.72057
0,0,0,0,29.34,-0.7849,-0.54317,0.71899
0,0,0,0,29.35,-0.78656,-0.53829,0.71759
0,0,0,0,29.36,-0.78838,-0.53339,0.71612
0,0,0,0,29.37,-0.79002,-0.52851,0.71484
0,0,0,0,29.38,-0.79169,-0.52345,0.71354
0,0,0,0,29.39,-0.79328,-0.5185,0.71224
0,0,0,0,29.4,-0.79475,-0.51342,0.71111
0,0,0,0,29.41,-0.79632,-0.50829,0.71005
0,0,0,0,29.42,-0.79791,-0.50315,0.70895
0,0,0,0,29.43,-0.79922,-0.498,0.708
0,0,0,0,29.44,-0.8007,-0.49282,0.70716
0,0,0,0,29.45,-0.8023,-0.48747,0.7062
0,0,0,0,29.46,-0.80345,-0.48231,0.7055
0,0,0,0,29.47,-0.80483,-0.47706,0.70475
0,0,0,0,29.48,-0.80624,-0.47153,0.70405
0,0,0,0,29.49,-0.80762,-0.46634,0.70334
0,0,0,0,29.5,-0.80871,-0.46098,0.70278
0,0,0,0,29.51,-0.80977,-0.45561,0.70225
0,0,0,0,29.52,-0.81088,-0.45002,0.70183
0,0,0,0,29.53,-0.81193,-0.44442,0.70137
0,0,0,0,29.54,-0.81259,-0.43881,0.70116
0,0,0,0,29.55,-0.81305,-0.43323,0.70112
0,0,0,0,29.56,-0.8141,-0.42748,0.70087
0,0,0,0,29.57,-0.81513,-0.42155,0.70076
0,0,0,0,29.58,-0.8156,-0.4159,0.70068
0,0,0,0,29.59,-0.8162,-0.41002,0.70053
0,0,0,0,29.6,-0.81668,-0.40436,0.70058
0,0,0,0,29.61,-0.81727,-0.39835,0.70077
0,0,0,0,29.62,-0.81771,-0.39227,0.70081
0,0,0,0,29.63,-0.81789,-0.38626,0.70098
0,0,0,0,29.64,-0.81814,-0.3805,0.70116
0,0,0,0,29.65,-0.81815,-0.37467,0.70138
0,0,0,0,29.66,-0.81836,-0.36861,0.70153
0,0,0,0,29.67,-0.81842,-0.36241,0.70188
0,0,0,0,29.68,-0.81769,-0.35644,0.70229
0,0,0,0,29.69,-0.81807,-0.35011,0.7027
0,0,0,0,29.7,-0.81826,-0.34381,0.70318
0,0,0,0,29.71,-0.81782,-0.33759,0.70359
0,0,0,0,29.72,-0.81758,-0.33147,0.70431
0,0,0,0,29.73,-0.81727,-0.32483,0.70494
0,0,0,0,29.74,-0.81685,-0.31867,0.70545
0,0,0,0,29.75,-0.81639,-0.31234,0.70603
0,0,0,0,29.76,-0.81569,-0.30584,0.70679
0,0,0,0,29.77,-0.81522,-0.29921,0.70744
0,0,0,0,29.78,-0.81481,-0.29231,0.7079
0,0,0,0,29.79,-0.81395,-0.28597,0.70885
0,0,0,0,29.8,-0.81323,-0.27945,0.70975
0,0,0,0,29.81,-0.81262,-0.27232,0.71059
0,0,0,0,29.82,-0.81118,-0.26613,0.71167
0,0,0,0,29.83,-0.81053,-0.25961,0.71256
0,0,0,0,29.84,-0.80969,-0.25277,0.71351
0,0,0,0,29.85,-0.80815,-0.24611,0.71445
0,0,0,0,29.86,-0.80741,-0.23915,0.71549
0,0,0,0,29.87,-0.80674,-0.23233,0.71656
0,0,0,0,29.88,-0.80541,-0.22559,0.71764
0,0,0,0,29.89,-0.80361,-0.21882,0.71879
0,0,0,0,29.9,-0.80309,-0.21151,0.71999
0,0,0,0,29.91,-0.80236,-0.20453,0.7211
0,0,0,0,29.92,-0.80068,-0.19772,0.72218
0,0,0,0,29.93,-0.79909,-0.19077,0.72354
0,0,0,0,29.94,-0.79844,-0.18359,0.72473
0,0,0,0,29.95,-0.79777,-0.17661,0.72591
0,0,0,0,29.96,-0.7961,-0.16965,0.72714
0,0,0,0,29.97,-0.79445,-0.16268,0.72842
0,0,0,0,29.98,-0.79409,-0.15547,0.72989
0,0,0,0,29.99,-0.79305,-0.1484,0.73145
0,0,0,0,30,-0.79152,-0.14166,0.73306
0,0,0,0,30.01,-0.7895,-0.13509,0.73467
0,0,0,0,30.02,-0.78842,-0.12836,0.73642
0,0,0,0,30.03,-0.7875,-0.12153,0.73813
0,0,0,0,30.04,-0.7861,-0.11482,0.73988
0,0,0,0,30.05,-0.78447,-0.10818,0.74165
0,0,0,0,30.06,-0.7831,-0.10129,0.74333
0,0,0,0,30.07,-0.78077,-0.094875,0.74519
0,0,0,0,30.08,-0.77959,-0.088158,0.74718
0,0,0,0,30.09,-0.77823,-0.081339,0.74906
0,0,0,0,30.1,-0.77678,-0.074463,0.75111
0,0,0,0,30.11,-0.77521,-0.06741,0.753
0,0,0,0,30.12,-0.77369,-0.059974,0.75469
0,0,0,0,30.13,-0.77221,-0.052557,0.75647
0,0,0,0,30.14,-0.7706,-0.045148,0.75845
0,0,0,0,30.15,-0.76867,-0.03773,0.7603
0,0,0,0,30.16,-0.76707,-0.030303,0.76222
0,0,0,0,30.17,-0.76546,-0.022773,0.7641
0,0,0,0,30.18,-0.76359,-0.015312,0.76604
0,0,0,0,30.19,-0.76203,-0.007885,0.76793
0,0,0,0,30.2,-0.76014,-0.000462,0.76984
0,0,0,0,30.21,-0.75839,0.006964,0.77158
0,0,0,0,30.22,-0.75601,0.014132,0.77354
0,0,0,0,30.23,-0.7546,0.021449,0.77558
0,0,0,0,30.24,-0.7529,0.028716,0.7775
0,0,0,0,30.25,-0.7508,0.035912,0.77938
0,0,0,0,30.26,-0.74903,0.042977,0.78142
0,0,0,0,30.27,-0.74718,0.050129,0.78335
0,0,0,0,30.28,-0.7452,0.057267,0.78523
0,0,0,0,30.29,-0.74319,0.06422,0.78727
0,0,0,0,30.3,-0.74122,0.071097,0.78934
0,0,0,0,30.31,-0.73926,0.078045,0.79119
0,0,0,0,30.32,-0.73668,0.084783,0.79309
0,0,0,0,30.33,-0.73428,0.091581,0.79501
0,0,0,0,30.34,-0.7328,0.098415,0.79715
0,0,0,0,30.35,-0.73083,0.10521,0.79917
0,0,0,0,30.36,-0.72911,0.11208,0.80107
0,0,0,0,30.37,-0.72738,0.11901,0.80299
0,0,0,0,30.38,-0.72513,0.12577,0.80499
0,0,0,0,30.39,-0.72325,0.13259,0.80701
0,0,0,0,30.4,-0.72119,0.13932,0.80897
0,0,0,0,30.41,-0.71887,0.14603,0.81088
0,0,0,0,30.42,-0.71667,0.15285,0.81283
0,0,0,0,30.43,-0.71441,0.15953,0.81482
0,0,0,0,30.44,-0.71217,0.16626,0.81674
0,0,0,0,30.45,-0.70942,0.17297,0.81864
0,0,0,0,30.46,-0.70732,0.17973,0.82064
0,0,0,0,30.47,-0.70496,0.18644,0.82254
0,0,0,0,30.48,-0.70228,0.19331,0.82434
0,0,0,0,30.49,-0.69979,0.19998,0.82633
0,0,0,0,30.5,-0.69732,0.2071,0.82816
0,0,0,0,30.51,-0.69456,0.21368,0.83
0,0,0,0,30.52,-0.69189,0.22016,0.83177
0,0,0,0,30.53,-0.6892,0.22683,0.83359
0,0,0,0,30.54,-0.68639,0.23354,0.83535
0,0,0,0,30.55,-0.68357,0.24014,0.83703
0,0,0,0,30.56,-0.68067,0.24668,0.8388
0,0,0,0,30.57,-0.67762,0.25311,0.84054
0,0,0,0,30.58,-0.67491,0.25948,0.84242
0,0,0,0,30.59,-0.67218,0.266,0.84405
0,0,0,0,30.6,-0.66922,0.27195,0.84588
0,0,0,0,30.61,-0.66631,0.27796,0.84761
0,0,0,0,30.62,-0.66318,0.28405,0.84932
0,0,0,0,30.63,-0.66007,0.29005,0.85106
0,0,0,0,30.64,-0.6568,0.2958,0.85275
0,0,0,0,30.65,-0.65377,0.30179,0.85427
0,0,0,0,30.66,-0.65073,0.30758,0.85603
0,0,0,0,30.67,-0.6475,0.31312,0.85781
0,0,0,0,30.68,-0.64444,0.31878,0.85942
0,0,0,0,30.69,-0.64133,0.32456,0.86099
0,0,0,0,30.7,-0.63788,0.33037,0.86247
0,0,0,0,30.71,-0.6346,0.33608,0.8639
0,0,0,0,30.72,-0.63125,0.3417,0.86544
0,0,0,0,30.73,-0.6277,0.34735,0.86695
0,0,0,0,30.74,-0.6242,0.35295,0.86845
0,0,0,0,30.75,-0.62068,0.35861,0.86977
0,0,0,0,30.76,-0.61711,0.3643,0.87104
0,0,0,0,30.77,-0.61352,0.36987,0.87235
0,0,0,0,30.78,-0.60988,0.37521,0.87376
0,0,0,0,30.79,-0.60634,0.38056,0.87521
0,0,0,0,30.8,-0.60198,0.38583,0.87657
0,0,0,0,30.81,-0.59848,0.39137,0.8778
0,0,0,0,30.82,-0.59496,0.39663,0.87905
0,0,0,0,30.83,-0.59092,0.40186,0.88023
0,0,0,0,30.84,-0.58708,0.40716,0.88136
0,0,0,0,30.85,-0.58341,0.41219,0.88278
0,0,0,0,30.86,-0.57945,0.41712,0.88409
0,0,0,0,30.87,-0.57556,0.4221,0.88529
0,0,0,0,30.88,-0.57153,0.42699,0.88659
0,0,0,0,30.89,-0.56755,0.43175,0.88781
0,0,0,0,30.9,-0.56347,0.43643,0.88899
0,0,0,0,30.91,-0.55921,0.4411,0.89011
0,0,0,0,30.92,-0.555,0.44557,0.89156
0,0,0,0,30.93,-0.55087,0.45012,0.89282
0,0,0,0,30.94,-0.54676,0.45451,0.89404
0,0,0,0,30.95,-0.54257,0.45888,0.89533
0,0,0,0,30.96,-0.53817,0.46317,0.89669
0,0,0,0,30.97,-0.53377,0.46746,0.89793
0,0,0,0,30.98,-0.52941,0.47163,0.89916
0,0,0,0,30.99,-0.52499,0.47576,0.90044
0,0,0,0,31,-0.52056,0.47983,0.90177
0,0,0,0,31.01,-0.51619,0.48384,0.90308
0,0,0,0,31.02,-0.51173,0.48776,0.90441
0,0,0,0,31.03,-0.5071,0.49168,0.9056
0,0,0,0,31.04,-0.50255,0.49557,0.907
0,0,0,0,31.05,-0.49803,0.49926,0.90846
0,0,0,0,31.06,-0.4934,0.50302,0.90981
0,0,0,0,31.07,-0.48879,0.50682,0.91103
0,0,0,0,31.08,-0.4836,0.51044,0.91231
0,0,0,0,31.09,-0.4791,0.51414,0.91374
0,0,0,0,31.1,-0.47463,0.51785,0.91493
0,0,0,0,31.11,-0.46971,0.52143,0.9162
0,0,0,0,31.12,-0.46503,0.52506,0.91768
0,0,0,0,31.13,-0.46008,0.52865,0.91896
0,0,0,0,31.14,-0.45534,0.5322,0.92015
0,0,0,0,31.15,-0.4505,0.53561,0.92139
0,0,0,0,31.16,-0.44567,0.5392,0.92263
0,0,0,0,31.17,-0.44081,0.54267,0.92395
0,0,0,0,31.18,-0.43588,0.54602,0.92509
0,0,0,0,31.19,-0.43091,0.54942,0.92636
0,0,0,0,31.2,-0.42593,0.55252,0.92779
0,0,0,0,31.21,-0.42108,0.55584,0.92893
0,0,0,0,31.22,-0.41587,0.55903,0.93017
0,0,0,0,31.23,-0.41078,0.56214,0.93135
0,0,0,0,31.24,-0.40576,0.56516,0.93254
0,0,0,0,31.25,-0.40079,0.56827,0.9337
0,0,0,0,31.26,-0.39575,0.57126,0.93491
0,0,0,0,31.27,-0.39064,0.57416,0.93606
0,0,0,0,31.28,-0.38548,0.57687,0.93723
0,0,0,0,31.29,-0.38036,0.57973,0.93843
0,0,0,0,31.3,-0.37519,0.58244,0.93962
0,0,0,0,31.31,-0.37013,0.58501,0.94069
0,0,0,0,31.32,-0.36501,0.58751,0.94179
0,0,0,0,31.33,-0.35978,0.59003,0.94289
0,0,0,0,31.34,-0.35479,0.5926,0.94403
0,0,0,0,31.35,-0.34948,0.59498,0.94518
0,0,0,0,31.36,-0.34433,0.5974,0.9463
0,0,0,0,31.37,-0.33923,0.59976,0.94746
0,0,0,0,31.38,-0.33404,0.60204,0.94854
0,0,0,0,31.39,-0.32872,0.60429,0.94973
0,0,0,0,31.4,-0.32351,0.60658,0.95075
0,0,0,0,31.41,-0.3183,0.60882,0.95179
0,0,0,0,31.42,-0.31301,0.61111,0.95279
0,0,0,0,31.43,-0.30762,0.6133,0.95376
0,0,0,0,31.44,-0.30224,0.6154,0.9548
0,0,0,0,31.45,-0.29703,0.61759,0.95585
0,0,0,0,31.46,-0.29179,0.6198,0.95688
0,0,0,0,31.47,-0.2864,0.62185,0.95791
0,0,0,0,31.48,-0.2809,0.62395,0.95885
0,0,0,0,31.49,-0.27535,0.62603,0.95981
0,0,0,0,31.5,-0.26986,0.62807,0.96082
0,0,0,0,31.51,-0.26447,0.6301,0.96178
0,0,0,0,31.52,-0.25899,0.63204,0.96273
0,0,0,0,31.53,-0.25347,0.63394,0.96362
0,0,0,0,31.54,-0.2479,0.63568,0.96457
0,0,0,0,31.55,-0.24241,0.63743,0.96548
0,0,0,0,31.56,-0.23697,0.63921,0.96637
0,0,0,0,31.57,-0.23166,0.64086,0.96738
0,0,0,0,31.58,-0.22629,0.64238,0.96843
0,0,0,0,31.59,-0.22095,0.64384,0.96937
0,0,0,0,31.6,-0.21554,0.64534,0.97029
0,0,0,0,31.61,-0.21016,0.64682,0.97108
0,0,0,0,31.62,-0.20491,0.64829,0.972
0,0,0,0,31.63,-0.19976,0.64985,0.97282
0,0,0,0,31.64,-0.19456,0.65131,0.97357
0,0,0,0,31.65,-0.18936,0.65267,0.97438
0,0,0,0,31.66,-0.18415,0.65395,0.97523
0,0,0,0,31.67,-0.17891,0.65526,0.97599
0,0,0,0,31.68,-0.17373,0.65658,0.97671
0,0,0,0,31.69,-0.16843,0.65786,0.97742
0,0,0,0,31.7,-0.16312,0.65906,0.9781
0,0,0,0,31.71,-0.15793,0.66045,0.97888
0,0,0,0,31.72,-0.15279,0.66163,0.97964
0,0,0,0,31.73,-0.14762,0.66277,0.98035
0,0,0,0,31.74,-0.14241,0.66391,0.98101
0,0,0,0,31.75,-0.13725,0.66507,0.98175
0,0,0,0,31.76,-0.1321,0.66604,0.98246
0,0,0,0,31.77,-0.12688,0.66697,0.98312
0,0,0,0,31.78,-0.12171,0.66793,0.98391
0,0,0,0,31.79,-0.11661,0.66887,0.98457
0,0,0,0,31.8,-0.1116,0.66977,0.98517
0,0,0,0,31.81,-0.10661,0.67057,0.98586
0,0,0,0,31.82,-0.10156,0.67126,0.98655
0,0,0,0,31.83,-0.096559,0.67191,0.98724
0,0,0,0,31.84,-0.091545,0.67252,0.98785
0,0,0,0,31.85,-0.086601,0.67319,0.98847
0,0,0,0,31.86,-0.081676,0.67384,0.98907
0,0,0,0,31.87,-0.076735,0.67434,0.98974
0,0,0,0,31.88,-0.0719,0.67493,0.99037
0,0,0,0,31.89,-0.066993,0.67552,0.99097
0,0,0,0,31.9,-0.062158,0.67615,0.99164
0,0,0,0,31.91,-0.057289,0.67651,0.99221
0,0,0,0,31.92,-0.052495,0.67699,0.99279
0,0,0,0,31.93,-0.047711,0.67737,0.9935
0,0,0,0,31.94,-0.043014,0.67784,0.99409
0,0,0,0,31.95,-0.03831,0.67827,0.99462
0,0,0,0,31.96,-0.033578,0.67857,0.99518
0,0,0,0,31.97,-0.028873,0.67878,0.99574
0,0,0,0,31.98,-0.024149,0.67897,0.99624
0,0,0,0,31.99,-0.019452,0.67924,0.99679
0,0,0,0,32,-0.01488,0.67951,0.99733
0,0,0,0,32.01,-0.010281,0.67969,0.99792
0,0,0,0,32.02,-0.005651,0.67981,0.99844
0,0,0,0,32.03,-0.001127,0.6799,0.99905
0,0,0,0,32.04,0.003336,0.67994,0.99958
0,0,0,0,32.05,0.007785,0.67995,1
0,0,0,0,32.06,0.012274,0.67997,1.0006
0,0,0,0,32.07,0.016695,0.6799,1.0011
0,0,0,0,32.08,0.021083,0.67973,1.0016
0,0,0,0,32.09,0.025464,0.67963,1.0021
0,0,0,0,32.1,0.029878,0.67943,1.0026
0,0,0,0,32.11,0.034341,0.67916,1.0031
0,0,0,0,32.12,0.038652,0.67908,1.0035
0,0,0,0,32.13,0.042967,0.67896,1.004
0,0,0,0,32.14,0.047246,0.67877,1.0044
0,0,0,0,32.15,0.051645,0.6784,1.0049
0,0,0,0,32.16,0.055947,0.67817,1.0053
0,0,0,0,32.17,0.060143,0.67809,1.0056
0,0,0,0,32.18,0.064396,0.67791,1.006
0,0,0,0,32.19,0.068688,0.67779,1.0063
0,0,0,0,32.2,0.072885,0.67774,1.0066
0,0,0,0,32.21,0.077105,0.67774,1.0069
0,0,0,0,32.22,0.081318,0.67786,1.0072
0,0,0,0,32.23,0.085566,0.6781,1.0073
0,0,0,0,32.24,0.089805,0.6784,1.0074
0,0,0,0,32.25,0.094047,0.67881,1.0075
0,0,0,0,32.26,0.098333,0.67928,1.0076
0,0,0,0,32.27,0.10262,0.67978,1.0076
0,0,0,0,32.28,0.10703,0.68022,1.0075
0,0,0,0,32.29,0.1113,0.68076,1.0075
0,0,0,0,32.3,0.11549,0.68136,1.0075
0,0,0,0,32.31,0.11973,0.68185,1.0075
0,0,0,0,32.32,0.124,0.68229,1.0074
0,0,0,0,32.33,0.12802,0.68286,1.0074
0,0,0,0,32.34,0.13212,0.68325,1.0074
0,0,0,0,32.35,0.13639,0.68346,1.0075
0,0,0,0,32.36,0.1404,0.68392,1.0075
0,0,0,0,32.37,0.14439,0.68441,1.0074
0,0,0,0,32.38,0.14868,0.6846,1.0073
0,0,0,0,32.39,0.15271,0.68489,1.0074
0,0,0,0,32.4,0.15671,0.68533,1.0075
0,0,0,0,32.41,0.16073,0.6857,1.0074
0,0,0,0,32.42,0.16485,0.68606,1.0074
0,0,0,0,32.43,0.16892,0.68653,1.0073
0,0,0,0,32.44,0.17303,0.68696,1.0074
0,0,0,0,32.45,0.17725,0.6874,1.0075
0,0,0,0,32.46,0.18137,0.68795,1.0075
0,0,0,0,32.47,0.18546,0.68847,1.0074
0,0,0,0,32.48,0.18967,0.68894,1.0074
0,0,0,0,32.49,0.19378,0.68961,1.0075
0,0,0,0,32.5,0.19789,0.69035,1.0076
0,0,0,0,32.51,0.202,0.69111,1.0075
0,0,0,0,32.52,0.20616,0.69207,1.0075
0,0,0,0,32.53,0.21034,0.69304,1.0074
0,0,0,0,32.54,0.21451,0.69395,1.0073
0,0,0,0,32.55,0.21883,0.6949,1.0074
0,0,0,0,32.56,0.22304,0.69594,1.0073
0,0,0,0,32.57,0.2273,0.69707,1.0072
0,0,0,0,32.58,0.23163,0.69818,1.0071
0,0,0,0,32.59,0.23578,0.69945,1.0069
0,0,0,0,32.6,0.23995,0.70076,1.0069
0,0,0,0,32.61,0.24419,0.70223,1.0068
0,0,0,0,32.62,0.24841,0.70366,1.0066
0,0,0,0,32.63,0.25268,0.70506,1.0064
0,0,0,0,32.64,0.25685,0.70659,1.0062
0,0,0,0,32.65,0.26127,0.70812,1.0059
0,0,0,0,32.66,0.2656,0.70986,1.0057
0,0,0,0,32.67,0.26983,0.7116,1.0055
0,0,0,0,32.68,0.27417,0.71329,1.0053
0,0,0,0,32.69,0.27854,0.71499,1.005
0,0,0,0,32.7,0.28284,0.71684,1.0047
0,0,0,0,32.71,0.2871,0.71887,1.0044
0,0,0,0,32.72,0.29148,0.72078,1.0042
0,0,0,0,32.73,0.29587,0.72272,1.0038
0,0,0,0,32.74,0.30028,0.72467,1.0035
0,0,0,0,32.75,0.30458,0.72681,1.0031
0,0,0,0,32.76,0.30897,0.72894,1.0027
0,0,0,0,32.77,0.31333,0.73104,1.0022
0,0,0,0,32.78,0.31764,0.73332,1.0019
0,0,0,0,32.79,0.32198,0.73551,1.0015
0,0,0,0,32.8,0.32641,0.73773,1.001
0,0,0,0,32.81,0.33087,0.73996,1.0005
0,0,0,0,32.82,0.33524,0.7424,1
0,0,0,0,32.83,0.33956,0.74486,0.9996
0,0,0,0,32.84,0.34397,0.74721,0.99912
0,0,0,0,32.85,0.3484,0.74969,0.9985
0,0,0,0,32.86,0.35279,0.75219,0.99799
0,0,0,0,32.87,0.35731,0.75461,0.99746
0,0,0,0,32.88,0.3618,0.75724,0.99688
0,0,0,0,32.89,0.36627,0.75974,0.99633
0,0,0,0,32.9,0.37071,0.7623,0.99577
0,0,0,0,32.91,0.37503,0.76496,0.99514
0,0,0,0,32.92,0.37941,0.76755,0.99448
0,0,0,0,32.93,0.38389,0.77,0.99395
0,0,0,0,32.94,0.38823,0.77255,0.99338
0,0,0,0,32.95,0.39262,0.77508,0.99284
0,0,0,0,32.96,0.39698,0.77764,0.99224
0,0,0,0,32.97,0.40124,0.78016,0.9915
0,0,0,0,32.98,0.40559,0.78261,0.99084
0,0,0,0,32.99,0.41003,0.78494,0.99022
0,0,0,0,33,0.41435,0.78735,0.9897
0,0,0,0,33.01,0.41871,0.78982,0.98916
0,0,0,0,33.02,0.42316,0.79216,0.98858
0,0,0,0,33.03,0.42759,0.79443,0.98802
0,0,0,0,33.04,0.43185,0.79695,0.98745
0,0,0,0,33.05,0.43621,0.7994,0.98684
0,0,0,0,33.06,0.44076,0.80173,0.98621
0,0,0,0,33.07,0.44528,0.8041,0.98562
0,0,0,0,33.08,0.44968,0.80664,0.98495
0,0,0,0,33.09,0.4541,0.80912,0.98417
0,0,0,0,33.1,0.45865,0.81152,0.98342
0,0,0,0,33.11,0.46303,0.81422,0.98269
0,0,0,0,33.12,0.46747,0.81674,0.98193
0,0,0,0,33.13,0.47189,0.81924,0.98118
0,0,0,0,33.14,0.47637,0.82174,0.98046
0,0,0,0,33.15,0.48081,0.82431,0.97963
0,0,0,0,33.16,0.48527,0.82682,0.97872
0,0,0,0,33.17,0.48968,0.82917,0.97777
0,0,0,0,33.18,0.49409,0.83209,0.97679
0,0,0,0,33.19,0.49857,0.83459,0.97594
0,0,0,0,33.2,0.503,0.83698,0.97517
0,0,0,0,33.21,0.50732,0.83952,0.97421
0,0,0,0,33.22,0.51173,0.84189,0.97328
0,0,0,0,33.23,0.51611,0.84427,0.97241
0,0,0,0,33.24,0.5206,0.84634,0.97147
0,0,0,0,33.25,0.52495,0.84886,0.97038
0,0,0,0,33.26,0.52923,0.85121,0.96937
0,0,0,0,33.27,0.53353,0.85351,0.96844
0,0,0,0,33.28,0.53775,0.85587,0.96749
0,0,0,0,33.29,0.542,0.85802,0.9665
0,0,0,0,33.3,0.54638,0.85993,0.96544
0,0,0,0,33.31,0.55064,0.86199,0.96445
0,0,0,0,33.32,0.555,0.86397,0.96328
0,0,0,0,33.33,0.55925,0.86595,0.96223
0,0,0,0,33.34,0.56347,0.86787,0.96121
0,0,0,0,33.35,0.56769,0.86968,0.96014
0,0,0,0,33.36,0.57187,0.87163,0.95915
0,0,0,0,33.37,0.57611,0.87348,0.95812
0,0,0,0,33.38,0.5803,0.87531,0.95698
0,0,0,0,33.39,0.58458,0.87696,0.95585
0,0,0,0,33.4,0.58888,0.87868,0.9547
0,0,0,0,33.41,0.59309,0.88029,0.95349
0,0,0,0,33.42,0.59724,0.882,0.95245
0,0,0,0,33.43,0.6014,0.88371,0.95131
0,0,0,0,33.44,0.60559,0.88522,0.95013
0,0,0,0,33.45,0.60978,0.88655,0.94893
0,0,0,0,33.46,0.614,0.88787,0.94775
0,0,0,0,33.47,0.61811,0.88919,0.94663
0,0,0,0,33.48,0.62222,0.89028,0.94535
0,0,0,0,33.49,0.62625,0.89132,0.94427
0,0,0,0,33.5,0.63026,0.89236,0.94311
0,0,0,0,33.51,0.63429,0.89329,0.94189
0,0,0,0,33.52,0.63823,0.89417,0.94068
0,0,0,0,33.53,0.64225,0.89495,0.93946
0,0,0,0,33.54,0.64628,0.89563,0.93826
0,0,0,0,33.55,0.65025,0.89629,0.93706
0,0,0,0,33.56,0.65421,0.89697,0.93584
0,0,0,0,33.57,0.65816,0.89769,0.93458
0,0,0,0,33.58,0.66216,0.89828,0.93332
0,0,0,0,33.59,0.66618,0.89887,0.93209
0,0,0,0,33.6,0.67026,0.89947,0.93084
0,0,0,0,33.61,0.67426,0.90005,0.92951
0,0,0,0,33.62,0.6783,0.90065,0.92823
0,0,0,0,33.63,0.68232,0.90131,0.92682
0,0,0,0,33.64,0.68642,0.90189,0.92547
0,0,0,0,33.65,0.69056,0.90229,0.92411
0,0,0,0,33.66,0.69471,0.90286,0.92265
0,0,0,0,33.67,0.69877,0.90346,0.92128
0,0,0,0,33.68,0.70282,0.90397,0.9198
0,0,0,0,33.69,0.70688,0.90444,0.91828
0,0,0,0,33.7,0.71092,0.90485,0.91677
0,0,0,0,33.71,0.7149,0.90524,0.91523
0,0,0,0,33.72,0.7188,0.9056,0.9137
0,0,0,0,33.73,0.72284,0.90591,0.91209
0,0,0,0,33.74,0.72691,0.9061,0.91051
0,0,0,0,33.75,0.73082,0.90621,0.90892
0,0,0,0,33.76,0.73483,0.90629,0.90726
0,0,0,0,33.77,0.73873,0.90653,0.90562
0,0,0,0,33.78,0.74261,0.90666,0.90407
0,0,0,0,33.79,0.74658,0.90654,0.90239
0,0,0,0,33.8,0.75047,0.90658,0.90064
0,0,0,0,33.81,0.75436,0.90665,0.89895
0,0,0,0,33.82,0.75821,0.90652,0.89724
0,0,0,0,33.83,0.76214,0.90633,0.89549
0,0,0,0,33.84,0.766,0.90624,0.89374
0,0,0,0,33.85,0.7699,0.90605,0.89204
0,0,0,0,33.86,0.77374,0.90588,0.89046
0,0,0,0,33.87,0.77768,0.90555,0.88876
0,0,0,0,33.88,0.78144,0.90531,0.88701
0,0,0,0,33.89,0.78531,0.90478,0.88521
0,0,0,0,33.9,0.78917,0.90425,0.88347
0,0,0,0,33.91,0.79288,0.90396,0.88168
0,0,0,0,33.92,0.79648,0.90385,0.88002
0,0,0,0,33.93,0.80026,0.90352,0.87839
0,0,0,0,33.94,0.80409,0.90309,0.87662
0,0,0,0,33.95,0.80786,0.90268,0.87485
0,0,0,0,33.96,0.81154,0.90237,0.87317
0,0,0,0,33.97,0.81513,0.90213,0.87132
0,0,0,0,33.98,0.8188,0.90181,0.86945
0,0,0,0,33.99,0.82245,0.90156,0.86768
0,0,0,0,34,0.82603,0.90137,0.86589
0,0,0,0,34.01,0.82957,0.90115,0.86398
0,0,0,0,34.02,0.83303,0.90103,0.86221
0,0,0,0,34.03,0.83644,0.90084,0.8605
0,0,0,0,34.04,0.83973,0.90075,0.85865
0,0,0,0,34.05,0.84321,0.90044,0.85678
0,0,0,0,34.06,0.84657,0.90024,0.85495
0,0,0,0,34.07,0.84981,0.90013,0.85321
0,0,0,0,34.08,0.85304,0.90004,0.85132
0,0,0,0,34.09,0.85632,0.89987,0.8495
0,0,0,0,34.1,0.85944,0.89981,0.84771
0,0,0,0,34.11,0.86261,0.89965,0.84602
0,0,0,0,34.12,0.86581,0.89948,0.84414
0,0,0,0,34.13,0.86884,0.89948,0.84236
0,0,0,0,34.14,0.87196,0.89934,0.84079
0,0,0,0,34.15,0.87507,0.89903,0.83917
0,0,0,0,34.16,0.87822,0.89876,0.83743
0,0,0,0,34.17,0.88121,0.89861,0.83589
0,0,0,0,34.18,0.88413,0.89849,0.83454
0,0,0,0,34.19,0.88702,0.89824,0.8332
0,0,0,0,34.2,0.88988,0.89786,0.83183
0,0,0,0,34.21,0.8927,0.89753,0.83043
0,0,0,0,34.22,0.89534,0.89716,0.82903
0,0,0,0,34.23,0.89786,0.89673,0.8277
0,0,0,0,34.24,0.90048,0.89611,0.82646
0,0,0,0,34.25,0.90311,0.89533,0.82508
0,0,0,0,34.26,0.9055,0.89466,0.82392
0,0,0,0,34.27,0.90785,0.894,0.82294
0,0,0,0,34.28,0.91005,0.89338,0.82176
0,0,0,0,34.29,0.91212,0.89281,0.82061
0,0,0,0,34.3,0.9143,0.89197,0.81958
0,0,0,0,34.31,0.9164,0.89113,0.81858
0,0,0,0,34.32,0.91838,0.89025,0.81747
0,0,0,0,34.33,0.92035,0.88939,0.81647
0,0,0,0,34.34,0.9222,0.88874,0.81553
0,0,0,0,34.35,0.92388,0.88806,0.81457
0,0,0,0,34.36,0.92567,0.88711,0.81369
0,0,0,0,34.37,0.92744,0.88622,0.81282
0,0,0,0,34.38,0.92904,0.88548,0.81195
0,0,0,0,34.39,0.93065,0.88468,0.81108
0,0,0,0,34.4,0.93224,0.88389,0.81027
0,0,0,0,34.41,0.93373,0.88316,0.80956
0,0,0,0,34.42,0.93513,0.88242,0.80883
0,0,0,0,34.43,0.93649,0.88173,0.80808
0,0,0,0,34.44,0.9378,0.88133,0.80733
0,0,0,0,34.45,0.93927,0.88048,0.8066
0,0,0,0,34.46,0.94065,0.87949,0.80605
0,0,0,0,34.47,0.94196,0.87877,0.80543
0,0,0,0,34.48,0.9432,0.87799,0.80488
0,0,0,0,34.49,0.94435,0.87718,0.8044
0,0,0,0,34.5,0.94546,0.87641,0.8039
0,0,0,0,34.51,0.94654,0.87552,0.80349
0,0,0,0,34.52,0.94756,0.8746,0.80316
0,0,0,0,34.53,0.94847,0.87369,0.80278
0,0,0,0,34.54,0.94922,0.87281,0.80224
0,0,0,0,34.55,0.94996,0.87191,0.80171
0,0,0,0,34.56,0.95068,0.87124,0.80127
0,0,0,0,34.57,0.95146,0.86999,0.80079
0,0,0,0,34.58,0.95211,0.8684,0.80011
0,0,0,0,34.59,0.9526,0.86754,0.79987
0,0,0,0,34.6,0.95305,0.86667,0.79972
0,0,0,0,34.61,0.95347,0.86562,0.79944
0,0,0,0,34.62,0.9538,0.86444,0.79918
0,0,0,0,34.63,0.95409,0.86321,0.79896
0,0,0,0,34.64,0.95435,0.86199,0.79873
0,0,0,0,34.65,0.95457,0.86078,0.79849
0,0,0,0,34.66,0.95492,0.85934,0.79808
0,0,0,0,34.67,0.95496,0.85826,0.79791
0,0,0,0,34.68,0.95497,0.8571,0.79773
0,0,0,0,34.69,0.95505,0.85589,0.79756
0,0,0,0,34.7,0.95508,0.85474,0.79753
0,0,0,0,34.71,0.95512,0.85342,0.79758
0,0,0,0,34.72,0.95509,0.8521,0.7976
0,0,0,0,34.73,0.9551,0.85059,0.79758
0,0,0,0,34.74,0.95502,0.84925,0.79752
0,0,0,0,34.75,0.95478,0.84813,0.79768
0,0,0,0,34.76,0.95453,0.84688,0.79787
0,0,0,0,34.77,0.95429,0.8455,0.79804
0,0,0,0,34.78,0.95397,0.84434,0.79824
0,0,0,0,34.79,0.95367,0.84287,0.7985
0,0,0,0,34.8,0.95338,0.84139,0.79875
0,0,0,0,34.81,0.95305,0.84021,0.79897
0,0,0,0,34.82,0.95268,0.83886,0.79931
0,0,0,0,34.83,0.95233,0.83751,0.79967
0,0,0,0,34.84,0.95196,0.83644,0.80005
0,0,0,0,34.85,0.95166,0.83503,0.80057
0,0,0,0,34.86,0.95129,0.83369,0.80111
0,0,0,0,34.87,0.95083,0.83255,0.80177
0,0,0,0,34.88,0.95037,0.83143,0.80238
0,0,0,0,34.89,0.9499,0.83036,0.80295
0,0,0,0,34.9,0.94948,0.82911,0.80357
0,0,0,0,34.91,0.94895,0.828,0.80432
0,0,0,0,34.92,0.94825,0.82683,0.80508
0,0,0,0,34.93,0.94751,0.82601,0.80596
0,0,0,0,34.94,0.94661,0.82571,0.80683
0,0,0,0,34.95,0.94582,0.82458,0.80769
0,0,0,0,34.96,0.94507,0.82335,0.80853
0,0,0,0,34.97,0.94429,0.82254,0.80931
0,0,0,0,34.98,0.94344,0.82178,0.8101
0,0,0,0,34.99,0.94262,0.82098,0.81093
0,0,0,0,35,0.94176,0.82006,0.8117
0,0,0,0,35.01,0.94077,0.81931,0.81245
0,0,0,0,35.02,0.93967,0.81865,0.81311
0,0,0,0,35.03,0.93858,0.81796,0.81373
0,0,0,0,35.04,0.93723,0.81755,0.81457
0,0,0,0,35.05,0.93588,0.81702,0.81532
0,0,0,0,35.06,0.93467,0.81616,0.81598
0,0,0,0,35.07,0.9334,0.81531,0.81658
0,0,0,0,35.08,0.93204,0.81459,0.81712
0,0,0,0,35.09,0.93053,0.81399,0.81761
0,0,0,0,35.1,0.92898,0.8133,0.81799
0,0,0,0,35.11,0.92748,0.81255,0.81838
0,0,0,0,35.12,0.92593,0.81184,0.81877
0,0,0,0,35.13,0.92427,0.81105,0.81923
0,0,0,0,35.14,0.92254,0.81015,0.81951
0,0,0,0,35.15,0.9208,0.80945,0.81981
0,0,0,0,35.16,0.91895,0.80889,0.82023
0,0,0,0,35.17,0.9171,0.8083,0.82052
0,0,0,0,35.18,0.91525,0.80766,0.82069
0,0,0,0,35.19,0.91337,0.80705,0.82077
0,0,0,0,35.2,0.91139,0.80658,0.82088
0,0,0,0,35.21,0.90941,0.80574,0.82064
0,0,0,0,35.22,0.9073,0.80542,0.8208
0,0,0,0,35.23,0.90518,0.80521,0.82097
0,0,0,0,35.24,0.90303,0.80483,0.82091
0,0,0,0,35.25,0.90078,0.80448,0.82078
0,0,0,0,35.26,0.8985,0.80416,0.82062
0,0,0,0,35.27,0.89616,0.80385,0.82045
0,0,0,0,35.28,0.89381,0.80344,0.82031
0,0,0,0,35.29,0.89131,0.80307,0.82016
0,0,0,0,35.3,0.88872,0.80282,0.81994
0,0,0,0,35.31,0.88613,0.80253,0.81966
0,0,0,0,35.32,0.88347,0.80219,0.81941
0,0,0,0,35.33,0.88068,0.80194,0.81901
0,0,0,0,35.34,0.87791,0.80165,0.81862
0,0,0,0,35.35,0.87499,0.80141,0.81823
0,0,0,0,35.36,0.87202,0.80115,0.81786
0,0,0,0,35.37,0.8691,0.8009,0.81756
0,0,0,0,35.38,0.86601,0.80078,0.81717
0,0,0,0,35.39,0.86289,0.8006,0.81666
0,0,0,0,35.4,0.85966,0.80056,0.81609
0,0,0,0,35.41,0.85644,0.80048,0.81554
0,0,0,0,35.42,0.85319,0.80034,0.81499
0,0,0,0,35.43,0.84986,0.80031,0.81442
0,0,0,0,35.44,0.84635,0.80039,0.81393
0,0,0,0,35.45,0.84286,0.8004,0.81329
0,0,0,0,35.46,0.8393,0.8005,0.81248
0,0,0,0,35.47,0.83567,0.80055,0.81187
0,0,0,0,35.48,0.832,0.80056,0.81115
0,0,0,0,35.49,0.82829,0.8005,0.81027
0,0,0,0,35.5,0.82456,0.80041,0.80951
0,0,0,0,35.51,0.82062,0.80042,0.80889
0,0,0,0,35.52,0.81657,0.80057,0.80829
0,0,0,0,35.53,0.81262,0.80049,0.80736
0,0,0,0,35.54,0.8086,0.80052,0.80676
0,0,0,0,35.55,0.80454,0.80058,0.806
0,0,0,0,35.56,0.80052,0.80055,0.8052
0,0,0,0,35.57,0.79626,0.80074,0.80473
0,0,0,0,35.58,0.79195,0.80085,0.80423
0,0,0,0,35.59,0.7878,0.80083,0.80364
0,0,0,0,35.6,0.78356,0.80103,0.80302
0,0,0,0,35.61,0.77932,0.8011,0.80243
0,0,0,0,35.62,0.77504,0.80117,0.80198
0,0,0,0,35.63,0.77071,0.80139,0.80155
0,0,0,0,35.64,0.76637,0.80166,0.80102
0,0,0,0,35.65,0.76198,0.80184,0.8003
0,0,0,0,35.66,0.75758,0.802,0.79983
0,0,0,0,35.67,0.75307,0.80227,0.79955
0,0,0,0,35.68,0.74848,0.8026,0.7991
0,0,0,0,35.69,0.74394,0.80292,0.79872
0,0,0,0,35.7,0.7393,0.80328,0.79837
0,0,0,0,35.71,0.73455,0.80371,0.79819
0,0,0,0,35.72,0.72978,0.80414,0.79785
0,0,0,0,35.73,0.72499,0.80462,0.79747
0,0,0,0,35.74,0.72014,0.80514,0.79723
0,0,0,0,35.75,0.71525,0.80561,0.79691
0,0,0,0,35.76,0.7104,0.80607,0.79653
0,0,0,0,35.77,0.70552,0.80658,0.79622
0,0,0,0,35.78,0.70057,0.80716,0.79598
0,0,0,0,35.79,0.69545,0.80786,0.79575
0,0,0,0,35.8,0.69048,0.80844,0.79551
0,0,0,0,35.81,0.68547,0.809,0.79537
0,0,0,0,35.82,0.68034,0.80966,0.79528
0,0,0,0,35.83,0.67526,0.81024,0.79509
0,0,0,0,35.84,0.67021,0.81076,0.79494
0,0,0,0,35.85,0.66504,0.81145,0.79488
0,0,0,0,35.86,0.6598,0.81213,0.79479
0,0,0,0,35.87,0.65463,0.81277,0.79464
0,0,0,0,35.88,0.64934,0.81347,0.79464
0,0,0,0,35.89,0.64396,0.81419,0.79464
0,0,0,0,35.9,0.63855,0.81494,0.79461
0,0,0,0,35.91,0.63309,0.81573,0.79462
0,0,0,0,35.92,0.62772,0.81634,0.79464
0,0,0,0,35.93,0.62236,0.81689,0.79469
0,0,0,0,35.94,0.61694,0.81745,0.7948
0,0,0,0,35.95,0.61139,0.81807,0.79495
0,0,0,0,35.96,0.60589,0.81867,0.79511
0,0,0,0,35.97,0.60037,0.81939,0.79527
0,0,0,0,35.98,0.59474,0.82029,0.79541
0,0,0,0,35.99,0.5891,0.82104,0.79561
0,0,0,0,36,0.58341,0.82182,0.79578
0,0,0,0,36.01,0.57767,0.82269,0.79612
0,0,0,0,36.02,0.57199,0.82339,0.79639
0,0,0,0,36.03,0.56634,0.82401,0.79658
0,0,0,0,36.04,0.56056,0.82478,0.79694
0,0,0,0,36.05,0.55476,0.82565,0.79734
0,0,0,0,36.06,0.54878,0.82656,0.79773
0,0,0,0,36.07,0.54286,0.82747,0.79813
0,0,0,0,36.08,0.53704,0.82835,0.79851
0,0,0,0,36.09,0.53123,0.82922,0.79899
0,0,0,0,36.1,0.52538,0.83006,0.79943
0,0,0,0,36.11,0.51944,0.83088,0.79985
0,0,0,0,36.12,0.51336,0.83183,0.80039
0,0,0,0,36.13,0.50733,0.83288,0.80104
0,0,0,0,36.14,0.50131,0.83378,0.80163
0,0,0,0,36.15,0.49536,0.83452,0.80216
0,0,0,0,36.16,0.48918,0.83549,0.80286
0,0,0,0,36.17,0.48299,0.83655,0.80358
0,0,0,0,36.18,0.47681,0.83745,0.80427
0,0,0,0,36.19,0.47069,0.83828,0.80496
0,0,0,0,36.2,0.46445,0.83915,0.8058
0,0,0,0,36.21,0.45811,0.8401,0.80663
0,0,0,0,36.22,0.4518,0.841,0.80752
0,0,0,0,36.23,0.44551,0.84184,0.80833
0,0,0,0,36.24,0.43905,0.84283,0.80922
0,0,0,0,36.25,0.43261,0.84384,0.81013
0,0,0,0,36.26,0.42614,0.84462,0.81111
0,0,0,0,36.27,0.41964,0.84536,0.81203
0,0,0,0,36.28,0.413,0.84628,0.81306
0,0,0,0,36.29,0.40638,0.84714,0.81411
0,0,0,0,36.3,0.39973,0.84799,0.81509
0,0,0,0,36.31,0.393,0.8488,0.81605
0,0,0,0,36.32,0.38623,0.84972,0.81712
0,0,0,0,36.33,0.3795,0.85059,0.81818
0,0,0,0,36.34,0.37272,0.8514,0.81923
0,0,0,0,36.35,0.36593,0.8522,0.82031
0,0,0,0,36.36,0.35898,0.85316,0.8214
0,0,0,0,36.37,0.352,0.85406,0.82259
0,0,0,0,36.38,0.34508,0.85482,0.82383
0,0,0,0,36.39,0.33808,0.85565,0.82497
0,0,0,0,36.4,0.33109,0.85652,0.82606
0,0,0,0,36.41,0.32412,0.85744,0.82725
0,0,0,0,36.42,0.31704,0.85833,0.82851
0,0,0,0,36.43,0.30995,0.85917,0.82978
0,0,0,0,36.44,0.30285,0.86006,0.83095
0,0,0,0,36.45,0.29577,0.86097,0.83224
0,0,0,0,36.46,0.28872,0.86191,0.83352
0,0,0,0,36.47,0.28158,0.86264,0.8349
0,0,0,0,36.48,0.27438,0.86338,0.83631
0,0,0,0,36.49,0.26715,0.86425,0.83766
0,0,0,0,36.5,0.25995,0.86506,0.83904
0,0,0,0,36.51,0.25276,0.86578,0.84038
0,0,0,0,36.52,0.24534,0.86662,0.84181
0,0,0,0,36.53,0.23794,0.8675,0.84321
0,0,0,0,36.54,0.23065,0.86823,0.84456
0,0,0,0,36.55,0.22332,0.86895,0.84613
0,0,0,0,36.56,0.21595,0.86972,0.84764
0,0,0,0,36.57,0.20855,0.87046,0.84901
0,0,0,0,36.58,0.20102,0.87125,0.8504
0,0,0,0,36.59,0.19338,0.87211,0.85187
0,0,0,0,36.6,0.18585,0.87286,0.85338
0,0,0,0,36.61,0.17831,0.87362,0.85485
0,0,0,0,36.62,0.17064,0.87441,0.85624
0,0,0,0,36.63,0.16322,0.87509,0.85761
0,0,0,0,36.64,0.15529,0.876,0.85908
0,0,0,0,36.65,0.14744,0.87684,0.86051
0,0,0,0,36.66,0.13971,0.87762,0.8619
0,0,0,0,36.67,0.13174,0.8784,0.86344
0,0,0,0,36.68,0.12379,0.87919,0.86486
0,0,0,0,36.69,0.11593,0.87999,0.86632
0,0,0,0,36.7,0.10798,0.88075,0.86782
0,0,0,0,36.71,0.099938,0.8816,0.86923
0,0,0,0,36.72,0.091888,0.88235,0.87066
0,0,0,0,36.73,0.083824,0.88304,0.87223
0,0,0,0,36.74,0.075683,0.88382,0.87373
0,0,0,0,36.75,0.067548,0.88457,0.87506
0,0,0,0,36.76,0.059396,0.88531,0.87646
0,0,0,0,36.77,0.051234,0.886,0.87801
0,0,0,0,36.78,0.043084,0.88675,0.87944
0,0,0,0,36.79,0.034757,0.8875,0.88087
0,0,0,0,36.8,0.026468,0.88818,0.88225
0,0,0,0,36.81,0.018186,0.88888,0.88373
0,0,0,0,36.82,0.009782,0.88951,0.88522
0,0,0,0,36.83,0.001381,0.89021,0.88657
0,0,0,0,36.84,-0.006996,0.89087,0.88801
0,0,0,0,36.85,-0.015392,0.8915,0.88941
0,0,0,0,36.86,-0.023862,0.89217,0.89087
0,0,0,0,36.87,-0.032398,0.89282,0.89232
0,0,0,0,36.88,-0.040904,0.8935,0.89372
0,0,0,0,36.89,-0.049402,0.89416,0.89512
0,0,0,0,36.9,-0.058048,0.89476,0.89653
0,0,0,0,36.91,-0.06671,0.89535,0.89796
0,0,0,0,36.92,-0.075344,0.89605,0.89925
0,0,0,0,36.93,-0.084033,0.89666,0.9007
0,0,0,0,36.94,-0.09275,0.89722,0.90214
0,0,0,0,36.95,-0.10151,0.89788,0.9034
0,0,0,0,36.96,-0.1104,0.8985,0.90477
0,0,0,0,36.97,-0.11932,0.89911,0.90613
0,0,0,0,36.98,-0.12818,0.8997,0.90742
0,0,0,0,36.99,-0.13713,0.90026,0.90876
0,0,0,0,37,-0.14613,0.90078,0.91005
0,0,0,0,37.01,-0.15511,0.90133,0.91132
0,0,0,0,37.02,-0.1641,0.90181,0.91262
0,0,0,0,37.03,-0.17317,0.90217,0.91396
0,0,0,0,37.04,-0.18222,0.90252,0.91523
0,0,0,0,37.05,-0.19131,0.90288,0.91655
0,0,0,0,37.06,-0.20043,0.90319,0.91786
0,0,0,0,37.07,-0.2095,0.90341,0.91911
0,0,0,0,37.08,-0.21863,0.90348,0.92057
0,0,0,0,37.09,-0.22782,0.90365,0.92189
0,0,0,0,37.1,-0.23698,0.90371,0.92328
0,0,0,0,37.11,-0.24609,0.90368,0.92469
0,0,0,0,37.12,-0.25518,0.90347,0.92604
0,0,0,0,37.13,-0.26435,0.90322,0.92752
0,0,0,0,37.14,-0.27332,0.9029,0.92895
0,0,0,0,37.15,-0.2823,0.90247,0.9304
0,0,0,0,37.16,-0.29145,0.90217,0.93174
0,0,0,0,37.17,-0.30046,0.90169,0.93312
0,0,0,0,37.18,-0.30934,0.90106,0.93437
0,0,0,0,37.19,-0.31852,0.90056,0.93576
0,0,0,0,37.2,-0.32767,0.89999,0.93727
0,0,0,0,37.21,-0.33668,0.89933,0.93859
0,0,0,0,37.22,-0.34573,0.8987,0.93963
0,0,0,0,37.23,-0.35483,0.89791,0.94083
0,0,0,0,37.24,-0.36398,0.89706,0.94223
0,0,0,0,37.25,-0.3731,0.89625,0.94339
0,0,0,0,37.26,-0.38234,0.89541,0.94444
0,0,0,0,37.27,-0.39148,0.89446,0.94545
0,0,0,0,37.28,-0.40058,0.8934,0.94649
0,0,0,0,37.29,-0.40978,0.89229,0.94744
0,0,0,0,37.3,-0.41906,0.8913,0.94816
0,0,0,0,37.31,-0.42832,0.89014,0.94907
0,0,0,0,37.32,-0.43738,0.8888,0.94988
0,0,0,0,37.33,-0.44666,0.88753,0.95069
0,0,0,0,37.34,-0.45584,0.88626,0.95123
0,0,0,0,37.35,-0.46507,0.88482,0.952
0,0,0,0,37.36,-0.47436,0.88349,0.95273
0,0,0,0,37.37,-0.48362,0.88209,0.95332
0,0,0,0,37.38,-0.49276,0.88069,0.95376
0,0,0,0,37.39,-0.50094,0.87839,0.95442
0,0,0,0,37.4,-0.51046,0.87682,0.95496
0,0,0,0,37.41,-0.5203,0.87559,0.95527
0,0,0,0,37.42,-0.52943,0.87383,0.95566
0,0,0,0,37.43,-0.53855,0.87193,0.956
0,0,0,0,37.44,-0.54767,0.87004,0.95632
0,0,0,0,37.45,-0.55678,0.86808,0.95657
0,0,0,0,37.46,-0.56608,0.86615,0.95659
0,0,0,0,37.47,-0.57529,0.86394,0.95688
0,0,0,0,37.48,-0.58435,0.86165,0.95709
0,0,0,0,37.49,-0.59346,0.85935,0.95729
0,0,0,0,37.5,-0.60272,0.85694,0.95743
0,0,0,0,37.51,-0.61171,0.85438,0.95747
0,0,0,0,37.52,-0.62069,0.85178,0.95758
0,0,0,0,37.53,-0.62978,0.84914,0.95762
0,0,0,0,37.54,-0.63882,0.8464,0.95754
0,0,0,0,37.55,-0.64788,0.84364,0.95755
0,0,0,0,37.56,-0.65689,0.84066,0.95761
0,0,0,0,37.57,-0.66593,0.83761,0.95754
0,0,0,0,37.58,-0.67505,0.83461,0.95754
0,0,0,0,37.59,-0.6838,0.8313,0.95769
0,0,0,0,37.6,-0.69273,0.82809,0.95763
0,0,0,0,37.61,-0.70093,0.82456,0.95733
0,0,0,0,37.62,-0.71035,0.82145,0.95714
0,0,0,0,37.63,-0.71883,0.81796,0.95729
0,0,0,0,37.64,-0.72626,0.81399,0.95741
0,0,0,0,37.65,-0.73627,0.81097,0.95703
0,0,0,0,37.66,-0.74594,0.80788,0.95671
0,0,0,0,37.67,-0.75448,0.80428,0.95654
0,0,0,0,37.68,-0.76306,0.80063,0.95644
0,0,0,0,37.69,-0.7717,0.7968,0.95629
0,0,0,0,37.7,-0.78033,0.79288,0.95607
0,0,0,0,37.71,-0.78877,0.789,0.95587
0,0,0,0,37.72,-0.79749,0.78531,0.95569
0,0,0,0,37.73,-0.80605,0.78106,0.9556
0,0,0,0,37.74,-0.81477,0.77699,0.95537
0,0,0,0,37.75,-0.82346,0.77308,0.95523
0,0,0,0,37.76,-0.83144,0.76826,0.95518
0,0,0,0,37.77,-0.83946,0.76338,0.95496
0,0,0,0,37.78,-0.84809,0.75914,0.95459
0,0,0,0,37.79,-0.85665,0.75486,0.95443
0,0,0,0,37.8,-0.8647,0.74989,0.95442
0,0,0,0,37.81,-0.8727,0.74487,0.95431
0,0,0,0,37.82,-0.88154,0.74036,0.95387
0,0,0,0,37.83,-0.88976,0.73544,0.95364
0,0,0,0,37.84,-0.89813,0.73046,0.95335
0,0,0,0,37.85,-0.90645,0.72526,0.95301
0,0,0,0,37.86,-0.91441,0.72007,0.95279
0,0,0,0,37.87,-0.92183,0.71478,0.95247
0,0,0,0,37.88,-0.92941,0.70918,0.95226
0,0,0,0,37.89,-0.93693,0.70341,0.95219
0,0,0,0,37.9,-0.94462,0.698,0.9518
0,0,0,0,37.91,-0.95225,0.6925,0.95141
0,0,0,0,37.92,-0.95968,0.68694,0.95076
0,0,0,0,37.93,-0.96734,0.68163,0.95052
0,0,0,0,37.94,-0.97497,0.67567,0.95007
0,0,0,0,37.95,-0.98186,0.66942,0.94938
0,0,0,0,37.96,-0.9888,0.66339,0.94883
0,0,0,0,37.97,-0.99605,0.65759,0.94818
0,0,0,0,37.98,-1.0029,0.6514,0.94756
0,0,0,0,37.99,-1.0104,0.64549,0.94677
0,0,0,0,38,-1.0173,0.63951,0.94589
0,0,0,0,38.01,-1.024,0.63319,0.94515
0,0,0,0,38.02,-1.031,0.62694,0.94438
0,0,0,0,38.03,-1.0375,0.62045,0.94361
0,0,0,0,38.04,-1.0442,0.61409,0.94266
0,0,0,0,38.05,-1.0512,0.60782,0.94144
0,0,0,0,38.06,-1.0584,0.60232,0.94035
0,0,0,0,38.07,-1.065,0.59553,0.93903
0,0,0,0,38.08,-1.0712,0.58809,0.93768
0,0,0,0,38.09,-1.0784,0.58143,0.93648
0,0,0,0,38.1,-1.0845,0.57429,0.93545
0,0,0,0,38.11,-1.0914,0.56739,0.93421
0,0,0,0,38.12,-1.0976,0.56072,0.93267
0,0,0,0,38.13,-1.1031,0.55334,0.93136
0,0,0,0,38.14,-1.1095,0.54612,0.92987
0,0,0,0,38.15,-1.1154,0.53891,0.92838
0,0,0,0,38.16,-1.1211,0.53135,0.92706
0,0,0,0,38.17,-1.128,0.52432,0.92545
0,0,0,0,38.18,-1.1335,0.51665,0.92396
0,0,0,0,38.19,-1.1395,0.50915,0.92229
0,0,0,0,38.2,-1.1452,0.50211,0.9208
0,0,0,0,38.21,-1.1499,0.49367,0.91926
0,0,0,0,38.22,-1.1561,0.48552,0.91744
0,0,0,0,38.23,-1.1618,0.47844,0.91599
0,0,0,0,38.24,-1.166,0.46958,0.91461
0,0,0,0,38.25,-1.1716,0.46137,0.91272
0,0,0,0,38.26,-1.1765,0.45314,0.91088
0,0,0,0,38.27,-1.181,0.44442,0.90942
0,0,0,0,38.28,-1.1858,0.43578,0.90802
0,0,0,0,38.29,-1.1913,0.4276,0.90611
0,0,0,0,38.3,-1.1958,0.419,0.90455
0,0,0,0,38.31,-1.1999,0.41028,0.90315
0,0,0,0,38.32,-1.2053,0.40212,0.9012
0,0,0,0,38.33,-1.2095,0.39329,0.8996
0,0,0,0,38.34,-1.2133,0.38435,0.89813
0,0,0,0,38.35,-1.2184,0.376,0.89611
0,0,0,0,38.36,-1.2232,0.36753,0.89416
0,0,0,0,38.37,-1.2265,0.35858,0.89261
0,0,0,0,38.38,-1.2299,0.34956,0.89123
0,0,0,0,38.39,-1.2346,0.34089,0.88943
0,0,0,0,38.4,-1.2382,0.33172,0.88795
0,0,0,0,38.41,-1.2414,0.32288,0.88614
0,0,0,0,38.42,-1.2451,0.3142,0.88437
0,0,0,0,38.43,-1.2486,0.30513,0.88289
0,0,0,0,38.44,-1.2522,0.29598,0.88138
0,0,0,0,38.45,-1.2557,0.28685,0.87972
0,0,0,0,38.46,-1.2586,0.27766,0.87813
0,0,0,0,38.47,-1.2622,0.26843,0.87653
0,0,0,0,38.48,-1.2658,0.25906,0.87489
0,0,0,0,38.49,-1.2691,0.24964,0.87327
0,0,0,0,38.5,-1.2714,0.24029,0.8716
0,0,0,0,38.51,-1.2743,0.23105,0.86995
0,0,0,0,38.52,-1.2781,0.22176,0.86835
0,0,0,0,38.53,-1.2815,0.21219,0.86686
0,0,0,0,38.54,-1.2844,0.20272,0.86533
0,0,0,0,38.55,-1.2873,0.19351,0.86373
0,0,0,0,38.56,-1.2898,0.18397,0.86194
0,0,0,0,38.57,-1.2926,0.17455,0.86052
0,0,0,0,38.58,-1.2953,0.16507,0.85928
0,0,0,0,38.59,-1.2977,0.15562,0.85786
0,0,0,0,38.6,-1.3,0.14624,0.85646
0,0,0,0,38.61,-1.3025,0.13704,0.85498
0,0,0,0,38.62,-1.3049,0.12774,0.85357
0,0,0,0,38.63,-1.3072,0.11823,0.85216
0,0,0,0,38.64,-1.3093,0.10854,0.85078
0,0,0,0,38.65,-1.3114,0.099091,0.84958
0,0,0,0,38.66,-1.3133,0.089871,0.84793
0,0,0,0,38.67,-1.3144,0.080278,0.84673
0,0,0,0,38.68,-1.3167,0.070678,0.84584
0,0,0,0,38.69,-1.3191,0.061126,0.84464
0,0,0,0,38.7,-1.3207,0.05125,0.84348
0,0,0,0,38.71,-1.3222,0.041586,0.84231
0,0,0,0,38.72,-1.3238,0.032153,0.84125
0,0,0,0,38.73,NaN,NaN,NaN
0,0,0,0,38.74,NaN,NaN,NaN
0,0,0,0,38.75,NaN,NaN,NaN
0,0,0,0,38.76,NaN,NaN,NaN
0,0,0,0,38.77,NaN,NaN,NaN
0,0,0,0,38.78,NaN,NaN,NaN
0,0,0,0,38.79,NaN,NaN,NaN
0,0,0,0,38.8,NaN,NaN,NaN
0,0,0,0,38.81,-1.3338,-0.051155,0.83229
0,0,0,0,38.82,-1.3345,-0.060541,0.83122
0,0,0,0,38.83,-1.3349,-0.069878,0.83034
0,0,0,0,38.84,-1.3348,-0.079109,0.82945
0,0,0,0,38.85,-1.3347,-0.088266,0.82858
0,0,0,0,38.86,-1.3349,-0.097325,0.82786
0,0,0,0,38.87,NaN,NaN,NaN
0,0,0,0,38.88,NaN,NaN,NaN
0,0,0,0,38.89,NaN,NaN,NaN
0,0,0,0,38.9,NaN,NaN,NaN
0,0,0,0,38.91,NaN,NaN,NaN
0,0,0,0,38.92,NaN,NaN,NaN
0,0,0,0,38.93,NaN,NaN,NaN
0,0,0,0,38.94,NaN,NaN,NaN
0,0,0,0,38.95,NaN,NaN,NaN
0,0,0,0,38.96,NaN,NaN,NaN
0,0,0,0,38.97,NaN,NaN,NaN
0,0,0,0,38.98,NaN,NaN,NaN
0,0,0,0,38.99,NaN,NaN,NaN
0,0,0,0,39,NaN,NaN,NaN
0,0,0,0,39.01,NaN,NaN,NaN
0,0,0,0,39.02,-1.3284,-0.2403,0.81892
0,0,0,0,39.03,-1.3276,-0.24917,0.81868
0,0,0,0,39.04,NaN,NaN,NaN
0,0,0,0,39.05,NaN,NaN,NaN
0,0,0,0,39.06,-1.3226,-0.27553,0.81744
0,0,0,0,39.07,-1.3213,-0.28402,0.81755
0,0,0,0,39.08,-1.3199,-0.29247,0.81766
0,0,0,0,39.09,-1.3179,-0.30102,0.81736
0,0,0,0,39.1,-1.316,-0.30957,0.81712
0,0,0,0,39.11,-1.3142,-0.31793,0.81715
0,0,0,0,39.12,NaN,NaN,NaN
0,0,0,0,39.13,NaN,NaN,NaN
0,0,0,0,39.14,NaN,NaN,NaN
0,0,0,0,39.15,NaN,NaN,NaN
0,0,0,0,39.16,NaN,NaN,NaN
0,0,0,0,39.17,NaN,NaN,NaN
0,0,0,0,39.18,NaN,NaN,NaN
0,0,0,0,39.19,NaN,NaN,NaN
0,0,0,0,39.2,NaN,NaN,NaN
0,0,0,0,39.21,NaN,NaN,NaN
0,0,0,0,39.22,NaN,NaN,NaN
0,0,0,0,39.23,NaN,NaN,NaN
0,0,0,0,39.24,NaN,NaN,NaN
0,0,0,0,39.25,NaN,NaN,NaN
0,0,0,0,39.26,NaN,NaN,NaN
0,0,0,0,39.27,NaN,NaN,NaN
0,0,0,0,39.28,-1.2626,-0.45631,0.81849
0,0,0,0,39.29,-1.2601,-0.46395,0.81855
0,0,0,0,39.3,-1.2569,-0.47135,0.81848
0,0,0,0,39.31,-1.253,-0.47877,0.81872
0,0,0,0,39.32,-1.2479,-0.48616,0.81917
0,0,0,0,39.33,-1.2441,-0.49328,0.81932
0,0,0,0,39.34,-1.2403,-0.50061,0.81947
0,0,0,0,39.35,-1.2361,-0.50782,0.81977
0,0,0,0,39.36,-1.2319,-0.51487,0.82016
0,0,0,0,39.37,-1.2276,-0.52133,0.82049
0,0,0,0,39.38,-1.2227,-0.52864,0.82061
0,0,0,0,39.39,-1.218,-0.53598,0.82075
0,0,0,0,39.4,-1.2138,-0.54281,0.82102
0,0,0,0,39.41,-1.209,-0.54964,0.82163
0,0,0,0,39.42,-1.2034,-0.55686,0.82204
0,0,0,0,39.43,-1.1984,-0.56373,0.82232
0,0,0,0,39.44,-1.1938,-0.57034,0.82285
0,0,0,0,39.45,-1.1885,-0.57717,0.8235
0,0,0,0,39.46,-1.1833,-0.58375,0.8242
0,0,0,0,39.47,-1.178,-0.59035,0.82474
0,0,0,0,39.48,-1.1723,-0.59715,0.82516
0,0,0,0,39.49,-1.1668,-0.60374,0.8257
0,0,0,0,39.5,-1.1611,-0.61027,0.82646
0,0,0,0,39.51,-1.1553,-0.61667,0.82724
0,0,0,0,39.52,-1.1493,-0.62307,0.82796
0,0,0,0,39.53,-1.1433,-0.6295,0.82869
0,0,0,0,39.54,-1.1373,-0.63578,0.82935
0,0,0,0,39.55,-1.1313,-0.64198,0.83004
0,0,0,0,39.56,-1.125,-0.64786,0.83092
0,0,0,0,39.57,-1.1186,-0.65389,0.83159
0,0,0,0,39.58,-1.1121,-0.66004,0.83242
0,0,0,0,39.59,-1.1056,-0.66607,0.83338
0,0,0,0,39.6,-1.0988,-0.6719,0.83426
0,0,0,0,39.61,-1.0921,-0.67762,0.83522
0,0,0,0,39.62,-1.0854,-0.68344,0.83592
0,0,0,0,39.63,-1.0785,-0.68902,0.83676
0,0,0,0,39.64,-1.0716,-0.69456,0.83778
0,0,0,0,39.65,-1.0646,-0.70018,0.83886
0,0,0,0,39.66,-1.0574,-0.70546,0.83988
0,0,0,0,39.67,-1.0503,-0.71054,0.84076
0,0,0,0,39.68,-1.0431,-0.71581,0.84171
0,0,0,0,39.69,-1.0359,-0.72113,0.84261
0,0,0,0,39.7,-1.0283,-0.72648,0.84348
0,0,0,0,39.71,-1.0209,-0.7314,0.84449
0,0,0,0,39.72,-1.0135,-0.73643,0.84513
0,0,0,0,39.73,-1.0058,-0.74144,0.84587
0,0,0,0,39.74,-0.99818,-0.7463,0.84699
0,0,0,0,39.75,-0.9905,-0.75101,0.84802
0,0,0,0,39.76,-0.98269,-0.75563,0.84909
0,0,0,0,39.77,-0.9746,-0.76029,0.85024
0,0,0,0,39.78,-0.96615,-0.7649,0.85125
0,0,0,0,39.79,-0.95816,-0.76947,0.85227
0,0,0,0,39.8,-0.95027,-0.7739,0.85341
0,0,0,0,39.81,-0.94205,-0.77844,0.85444
0,0,0,0,39.82,-0.93384,-0.78291,0.85553
0,0,0,0,39.83,-0.92523,-0.78738,0.85655
0,0,0,0,39.84,-0.91679,-0.79188,0.8576
0,0,0,0,39.85,-0.90844,-0.79623,0.85885
0,0,0,0,39.86,-0.89957,-0.80009,0.86021
0,0,0,0,39.87,-0.89098,-0.80429,0.86125
0,0,0,0,39.88,-0.88257,-0.80854,0.86241
0,0,0,0,39.89,-0.87367,-0.81286,0.86388
0,0,0,0,39.9,-0.86476,-0.81709,0.86489
0,0,0,0,39.91,-0.85596,-0.82119,0.86618
0,0,0,0,39.92,-0.8472,-0.82518,0.86765
0,0,0,0,39.93,-0.83817,-0.82894,0.8689
0,0,0,0,39.94,-0.82887,-0.83278,0.87022
0,0,0,0,39.95,-0.81959,-0.83659,0.87159
0,0,0,0,39.96,-0.81044,-0.84021,0.87283
0,0,0,0,39.97,-0.80115,-0.84387,0.87418
0,0,0,0,39.98,-0.79168,-0.84752,0.87559
0,0,0,0,39.99,-0.78217,-0.85101,0.87689
0,0,0,0,40,-0.77272,-0.85462,0.8783
0,0,0,0,40.01,-0.76333,-0.85824,0.87974
0,0,0,0,40.02,-0.7537,-0.86178,0.88107
0,0,0,0,40.03,-0.74415,-0.86524,0.88248
0,0,0,0,40.04,-0.73459,-0.86864,0.88396
0,0,0,0,40.05,-0.72477,-0.87208,0.88528
0,0,0,0,40.06,-0.71508,-0.87543,0.88667
0,0,0,0,40.07,-0.70563,-0.87873,0.8882
0,0,0,0,40.08,-0.69597,-0.88207,0.88985
0,0,0,0,40.09,-0.68609,-0.88536,0.8916
0,0,0,0,40.1,-0.67648,-0.88874,0.89329
0,0,0,0,40.11,-0.66663,-0.89186,0.89493
0,0,0,0,40.12,-0.65665,-0.89483,0.89654
0,0,0,0,40.13,-0.6469,-0.898,0.89821
0,0,0,0,40.14,-0.63682,-0.90098,0.8998
0,0,0,0,40.15,-0.62679,-0.904,0.90139
0,0,0,0,40.16,-0.61683,-0.90697,0.90306
0,0,0,0,40.17,-0.60679,-0.9098,0.90481
0,0,0,0,40.18,-0.59675,-0.91282,0.90666
0,0,0,0,40.19,-0.58687,-0.91554,0.9084
0,0,0,0,40.2,-0.57679,-0.91821,0.91012
0,0,0,0,40.21,-0.56668,-0.92112,0.91187
0,0,0,0,40.22,-0.5568,-0.92395,0.91351
0,0,0,0,40.23,-0.54685,-0.92663,0.91523
0,0,0,0,40.24,-0.53694,-0.92942,0.91707
0,0,0,0,40.25,-0.52712,-0.93214,0.91888
0,0,0,0,40.26,-0.51717,-0.93462,0.92064
0,0,0,0,40.27,-0.50716,-0.93708,0.9225
0,0,0,0,40.28,-0.49734,-0.93975,0.92437
0,0,0,0,40.29,-0.48754,-0.94236,0.92623
0,0,0,0,40.3,-0.47773,-0.94473,0.92801
0,0,0,0,40.31,-0.46804,-0.94722,0.92988
0,0,0,0,40.32,-0.45835,-0.94985,0.93186
0,0,0,0,40.33,-0.44874,-0.9523,0.9338
0,0,0,0,40.34,-0.43902,-0.95449,0.93575
0,0,0,0,40.35,-0.42937,-0.95696,0.93775
0,0,0,0,40.36,-0.41984,-0.95944,0.93978
0,0,0,0,40.37,-0.4103,-0.9616,0.94181
0,0,0,0,40.38,-0.40072,-0.96382,0.9439
0,0,0,0,40.39,-0.39115,-0.96616,0.94607
0,0,0,0,40.4,-0.38165,-0.96835,0.94807
0,0,0,0,40.41,-0.37228,-0.97047,0.9502
0,0,0,0,40.42,-0.36298,-0.97264,0.9524
0,0,0,0,40.43,-0.35368,-0.97494,0.95461
0,0,0,0,40.44,-0.34448,-0.97715,0.95694
0,0,0,0,40.45,-0.33533,-0.97915,0.95922
0,0,0,0,40.46,-0.32617,-0.98108,0.96133
0,0,0,0,40.47,-0.31703,-0.98319,0.96358
0,0,0,0,40.48,-0.30795,-0.98523,0.96596
0,0,0,0,40.49,-0.29896,-0.98714,0.96851
0,0,0,0,40.5,-0.28997,-0.98903,0.97102
0,0,0,0,40.51,-0.28099,-0.99094,0.97341
0,0,0,0,40.52,-0.27213,-0.99282,0.9759
0,0,0,0,40.53,-0.26333,-0.99463,0.97839
0,0,0,0,40.54,-0.25452,-0.99634,0.9809
0,0,0,0,40.55,-0.2458,-0.99808,0.98339
0,0,0,0,40.56,-0.23718,-0.99976,0.98597
0,0,0,0,40.57,-0.22866,-1.0013,0.98866
0,0,0,0,40.58,-0.22016,-1.0029,0.99132
0,0,0,0,40.59,-0.21174,-1.0043,0.99389
0,0,0,0,40.6,-0.20345,-1.0056,0.99647
0,0,0,0,40.61,-0.19518,-1.0069,0.99914
0,0,0,0,40.62,-0.18694,-1.0081,1.0017
0,0,0,0,40.63,-0.17879,-1.0092,1.0043
0,0,0,0,40.64,-0.17071,-1.0103,1.007
0,0,0,0,40.65,-0.16271,-1.0113,1.0095
0,0,0,0,40.66,-0.15474,-1.0123,1.0121
0,0,0,0,40.67,-0.14687,-1.0132,1.0148
0,0,0,0,40.68,-0.13914,-1.0139,1.0174
0,0,0,0,40.69,-0.13144,-1.0146,1.02
0,0,0,0,40.7,-0.12387,-1.0153,1.0226
0,0,0,0,40.71,-0.11639,-1.0158,1.0251
0,0,0,0,40.72,-0.10895,-1.0163,1.0278
0,0,0,0,40.73,-0.10163,-1.0167,1.0304
0,0,0,0,40.74,-0.09443,-1.0171,1.033
0,0,0,0,40.75,-0.087267,-1.0173,1.0356
0,0,0,0,40.76,-0.080149,-1.0175,1.0383
0,0,0,0,40.77,-0.073064,-1.0176,1.0409
0,0,0,0,40.78,-0.066102,-1.0177,1.0434
0,0,0,0,40.79,-0.059242,-1.0176,1.046
0,0,0,0,40.8,-0.052446,-1.0174,1.0486
0,0,0,0,40.81,-0.045774,-1.0172,1.0512
0,0,0,0,40.82,-0.039176,-1.0169,1.0538
0,0,0,0,40.83,-0.032742,-1.0165,1.0565
0,0,0,0,40.84,-0.026443,-1.016,1.0591
0,0,0,0,40.85,-0.020117,-1.0155,1.0618
0,0,0,0,40.86,-0.013818,-1.0148,1.0644
0,0,0,0,40.87,-0.007553,-1.0141,1.0671
0,0,0,0,40.88,-0.001307,-1.0134,1.0697
0,0,0,0,40.89,0.004948,-1.0126,1.0726
0,0,0,0,40.9,0.011063,-1.0117,1.0754
0,0,0,0,40.91,0.017059,-1.0109,1.0782
0,0,0,0,40.92,0.022936,-1.0098,1.0811
0,0,0,0,40.93,0.028777,-1.0087,1.0839
0,0,0,0,40.94,0.034604,-1.0075,1.0868
0,0,0,0,40.95,0.040503,-1.0062,1.0897
0,0,0,0,40.96,0.046416,-1.0049,1.0927
0,0,0,0,40.97,0.052098,-1.0033,1.0956
0,0,0,0,40.98,0.057665,-1.0017,1.0984
0,0,0,0,40.99,0.063268,-0.99994,1.1014
0,0,0,0,41,0.068949,-0.99817,1.1044
0,0,0,0,41.01,0.074373,-0.99623,1.1074
0,0,0,0,41.02,0.079729,-0.99413,1.1103
0,0,0,0,41.03,0.085188,-0.99202,1.1132
0,0,0,0,41.04,0.090716,-0.9898,1.1161
0,0,0,0,41.05,0.096087,-0.9874,1.119
0,0,0,0,41.06,0.10113,-0.98487,1.1219
0,0,0,0,41.07,0.10625,-0.98224,1.1249
0,0,0,0,41.08,0.11153,-0.97953,1.1277
0,0,0,0,41.09,0.11652,-0.97665,1.1306
0,0,0,0,41.1,0.12139,-0.97364,1.1334
0,0,0,0,41.11,0.12647,-0.97058,1.1362
0,0,0,0,41.12,0.1313,-0.96744,1.1391
0,0,0,0,41.13,0.136,-0.96418,1.142
0,0,0,0,41.14,0.14075,-0.96078,1.1448
0,0,0,0,41.15,0.1455,-0.95737,1.1477
0,0,0,0,41.16,0.15018,-0.95391,1.1505
0,0,0,0,41.17,0.15478,-0.95027,1.1533
0,0,0,0,41.18,0.1593,-0.94662,1.1561
0,0,0,0,41.19,0.16396,-0.94287,1.159
0,0,0,0,41.2,0.16866,-0.93905,1.1618
0,0,0,0,41.21,0.17313,-0.9351,1.1646
0,0,0,0,41.22,0.17754,-0.93098,1.1674
0,0,0,0,41.23,0.1819,-0.92675,1.1702
0,0,0,0,41.24,0.18615,-0.92249,1.1731
0,0,0,0,41.25,0.19059,-0.91819,1.1759
0,0,0,0,41.26,0.195,-0.91375,1.1786
0,0,0,0,41.27,0.19933,-0.90926,1.1814
0,0,0,0,41.28,0.20368,-0.90478,1.1842
0,0,0,0,41.29,0.2078,-0.90009,1.1869
0,0,0,0,41.3,0.2119,-0.89538,1.1897
0,0,0,0,41.31,0.2159,-0.89052,1.1924
0,0,0,0,41.32,0.21988,-0.88562,1.1952
0,0,0,0,41.33,0.22399,-0.88072,1.1981
0,0,0,0,41.34,0.2281,-0.87572,1.2009
0,0,0,0,41.35,0.23222,-0.87062,1.2036
0,0,0,0,41.36,0.23617,-0.8655,1.2064
0,0,0,0,41.37,0.2401,-0.86032,1.2092
0,0,0,0,41.38,0.24389,-0.85502,1.2119
0,0,0,0,41.39,0.24765,-0.84969,1.2147
0,0,0,0,41.4,0.25154,-0.8443,1.2175
0,0,0,0,41.41,0.25542,-0.83883,1.2203
0,0,0,0,41.42,0.25916,-0.83329,1.223
0,0,0,0,41.43,0.26279,-0.82764,1.2257
0,0,0,0,41.44,0.26653,-0.82195,1.2284
0,0,0,0,41.45,0.27016,-0.81625,1.2312
0,0,0,0,41.46,0.27358,-0.81041,1.2338
0,0,0,0,41.47,0.27701,-0.80456,1.2365
0,0,0,0,41.48,0.28046,-0.79872,1.2393
0,0,0,0,41.49,0.28406,-0.79282,1.242
0,0,0,0,41.5,0.28754,-0.78677,1.2446
0,0,0,0,41.51,0.29087,-0.78062,1.2473
0,0,0,0,41.52,0.29423,-0.77451,1.25
0,0,0,0,41.53,0.29772,-0.76836,1.2527
0,0,0,0,41.54,0.30115,-0.76211,1.2553
0,0,0,0,41.55,0.30448,-0.75576,1.258
0,0,0,0,41.56,0.30766,-0.74933,1.2607
0,0,0,0,41.57,0.31078,-0.74287,1.2634
0,0,0,0,41.58,0.314,-0.7364,1.266
0,0,0,0,41.59,0.31719,-0.72991,1.2687
0,0,0,0,41.6,0.32031,-0.72331,1.2713
0,0,0,0,41.61,0.32354,-0.71667,1.2739
0,0,0,0,41.62,0.32664,-0.71004,1.2766
0,0,0,0,41.63,0.32976,-0.70343,1.2793
0,0,0,0,41.64,0.33274,-0.69671,1.282
0,0,0,0,41.65,0.33563,-0.68992,1.2846
0,0,0,0,41.66,0.33873,-0.6832,1.2873
0,0,0,0,41.67,0.34153,-0.67639,1.29
0,0,0,0,41.68,0.34447,-0.66955,1.2926
0,0,0,0,41.69,0.34723,-0.66264,1.2952
0,0,0,0,41.7,0.35,-0.65573,1.2979
0,0,0,0,41.71,0.35288,-0.6488,1.3005
0,0,0,0,41.72,0.35562,-0.64175,1.3031
0,0,0,0,41.73,0.35826,-0.63466,1.3058
0,0,0,0,41.74,0.36081,-0.62752,1.3085
0,0,0,0,41.75,0.36351,-0.62035,1.3111
0,0,0,0,41.76,0.36609,-0.61318,1.3138
0,0,0,0,41.77,0.36861,-0.60589,1.3164
0,0,0,0,41.78,0.3713,-0.59861,1.3189
0,0,0,0,41.79,0.37393,-0.59143,1.3216
0,0,0,0,41.8,0.37637,-0.58418,1.3243
0,0,0,0,41.81,0.37882,-0.57674,1.3268
0,0,0,0,41.82,0.38119,-0.56927,1.3295
0,0,0,0,41.83,0.38351,-0.56173,1.3321
0,0,0,0,41.84,0.38585,-0.55419,1.3346
0,0,0,0,41.85,0.38809,-0.54666,1.3372
0,0,0,0,41.86,0.39039,-0.53908,1.3398
0,0,0,0,41.87,0.39259,-0.5314,1.3423
0,0,0,0,41.88,0.39474,-0.52377,1.3449
0,0,0,0,41.89,0.39692,-0.51623,1.3475
0,0,0,0,41.9,0.399,-0.5085,1.3501
0,0,0,0,41.91,0.4011,-0.50081,1.3526
0,0,0,0,41.92,0.40316,-0.49316,1.3552
0,0,0,0,41.93,0.40517,-0.48545,1.3577
0,0,0,0,41.94,0.40725,-0.4778,1.3602
0,0,0,0,41.95,0.40921,-0.47007,1.3626
0,0,0,0,41.96,0.41112,-0.46226,1.365
0,0,0,0,41.97,0.41303,-0.45442,1.3674
0,0,0,0,41.98,0.41484,-0.44652,1.3697
0,0,0,0,41.99,0.41664,-0.43865,1.372
0,0,0,0,42,0.41846,-0.43088,1.3743
0,0,0,0,42.01,0.42031,-0.42308,1.3765
0,0,0,0,42.02,0.42206,-0.41503,1.3786
0,0,0,0,42.03,0.42381,-0.40718,1.3807
0,0,0,0,42.04,0.42555,-0.39921,1.3828
0,0,0,0,42.05,0.42719,-0.391,1.3848
0,0,0,0,42.06,0.42884,-0.38284,1.3868
0,0,0,0,42.07,0.43054,-0.37461,1.3888
0,0,0,0,42.08,0.43214,-0.36636,1.3908
0,0,0,0,42.09,0.43366,-0.35815,1.3926
0,0,0,0,42.1,0.43519,-0.34997,1.3945
0,0,0,0,42.11,0.43676,-0.34179,1.3963
0,0,0,0,42.12,0.43831,-0.33346,1.398
0,0,0,0,42.13,0.43973,-0.32504,1.3997
0,0,0,0,42.14,0.44115,-0.31672,1.4014
0,0,0,0,42.15,0.44257,-0.30835,1.403
0,0,0,0,42.16,0.44398,-0.29987,1.4047
0,0,0,0,42.17,0.4454,-0.29136,1.4063
0,0,0,0,42.18,0.44686,-0.28289,1.4077
0,0,0,0,42.19,0.44823,-0.2744,1.4092
0,0,0,0,42.2,0.44952,-0.26579,1.4108
0,0,0,0,42.21,0.45085,-0.25722,1.4122
0,0,0,0,42.22,0.45222,-0.24874,1.4136
0,0,0,0,42.23,0.45354,-0.24017,1.4149
0,0,0,0,42.24,0.45477,-0.23147,1.4163
0,0,0,0,42.25,0.456,-0.22276,1.4176
0,0,0,0,42.26,0.45726,-0.21406,1.4189
0,0,0,0,42.27,0.45852,-0.20534,1.4201
0,0,0,0,42.28,0.45976,-0.19654,1.4213
0,0,0,0,42.29,0.46102,-0.18779,1.4225
0,0,0,0,42.3,0.46225,-0.17904,1.4237
0,0,0,0,42.31,0.4634,-0.17011,1.4248
0,0,0,0,42.32,0.46452,-0.16116,1.4258
0,0,0,0,42.33,0.46569,-0.1523,1.4268
0,0,0,0,42.34,0.46684,-0.14335,1.4277
0,0,0,0,42.35,0.46795,-0.13434,1.4287
0,0,0,0,42.36,0.46905,-0.12536,1.4297
0,0,0,0,42.37,0.47016,-0.11633,1.4305
0,0,0,0,42.38,0.47125,-0.10717,1.4313
0,0,0,0,42.39,0.47232,-0.097979,1.4321
0,0,0,0,42.4,0.47339,-0.088837,1.4328
0,0,0,0,42.41,0.47445,-0.079598,1.4335
0,0,0,0,42.42,0.47552,-0.070306,1.4342
0,0,0,0,42.43,0.47659,-0.061031,1.4349
0,0,0,0,42.44,0.47765,-0.051688,1.4355
0,0,0,0,42.45,0.47872,-0.042384,1.436
0,0,0,0,42.46,0.47975,-0.032954,1.4366
0,0,0,0,42.47,0.4808,-0.023489,1.4371
0,0,0,0,42.48,0.48189,-0.014099,1.4376
0,0,0,0,42.49,0.48295,-0.004591,1.438
0,0,0,0,42.5,0.48398,0.004913,1.4385
0,0,0,0,42.51,0.48503,0.014393,1.4388
0,0,0,0,42.52,0.48608,0.023928,1.4392
0,0,0,0,42.53,0.48712,0.033401,1.4395
0,0,0,0,42.54,0.48822,0.042918,1.4398
0,0,0,0,42.55,0.48931,0.052386,1.4401
0,0,0,0,42.56,0.49033,0.061904,1.4404
0,0,0,0,42.57,0.49135,0.071461,1.4406
0,0,0,0,42.58,0.4924,0.080959,1.4408
0,0,0,0,42.59,0.49344,0.090428,1.441
0,0,0,0,42.6,0.49448,0.099968,1.4411
0,0,0,0,42.61,0.49549,0.1095,1.4412
0,0,0,0,42.62,0.49642,0.11903,1.4413
0,0,0,0,42.63,0.49735,0.12853,1.4413
0,0,0,0,42.64,0.49828,0.13799,1.4413
0,0,0,0,42.65,0.49922,0.14749,1.4412
0,0,0,0,42.66,0.50017,0.15702,1.4411
0,0,0,0,42.67,0.50108,0.16651,1.441
0,0,0,0,42.68,0.50189,0.1761,1.4408
0,0,0,0,42.69,0.50271,0.18563,1.4406
0,0,0,0,42.7,0.50359,0.19511,1.4403
0,0,0,0,42.71,0.50435,0.20473,1.44
0,0,0,0,42.72,0.50504,0.21438,1.4397
0,0,0,0,42.73,0.5057,0.22407,1.4392
0,0,0,0,42.74,0.50638,0.2338,1.4387
0,0,0,0,42.75,0.50704,0.24338,1.4381
0,0,0,0,42.76,0.50755,0.25306,1.4375
0,0,0,0,42.77,0.50808,0.26276,1.4369
0,0,0,0,42.78,0.50857,0.27254,1.4362
0,0,0,0,42.79,0.50906,0.28222,1.4355
0,0,0,0,42.8,0.50951,0.29194,1.4346
0,0,0,0,42.81,0.50986,0.3017,1.4337
0,0,0,0,42.82,0.51013,0.31151,1.4328
0,0,0,0,42.83,0.51042,0.32133,1.432
0,0,0,0,42.84,0.51079,0.33103,1.4311
0,0,0,0,42.85,0.51117,0.34065,1.43
0,0,0,0,42.86,0.51149,0.35039,1.429
0,0,0,0,42.87,0.51175,0.36012,1.4281
0,0,0,0,42.88,0.51187,0.36983,1.427
0,0,0,0,42.89,0.51212,0.37938,1.4259
0,0,0,0,42.9,0.51241,0.38887,1.4248
0,0,0,0,42.91,0.51258,0.39835,1.4238
0,0,0,0,42.92,0.51271,0.40767,1.4227
0,0,0,0,42.93,0.51272,0.41709,1.4216
0,0,0,0,42.94,0.51281,0.42633,1.4205
0,0,0,0,42.95,0.51275,0.43552,1.4194
0,0,0,0,42.96,0.51268,0.44473,1.4183
0,0,0,0,42.97,0.51265,0.45374,1.4172
0,0,0,0,42.98,0.5125,0.46276,1.4161
0,0,0,0,42.99,0.5123,0.47174,1.415
0,0,0,0,43,0.51206,0.48067,1.4138
0,0,0,0,43.01,0.51177,0.48954,1.4126
0,0,0,0,43.02,0.51145,0.49817,1.4114
0,0,0,0,43.03,0.51098,0.5067,1.4102
0,0,0,0,43.04,0.51037,0.51532,1.4091
0,0,0,0,43.05,0.50979,0.52387,1.4079
0,0,0,0,43.06,0.50923,0.53212,1.4067
0,0,0,0,43.07,0.50864,0.5402,1.4054
0,0,0,0,43.08,0.50788,0.54839,1.4042
0,0,0,0,43.09,0.50712,0.55645,1.403
0,0,0,0,43.1,0.50619,0.56437,1.4017
0,0,0,0,43.11,0.50514,0.57221,1.4004
0,0,0,0,43.12,0.50431,0.57982,1.3991
0,0,0,0,43.13,0.50331,0.58744,1.3978
0,0,0,0,43.14,0.50219,0.59505,1.3964
0,0,0,0,43.15,0.50101,0.60246,1.395
0,0,0,0,43.16,0.4998,0.60981,1.3936
0,0,0,0,43.17,0.49857,0.61699,1.3922
0,0,0,0,43.18,0.49726,0.62403,1.3907
0,0,0,0,43.19,0.49586,0.63095,1.3892
0,0,0,0,43.2,0.49452,0.63777,1.3877
0,0,0,0,43.21,0.49307,0.64448,1.3863
0,0,0,0,43.22,0.49156,0.65103,1.3847
0,0,0,0,43.23,0.48999,0.65751,1.3831
0,0,0,0,43.24,0.48837,0.66381,1.3815
0,0,0,0,43.25,0.48686,0.67014,1.3797
0,0,0,0,43.26,0.48512,0.67634,1.3779
0,0,0,0,43.27,0.48328,0.68219,1.3764
0,0,0,0,43.28,0.48151,0.68795,1.3747
0,0,0,0,43.29,0.4796,0.69369,1.3728
0,0,0,0,43.3,0.4777,0.69933,1.3709
0,0,0,0,43.31,0.47575,0.70481,1.3692
0,0,0,0,43.32,0.47367,0.71019,1.3672
0,0,0,0,43.33,0.47154,0.71534,1.3652
0,0,0,0,43.34,0.46966,0.72053,1.3631
0,0,0,0,43.35,0.46745,0.72567,1.3611
0,0,0,0,43.36,0.46501,0.73054,1.3592
0,0,0,0,43.37,0.46263,0.73536,1.3571
0,0,0,0,43.38,0.46023,0.74008,1.3549
0,0,0,0,43.39,0.45779,0.74449,1.3528
0,0,0,0,43.4,0.45559,0.74889,1.3505
0,0,0,0,43.41,0.45302,0.75319,1.3483
0,0,0,0,43.42,0.45014,0.75747,1.3462
0,0,0,0,43.43,0.44753,0.76166,1.3439
0,0,0,0,43.44,0.4448,0.76557,1.3416
0,0,0,0,43.45,0.44216,0.76944,1.3391
0,0,0,0,43.46,0.43944,0.77308,1.3367
0,0,0,0,43.47,0.4365,0.77649,1.3344
0,0,0,0,43.48,0.43349,0.77978,1.332
0,0,0,0,43.49,0.43052,0.78295,1.3295
0,0,0,0,43.5,0.42753,0.78586,1.3271
0,0,0,0,43.51,0.42449,0.78898,1.3243
0,0,0,0,43.52,0.42152,0.79176,1.3219
0,0,0,0,43.53,0.41833,0.79412,1.3197
0,0,0,0,43.54,0.41512,0.79628,1.3173
0,0,0,0,43.55,0.41198,0.79834,1.3148
0,0,0,0,43.56,0.40867,0.80037,1.3124
0,0,0,0,43.57,0.40529,0.80222,1.31
0,0,0,0,43.58,0.40187,0.80387,1.3076
0,0,0,0,43.59,0.39834,0.80533,1.3053
0,0,0,0,43.6,0.39473,0.80682,1.303
0,0,0,0,43.61,0.39133,0.80805,1.3007
0,0,0,0,43.62,0.38777,0.80909,1.2983
0,0,0,0,43.63,0.38417,0.81002,1.296
0,0,0,0,43.64,0.38064,0.81083,1.2939
0,0,0,0,43.65,0.37688,0.81162,1.2917
0,0,0,0,43.66,0.37308,0.81225,1.2896
0,0,0,0,43.67,0.36935,0.81253,1.2874
0,0,0,0,43.68,0.36559,0.81275,1.2853
0,0,0,0,43.69,0.36177,0.81297,1.2831
0,0,0,0,43.7,0.35785,0.81312,1.2809
0,0,0,0,43.71,0.35386,0.81303,1.2788
0,0,0,0,43.72,0.34981,0.81276,1.2768
0,0,0,0,43.73,0.34564,0.81252,1.2747
0,0,0,0,43.74,0.34147,0.81211,1.2726
0,0,0,0,43.75,0.33728,0.81155,1.2706
0,0,0,0,43.76,0.33316,0.81099,1.2684
0,0,0,0,43.77,0.32889,0.81039,1.2663
0,0,0,0,43.78,0.32444,0.80969,1.2643
0,0,0,0,43.79,0.32005,0.80894,1.2623
0,0,0,0,43.8,0.31561,0.80811,1.2602
0,0,0,0,43.81,0.31108,0.80718,1.2582
0,0,0,0,43.82,0.30649,0.80625,1.2562
0,0,0,0,43.83,0.30202,0.80521,1.254
0,0,0,0,43.84,0.29743,0.80405,1.2521
0,0,0,0,43.85,0.29269,0.80287,1.2501
0,0,0,0,43.86,0.28789,0.80158,1.2481
0,0,0,0,43.87,0.28314,0.80019,1.2463
0,0,0,0,43.88,0.27834,0.7988,1.2443
0,0,0,0,43.89,0.27353,0.79722,1.2424
0,0,0,0,43.9,0.2689,0.79549,1.2404
0,0,0,0,43.91,0.26393,0.79386,1.2385
0,0,0,0,43.92,0.25897,0.79219,1.2367
0,0,0,0,43.93,0.25411,0.79031,1.235
0,0,0,0,43.94,0.24915,0.78837,1.2331
0,0,0,0,43.95,0.24424,0.78648,1.2313
0,0,0,0,43.96,0.23921,0.7846,1.2295
0,0,0,0,43.97,0.23398,0.78276,1.2277
0,0,0,0,43.98,0.22897,0.78082,1.2259
0,0,0,0,43.99,0.22391,0.77877,1.2242
0,0,0,0,44,0.21872,0.77684,1.2225
0,0,0,0,44.01,0.2135,0.77497,1.2208
0,0,0,0,44.02,0.20857,0.77284,1.219
0,0,0,0,44.03,0.20357,0.77082,1.2172
0,0,0,0,44.04,0.19824,0.76892,1.2155
0,0,0,0,44.05,0.19319,0.76709,1.2139
0,0,0,0,44.06,0.18811,0.7654,1.2121
0,0,0,0,44.07,0.18289,0.7639,1.2103
0,0,0,0,44.08,0.17768,0.76257,1.2085
0,0,0,0,44.09,0.17269,0.76144,1.2066
0,0,0,0,44.1,0.16751,0.76066,1.2046
0,0,0,0,44.11,0.16236,0.75991,1.2025
0,0,0,0,44.12,0.15736,0.75915,1.2004
0,0,0,0,44.13,0.15197,0.7586,1.1983
0,0,0,0,44.14,0.14682,0.75794,1.1962
0,0,0,0,44.15,0.14169,0.75726,1.1941
0,0,0,0,44.16,0.13643,0.75661,1.192
0,0,0,0,44.17,0.1311,0.75595,1.1899
0,0,0,0,44.18,0.12558,0.75533,1.1879
0,0,0,0,44.19,0.12008,0.7547,1.1859
0,0,0,0,44.2,0.1146,0.75404,1.184
0,0,0,0,44.21,0.10913,0.75335,1.1822
0,0,0,0,44.22,0.10363,0.75262,1.1804
0,0,0,0,44.23,0.098061,0.75195,1.1786
0,0,0,0,44.24,0.092467,0.75133,1.1769
0,0,0,0,44.25,0.086831,0.75072,1.1753
0,0,0,0,44.26,0.081129,0.75017,1.1737
0,0,0,0,44.27,0.075375,0.74967,1.1722
0,0,0,0,44.28,0.069602,0.74926,1.1707
0,0,0,0,44.29,0.063814,0.74889,1.1693
0,0,0,0,44.3,0.057977,0.74868,1.168
0,0,0,0,44.31,0.05216,0.74852,1.1666
0,0,0,0,44.32,0.046297,0.74843,1.1652
0,0,0,0,44.33,0.040331,0.74862,1.1639
0,0,0,0,44.34,0.034353,0.74891,1.1626
0,0,0,0,44.35,0.028455,0.74917,1.1613
0,0,0,0,44.36,0.022543,0.74962,1.1601
0,0,0,0,44.37,0.016578,0.75027,1.1589
0,0,0,0,44.38,0.010657,0.75102,1.1576
0,0,0,0,44.39,0.004721,0.75189,1.1564
0,0,0,0,44.4,-0.0013,0.75296,1.1552
0,0,0,0,44.41,-0.007344,0.7542,1.154
0,0,0,0,44.42,-0.013331,0.75548,1.1528
0,0,0,0,44.43,-0.019392,0.75695,1.1517
0,0,0,0,44.44,-0.025463,0.75857,1.1505
0,0,0,0,44.45,-0.031413,0.76019,1.1494
0,0,0,0,44.46,-0.037479,0.76204,1.1482
0,0,0,0,44.47,-0.043572,0.76402,1.1471
0,0,0,0,44.48,-0.049704,0.76614,1.1459
0,0,0,0,44.49,-0.055951,0.76839,1.1448
0,0,0,0,44.5,-0.06219,0.77069,1.1439
0,0,0,0,44.51,-0.068361,0.77304,1.1429
0,0,0,0,44.52,-0.07456,0.77551,1.1419
0,0,0,0,44.53,-0.080749,0.77802,1.141
0,0,0,0,44.54,-0.086951,0.78058,1.14
0,0,0,0,44.55,-0.093186,0.78311,1.1392
0,0,0,0,44.56,-0.099463,0.78571,1.1384
0,0,0,0,44.57,-0.10578,0.78846,1.1376
0,0,0,0,44.58,-0.11206,0.79115,1.1369
0,0,0,0,44.59,-0.11839,0.79392,1.1361
0,0,0,0,44.6,-0.12486,0.79692,1.1353
0,0,0,0,44.61,-0.13134,0.7998,1.1346
0,0,0,0,44.62,-0.13787,0.80267,1.134
0,0,0,0,44.63,-0.1444,0.80578,1.1333
0,0,0,0,44.64,-0.1509,0.80892,1.1326
0,0,0,0,44.65,-0.15749,0.81202,1.1319
0,0,0,0,44.66,-0.16415,0.8151,1.1313
0,0,0,0,44.67,-0.17081,0.81825,1.1308
0,0,0,0,44.68,-0.17742,0.82136,1.1302
0,0,0,0,44.69,-0.18412,0.82449,1.1297
0,0,0,0,44.7,-0.19085,0.82756,1.1293
0,0,0,0,44.71,-0.19755,0.83058,1.1289
0,0,0,0,44.72,-0.20429,0.83361,1.1285
0,0,0,0,44.73,-0.21099,0.83651,1.1281
0,0,0,0,44.74,-0.21775,0.83955,1.1278
0,0,0,0,44.75,-0.22459,0.84268,1.1276
0,0,0,0,44.76,-0.23141,0.84565,1.1272
0,0,0,0,44.77,-0.23819,0.84867,1.1269
0,0,0,0,44.78,-0.24501,0.85181,1.1267
0,0,0,0,44.79,-0.25189,0.85486,1.1264
0,0,0,0,44.8,-0.2587,0.85781,1.1262
0,0,0,0,44.81,-0.26563,0.86087,1.1259
0,0,0,0,44.82,-0.2727,0.86399,1.1256
0,0,0,0,44.83,-0.27972,0.8671,1.1253
0,0,0,0,44.84,-0.28673,0.87018,1.1251
0,0,0,0,44.85,-0.29366,0.87306,1.125
0,0,0,0,44.86,-0.30061,0.87604,1.1248
0,0,0,0,44.87,-0.30768,0.87924,1.1246
0,0,0,0,44.88,-0.31474,0.88219,1.1244
0,0,0,0,44.89,-0.32179,0.88516,1.1243
0,0,0,0,44.9,-0.32876,0.88823,1.1241
0,0,0,0,44.91,-0.33573,0.89128,1.1241
0,0,0,0,44.92,-0.34281,0.89428,1.1239
0,0,0,0,44.93,-0.34972,0.89715,1.1239
0,0,0,0,44.94,-0.35677,0.90028,1.1238
0,0,0,0,44.95,-0.36407,0.90351,1.1237
0,0,0,0,44.96,-0.3711,0.90634,1.1237
0,0,0,0,44.97,-0.3781,0.9092,1.1236
0,0,0,0,44.98,-0.3852,0.91218,1.1236
0,0,0,0,44.99,-0.39225,0.91497,1.1236
0,0,0,0,45,-0.39923,0.91782,1.1236
0,0,0,0,45.01,-0.40626,0.92078,1.1236
0,0,0,0,45.02,-0.41316,0.9236,1.1239
0,0,0,0,45.03,-0.41995,0.92632,1.1241
0,0,0,0,45.04,-0.42699,0.92935,1.124
0,0,0,0,45.05,-0.43384,0.93229,1.1241
0,0,0,0,45.06,-0.44055,0.93495,1.1244
0,0,0,0,45.07,-0.44749,0.9379,1.1246
0,0,0,0,45.08,-0.45443,0.94096,1.1248
0,0,0,0,45.09,-0.46129,0.94351,1.125
0,0,0,0,45.1,-0.4683,0.94637,1.1253
0,0,0,0,45.11,-0.4754,0.94958,1.1255
0,0,0,0,45.12,-0.48239,0.95252,1.1259
0,0,0,0,45.13,-0.48909,0.95528,1.1264
0,0,0,0,45.14,-0.49576,0.95789,1.1268
0,0,0,0,45.15,-0.50257,0.96073,1.1271
0,0,0,0,45.16,-0.5094,0.96354,1.1277
0,0,0,0,45.17,-0.51623,0.96619,1.1285
0,0,0,0,45.18,-0.52314,0.96916,1.129
0,0,0,0,45.19,-0.53026,0.9722,1.1295
0,0,0,0,45.2,-0.53698,0.97483,1.1301
0,0,0,0,45.21,-0.54345,0.97738,1.131
0,0,0,0,45.22,-0.55003,0.98005,1.1319
0,0,0,0,45.23,-0.55589,0.98242,1.1327
0,0,0,0,45.24,-0.56271,0.98523,1.1336
0,0,0,0,45.25,-0.56991,0.98814,1.1345
0,0,0,0,45.26,-0.57652,0.99092,1.1353
0,0,0,0,45.27,-0.58334,0.99393,1.1362
0,0,0,0,45.28,-0.58998,0.99665,1.1372
0,0,0,0,45.29,-0.59649,0.99921,1.1381
0,0,0,0,45.3,-0.60314,1.002,1.1392
0,0,0,0,45.31,-0.60978,1.0049,1.1405
0,0,0,0,45.32,-0.61631,1.0078,1.1416
0,0,0,0,45.33,-0.62286,1.0106,1.1427
0,0,0,0,45.34,-0.62951,1.0135,1.1437
0,0,0,0,45.35,-0.63541,1.016,1.1451
0,0,0,0,45.36,-0.64152,1.0186,1.1466
0,0,0,0,45.37,-0.64862,1.0219,1.1477
0,0,0,0,45.38,-0.6554,1.025,1.149
0,0,0,0,45.39,-0.66161,1.0278,1.1502
0,0,0,0,45.4,-0.6682,1.0308,1.1516
0,0,0,0,45.41,-0.67482,1.0339,1.153
0,0,0,0,45.42,-0.68107,1.0368,1.1544
0,0,0,0,45.43,-0.68752,1.0398,1.1558
0,0,0,0,45.44,-0.69425,1.043,1.1571
0,0,0,0,45.45,-0.70077,1.0461,1.1586
0,0,0,0,45.46,-0.7065,1.0488,1.1603
0,0,0,0,45.47,-0.71259,1.0518,1.1619
0,0,0,0,45.48,-0.71939,1.0554,1.1633
0,0,0,0,45.49,-0.72591,1.0588,1.1646
0,0,0,0,45.5,-0.73227,1.0619,1.1663
0,0,0,0,45.51,-0.73844,1.0648,1.1683
0,0,0,0,45.52,-0.74465,1.0678,1.17
0,0,0,0,45.53,-0.75102,1.071,1.1714
0,0,0,0,45.54,-0.75733,1.0741,1.1731
0,0,0,0,45.55,-0.7634,1.0769,1.175
0,0,0,0,45.56,-0.76989,1.0799,1.1766
0,0,0,0,45.57,-0.77666,1.0832,1.1783
0,0,0,0,45.58,-0.78284,1.0867,1.1803
0,0,0,0,45.59,-0.78865,1.0895,1.1824
0,0,0,0,45.6,-0.79492,1.092,1.184
0,0,0,0,45.61,-0.80154,1.0951,1.1859
0,0,0,0,45.62,-0.80765,1.0981,1.1879
0,0,0,0,45.63,-0.81318,1.1008,1.1899
0,0,0,0,45.64,-0.81886,1.1038,1.1919
0,0,0,0,45.65,-0.82507,1.1072,1.1939
0,0,0,0,45.66,-0.83154,1.1104,1.1958
0,0,0,0,45.67,-0.83781,1.1134,1.1976
0,0,0,0,45.68,-0.84332,1.1164,1.1999
0,0,0,0,45.69,-0.84879,1.1194,1.2021
0,0,0,0,45.7,-0.85457,1.1224,1.2041
0,0,0,0,45.71,-0.86034,1.1256,1.206
0,0,0,0,45.72,-0.86623,1.129,1.208
0,0,0,0,45.73,-0.87248,1.1324,1.21
0,0,0,0,45.74,-0.87853,1.136,1.212
0,0,0,0,45.75,-0.88368,1.139,1.2142
0,0,0,0,45.76,-0.88868,1.1418,1.2163
0,0,0,0,45.77,-0.89416,1.1451,1.2183
0,0,0,0,45.78,-0.89967,1.1484,1.2202
0,0,0,0,45.79,-0.90506,1.1517,1.2224
0,0,0,0,45.8,-0.91101,1.1552,1.2243
0,0,0,0,45.81,-0.91601,1.1583,1.2263
0,0,0,0,45.82,-0.92055,1.1614,1.2283
0,0,0,0,45.83,-0.92574,1.1647,1.2303
0,0,0,0,45.84,-0.93086,1.1681,1.2324
0,0,0,0,45.85,-0.93588,1.1715,1.2343
0,0,0,0,45.86,-0.94067,1.1746,1.2361
0,0,0,0,45.87,-0.94571,1.1778,1.238
0,0,0,0,45.88,-0.95061,1.1808,1.2398
0,0,0,0,45.89,-0.95554,1.1842,1.2413
0,0,0,0,45.9,-0.96059,1.1879,1.243
0,0,0,0,45.91,-0.96545,1.1911,1.2449
0,0,0,0,45.92,-0.97017,1.1941,1.2466
0,0,0,0,45.93,-0.97487,1.1972,1.2482
0,0,0,0,45.94,-0.98042,1.2008,1.2496
0,0,0,0,45.95,-0.9856,1.2043,1.2509
0,0,0,0,45.96,-0.98949,1.2071,1.2527
0,0,0,0,45.97,-0.9938,1.2104,1.2544
0,0,0,0,45.98,-0.99847,1.2137,1.2558
0,0,0,0,45.99,-1.0029,1.2168,1.2572
0,0,0,0,46,-1.0066,1.2192,1.2581
0,0,0,0,46.01,-1.0112,1.2225,1.2596
0,0,0,0,46.02,-1.0158,1.2263,1.2615
0,0,0,0,46.03,-1.0201,1.2296,1.2628
0,0,0,0,46.04,-1.0249,1.233,1.2641
0,0,0,0,46.05,-1.0287,1.236,1.2653
0,0,0,0,46.06,-1.0329,1.2392,1.2667
0,0,0,0,46.07,-1.0374,1.2425,1.2681
0,0,0,0,46.08,-1.0414,1.246,1.2692
0,0,0,0,46.09,-1.0451,1.2492,1.2703
0,0,0,0,46.1,-1.0495,1.2525,1.2715
0,0,0,0,46.11,-1.0534,1.2558,1.2728
0,0,0,0,46.12,NaN,NaN,NaN
0,0,0,0,46.13,NaN,NaN,NaN
0,0,0,0,46.14,NaN,NaN,NaN
0,0,0,0,46.15,NaN,NaN,NaN
0,0,0,0,46.16,-1.0702,1.2717,1.2783
0,0,0,0,46.17,-1.0728,1.2741,1.2791
0,0,0,0,46.18,-1.077,1.2777,1.2804
0,0,0,0,46.19,-1.0807,1.2813,1.2818
0,0,0,0,46.2,-1.0829,1.2838,1.2828
0,0,0,0,46.21,-1.0857,1.2871,1.2834
0,0,0,0,46.22,-1.0883,1.2905,1.2841
0,0,0,0,46.23,-1.0913,1.2935,1.2852
0,0,0,0,46.24,-1.0951,1.297,1.2861
0,0,0,0,46.25,-1.0978,1.3,1.2872
0,0,0,0,46.26,-1.0998,1.3028,1.2884
0,0,0,0,46.27,-1.1023,1.3061,1.2892
0,0,0,0,46.28,-1.1057,1.3099,1.2899
0,0,0,0,46.29,-1.1088,1.3136,1.2903
0,0,0,0,46.3,-1.1102,1.316,1.2909
0,0,0,0,46.31,-1.1117,1.3186,1.2918
0,0,0,0,46.32,-1.1134,1.3214,1.2924
0,0,0,0,46.33,-1.115,1.3243,1.2931
0,0,0,0,46.34,-1.1175,1.3274,1.2937
0,0,0,0,46.35,-1.1203,1.3314,1.2944
0,0,0,0,46.36,-1.122,1.3343,1.2951
0,0,0,0,46.37,-1.1236,1.3367,1.2956
0,0,0,0,46.38,-1.1257,1.3399,1.2961
0,0,0,0,46.39,-1.1273,1.3428,1.2966
0,0,0,0,46.4,-1.1285,1.3454,1.2969
0,0,0,0,46.41,-1.1301,1.3483,1.2974
0,0,0,0,46.42,-1.1314,1.3511,1.2978
0,0,0,0,46.43,-1.1325,1.354,1.2979
0,0,0,0,46.44,-1.1346,1.3577,1.2983
0,0,0,0,46.45,-1.1366,1.3607,1.2988
0,0,0,0,46.46,-1.1377,1.3632,1.299
0,0,0,0,46.47,-1.1385,1.3658,1.2993
0,0,0,0,46.48,-1.1395,1.3683,1.2995
0,0,0,0,46.49,-1.14,1.3706,1.2996
0,0,0,0,46.5,-1.141,1.3733,1.2998
0,0,0,0,46.51,-1.1425,1.3762,1.2999
0,0,0,0,46.52,-1.1436,1.3787,1.2999
0,0,0,0,46.53,-1.1443,1.3814,1.3
0,0,0,0,46.54,-1.145,1.384,1.3
0,0,0,0,46.55,-1.1467,1.3869,1.3002
0,0,0,0,46.56,-1.1481,1.3898,1.3004
0,0,0,0,46.57,-1.1474,1.3913,1.3001
0,0,0,0,46.58,-1.146,1.3928,1.3
0,0,0,0,46.59,-1.1461,1.3952,1.3001
0,0,0,0,46.6,-1.1462,1.3975,1.3
0,0,0,0,46.61,-1.1464,1.3997,1.2998
0,0,0,0,46.62,-1.147,1.4022,1.2996
0,0,0,0,46.63,-1.1479,1.4049,1.2996
0,0,0,0,46.64,-1.1489,1.4077,1.2995
0,0,0,0,46.65,-1.149,1.4099,1.2992
0,0,0,0,46.66,-1.1487,1.4121,1.2991
0,0,0,0,46.67,-1.1486,1.4143,1.2988
0,0,0,0,46.68,-1.1484,1.4163,1.2983
0,0,0,0,46.69,-1.1479,1.4183,1.2979
0,0,0,0,46.7,-1.146,1.4197,1.2975
0,0,0,0,46.71,-1.1442,1.421,1.297
0,0,0,0,46.72,-1.1432,1.4229,1.2965
0,0,0,0,46.73,-1.1426,1.4248,1.2961
0,0,0,0,46.74,-1.1432,1.4275,1.2957
0,0,0,0,46.75,-1.1432,1.4299,1.2953
0,0,0,0,46.76,-1.1423,1.4317,1.2947
0,0,0,0,46.77,-1.1407,1.4339,1.2942
0,0,0,0,46.78,-1.1391,1.436,1.2938
0,0,0,0,46.79,-1.138,1.4377,1.2933
0,0,0,0,46.8,-1.1373,1.4391,1.2927
0,0,0,0,46.81,-1.1362,1.4405,1.2919
0,0,0,0,46.82,-1.1348,1.442,1.2912
0,0,0,0,46.83,-1.1337,1.4439,1.2905
0,0,0,0,46.84,-1.1314,1.4452,1.2898
0,0,0,0,46.85,-1.1279,1.4458,1.289
0,0,0,0,46.86,-1.1268,1.4475,1.2884
0,0,0,0,46.87,-1.1267,1.4498,1.2881
0,0,0,0,46.88,-1.1249,1.4513,1.2875
0,0,0,0,46.89,-1.1221,1.4521,1.2867
0,0,0,0,46.9,-1.1192,1.4529,1.286
0,0,0,0,46.91,-1.1172,1.454,1.2854
0,0,0,0,46.92,-1.1153,1.4554,1.2849
0,0,0,0,46.93,-1.113,1.4567,1.2843
0,0,0,0,46.94,-1.1105,1.4577,1.2834
0,0,0,0,46.95,-1.1096,1.4595,1.2827
0,0,0,0,46.96,-1.1084,1.4613,1.2823
0,0,0,0,46.97,-1.1054,1.462,1.2818
0,0,0,0,46.98,-1.1015,1.4622,1.2811
0,0,0,0,46.99,-1.0981,1.4626,1.2803
0,0,0,0,47,-1.0959,1.4644,1.2799
0,0,0,0,47.01,-1.0936,1.466,1.2794
0,0,0,0,47.02,-1.0904,1.4668,1.2787
0,0,0,0,47.03,-1.087,1.4668,1.278
0,0,0,0,47.04,-1.0836,1.4667,1.2773
0,0,0,0,47.05,-1.0805,1.4673,1.2766
0,0,0,0,47.06,-1.0783,1.4682,1.276
0,0,0,0,47.07,-1.0749,1.4686,1.2754
0,0,0,0,47.08,-1.0707,1.469,1.2744
0,0,0,0,47.09,-1.0677,1.4699,1.2735
0,0,0,0,47.1,-1.0643,1.4703,1.2729
0,0,0,0,47.11,-1.062,1.4712,1.2723
0,0,0,0,47.12,-1.0584,1.4717,1.2717
0,0,0,0,47.13,-1.0537,1.4717,1.271
0,0,0,0,47.14,-1.0501,1.4721,1.2703
0,0,0,0,47.15,-1.0464,1.4723,1.2696
0,0,0,0,47.16,-1.0425,1.4726,1.2689
0,0,0,0,47.17,-1.0387,1.473,1.268
0,0,0,0,47.18,-1.0351,1.4742,1.2674
0,0,0,0,47.19,-1.0322,1.4751,1.2661
0,0,0,0,47.2,-1.0277,1.4745,1.2651
0,0,0,0,47.21,-1.0224,1.4738,1.2647
0,0,0,0,47.22,-1.0183,1.4739,1.2639
0,0,0,0,47.23,-1.0141,1.4742,1.2631
0,0,0,0,47.24,-1.0103,1.4751,1.2625
0,0,0,0,47.25,-1.0059,1.4752,1.2616
0,0,0,0,47.26,-1.0009,1.4742,1.2606
0,0,0,0,47.27,-0.99573,1.4739,1.2598
0,0,0,0,47.28,-0.99109,1.474,1.2587
0,0,0,0,47.29,-0.98709,1.4742,1.2578
0,0,0,0,47.3,-0.98353,1.4745,1.2567
0,0,0,0,47.31,-0.97873,1.4743,1.2559
0,0,0,0,47.32,-0.97205,1.473,1.2555
0,0,0,0,47.33,-0.96718,1.4728,1.2546
0,0,0,0,47.34,-0.96302,1.473,1.2537
0,0,0,0,47.35,-0.95713,1.4723,1.2529
0,0,0,0,47.36,-0.95194,1.4719,1.252
0,0,0,0,47.37,-0.94755,1.472,1.2511
0,0,0,0,47.38,-0.94235,1.4717,1.2501
0,0,0,0,47.39,-0.93787,1.4719,1.2489
0,0,0,0,47.4,-0.93241,1.4715,1.248
0,0,0,0,47.41,-0.92611,1.4705,1.2475
0,0,0,0,47.42,-0.92053,1.47,1.2466
0,0,0,0,47.43,-0.91481,1.4695,1.2457
0,0,0,0,47.44,-0.90985,1.47,1.2446
0,0,0,0,47.45,-0.90409,1.4695,1.2437
0,0,0,0,47.46,-0.89819,1.4689,1.2428
0,0,0,0,47.47,-0.89249,1.4684,1.2418
0,0,0,0,47.48,-0.88666,1.4678,1.2409
0,0,0,0,47.49,-0.88063,1.4672,1.24
0,0,0,0,47.5,-0.87383,1.4656,1.2392
0,0,0,0,47.51,-0.86774,1.4648,1.2383
0,0,0,0,47.52,-0.86203,1.4649,1.2375
0,0,0,0,47.53,-0.85615,1.465,1.2366
0,0,0,0,47.54,-0.84944,1.4634,1.2354
0,0,0,0,47.55,-0.84291,1.4619,1.2343
0,0,0,0,47.56,-0.83686,1.4618,1.2333
0,0,0,0,47.57,-0.83036,1.461,1.2324
0,0,0,0,47.58,-0.82361,1.4595,1.2314
0,0,0,0,47.59,-0.81701,1.4585,1.2303
0,0,0,0,47.6,-0.81092,1.4587,1.2293
0,0,0,0,47.61,-0.8045,1.4579,1.2284
0,0,0,0,47.62,-0.79793,1.4568,1.2271
0,0,0,0,47.63,-0.79154,1.4568,1.2259
0,0,0,0,47.64,-0.78417,1.455,1.2251
0,0,0,0,47.65,-0.77622,1.4529,1.2241
0,0,0,0,47.66,-0.76981,1.4531,1.223
0,0,0,0,47.67,-0.76376,1.4526,1.222
0,0,0,0,47.68,-0.75668,1.4514,1.2209
0,0,0,0,47.69,-0.74993,1.4512,1.2198
0,0,0,0,47.7,-0.74288,1.4503,1.2185
0,0,0,0,47.71,-0.73564,1.4494,1.2173
0,0,0,0,47.72,-0.72847,1.4484,1.2162
0,0,0,0,47.73,-0.72058,1.4464,1.215
0,0,0,0,47.74,-0.71335,1.4452,1.214
0,0,0,0,47.75,-0.70683,1.4452,1.213
0,0,0,0,47.76,-0.69966,1.4438,1.2116
0,0,0,0,47.77,-0.69217,1.4425,1.2104
0,0,0,0,47.78,-0.68456,1.4418,1.2093
0,0,0,0,47.79,-0.67687,1.4402,1.208
0,0,0,0,47.8,-0.66924,1.439,1.2069
0,0,0,0,47.81,-0.66187,1.4384,1.2057
0,0,0,0,47.82,-0.65397,1.4366,1.2044
0,0,0,0,47.83,-0.64594,1.4347,1.2031
0,0,0,0,47.84,-0.63838,1.4344,1.2018
0,0,0,0,47.85,-0.63073,1.4332,1.2007
0,0,0,0,47.86,-0.6227,1.4311,1.1995
0,0,0,0,47.87,-0.61502,1.4304,1.1982
0,0,0,0,47.88,-0.60704,1.4296,1.1968
0,0,0,0,47.89,-0.59902,1.4282,1.1954
0,0,0,0,47.9,-0.59142,1.4273,1.1941
0,0,0,0,47.91,-0.58347,1.426,1.1927
0,0,0,0,47.92,-0.5754,1.4248,1.1915
0,0,0,0,47.93,-0.56738,1.4237,1.1902
0,0,0,0,47.94,-0.55917,1.4219,1.1887
0,0,0,0,47.95,-0.55092,1.4199,1.1873
0,0,0,0,47.96,-0.543,1.4191,1.1859
0,0,0,0,47.97,-0.53497,1.4184,1.1846
0,0,0,0,47.98,-0.52683,1.4166,1.1832
0,0,0,0,47.99,-0.51867,1.4151,1.1815
0,0,0,0,48,-0.51046,1.4135,1.1799
0,0,0,0,48.01,-0.50235,1.4121,1.1787
0,0,0,0,48.02,-0.49415,1.4109,1.1774
0,0,0,0,48.03,-0.48582,1.4086,1.1759
0,0,0,0,48.04,-0.47731,1.4066,1.1743
0,0,0,0,48.05,-0.46908,1.406,1.1728
0,0,0,0,48.06,-0.46145,1.4049,1.171
0,0,0,0,48.07,-0.45353,1.4034,1.1693
0,0,0,0,48.08,-0.44502,1.4022,1.1679
0,0,0,0,48.09,-0.43663,1.4005,1.1663
0,0,0,0,48.1,-0.42818,1.3985,1.1647
0,0,0,0,48.11,-0.41959,1.3972,1.1632
0,0,0,0,48.12,-0.41126,1.3955,1.1616
0,0,0,0,48.13,-0.40285,1.3936,1.1601
0,0,0,0,48.14,-0.39426,1.3919,1.1584
0,0,0,0,48.15,-0.38547,1.3903,1.1571
0,0,0,0,48.16,-0.37662,1.3887,1.156
0,0,0,0,48.17,-0.3682,1.3868,1.1542
0,0,0,0,48.18,-0.35977,1.3854,1.1524
0,0,0,0,48.19,-0.35104,1.3844,1.151
0,0,0,0,48.2,-0.3422,1.3826,1.1497
0,0,0,0,48.21,-0.33359,1.3803,1.148
0,0,0,0,48.22,-0.32513,1.3789,1.1461
0,0,0,0,48.23,-0.31644,1.3772,1.1444
0,0,0,0,48.24,-0.30748,1.3751,1.1429
0,0,0,0,48.25,-0.29873,1.3733,1.1414
0,0,0,0,48.26,-0.29046,1.3721,1.1397
0,0,0,0,48.27,-0.28171,1.3709,1.1383
0,0,0,0,48.28,-0.27255,1.3685,1.1369
0,0,0,0,48.29,-0.26378,1.3665,1.1349
0,0,0,0,48.3,-0.25527,1.365,1.133
0,0,0,0,48.31,-0.24632,1.3629,1.1315
0,0,0,0,48.32,-0.23731,1.3609,1.13
0,0,0,0,48.33,-0.22861,1.3598,1.1284
0,0,0,0,48.34,-0.21999,1.3583,1.1268
0,0,0,0,48.35,-0.21116,1.3559,1.1251
0,0,0,0,48.36,-0.20256,1.3542,1.1235
0,0,0,0,48.37,-0.1938,1.353,1.1218
0,0,0,0,48.38,-0.18458,1.3503,1.1202
0,0,0,0,48.39,-0.17564,1.3479,1.1185
0,0,0,0,48.4,-0.16689,1.346,1.1169
0,0,0,0,48.41,-0.15807,1.3439,1.1152
0,0,0,0,48.42,-0.1491,1.3417,1.1135
0,0,0,0,48.43,-0.1402,1.3397,1.1119
0,0,0,0,48.44,-0.13132,1.3379,1.1102
0,0,0,0,48.45,-0.12236,1.3355,1.1086
0,0,0,0,48.46,-0.11348,1.3335,1.1071
0,0,0,0,48.47,-0.10466,1.3315,1.1054
0,0,0,0,48.48,-0.095825,1.3292,1.1037
0,0,0,0,48.49,-0.086954,1.3271,1.1021
0,0,0,0,48.5,-0.078002,1.3251,1.1004
0,0,0,0,48.51,-0.069006,1.3228,1.0986
0,0,0,0,48.52,-0.060106,1.3204,1.097
0,0,0,0,48.53,-0.051112,1.3185,1.0954
0,0,0,0,48.54,-0.042103,1.3163,1.0937
0,0,0,0,48.55,-0.033118,1.3138,1.092
0,0,0,0,48.56,-0.024085,1.3118,1.0902
0,0,0,0,48.57,-0.015008,1.3097,1.0885
0,0,0,0,48.58,-0.005922,1.3074,1.0869
0,0,0,0,48.59,0.003066,1.305,1.0851
0,0,0,0,48.6,0.011943,1.3027,1.0833
0,0,0,0,48.61,0.020868,1.3006,1.0816
0,0,0,0,48.62,0.030066,1.2985,1.0797
0,0,0,0,48.63,0.039212,1.2965,1.078
0,0,0,0,48.64,0.048154,1.2941,1.0762
0,0,0,0,48.65,0.057131,1.2919,1.0743
0,0,0,0,48.66,0.066095,1.2898,1.0725
0,0,0,0,48.67,0.07506,1.2874,1.0706
0,0,0,0,48.68,0.083969,1.2852,1.0688
0,0,0,0,48.69,0.092912,1.283,1.0669
0,0,0,0,48.7,0.10188,1.2806,1.0649
0,0,0,0,48.71,0.11079,1.2782,1.063
0,0,0,0,48.72,0.1196,1.2759,1.0611
0,0,0,0,48.73,0.12844,1.2736,1.0592
0,0,0,0,48.74,0.13732,1.2714,1.0573
0,0,0,0,48.75,0.14619,1.269,1.0555
0,0,0,0,48.76,0.15507,1.2665,1.0534
0,0,0,0,48.77,0.16389,1.2641,1.0514
0,0,0,0,48.78,0.17269,1.2618,1.0494
0,0,0,0,48.79,0.1815,1.2595,1.0475
0,0,0,0,48.8,0.19031,1.2572,1.0455
0,0,0,0,48.81,0.19919,1.2546,1.0436
0,0,0,0,48.82,0.20805,1.2519,1.0417
0,0,0,0,48.83,0.2168,1.2497,1.0398
0,0,0,0,48.84,0.22551,1.2471,1.0377
0,0,0,0,48.85,0.23418,1.2443,1.0357
0,0,0,0,48.86,0.24275,1.2419,1.0337
0,0,0,0,48.87,0.25122,1.2397,1.0318
0,0,0,0,48.88,0.25973,1.237,1.0296
0,0,0,0,48.89,0.26819,1.2346,1.0275
0,0,0,0,48.9,0.27667,1.2319,1.0257
0,0,0,0,48.91,0.28513,1.2291,1.0238
0,0,0,0,48.92,0.29345,1.2267,1.0219
0,0,0,0,48.93,0.30173,1.2241,1.0199
0,0,0,0,48.94,0.30994,1.2217,1.0181
0,0,0,0,48.95,0.31824,1.2191,1.0162
0,0,0,0,48.96,0.32656,1.2162,1.0142
0,0,0,0,48.97,0.33472,1.2138,1.0124
0,0,0,0,48.98,0.34294,1.2114,1.0106
0,0,0,0,48.99,0.35129,1.2087,1.0087
0,0,0,0,49,0.35959,1.2058,1.0071
0,0,0,0,49.01,0.36779,1.2033,1.0054
0,0,0,0,49.02,0.37592,1.2009,1.0035
0,0,0,0,49.03,0.38399,1.1983,1.0017
0,0,0,0,49.04,0.39216,1.1954,1
0,0,0,0,49.05,0.40024,1.1928,0.9983
0,0,0,0,49.06,0.40815,1.1902,0.99658
0,0,0,0,49.07,0.41622,1.1877,0.99497
0,0,0,0,49.08,0.42419,1.1849,0.99333
0,0,0,0,49.09,0.43203,1.1821,0.99171
0,0,0,0,49.1,0.44005,1.1795,0.99017
0,0,0,0,49.11,0.44807,1.1767,0.98853
0,0,0,0,49.12,0.45582,1.1746,0.98703
0,0,0,0,49.13,0.46354,1.172,0.98549
0,0,0,0,49.14,0.47134,1.1685,0.98377
0,0,0,0,49.15,0.47903,1.166,0.98219
0,0,0,0,49.16,0.48669,1.1635,0.98075
0,0,0,0,49.17,0.49416,1.1611,0.97925
0,0,0,0,49.18,0.50165,1.1582,0.9776
0,0,0,0,49.19,0.5092,1.1552,0.97595
0,0,0,0,49.2,0.51663,1.1524,0.97443
0,0,0,0,49.21,0.52397,1.15,0.97296
0,0,0,0,49.22,0.53124,1.1475,0.9714
0,0,0,0,49.23,0.53853,1.1445,0.96971
0,0,0,0,49.24,0.54579,1.1419,0.96819
0,0,0,0,49.25,0.5529,1.1394,0.96678
0,0,0,0,49.26,0.56003,1.1367,0.96529
0,0,0,0,49.27,0.56711,1.1342,0.96374
0,0,0,0,49.28,0.57412,1.1315,0.96226
0,0,0,0,49.29,0.58126,1.1286,0.96084
0,0,0,0,49.3,0.58833,1.1258,0.95932
0,0,0,0,49.31,0.59531,1.123,0.95782
0,0,0,0,49.32,0.60225,1.1204,0.95633
0,0,0,0,49.33,0.60906,1.1178,0.95494
0,0,0,0,49.34,0.61584,1.115,0.95346
0,0,0,0,49.35,0.62265,1.1121,0.95194
0,0,0,0,49.36,0.62937,1.1093,0.95052
0,0,0,0,49.37,0.63617,1.1064,0.94902
0,0,0,0,49.38,0.64289,1.1036,0.94763
0,0,0,0,49.39,0.64936,1.101,0.94634
0,0,0,0,49.4,0.65605,1.0981,0.94497
0,0,0,0,49.41,0.66274,1.095,0.94363
0,0,0,0,49.42,0.6693,1.0921,0.94241
0,0,0,0,49.43,0.67588,1.0892,0.94102
0,0,0,0,49.44,0.68239,1.0862,0.93974
0,0,0,0,49.45,0.68879,1.0832,0.93852
0,0,0,0,49.46,0.69528,1.08,0.93722
0,0,0,0,49.47,0.70178,1.0768,0.93607
0,0,0,0,49.48,0.70817,1.0736,0.93481
0,0,0,0,49.49,0.71459,1.0705,0.93366
0,0,0,0,49.5,0.72101,1.0675,0.93248
0,0,0,0,49.51,0.72738,1.0642,0.93134
0,0,0,0,49.52,0.73365,1.0609,0.9302
0,0,0,0,49.53,0.73979,1.058,0.92909
0,0,0,0,49.54,0.74596,1.0547,0.92797
0,0,0,0,49.55,0.75216,1.0512,0.92676
0,0,0,0,49.56,0.75833,1.0479,0.92578
0,0,0,0,49.57,0.76439,1.0445,0.92467
0,0,0,0,49.58,0.77023,1.0412,0.92351
0,0,0,0,49.59,0.77612,1.0382,0.92237
0,0,0,0,49.6,0.78204,1.0353,0.92132
0,0,0,0,49.61,0.78794,1.0318,0.92016
0,0,0,0,49.62,0.79388,1.0281,0.91907
0,0,0,0,49.63,0.79964,1.0248,0.91807
0,0,0,0,49.64,0.80517,1.0215,0.91689
0,0,0,0,49.65,0.81091,1.018,0.9158
0,0,0,0,49.66,0.81671,1.0146,0.91488
0,0,0,0,49.67,0.82231,1.0112,0.91401
0,0,0,0,49.68,0.82796,1.0074,0.91315
0,0,0,0,49.69,0.83336,1.0036,0.91221
0,0,0,0,49.7,0.83873,0.99974,0.91137
0,0,0,0,49.71,0.84419,0.99584,0.91064
0,0,0,0,49.72,0.84973,0.99176,0.90981
0,0,0,0,49.73,0.85525,0.98749,0.90921
0,0,0,0,49.74,0.86059,0.98317,0.90878
0,0,0,0,49.75,0.86584,0.97888,0.9081
0,0,0,0,49.76,0.87111,0.97455,0.90751
0,0,0,0,49.77,0.87642,0.9699,0.90718
0,0,0,0,49.78,0.88171,0.96505,0.90685
0,0,0,0,49.79,0.88698,0.96036,0.90651
0,0,0,0,49.8,0.89223,0.95566,0.90605
0,0,0,0,49.81,0.8973,0.95053,0.90529
0,0,0,0,49.82,0.9024,0.9454,0.90488
0,0,0,0,49.83,0.90753,0.94049,0.90494
0,0,0,0,49.84,0.91242,0.93531,0.90463
0,0,0,0,49.85,0.91721,0.92994,0.90426
0,0,0,0,49.86,0.922,0.92453,0.904
0,0,0,0,49.87,0.92681,0.91925,0.90381
0,0,0,0,49.88,0.93154,0.91377,0.90349
0,0,0,0,49.89,0.93614,0.90814,0.90313
0,0,0,0,49.9,0.94076,0.90216,0.90276
0,0,0,0,49.91,0.94537,0.89634,0.9024
0,0,0,0,49.92,0.94985,0.89053,0.90209
0,0,0,0,49.93,0.9542,0.88444,0.9019
0,0,0,0,49.94,0.9586,0.87818,0.90159
0,0,0,0,49.95,0.96292,0.8719,0.90128
0,0,0,0,49.96,0.9671,0.86555,0.901
0,0,0,0,49.97,0.97123,0.85892,0.90065
0,0,0,0,49.98,0.97537,0.85211,0.90036
0,0,0,0,49.99,0.97947,0.8453,0.89999
0,0,0,0,50,0.98343,0.83832,0.89959
0,0,0,0,50.01,0.98734,0.83128,0.89924
0,0,0,0,50.02,0.9911,0.82418,0.89892
0,0,0,0,50.03,0.99477,0.81673,0.8987
0,0,0,0,50.04,0.99853,0.80912,0.89839
0,0,0,0,50.05,1.0022,0.80153,0.89806
0,0,0,0,50.06,1.0057,0.79393,0.8978
0,0,0,0,50.07,1.0093,0.7861,0.89745
0,0,0,0,50.08,1.0129,0.7781,0.89713
0,0,0,0,50.09,1.0163,0.77008,0.89682
0,0,0,0,50.1,1.0198,0.76197,0.89649
0,0,0,0,50.11,1.0231,0.7538,0.89623
0,0,0,0,50.12,1.0264,0.74551,0.89589
0,0,0,0,50.13,1.0297,0.73707,0.89553
0,0,0,0,50.14,1.033,0.7285,0.8952
0,0,0,0,50.15,1.0361,0.71986,0.89483
0,0,0,0,50.16,1.0391,0.71108,0.89449
0,0,0,0,50.17,1.0422,0.7021,0.89417
0,0,0,0,50.18,1.0451,0.69301,0.89384
0,0,0,0,50.19,1.048,0.68382,0.89354
0,0,0,0,50.2,1.0507,0.67444,0.89325
0,0,0,0,50.21,1.0535,0.66484,0.89297
0,0,0,0,50.22,1.0561,0.65526,0.89263
0,0,0,0,50.23,1.0587,0.6455,0.89228
0,0,0,0,50.24,1.0612,0.63537,0.89211
0,0,0,0,50.25,1.0636,0.62526,0.89177
0,0,0,0,50.26,1.066,0.61503,0.89145
0,0,0,0,50.27,1.0684,0.6046,0.8913
0,0,0,0,50.28,1.0707,0.59404,0.89105
0,0,0,0,50.29,1.0727,0.5834,0.89095
0,0,0,0,50.3,1.0747,0.57247,0.89088
0,0,0,0,50.31,1.0766,0.56127,0.89065
0,0,0,0,50.32,1.0784,0.55014,0.89053
0,0,0,0,50.33,1.0802,0.53885,0.89038
0,0,0,0,50.34,1.082,0.52721,0.89025
0,0,0,0,50.35,1.0836,0.5155,0.89017
0,0,0,0,50.36,1.0852,0.50361,0.89007
0,0,0,0,50.37,1.0867,0.4918,0.88999
0,0,0,0,50.38,1.088,0.48012,0.88987
0,0,0,0,50.39,1.0893,0.46809,0.88983
0,0,0,0,50.4,1.0905,0.45592,0.8898
0,0,0,0,50.41,1.0917,0.44376,0.88978
0,0,0,0,50.42,1.0929,0.43158,0.88976
0,0,0,0,50.43,1.0939,0.41938,0.88979
0,0,0,0,50.44,1.095,0.40701,0.88988
0,0,0,0,50.45,1.0959,0.39465,0.88987
0,0,0,0,50.46,1.0968,0.38225,0.88989
0,0,0,0,50.47,1.0976,0.36958,0.88994
0,0,0,0,50.48,1.0982,0.35682,0.89009
0,0,0,0,50.49,1.0988,0.34401,0.8902
0,0,0,0,50.5,1.0993,0.33097,0.89029
0,0,0,0,50.51,1.0997,0.31796,0.89043
0,0,0,0,50.52,1.1,0.30481,0.89052
0,0,0,0,50.53,1.1001,0.29166,0.89058
0,0,0,0,50.54,1.1002,0.27848,0.89068
0,0,0,0,50.55,1.1001,0.26515,0.89089
0,0,0,0,50.56,1.0999,0.25175,0.89109
0,0,0,0,50.57,1.0997,0.23829,0.89123
0,0,0,0,50.58,1.0997,0.22469,0.89131
0,0,0,0,50.59,1.0993,0.21122,0.89134
0,0,0,0,50.6,1.0987,0.1979,0.89146
0,0,0,0,50.61,1.0982,0.18423,0.8916
0,0,0,0,50.62,1.0976,0.17048,0.89175
0,0,0,0,50.63,1.0968,0.15696,0.89197
0,0,0,0,50.64,1.096,0.14332,0.89219
0,0,0,0,50.65,1.0952,0.12958,0.89236
0,0,0,0,50.66,1.0942,0.1159,0.89261
0,0,0,0,50.67,1.0931,0.10226,0.89282
0,0,0,0,50.68,1.092,0.088416,0.893
0,0,0,0,50.69,1.0908,0.074448,0.89337
0,0,0,0,50.7,1.0895,0.060436,0.89367
0,0,0,0,50.71,1.0881,0.046416,0.89394
0,0,0,0,50.72,1.0866,0.03228,0.89425
0,0,0,0,50.73,1.085,0.018118,0.89462
0,0,0,0,50.74,1.0833,0.003887,0.89501
0,0,0,0,50.75,1.0816,-0.010483,0.89542
0,0,0,0,50.76,1.0798,-0.024833,0.89587
0,0,0,0,50.77,1.0777,-0.039114,0.89638
0,0,0,0,50.78,1.0756,-0.053486,0.89691
0,0,0,0,50.79,1.0734,-0.067976,0.89749
0,0,0,0,50.8,1.0711,-0.082444,0.89805
0,0,0,0,50.81,1.0687,-0.096932,0.89862
0,0,0,0,50.82,1.0663,-0.11141,0.89922
0,0,0,0,50.83,1.0636,-0.12589,0.89983
0,0,0,0,50.84,1.0608,-0.14035,0.90043
0,0,0,0,50.85,1.058,-0.1548,0.90105
0,0,0,0,50.86,1.0553,-0.1692,0.90157
0,0,0,0,50.87,1.0524,-0.18343,0.90204
0,0,0,0,50.88,1.0494,-0.1977,0.90268
0,0,0,0,50.89,1.0463,-0.21199,0.90335
0,0,0,0,50.9,1.043,-0.22612,0.90395
0,0,0,0,50.91,1.0396,-0.24021,0.90455
0,0,0,0,50.92,1.036,-0.25415,0.90519
0,0,0,0,50.93,1.0325,-0.26821,0.90582
0,0,0,0,50.94,1.0289,-0.28233,0.90648
0,0,0,0,50.95,1.0253,-0.29642,0.90714
0,0,0,0,50.96,1.0215,-0.31038,0.90779
0,0,0,0,50.97,1.0176,-0.32426,0.9085
0,0,0,0,50.98,1.0136,-0.33822,0.9092
0,0,0,0,50.99,1.0096,-0.35215,0.90993
0,0,0,0,51,1.0055,-0.36601,0.91072
0,0,0,0,51.01,1.0012,-0.37974,0.91155
0,0,0,0,51.02,0.99688,-0.39358,0.91236
0,0,0,0,51.03,0.99279,-0.4075,0.91314
0,0,0,0,51.04,0.98857,-0.42125,0.91402
0,0,0,0,51.05,0.984,-0.43478,0.91499
0,0,0,0,51.06,0.97941,-0.44843,0.91592
0,0,0,0,51.07,0.97475,-0.46211,0.91678
0,0,0,0,51.08,0.96975,-0.47562,0.91768
0,0,0,0,51.09,0.96473,-0.4891,0.91861
0,0,0,0,51.1,0.95999,-0.50272,0.91958
0,0,0,0,51.11,0.95494,-0.51626,0.92067
0,0,0,0,51.12,0.94964,-0.52965,0.9217
0,0,0,0,51.13,0.94444,-0.54316,0.9227
0,0,0,0,51.14,0.93922,-0.55654,0.9237
0,0,0,0,51.15,0.93388,-0.5697,0.92458
0,0,0,0,51.16,0.92842,-0.58279,0.92558
0,0,0,0,51.17,0.92284,-0.59568,0.92663
0,0,0,0,51.18,0.91725,-0.60833,0.92747
0,0,0,0,51.19,0.91157,-0.62087,0.92832
0,0,0,0,51.2,0.90571,-0.63327,0.92925
0,0,0,0,51.21,0.89987,-0.6456,0.9302
0,0,0,0,51.22,0.89405,-0.65786,0.93111
0,0,0,0,51.23,0.88811,-0.66991,0.93195
0,0,0,0,51.24,0.88198,-0.68189,0.93284
0,0,0,0,51.25,0.87574,-0.69387,0.93374
0,0,0,0,51.26,0.8696,-0.70593,0.93473
0,0,0,0,51.27,0.86342,-0.71786,0.9358
0,0,0,0,51.28,0.85706,-0.72962,0.93683
0,0,0,0,51.29,0.85066,-0.74141,0.93785
0,0,0,0,51.3,0.84423,-0.75313,0.9389
0,0,0,0,51.31,0.83767,-0.76475,0.93998
0,0,0,0,51.32,0.83095,-0.77628,0.94104
0,0,0,0,51.33,0.82429,-0.78784,0.94215
0,0,0,0,51.34,0.81762,-0.79938,0.94334
0,0,0,0,51.35,0.81079,-0.81077,0.94447
0,0,0,0,51.36,0.80392,-0.82201,0.94567
0,0,0,0,51.37,0.79694,-0.83316,0.947
0,0,0,0,51.38,0.78992,-0.84424,0.94825
0,0,0,0,51.39,0.78278,-0.85528,0.94951
0,0,0,0,51.4,0.77557,-0.86627,0.95079
0,0,0,0,51.41,0.76836,-0.87714,0.95208
0,0,0,0,51.42,0.76105,-0.88791,0.95338
0,0,0,0,51.43,0.7536,-0.8986,0.95466
0,0,0,0,51.44,0.74611,-0.90916,0.95594
0,0,0,0,51.45,0.73864,-0.91967,0.95728
0,0,0,0,51.46,0.73111,-0.93007,0.95858
0,0,0,0,51.47,0.72353,-0.94025,0.95989
0,0,0,0,51.48,0.71589,-0.95038,0.96125
0,0,0,0,51.49,0.70826,-0.96035,0.96254
0,0,0,0,51.5,0.70055,-0.97013,0.96383
0,0,0,0,51.51,0.69274,-0.97975,0.96513
0,0,0,0,51.52,0.68485,-0.98924,0.96641
0,0,0,0,51.53,0.67691,-0.99861,0.96761
0,0,0,0,51.54,0.66895,-1.0077,0.96878
0,0,0,0,51.55,0.66085,-1.0168,0.96995
0,0,0,0,51.56,0.6527,-1.0257,0.97113
0,0,0,0,51.57,0.64452,-1.0345,0.97233
0,0,0,0,51.58,0.63625,-1.0432,0.97346
0,0,0,0,51.59,0.62784,-1.0518,0.97449
0,0,0,0,51.6,0.61937,-1.0602,0.97555
0,0,0,0,51.61,0.61082,-1.0686,0.97666
0,0,0,0,51.62,0.60218,-1.0768,0.97774
0,0,0,0,51.63,0.59346,-1.0849,0.9788
0,0,0,0,51.64,0.58462,-1.0927,0.97983
0,0,0,0,51.65,0.57583,-1.1006,0.98096
0,0,0,0,51.66,0.56699,-1.1082,0.98199
0,0,0,0,51.67,0.55799,-1.1157,0.98291
0,0,0,0,51.68,0.54902,-1.1233,0.98399
0,0,0,0,51.69,0.53996,-1.1307,0.98514
0,0,0,0,51.7,0.53083,-1.1377,0.9862
0,0,0,0,51.71,0.52165,-1.1447,0.98731
0,0,0,0,51.72,0.5125,-1.1516,0.9884
0,0,0,0,51.73,0.5033,-1.1586,0.98952
0,0,0,0,51.74,0.49404,-1.1653,0.99068
0,0,0,0,51.75,0.48466,-1.1717,0.99183
0,0,0,0,51.76,0.4752,-1.178,0.99299
0,0,0,0,51.77,0.46583,-1.1841,0.994
0,0,0,0,51.78,0.45641,-1.1901,0.99506
0,0,0,0,51.79,0.44683,-1.1958,0.99617
0,0,0,0,51.8,0.43728,-1.2015,0.99728
0,0,0,0,51.81,0.42763,-1.2073,0.99848
0,0,0,0,51.82,0.4179,-1.2126,0.99966
0,0,0,0,51.83,0.40815,-1.2175,1.0008
0,0,0,0,51.84,0.39836,-1.2224,1.0018
0,0,0,0,51.85,0.38846,-1.2272,1.0029
0,0,0,0,51.86,0.37857,-1.2319,1.0041
0,0,0,0,51.87,0.3687,-1.2364,1.0051
0,0,0,0,51.88,0.35885,-1.2407,1.006
0,0,0,0,51.89,0.34886,-1.2449,1.0072
0,0,0,0,51.9,0.33857,-1.2488,1.0084
0,0,0,0,51.91,0.32839,-1.2525,1.0095
0,0,0,0,51.92,0.31814,-1.2561,1.0106
0,0,0,0,51.93,0.30782,-1.2596,1.0116
0,0,0,0,51.94,0.29734,-1.2629,1.0127
0,0,0,0,51.95,0.28697,-1.2661,1.0138
0,0,0,0,51.96,0.27658,-1.2692,1.0148
0,0,0,0,51.97,0.26607,-1.2721,1.0159
0,0,0,0,51.98,0.25544,-1.2748,1.0169
0,0,0,0,51.99,0.24476,-1.2774,1.018
0,0,0,0,52,0.23407,-1.2798,1.0192
0,0,0,0,52.01,0.2233,-1.2821,1.0202
0,0,0,0,52.02,0.21248,-1.2842,1.0214
0,0,0,0,52.03,0.2016,-1.2862,1.0225
0,0,0,0,52.04,0.19071,-1.288,1.0235
0,0,0,0,52.05,0.17969,-1.2897,1.0246
0,0,0,0,52.06,0.16868,-1.291,1.0255
0,0,0,0,52.07,0.1576,-1.2922,1.0265
0,0,0,0,52.08,0.14652,-1.2933,1.0276
0,0,0,0,52.09,0.13545,-1.2942,1.0286
0,0,0,0,52.1,0.12442,-1.2949,1.0294
0,0,0,0,52.11,0.11323,-1.2956,1.0304
0,0,0,0,52.12,0.10178,-1.296,1.0316
0,0,0,0,52.13,0.090526,-1.2962,1.0326
0,0,0,0,52.14,0.079237,-1.2962,1.0335
0,0,0,0,52.15,0.067994,-1.2963,1.0343
0,0,0,0,52.16,0.056709,-1.2962,1.0352
0,0,0,0,52.17,0.045362,-1.296,1.0363
0,0,0,0,52.18,0.03392,-1.2955,1.0371
0,0,0,0,52.19,0.02241,-1.2946,1.038
0,0,0,0,52.2,0.010823,-1.2938,1.0389
0,0,0,0,52.21,-0.000937,-1.293,1.0399
0,0,0,0,52.22,-0.012537,-1.2919,1.0408
0,0,0,0,52.23,-0.024217,-1.2905,1.0417
0,0,0,0,52.24,-0.035902,-1.2891,1.0425
0,0,0,0,52.25,-0.047618,-1.2876,1.0432
0,0,0,0,52.26,-0.059411,-1.2859,1.0441
0,0,0,0,52.27,-0.071269,-1.2839,1.0449
0,0,0,0,52.28,-0.083019,-1.2821,1.0457
0,0,0,0,52.29,-0.09489,-1.2799,1.0464
0,0,0,0,52.3,-0.10679,-1.2776,1.0471
0,0,0,0,52.31,-0.1186,-1.2754,1.0479
0,0,0,0,52.32,-0.13056,-1.2729,1.0487
0,0,0,0,52.33,-0.14254,-1.27,1.0493
0,0,0,0,52.34,-0.15446,-1.2672,1.05
0,0,0,0,52.35,-0.16658,-1.2643,1.0507
0,0,0,0,52.36,-0.17879,-1.2613,1.0514
0,0,0,0,52.37,-0.19095,-1.258,1.052
0,0,0,0,52.38,-0.20308,-1.2545,1.0526
0,0,0,0,52.39,-0.21524,-1.2512,1.0532
0,0,0,0,52.4,-0.22752,-1.2477,1.0539
0,0,0,0,52.41,-0.2399,-1.2442,1.0545
0,0,0,0,52.42,-0.25218,-1.2404,1.0551
0,0,0,0,52.43,-0.26453,-1.2365,1.0557
0,0,0,0,52.44,-0.27693,-1.2324,1.0563
0,0,0,0,52.45,-0.28938,-1.2284,1.0568
0,0,0,0,52.46,-0.30188,-1.2242,1.0572
0,0,0,0,52.47,-0.31445,-1.22,1.0578
0,0,0,0,52.48,-0.32703,-1.2154,1.0585
0,0,0,0,52.49,-0.33942,-1.2108,1.0589
0,0,0,0,52.5,-0.352,-1.2063,1.0595
0,0,0,0,52.51,-0.36464,-1.2015,1.06
0,0,0,0,52.52,-0.37719,-1.1967,1.0605
0,0,0,0,52.53,-0.38984,-1.1918,1.061
0,0,0,0,52.54,-0.40256,-1.1866,1.0615
0,0,0,0,52.55,-0.41531,-1.1813,1.0619
0,0,0,0,52.56,-0.4281,-1.1761,1.0625
0,0,0,0,52.57,-0.44078,-1.1707,1.0631
0,0,0,0,52.58,-0.45351,-1.1654,1.0636
0,0,0,0,52.59,-0.46622,-1.1603,1.0641
0,0,0,0,52.6,-0.47902,-1.1545,1.0646
0,0,0,0,52.61,-0.49205,-1.1485,1.0651
0,0,0,0,52.62,-0.50491,-1.1425,1.0656
0,0,0,0,52.63,-0.51749,-1.1367,1.0661
0,0,0,0,52.64,-0.53032,-1.1308,1.0668
0,0,0,0,52.65,-0.54337,-1.1247,1.0673
0,0,0,0,52.66,-0.55616,-1.1187,1.0678
0,0,0,0,52.67,-0.56883,-1.1124,1.0682
0,0,0,0,52.68,-0.58188,-1.1059,1.0686
0,0,0,0,52.69,-0.59485,-1.0992,1.0695
0,0,0,0,52.7,-0.60752,-1.0927,1.07
0,0,0,0,52.71,-0.62051,-1.0861,1.0707
0,0,0,0,52.72,-0.63364,-1.0791,1.0712
0,0,0,0,52.73,-0.64639,-1.0727,1.0718
0,0,0,0,52.74,-0.65908,-1.0657,1.0724
0,0,0,0,52.75,-0.67195,-1.0583,1.0727
0,0,0,0,52.76,-0.68475,-1.0509,1.0734
0,0,0,0,52.77,-0.69752,-1.0432,1.0739
0,0,0,0,52.78,-0.71027,-1.0357,1.0744
0,0,0,0,52.79,-0.72294,-1.0282,1.0751
0,0,0,0,52.8,-0.73574,-1.0205,1.0757
0,0,0,0,52.81,-0.74807,-1.0126,1.0762
0,0,0,0,52.82,-0.76029,-1.0047,1.0768
0,0,0,0,52.83,-0.77289,-0.99654,1.0774
0,0,0,0,52.84,-0.78532,-0.98828,1.078
0,0,0,0,52.85,-0.79757,-0.98006,1.0786
0,0,0,0,52.86,-0.80976,-0.97178,1.0792
0,0,0,0,52.87,-0.82189,-0.96331,1.0798
0,0,0,0,52.88,-0.83386,-0.9545,1.0805
0,0,0,0,52.89,-0.84586,-0.94577,1.0811
0,0,0,0,52.9,-0.85819,-0.93725,1.0818
0,0,0,0,52.91,-0.87015,-0.92843,1.0823
0,0,0,0,52.92,-0.88219,-0.91931,1.0829
0,0,0,0,52.93,-0.89435,-0.90983,1.0835
0,0,0,0,52.94,-0.90639,-0.90065,1.0841
0,0,0,0,52.95,-0.91846,-0.89154,1.0846
0,0,0,0,52.96,-0.93065,-0.88259,1.0852
0,0,0,0,52.97,-0.94253,-0.87359,1.086
0,0,0,0,52.98,-0.95411,-0.86416,1.0866
0,0,0,0,52.99,-0.96612,-0.85442,1.087
0,0,0,0,53,-0.97817,-0.845,1.0875
0,0,0,0,53.01,-0.9899,-0.83515,1.0881
0,0,0,0,53.02,-1.0017,-0.82517,1.0886
0,0,0,0,53.03,-1.0132,-0.81537,1.0892
0,0,0,0,53.04,-1.0247,-0.80551,1.0897
0,0,0,0,53.05,-1.0361,-0.79567,1.0904
0,0,0,0,53.06,-1.0473,-0.78561,1.0911
0,0,0,0,53.07,-1.0585,-0.77534,1.0917
0,0,0,0,53.08,-1.0698,-0.76482,1.0923
0,0,0,0,53.09,-1.0808,-0.75422,1.0928
0,0,0,0,53.1,-1.0917,-0.74374,1.0934
0,0,0,0,53.11,-1.1024,-0.73315,1.094
0,0,0,0,53.12,-1.1129,-0.72226,1.0947
0,0,0,0,53.13,-1.1234,-0.71123,1.0953
0,0,0,0,53.14,-1.1339,-0.70018,1.0957
0,0,0,0,53.15,-1.1439,-0.68927,1.0963
0,0,0,0,53.16,-1.154,-0.6781,1.0969
0,0,0,0,53.17,-1.1642,-0.66652,1.0972
0,0,0,0,53.18,-1.174,-0.65513,1.0978
0,0,0,0,53.19,-1.1836,-0.64368,1.0984
0,0,0,0,53.2,-1.1934,-0.63191,1.0989
0,0,0,0,53.21,-1.203,-0.62014,1.0994
0,0,0,0,53.22,-1.2125,-0.60843,1.1
0,0,0,0,53.23,-1.222,-0.59639,1.1003
0,0,0,0,53.24,-1.2308,-0.58439,1.1008
0,0,0,0,53.25,-1.2395,-0.57246,1.1011
0,0,0,0,53.26,-1.2488,-0.56028,1.1017
0,0,0,0,53.27,-1.2573,-0.54814,1.1023
0,0,0,0,53.28,-1.2659,-0.53602,1.1028
0,0,0,0,53.29,-1.2743,-0.52366,1.1033
0,0,0,0,53.3,-1.2822,-0.51145,1.1035
0,0,0,0,53.31,-1.2907,-0.49924,1.1041
0,0,0,0,53.32,-1.2996,-0.48655,1.1049
0,0,0,0,53.33,-1.3078,-0.47365,1.1053
0,0,0,0,53.34,-1.3157,-0.46107,1.1059
0,0,0,0,53.35,-1.3229,-0.4489,1.1064
0,0,0,0,53.36,-1.3303,-0.43658,1.1071
0,0,0,0,53.37,-1.3382,-0.42386,1.1077
0,0,0,0,53.38,-1.3451,-0.41166,1.1079
0,0,0,0,53.39,-1.3519,-0.39906,1.1088
0,0,0,0,53.4,-1.3588,-0.38651,1.1098
0,0,0,0,53.41,-1.3656,-0.37418,1.1102
0,0,0,0,53.42,-1.3722,-0.36147,1.1109
0,0,0,0,53.43,-1.3787,-0.34907,1.1117
0,0,0,0,53.44,-1.3846,-0.33699,1.1124
0,0,0,0,53.45,-1.3908,-0.32439,1.1138
0,0,0,0,53.46,-1.3962,-0.31224,1.1145
0,0,0,0,53.47,-1.4015,-0.30016,1.1149
0,0,0,0,53.48,-1.4067,-0.28785,1.1156
0,0,0,0,53.49,-1.4123,-0.27527,1.1165
0,0,0,0,53.5,-1.4176,-0.26294,1.117
0,0,0,0,53.51,-1.4227,-0.25051,1.1178
0,0,0,0,53.52,-1.4277,-0.23805,1.1185
0,0,0,0,53.53,-1.4321,-0.2258,1.1189
0,0,0,0,53.54,-1.4364,-0.21345,1.1192
0,0,0,0,53.55,-1.441,-0.20094,1.12
0,0,0,0,53.56,-1.4456,-0.18843,1.1207
0,0,0,0,53.57,-1.449,-0.17628,1.1208
0,0,0,0,53.58,-1.4529,-0.16377,1.1211
0,0,0,0,53.59,-1.4567,-0.15126,1.1217
0,0,0,0,53.6,-1.4601,-0.13892,1.1218
0,0,0,0,53.61,-1.4634,-0.12656,1.1219
0,0,0,0,53.62,-1.4667,-0.11415,1.1221
0,0,0,0,53.63,-1.4688,-0.10222,1.1219
0,0,0,0,53.64,-1.4716,-0.089762,1.122
0,0,0,0,53.65,-1.4743,-0.077337,1.1221
0,0,0,0,53.66,-1.4771,-0.064882,1.1224
0,0,0,0,53.67,-1.4793,-0.05272,1.1221
0,0,0,0,53.68,-1.4805,-0.040954,1.1217
0,0,0,0,53.69,-1.483,-0.0286,1.1218
0,0,0,0,53.7,-1.4849,-0.016466,1.1216
0,0,0,0,53.71,-1.4857,-0.004687,1.1211
0,0,0,0,53.72,-1.487,0.007112,1.121
0,0,0,0,53.73,-1.4884,0.018957,1.1207
0,0,0,0,53.74,-1.4891,0.030622,1.1202
0,0,0,0,53.75,-1.4894,0.042264,1.1198
0,0,0,0,53.76,-1.4901,0.053966,1.1188
0,0,0,0,53.77,-1.4908,0.065595,1.1182
0,0,0,0,53.78,-1.4907,0.076957,1.1178
0,0,0,0,53.79,-1.4905,0.088264,1.1175
0,0,0,0,53.8,-1.4907,0.099933,1.1171
0,0,0,0,53.81,-1.4907,0.11148,1.1161
0,0,0,0,53.82,-1.4903,0.12268,1.1154
0,0,0,0,53.83,-1.4895,0.13389,1.1147
0,0,0,0,53.84,-1.4887,0.14528,1.1142
0,0,0,0,53.85,-1.4877,0.15636,1.1137
0,0,0,0,53.86,-1.4861,0.16723,1.1128
0,0,0,0,53.87,-1.4844,0.17822,1.1118
0,0,0,0,53.88,-1.483,0.18917,1.1113
0,0,0,0,53.89,-1.4813,0.19995,1.1104
0,0,0,0,53.9,-1.4791,0.21086,1.1095
0,0,0,0,53.91,-1.4775,0.2219,1.1089
0,0,0,0,53.92,-1.4755,0.23269,1.1082
0,0,0,0,53.93,-1.4727,0.24344,1.1072
0,0,0,0,53.94,-1.4696,0.25423,1.1061
0,0,0,0,53.95,-1.4666,0.26484,1.1052
0,0,0,0,53.96,-1.4639,0.27529,1.1046
0,0,0,0,53.97,-1.4607,0.28585,1.1035
0,0,0,0,53.98,-1.4564,0.29623,1.1021
0,0,0,0,53.99,-1.4526,0.30641,1.1014
0,0,0,0,54,-1.449,0.31702,1.1006
0,0,0,0,54.01,-1.4456,0.32764,1.0997
0,0,0,0,54.02,-1.4417,0.33782,1.0989
0,0,0,0,54.03,-1.4373,0.34793,1.0979
0,0,0,0,54.04,-1.4328,0.35819,1.0969
0,0,0,0,54.05,-1.428,0.3686,1.0956
0,0,0,0,54.06,-1.4235,0.37909,1.0943
0,0,0,0,54.07,-1.4186,0.389,1.0934
0,0,0,0,54.08,-1.4129,0.39872,1.0923
0,0,0,0,54.09,-1.408,0.40899,1.0911
0,0,0,0,54.1,-1.4032,0.41897,1.0904
0,0,0,0,54.11,-1.3981,0.42881,1.0896
0,0,0,0,54.12,-1.393,0.43879,1.0886
0,0,0,0,54.13,-1.3872,0.4484,1.0877
0,0,0,0,54.14,-1.3813,0.4579,1.0867
0,0,0,0,54.15,-1.3751,0.46717,1.0858
0,0,0,0,54.16,-1.3688,0.47658,1.0845
0,0,0,0,54.17,-1.3623,0.48605,1.0833
0,0,0,0,54.18,-1.3558,0.49499,1.0827
0,0,0,0,54.19,-1.3494,0.50397,1.0819
0,0,0,0,54.2,-1.3428,0.51291,1.0811
0,0,0,0,54.21,-1.336,0.52169,1.0802
0,0,0,0,54.22,-1.3287,0.52999,1.0793
0,0,0,0,54.23,-1.3215,0.53826,1.0784
0,0,0,0,54.24,-1.3146,0.54676,1.0778
0,0,0,0,54.25,-1.3075,0.55515,1.0766
0,0,0,0,54.26,-1.3,0.56348,1.0755
0,0,0,0,54.27,-1.292,0.57118,1.0749
0,0,0,0,54.28,-1.2842,0.57883,1.074
0,0,0,0,54.29,-1.2763,0.58645,1.0731
0,0,0,0,54.3,-1.2683,0.5937,1.0724
0,0,0,0,54.31,-1.26,0.60084,1.0715
0,0,0,0,54.32,-1.2518,0.60819,1.0705
0,0,0,0,54.33,-1.2438,0.61567,1.0695
0,0,0,0,54.34,-1.2357,0.62296,1.0683
0,0,0,0,54.35,-1.2272,0.63009,1.067
0,0,0,0,54.36,-1.2181,0.63669,1.0663
0,0,0,0,54.37,-1.2093,0.64341,1.0652
0,0,0,0,54.38,-1.2007,0.65027,1.0641
0,0,0,0,54.39,-1.1918,0.65702,1.0629
0,0,0,0,54.4,-1.1827,0.66364,1.0617
0,0,0,0,54.41,-1.1735,0.67034,1.0602
0,0,0,0,54.42,-1.1638,0.67678,1.0588
0,0,0,0,54.43,-1.1543,0.68286,1.0577
0,0,0,0,54.44,-1.1453,0.68903,1.0563
0,0,0,0,54.45,-1.1359,0.69516,1.0549
0,0,0,0,54.46,-1.1265,0.70124,1.0535
0,0,0,0,54.47,-1.1167,0.70701,1.052
0,0,0,0,54.48,-1.1068,0.71268,1.0506
0,0,0,0,54.49,-1.0967,0.71828,1.0491
0,0,0,0,54.5,-1.0867,0.72361,1.0477
0,0,0,0,54.51,-1.0772,0.72891,1.0461
0,0,0,0,54.52,-1.0673,0.73424,1.0444
0,0,0,0,54.53,-1.0572,0.73907,1.0429
0,0,0,0,54.54,-1.0469,0.74386,1.0413
0,0,0,0,54.55,-1.0367,0.74873,1.0396
0,0,0,0,54.56,-1.0263,0.75311,1.038
0,0,0,0,54.57,-1.0159,0.75733,1.0364
0,0,0,0,54.58,-1.0057,0.7619,1.0346
0,0,0,0,54.59,-0.99472,0.76577,1.033
0,0,0,0,54.6,-0.98376,0.76931,1.0313
0,0,0,0,54.61,-0.97357,0.77314,1.0294
0,0,0,0,54.62,-0.96288,0.77659,1.0279
0,0,0,0,54.63,-0.95197,0.77997,1.0263
0,0,0,0,54.64,-0.94059,0.78306,1.0247
0,0,0,0,54.65,-0.9294,0.78606,1.0229
0,0,0,0,54.66,-0.91862,0.78895,1.0213
0,0,0,0,54.67,-0.90761,0.79191,1.0196
0,0,0,0,54.68,-0.89654,0.79456,1.0179
0,0,0,0,54.69,-0.88498,0.79673,1.0163
0,0,0,0,54.7,-0.87328,0.79881,1.0146
0,0,0,0,54.71,-0.86216,0.80122,1.0128
0,0,0,0,54.72,-0.85098,0.80348,1.0111
0,0,0,0,54.73,-0.83913,0.80537,1.0096
0,0,0,0,54.74,-0.82713,0.80709,1.0079
0,0,0,0,54.75,-0.81578,0.80893,1.0063
0,0,0,0,54.76,-0.80428,0.81055,1.0045
0,0,0,0,54.77,-0.79242,0.81195,1.0029
0,0,0,0,54.78,-0.78038,0.81329,1.0015
0,0,0,0,54.79,-0.76829,0.81475,0.99969
0,0,0,0,54.8,-0.75674,0.8162,0.99787
0,0,0,0,54.81,-0.74459,0.81707,0.99645
0,0,0,0,54.82,-0.73246,0.81819,0.99497
0,0,0,0,54.83,-0.72018,0.81919,0.99331
0,0,0,0,54.84,-0.70774,0.81982,0.99156
0,0,0,0,54.85,-0.69541,0.82048,0.99019
0,0,0,0,54.86,-0.68307,0.82113,0.98864
0,0,0,0,54.87,-0.67021,0.82133,0.98702
0,0,0,0,54.88,-0.65749,0.82164,0.98536
0,0,0,0,54.89,-0.64544,0.82217,0.98369
0,0,0,0,54.9,-0.63294,0.82236,0.98228
0,0,0,0,54.91,-0.61998,0.82227,0.98082
0,0,0,0,54.92,-0.60732,0.82229,0.97928
0,0,0,0,54.93,-0.59456,0.82234,0.97758
0,0,0,0,54.94,-0.58154,0.82205,0.97613
0,0,0,0,54.95,-0.56864,0.82187,0.97468
0,0,0,0,54.96,-0.55546,0.82151,0.97303
0,0,0,0,54.97,-0.54236,0.82117,0.97137
0,0,0,0,54.98,-0.52944,0.82109,0.96978
0,0,0,0,54.99,-0.51612,0.82068,0.96823
0,0,0,0,55,-0.50276,0.82011,0.96671
0,0,0,0,55.01,-0.48929,0.81958,0.96511
0,0,0,0,55.02,-0.47602,0.81921,0.96342
0,0,0,0,55.03,-0.46267,0.81868,0.96197
0,0,0,0,55.04,-0.44902,0.81803,0.96039
0,0,0,0,55.05,-0.43554,0.81752,0.95874
0,0,0,0,55.06,-0.42201,0.81683,0.95714
0,0,0,0,55.07,-0.4083,0.81609,0.95551
0,0,0,0,55.08,-0.39444,0.81519,0.95402
0,0,0,0,55.09,-0.38048,0.81433,0.95244
0,0,0,0,55.1,-0.36647,0.8134,0.9508
0,0,0,0,55.11,-0.35257,0.81241,0.94928
0,0,0,0,55.12,-0.33866,0.81138,0.94769
0,0,0,0,55.13,-0.32445,0.81003,0.94611
0,0,0,0,55.14,-0.31012,0.8086,0.94464
0,0,0,0,55.15,-0.29585,0.80712,0.9432
0,0,0,0,55.16,-0.28164,0.80578,0.94171
0,0,0,0,55.17,-0.26721,0.80427,0.94029
0,0,0,0,55.18,-0.25272,0.80261,0.93875
0,0,0,0,55.19,-0.23825,0.8009,0.93727
0,0,0,0,55.2,-0.22365,0.7991,0.93577
0,0,0,0,55.21,-0.20915,0.79715,0.93438
0,0,0,0,55.22,-0.19454,0.7952,0.93306
0,0,0,0,55.23,-0.17976,0.79325,0.93164
0,0,0,0,55.24,-0.16491,0.79113,0.93021
0,0,0,0,55.25,-0.15007,0.78908,0.92882
0,0,0,0,55.26,-0.13515,0.78695,0.92739
0,0,0,0,55.27,-0.1202,0.78477,0.92596
0,0,0,0,55.28,-0.10516,0.78258,0.92453
0,0,0,0,55.29,-0.09009,0.78024,0.9232
0,0,0,0,55.3,-0.074997,0.77782,0.92188
0,0,0,0,55.31,-0.059781,0.77548,0.92043
0,0,0,0,55.32,-0.044666,0.77301,0.91909
0,0,0,0,55.33,-0.029486,0.7705,0.91773
0,0,0,0,55.34,-0.014208,0.76794,0.91637
0,0,0,0,55.35,0.001032,0.76524,0.91493
0,0,0,0,55.36,0.016277,0.76253,0.91351
0,0,0,0,55.37,0.031567,0.75974,0.91214
0,0,0,0,55.38,0.046808,0.75693,0.91077
0,0,0,0,55.39,0.062255,0.75379,0.90946
0,0,0,0,55.4,0.077706,0.75073,0.90817
0,0,0,0,55.41,0.093,0.74756,0.90684
0,0,0,0,55.42,0.10842,0.74418,0.90556
0,0,0,0,55.43,0.12392,0.74081,0.90419
0,0,0,0,55.44,0.13924,0.73722,0.90304
0,0,0,0,55.45,0.1546,0.73366,0.90173
0,0,0,0,55.46,0.16987,0.7302,0.90018
0,0,0,0,55.47,0.18517,0.7264,0.89892
0,0,0,0,55.48,0.20064,0.72228,0.89793
0,0,0,0,55.49,0.21617,0.71821,0.89665
0,0,0,0,55.5,0.23157,0.714,0.89535
0,0,0,0,55.51,0.24691,0.70984,0.89407
0,0,0,0,55.52,0.26211,0.70559,0.89283
0,0,0,0,55.53,0.2775,0.70117,0.8914
0,0,0,0,55.54,0.29295,0.69656,0.89009
0,0,0,0,55.55,0.30814,0.69168,0.88907
0,0,0,0,55.56,0.32336,0.68684,0.88794
0,0,0,0,55.57,0.33861,0.68188,0.8867
0,0,0,0,55.58,0.35395,0.6768,0.88544
0,0,0,0,55.59,0.36899,0.67158,0.88424
0,0,0,0,55.6,0.38402,0.66621,0.88306
0,0,0,0,55.61,0.39908,0.66063,0.8819
0,0,0,0,55.62,0.41404,0.65493,0.88073
0,0,0,0,55.63,0.42886,0.6491,0.87954
0,0,0,0,55.64,0.44361,0.64311,0.87834
0,0,0,0,55.65,0.45837,0.63709,0.87706
0,0,0,0,55.66,0.47303,0.63087,0.87582
0,0,0,0,55.67,0.4876,0.6245,0.8746
0,0,0,0,55.68,0.50217,0.61794,0.8734
0,0,0,0,55.69,0.51663,0.61135,0.87224
0,0,0,0,55.7,0.53093,0.60471,0.87105
0,0,0,0,55.71,0.54523,0.59793,0.86986
0,0,0,0,55.72,0.55954,0.59096,0.8687
0,0,0,0,55.73,0.57383,0.58387,0.86761
0,0,0,0,55.74,0.58806,0.57666,0.86659
0,0,0,0,55.75,0.60228,0.56941,0.86547
0,0,0,0,55.76,0.61647,0.56213,0.86432
0,0,0,0,55.77,0.6306,0.55463,0.86328
0,0,0,0,55.78,0.64458,0.54714,0.86224
0,0,0,0,55.79,0.65856,0.53942,0.86128
0,0,0,0,55.8,0.67248,0.53155,0.8603
0,0,0,0,55.81,0.68639,0.52363,0.8593
0,0,0,0,55.82,0.7002,0.51564,0.85836
0,0,0,0,55.83,0.71393,0.50747,0.85749
0,0,0,0,55.84,0.72767,0.4992,0.85651
0,0,0,0,55.85,0.74131,0.49087,0.85556
0,0,0,0,55.86,0.75477,0.48235,0.85474
0,0,0,0,55.87,0.76818,0.47374,0.85381
0,0,0,0,55.88,0.78151,0.46495,0.85291
0,0,0,0,55.89,0.79472,0.45585,0.85207
0,0,0,0,55.9,0.80788,0.44672,0.85115
0,0,0,0,55.91,0.82094,0.43747,0.85025
0,0,0,0,55.92,0.83397,0.42794,0.84943
0,0,0,0,55.93,0.84684,0.41843,0.84851
0,0,0,0,55.94,0.85958,0.40875,0.84765
0,0,0,0,55.95,0.87221,0.39897,0.84681
0,0,0,0,55.96,0.88474,0.38894,0.84599
0,0,0,0,55.97,0.89706,0.379,0.84503
0,0,0,0,55.98,0.9093,0.36889,0.84409
0,0,0,0,55.99,0.92144,0.35861,0.84322
0,0,0,0,56,0.93344,0.34831,0.84221
0,0,0,0,56.01,0.94532,0.33789,0.84122
0,0,0,0,56.02,0.95705,0.32738,0.84031
0,0,0,0,56.03,0.96869,0.31677,0.83938
0,0,0,0,56.04,0.98021,0.30606,0.83842
0,0,0,0,56.05,0.99169,0.29521,0.83755
0,0,0,0,56.06,1.003,0.28426,0.83671
0,0,0,0,56.07,1.0142,0.27327,0.83577
0,0,0,0,56.08,1.0253,0.26217,0.83485
0,0,0,0,56.09,1.0363,0.25096,0.83388
0,0,0,0,56.1,1.0471,0.23977,0.83293
0,0,0,0,56.11,1.0577,0.22846,0.83201
0,0,0,0,56.12,1.0682,0.21698,0.83101
0,0,0,0,56.13,1.0787,0.20554,0.83002
0,0,0,0,56.14,1.0889,0.19412,0.82908
0,0,0,0,56.15,1.0991,0.18264,0.82816
0,0,0,0,56.16,1.1091,0.17117,0.82722
0,0,0,0,56.17,1.119,0.1595,0.82647
0,0,0,0,56.18,1.1289,0.14793,0.82552
0,0,0,0,56.19,1.1386,0.13645,0.8246
0,0,0,0,56.2,1.1483,0.12485,0.82374
0,0,0,0,56.21,1.1578,0.11329,0.82284
0,0,0,0,56.22,1.1671,0.1019,0.82191
0,0,0,0,56.23,1.1761,0.090463,0.82099
0,0,0,0,56.24,1.1852,0.078978,0.82008
0,0,0,0,56.25,1.1943,0.067521,0.8192
0,0,0,0,56.26,1.2031,0.05605,0.81828
0,0,0,0,56.27,1.2117,0.044519,0.81743
0,0,0,0,56.28,1.2201,0.032993,0.81662
0,0,0,0,56.29,1.2283,0.021532,0.81574
0,0,0,0,56.3,1.2365,0.010122,0.81496
0,0,0,0,56.31,1.2442,-0.001267,0.81426
0,0,0,0,56.32,1.2518,-0.01252,0.8134
0,0,0,0,56.33,1.2597,-0.023671,0.81237
0,0,0,0,56.34,1.267,-0.034531,0.81136
0,0,0,0,56.35,1.274,-0.045474,0.81078
0,0,0,0,56.36,1.2814,-0.05626,0.80984
0,0,0,0,56.37,1.2883,-0.066798,0.80873
0,0,0,0,56.38,1.2951,-0.077306,0.80769
0,0,0,0,56.39,1.3017,-0.087698,0.80668
0,0,0,0,56.4,1.308,-0.098144,0.80566
0,0,0,0,56.41,1.314,-0.10859,0.80472
0,0,0,0,56.42,1.3198,-0.11893,0.80388
0,0,0,0,56.43,1.3256,-0.1292,0.803
0,0,0,0,56.44,1.331,-0.13948,0.80215
0,0,0,0,56.45,1.3362,-0.14974,0.80143
0,0,0,0,56.46,1.3416,-0.1599,0.80054
0,0,0,0,56.47,1.3466,-0.17002,0.79982
0,0,0,0,56.48,1.3511,-0.1803,0.79954
0,0,0,0,56.49,1.3553,-0.19028,0.79905
0,0,0,0,56.5,1.3595,-0.20033,0.79861
0,0,0,0,56.51,1.3636,-0.21056,0.79832
0,0,0,0,56.52,1.3678,-0.22064,0.79823
0,0,0,0,56.53,1.3716,-0.23045,0.79807
0,0,0,0,56.54,1.375,-0.24028,0.79788
0,0,0,0,56.55,1.3787,-0.25016,0.7976
0,0,0,0,56.56,1.3819,-0.25988,0.79749
0,0,0,0,56.57,1.3844,-0.26941,0.79782
0,0,0,0,56.58,1.3871,-0.27892,0.79781
0,0,0,0,56.59,1.3897,-0.2883,0.79788
0,0,0,0,56.6,1.3918,-0.29754,0.79798
0,0,0,0,56.61,1.3938,-0.30655,0.79799
0,0,0,0,56.62,1.396,-0.31547,0.79807
0,0,0,0,56.63,1.398,-0.32452,0.79826
0,0,0,0,56.64,1.3996,-0.33329,0.79829
0,0,0,0,56.65,1.4007,-0.34175,0.79822
0,0,0,0,56.66,1.4018,-0.35017,0.79824
0,0,0,0,56.67,1.403,-0.35864,0.79835
0,0,0,0,56.68,1.4037,-0.3669,0.79836
0,0,0,0,56.69,1.4043,-0.37493,0.79816
0,0,0,0,56.7,1.4048,-0.3829,0.79813
0,0,0,0,56.71,1.4051,-0.39086,0.79827
0,0,0,0,56.72,1.4052,-0.39873,0.79823
0,0,0,0,56.73,1.4051,-0.40638,0.79813
0,0,0,0,56.74,1.4051,-0.41407,0.79813
0,0,0,0,56.75,1.4046,-0.4215,0.79806
0,0,0,0,56.76,1.404,-0.42866,0.79767
0,0,0,0,56.77,1.4032,-0.43579,0.79733
0,0,0,0,56.78,1.4022,-0.44303,0.79727
0,0,0,0,56.79,1.4013,-0.45012,0.79709
0,0,0,0,56.8,1.4,-0.45678,0.79668
0,0,0,0,56.81,1.3987,-0.46364,0.79641
0,0,0,0,56.82,1.397,-0.47042,0.7961
0,0,0,0,56.83,1.3953,-0.47709,0.79571
0,0,0,0,56.84,1.3936,-0.48371,0.79538
0,0,0,0,56.85,1.3917,-0.49027,0.79505
0,0,0,0,56.86,1.3895,-0.49679,0.79467
0,0,0,0,56.87,1.3872,-0.50311,0.79421
0,0,0,0,56.88,1.3846,-0.50935,0.79373
0,0,0,0,56.89,1.3819,-0.51541,0.79321
0,0,0,0,56.9,1.379,-0.52147,0.79269
0,0,0,0,56.91,1.376,-0.52749,0.79217
0,0,0,0,56.92,1.3729,-0.53347,0.7916
0,0,0,0,56.93,1.3697,-0.53949,0.79113
0,0,0,0,56.94,1.3664,-0.54543,0.79066
0,0,0,0,56.95,1.3629,-0.55124,0.79017
0,0,0,0,56.96,1.3593,-0.55698,0.78967
0,0,0,0,56.97,1.3555,-0.56265,0.78908
0,0,0,0,56.98,1.3516,-0.56831,0.78854
0,0,0,0,56.99,1.3474,-0.574,0.78809
0,0,0,0,57,1.3435,-0.57977,0.78769
0,0,0,0,57.01,1.3393,-0.58535,0.78722
0,0,0,0,57.02,1.3348,-0.59086,0.78682
0,0,0,0,57.03,1.3302,-0.59622,0.78641
0,0,0,0,57.04,1.3257,-0.60157,0.7861
0,0,0,0,57.05,1.3208,-0.60682,0.78566
0,0,0,0,57.06,1.316,-0.61213,0.78533
0,0,0,0,57.07,1.3113,-0.61761,0.78515
0,0,0,0,57.08,1.3061,-0.62272,0.78473
0,0,0,0,57.09,1.3008,-0.62779,0.78444
0,0,0,0,57.1,1.2957,-0.63295,0.78421
0,0,0,0,57.11,1.2904,-0.63811,0.78393
0,0,0,0,57.12,1.2847,-0.64316,0.78371
0,0,0,0,57.13,1.2792,-0.6481,0.7835
0,0,0,0,57.14,1.2738,-0.65312,0.78331
0,0,0,0,57.15,1.2684,-0.65813,0.78324
0,0,0,0,57.16,1.2626,-0.66301,0.7832
0,0,0,0,57.17,1.2567,-0.6678,0.78302
0,0,0,0,57.18,1.2506,-0.67246,0.7829
0,0,0,0,57.19,1.2444,-0.67713,0.78276
0,0,0,0,57.2,1.2382,-0.68181,0.78267
0,0,0,0,57.21,1.232,-0.68647,0.78255
0,0,0,0,57.22,1.2257,-0.69103,0.78251
0,0,0,0,57.23,1.2193,-0.69559,0.78254
0,0,0,0,57.24,1.2127,-0.70018,0.78253
0,0,0,0,57.25,1.206,-0.70468,0.78248
0,0,0,0,57.26,1.1993,-0.70911,0.78243
0,0,0,0,57.27,1.1926,-0.71348,0.78244
0,0,0,0,57.28,1.1857,-0.7178,0.78241
0,0,0,0,57.29,1.1786,-0.72209,0.78239
0,0,0,0,57.3,1.1715,-0.72638,0.78244
0,0,0,0,57.31,1.1641,-0.73051,0.78235
0,0,0,0,57.32,1.1565,-0.73455,0.78225
0,0,0,0,57.33,1.1493,-0.73871,0.78227
0,0,0,0,57.34,1.1419,-0.74282,0.78225
0,0,0,0,57.35,1.1342,-0.74682,0.78221
0,0,0,0,57.36,1.1267,-0.75089,0.78228
0,0,0,0,57.37,1.119,-0.75492,0.78232
0,0,0,0,57.38,1.1112,-0.75885,0.78236
0,0,0,0,57.39,1.1033,-0.76268,0.78241
0,0,0,0,57.4,1.0953,-0.76654,0.78249
0,0,0,0,57.41,1.0873,-0.77034,0.78249
0,0,0,0,57.42,1.0792,-0.77412,0.78252
0,0,0,0,57.43,1.071,-0.77785,0.7826
0,0,0,0,57.44,1.0627,-0.78148,0.7827
0,0,0,0,57.45,1.0544,-0.78515,0.78278
0,0,0,0,57.46,1.0461,-0.78876,0.78281
0,0,0,0,57.47,1.0376,-0.79217,0.78291
0,0,0,0,57.48,1.0291,-0.79562,0.78304
0,0,0,0,57.49,1.0206,-0.79905,0.78322
0,0,0,0,57.5,1.0119,-0.80234,0.7834
0,0,0,0,57.51,1.0033,-0.80562,0.78345
0,0,0,0,57.52,0.9946,-0.80862,0.78351
0,0,0,0,57.53,0.98584,-0.81169,0.78369
0,0,0,0,57.54,0.97718,-0.81474,0.7839
0,0,0,0,57.55,0.96851,-0.81754,0.7841
0,0,0,0,57.56,0.95973,-0.82029,0.78428
0,0,0,0,57.57,0.95093,-0.82296,0.78442
0,0,0,0,57.58,0.94197,-0.82564,0.78456
0,0,0,0,57.59,0.93305,-0.82822,0.78481
0,0,0,0,57.6,0.92412,-0.83056,0.78504
0,0,0,0,57.61,0.91523,-0.83279,0.78521
0,0,0,0,57.62,0.90632,-0.83496,0.78543
0,0,0,0,57.63,0.89732,-0.83697,0.78563
0,0,0,0,57.64,0.88837,-0.83896,0.78581
0,0,0,0,57.65,0.87941,-0.84072,0.78599
0,0,0,0,57.66,0.87048,-0.84243,0.78624
0,0,0,0,57.67,0.86143,-0.84409,0.7865
0,0,0,0,57.68,0.85237,-0.84552,0.78673
0,0,0,0,57.69,0.84334,-0.8469,0.78693
0,0,0,0,57.7,0.83438,-0.84816,0.78719
0,0,0,0,57.71,0.82532,-0.84922,0.78746
0,0,0,0,57.72,0.81632,-0.85012,0.7877
0,0,0,0,57.73,0.80742,-0.85086,0.78791
0,0,0,0,57.74,0.79839,-0.85147,0.78812
0,0,0,0,57.75,0.78939,-0.85185,0.78836
0,0,0,0,57.76,0.78049,-0.85207,0.78864
0,0,0,0,57.77,0.77159,-0.85228,0.78891
0,0,0,0,57.78,0.76265,-0.8524,0.78921
0,0,0,0,57.79,0.75372,-0.8523,0.78955
0,0,0,0,57.8,0.74476,-0.85221,0.78991
0,0,0,0,57.81,0.73586,-0.85209,0.79033
0,0,0,0,57.82,0.72694,-0.85172,0.79079
0,0,0,0,57.83,0.71802,-0.85136,0.79124
0,0,0,0,57.84,0.70908,-0.85102,0.79174
0,0,0,0,57.85,0.7001,-0.85037,0.7923
0,0,0,0,57.86,0.69112,-0.84956,0.79288
0,0,0,0,57.87,0.68219,-0.8487,0.79347
0,0,0,0,57.88,0.67323,-0.8478,0.79404
0,0,0,0,57.89,0.66435,-0.84667,0.79463
0,0,0,0,57.9,0.65555,-0.84541,0.79529
0,0,0,0,57.91,0.6467,-0.84409,0.79599
0,0,0,0,57.92,0.63789,-0.84261,0.79665
0,0,0,0,57.93,0.62912,-0.84093,0.79731
0,0,0,0,57.94,0.62036,-0.83908,0.798
0,0,0,0,57.95,0.61166,-0.83711,0.79872
0,0,0,0,57.96,0.60302,-0.83497,0.79943
0,0,0,0,57.97,0.59436,-0.83273,0.80009
0,0,0,0,57.98,0.5858,-0.83031,0.80072
0,0,0,0,57.99,0.57722,-0.82775,0.80137
0,0,0,0,58,0.56866,-0.82502,0.80209
0,0,0,0,58.01,0.56022,-0.82205,0.80272
0,0,0,0,58.02,0.55181,-0.81902,0.80333
0,0,0,0,58.03,0.54342,-0.81583,0.80395
0,0,0,0,58.04,0.53503,-0.81238,0.80456
0,0,0,0,58.05,0.52676,-0.80891,0.80519
0,0,0,0,58.06,0.51852,-0.80518,0.80581
0,0,0,0,58.07,0.51028,-0.80137,0.80642
0,0,0,0,58.08,0.50208,-0.79745,0.80698
0,0,0,0,58.09,0.49396,-0.7933,0.80751
0,0,0,0,58.1,0.48589,-0.78911,0.80805
0,0,0,0,58.11,0.47789,-0.7848,0.80851
0,0,0,0,58.12,0.46993,-0.78021,0.80899
0,0,0,0,58.13,0.46195,-0.77558,0.80956
0,0,0,0,58.14,0.45399,-0.77085,0.81012
0,0,0,0,58.15,0.4461,-0.76586,0.81065
0,0,0,0,58.16,0.4382,-0.76075,0.81112
0,0,0,0,58.17,0.43041,-0.75565,0.81154
0,0,0,0,58.18,0.42269,-0.75046,0.81204
0,0,0,0,58.19,0.4149,-0.74507,0.81258
0,0,0,0,58.2,0.40721,-0.73964,0.81316
0,0,0,0,58.21,0.39953,-0.73413,0.81359
0,0,0,0,58.22,0.39191,-0.72844,0.81402
0,0,0,0,58.23,0.38439,-0.72271,0.81449
0,0,0,0,58.24,0.37684,-0.71673,0.81499
0,0,0,0,58.25,0.36936,-0.71069,0.81554
0,0,0,0,58.26,0.36193,-0.70465,0.81597
0,0,0,0,58.27,0.35453,-0.69836,0.81644
0,0,0,0,58.28,0.34707,-0.69199,0.81696
0,0,0,0,58.29,0.33967,-0.68556,0.81742
0,0,0,0,58.3,0.33234,-0.67901,0.81785
0,0,0,0,58.31,0.32503,-0.67236,0.81829
0,0,0,0,58.32,0.31778,-0.66569,0.8188
0,0,0,0,58.33,0.31056,-0.6589,0.81923
0,0,0,0,58.34,0.30334,-0.65195,0.81966
0,0,0,0,58.35,0.29621,-0.64503,0.82016
0,0,0,0,58.36,0.28912,-0.63801,0.82063
0,0,0,0,58.37,0.282,-0.63081,0.82111
0,0,0,0,58.38,0.27494,-0.62354,0.82162
0,0,0,0,58.39,0.26783,-0.61626,0.82216
0,0,0,0,58.4,0.26082,-0.60879,0.82264
0,0,0,0,58.41,0.25384,-0.6013,0.82314
0,0,0,0,58.42,0.24684,-0.59375,0.82374
0,0,0,0,58.43,0.23986,-0.5861,0.82424
0,0,0,0,58.44,0.23295,-0.57837,0.82475
0,0,0,0,58.45,0.22607,-0.57059,0.82536
0,0,0,0,58.46,0.21918,-0.56267,0.82592
0,0,0,0,58.47,0.21233,-0.55471,0.8265
0,0,0,0,58.48,0.20554,-0.54659,0.82707
0,0,0,0,58.49,0.19877,-0.53836,0.82756
0,0,0,0,58.5,0.19205,-0.53007,0.8281
0,0,0,0,58.51,0.18532,-0.52174,0.8287
0,0,0,0,58.52,0.17867,-0.51335,0.82928
0,0,0,0,58.53,0.17199,-0.5049,0.82996
0,0,0,0,58.54,0.16535,-0.49633,0.83056
0,0,0,0,58.55,0.15868,-0.48757,0.83112
0,0,0,0,58.56,0.15213,-0.4789,0.83166
0,0,0,0,58.57,0.14551,-0.47008,0.83234
0,0,0,0,58.58,0.13906,-0.46123,0.83297
0,0,0,0,58.59,0.13267,-0.45234,0.83359
0,0,0,0,58.6,0.12625,-0.44326,0.8342
0,0,0,0,58.61,0.11989,-0.43416,0.83484
0,0,0,0,58.62,0.11356,-0.42499,0.83551
0,0,0,0,58.63,0.10734,-0.41566,0.83634
0,0,0,0,58.64,NaN,NaN,NaN
0,0,0,0,58.65,NaN,NaN,NaN
0,0,0,0,58.66,NaN,NaN,NaN
0,0,0,0,58.67,NaN,NaN,NaN
0,0,0,0,58.68,NaN,NaN,NaN
0,0,0,0,58.69,NaN,NaN,NaN
0,0,0,0,58.7,NaN,NaN,NaN
0,0,0,0,58.71,NaN,NaN,NaN
0,0,0,0,58.72,NaN,NaN,NaN
0,0,0,0,58.73,0.046837,-0.31972,0.84457
0,0,0,0,58.74,0.041004,-0.30978,0.8454
0,0,0,0,58.75,0.035189,-0.29989,0.8463
0,0,0,0,58.76,0.029375,-0.28991,0.84716
0,0,0,0,58.77,0.023648,-0.27972,0.84803
0,0,0,0,58.78,NaN,NaN,NaN
0,0,0,0,58.79,NaN,NaN,NaN
0,0,0,0,58.8,NaN,NaN,NaN
0,0,0,0,58.81,NaN,NaN,NaN
0,0,0,0,58.82,NaN,NaN,NaN
0,0,0,0,58.83,NaN,NaN,NaN
0,0,0,0,58.84,NaN,NaN,NaN
0,0,0,0,58.85,NaN,NaN,NaN
0,0,0,0,58.86,-0.027298,-0.18632,0.8562
0,0,0,0,58.87,-0.032773,-0.17558,0.85709
0,0,0,0,58.88,-0.038247,-0.16475,0.85793
0,0,0,0,58.89,-0.043608,-0.15393,0.85881
0,0,0,0,58.9,-0.049003,-0.14321,0.85984
0,0,0,0,58.91,-0.05426,-0.13234,0.86072
0,0,0,0,58.92,-0.059471,-0.12148,0.86165
0,0,0,0,58.93,-0.064724,-0.11064,0.86259
0,0,0,0,58.94,-0.06992,-0.099793,0.86361
0,0,0,0,58.95,-0.075048,-0.088913,0.86453
0,0,0,0,58.96,-0.080105,-0.078001,0.86548
0,0,0,0,58.97,-0.085111,-0.067013,0.8664
0,0,0,0,58.98,-0.090169,-0.056013,0.86736
0,0,0,0,58.99,-0.095141,-0.044995,0.86834
0,0,0,0,59,-0.10008,-0.033919,0.86933
0,0,0,0,59.01,-0.10487,-0.022813,0.87019
0,0,0,0,59.02,-0.10965,-0.011763,0.87117
0,0,0,0,59.03,-0.11444,-0.000688,0.87217
0,0,0,0,59.04,-0.11913,0.010477,0.87317
0,0,0,0,59.05,-0.12377,0.02156,0.87414
0,0,0,0,59.06,-0.12838,0.032644,0.87514
0,0,0,0,59.07,-0.13284,0.043717,0.87623
0,0,0,0,59.08,-0.13728,0.054796,0.87734
0,0,0,0,59.09,-0.14166,0.065818,0.87845
0,0,0,0,59.1,-0.14592,0.076834,0.87963
0,0,0,0,59.11,-0.15012,0.08784,0.88077
0,0,0,0,59.12,-0.15429,0.098814,0.88193
0,0,0,0,59.13,-0.15837,0.10978,0.88316
0,0,0,0,59.14,-0.16239,0.12068,0.88437
0,0,0,0,59.15,-0.1664,0.13156,0.88553
0,0,0,0,59.16,-0.17035,0.14246,0.88679
0,0,0,0,59.17,-0.17431,0.15338,0.88798
0,0,0,0,59.18,-0.1783,0.16426,0.88914
0,0,0,0,59.19,-0.18222,0.17496,0.89032
0,0,0,0,59.2,-0.18609,0.1857,0.89161
0,0,0,0,59.21,-0.18994,0.19629,0.8928
0,0,0,0,59.22,-0.1938,0.20681,0.89397
0,0,0,0,59.23,-0.19758,0.21751,0.89519
0,0,0,0,59.24,-0.20124,0.22801,0.89638
0,0,0,0,59.25,-0.20498,0.23863,0.89748
0,0,0,0,59.26,-0.2085,0.24923,0.8986
0,0,0,0,59.27,NaN,NaN,NaN
0,0,0,0,59.28,NaN,NaN,NaN
0,0,0,0,59.29,NaN,NaN,NaN
0,0,0,0,59.3,NaN,NaN,NaN
0,0,0,0,59.31,NaN,NaN,NaN
0,0,0,0,59.32,NaN,NaN,NaN
0,0,0,0,59.33,NaN,NaN,NaN
0,0,0,0,59.34,NaN,NaN,NaN
0,0,0,0,59.35,NaN,NaN,NaN
0,0,0,0,59.36,-0.24173,0.35395,0.90998
0,0,0,0,59.37,NaN,NaN,NaN
0,0,0,0,59.38,-0.2475,0.37466,0.91203
0,0,0,0,59.39,NaN,NaN,NaN
0,0,0,0,59.4,-0.25305,0.39514,0.91428
0,0,0,0,59.41,NaN,NaN,NaN
0,0,0,0,59.42,-0.25829,0.41541,0.91657
0,0,0,0,59.43,NaN,NaN,NaN
0,0,0,0,59.44,-0.2634,0.43562,0.91878
0,0,0,0,59.45,NaN,NaN,NaN
0,0,0,0,59.46,-0.26818,0.4554,0.92105
0,0,0,0,59.47,-0.27043,0.46526,0.92227
0,0,0,0,59.48,-0.2727,0.47515,0.92339
0,0,0,0,59.49,-0.27492,0.48482,0.92452
0,0,0,0,59.5,-0.27715,0.49446,0.92565
0,0,0,0,59.51,-0.27926,0.50419,0.92674
0,0,0,0,59.52,-0.28138,0.51379,0.92802
0,0,0,0,59.53,-0.28327,0.52322,0.92919
0,0,0,0,59.54,-0.28517,0.53268,0.93034
0,0,0,0,59.55,-0.28711,0.54224,0.9315
0,0,0,0,59.56,-0.28892,0.55169,0.93266
0,0,0,0,59.57,-0.29074,0.56098,0.93392
0,0,0,0,59.58,-0.2925,0.57034,0.93512
0,0,0,0,59.59,-0.29427,0.57969,0.93623
0,0,0,0,59.6,-0.29589,0.58873,0.93745
0,0,0,0,59.61,-0.29746,0.59788,0.93876
0,0,0,0,59.62,-0.29901,0.60705,0.93995
0,0,0,0,59.63,-0.30034,0.61594,0.94126
0,0,0,0,59.64,-0.30173,0.6248,0.94259
0,0,0,0,59.65,-0.30304,0.63363,0.94396
0,0,0,0,59.66,-0.30436,0.64244,0.94523
0,0,0,0,59.67,-0.30555,0.65098,0.94666
0,0,0,0,59.68,-0.30677,0.65939,0.94822
0,0,0,0,59.69,-0.30794,0.66744,0.94969
0,0,0,0,59.7,-0.30903,0.6754,0.95129
0,0,0,0,59.71,-0.30991,0.68352,0.95294
0,0,0,0,59.72,-0.31083,0.69089,0.95442
0,0,0,0,59.73,-0.31177,0.69825,0.9561
0,0,0,0,59.74,-0.31263,0.70592,0.95797
0,0,0,0,59.75,-0.31344,0.71308,0.95972
0,0,0,0,59.76,-0.31437,0.72004,0.96133
0,0,0,0,59.77,-0.31518,0.72663,0.96296
0,0,0,0,59.78,-0.31585,0.73361,0.9648
0,0,0,0,59.79,-0.31657,0.74023,0.96648
0,0,0,0,59.8,-0.31724,0.7466,0.96816
0,0,0,0,59.81,-0.31797,0.75328,0.96982
0,0,0,0,59.82,-0.3186,0.75963,0.9712
0,0,0,0,59.83,-0.31911,0.76587,0.97253
0,0,0,0,59.84,-0.31953,0.77173,0.9742
0,0,0,0,59.85,-0.32014,0.77766,0.97605
0,0,0,0,59.86,-0.32073,0.78352,0.97746
0,0,0,0,59.87,-0.3213,0.7894,0.9789
0,0,0,0,59.88,-0.32184,0.79506,0.9803
0,0,0,0,59.89,-0.32217,0.80056,0.98165
0,0,0,0,59.9,-0.32257,0.80585,0.98315
0,0,0,0,59.91,-0.3232,0.81121,0.98461
0,0,0,0,59.92,-0.32377,0.81652,0.98571
0,0,0,0,59.93,-0.32421,0.8214,0.98685
0,0,0,0,59.94,-0.32466,0.82613,0.98804
0,0,0,0,59.95,-0.32517,0.83067,0.9893
0,0,0,0,59.96,-0.3257,0.83499,0.99047
0,0,0,0,59.97,-0.3261,0.83891,0.99135
0,0,0,0,59.98,-0.32655,0.84281,0.99237
0,0,0,0,59.99,-0.32714,0.84705,0.99355
0,0,0,0,60,-0.32762,0.85063,0.9945
0,0,0,0,60.01,-0.32813,0.85409,0.99559
0,0,0,0,60.02,-0.32861,0.85703,0.9964
0,0,0,0,60.03,-0.32916,0.8599,0.99727
0,0,0,0,60.04,-0.32974,0.86322,0.99843
0,0,0,0,60.05,-0.33023,0.86574,0.99935
0,0,0,0,60.06,-0.3308,0.86816,1.0003
0,0,0,0,60.07,-0.33141,0.87031,1.0013
0,0,0,0,60.08,-0.33197,0.8721,1.002
0,0,0,0,60.09,-0.33259,0.87374,1.0027
0,0,0,0,60.1,-0.3332,0.87484,1.0034
0,0,0,0,60.11,-0.33369,0.87558,1.0038
0,0,0,0,60.12,-0.3344,0.87688,1.0048
0,0,0,0,60.13,-0.33508,0.87755,1.0055
0,0,0,0,60.14,-0.33589,0.878,1.0063
0,0,0,0,60.15,-0.33677,0.87811,1.0071
0,0,0,0,60.16,-0.3376,0.87808,1.0077
0,0,0,0,60.17,-0.33843,0.87779,1.0082
0,0,0,0,60.18,-0.33929,0.87728,1.0086
0,0,0,0,60.19,-0.34021,0.87653,1.0092
0,0,0,0,60.2,-0.34119,0.87554,1.0097
0,0,0,0,60.21,-0.34215,0.87436,1.0101
0,0,0,0,60.22,-0.34318,0.87291,1.0105
0,0,0,0,60.23,-0.34425,0.87112,1.0109
0,0,0,0,60.24,-0.34537,0.86919,1.0113
0,0,0,0,60.25,-0.34661,0.86713,1.0117
0,0,0,0,60.26,-0.34781,0.86457,1.0121
0,0,0,0,60.27,-0.34904,0.86195,1.0123
0,0,0,0,60.28,-0.35041,0.85907,1.0127
0,0,0,0,60.29,-0.35173,0.85601,1.0129
0,0,0,0,60.3,-0.35318,0.85284,1.0133
0,0,0,0,60.31,-0.35462,0.84932,1.0135
0,0,0,0,60.32,-0.35609,0.84577,1.0137
0,0,0,0,60.33,-0.35768,0.842,1.0139
0,0,0,0,60.34,-0.35918,0.83784,1.014
0,0,0,0,60.35,-0.36065,0.83345,1.014
0,0,0,0,60.36,-0.36221,0.82878,1.0141
0,0,0,0,60.37,-0.36379,0.82391,1.0142
0,0,0,0,60.38,-0.36546,0.81933,1.0139
0,0,0,0,60.39,-0.3674,0.8144,1.0139
0,0,0,0,60.4,-0.36924,0.80901,1.014
0,0,0,0,60.41,-0.37098,0.80346,1.0141
0,0,0,0,60.42,-0.37299,0.79777,1.0142
0,0,0,0,60.43,-0.37477,0.79189,1.014
0,0,0,0,60.44,-0.37666,0.78568,1.0139
0,0,0,0,60.45,-0.37864,0.77927,1.0138
0,0,0,0,60.46,-0.38074,0.77281,1.0137
0,0,0,0,60.47,-0.38263,0.76607,1.0134
0,0,0,0,60.48,-0.38446,0.75907,1.013
0,0,0,0,60.49,-0.38662,0.75196,1.0129
0,0,0,0,60.5,-0.38902,0.74475,1.013
0,0,0,0,60.51,-0.39119,0.73728,1.0129
0,0,0,0,60.52,-0.3933,0.72951,1.0125
0,0,0,0,60.53,-0.39546,0.72162,1.0122
0,0,0,0,60.54,-0.39769,0.71356,1.0119
0,0,0,0,60.55,-0.39974,0.70528,1.0114
0,0,0,0,60.56,-0.40174,0.69678,1.0109
0,0,0,0,60.57,-0.4042,0.68817,1.0107
0,0,0,0,60.58,-0.40653,0.67939,1.0103
0,0,0,0,60.59,-0.40864,0.67041,1.0099
0,0,0,0,60.6,-0.41062,0.66129,1.0093
0,0,0,0,60.61,-0.41333,0.65215,1.0088
0,0,0,0,60.62,-0.41571,0.64262,1.0083
0,0,0,0,60.63,-0.41819,0.63307,1.0079
0,0,0,0,60.64,-0.42056,0.62331,1.0074
0,0,0,0,60.65,-0.4229,0.61346,1.0067
0,0,0,0,60.66,-0.42508,0.60342,1.0061
0,0,0,0,60.67,-0.42736,0.59317,1.0055
0,0,0,0,60.68,-0.42985,0.58276,1.0049
0,0,0,0,60.69,-0.43218,0.57222,1.0042
0,0,0,0,60.7,-0.43429,0.56148,1.0036
0,0,0,0,60.71,-0.43657,0.55056,1.0029
0,0,0,0,60.72,-0.43921,0.53982,1.002
0,0,0,0,60.73,-0.44168,0.52868,1.0012
0,0,0,0,60.74,-0.44409,0.51746,1.0004
0,0,0,0,60.75,-0.44637,0.5061,0.99957
0,0,0,0,60.76,-0.44875,0.49462,0.99873
0,0,0,0,60.77,-0.45102,0.48302,0.99781
0,0,0,0,60.78,-0.45327,0.47129,0.99687
0,0,0,0,60.79,-0.45572,0.45952,0.99595
0,0,0,0,60.8,-0.4581,0.44763,0.99509
0,0,0,0,60.81,-0.46033,0.43549,0.9942
0,0,0,0,60.82,-0.46266,0.42322,0.99322
0,0,0,0,60.83,-0.46491,0.41089,0.99224
0,0,0,0,60.84,-0.46726,0.39841,0.9913
0,0,0,0,60.85,-0.46963,0.38575,0.99027
0,0,0,0,60.86,-0.4716,0.37288,0.98928
0,0,0,0,60.87,-0.47361,0.36003,0.98826
0,0,0,0,60.88,-0.47628,0.34725,0.98717
0,0,0,0,60.89,-0.47856,0.33421,0.9862
0,0,0,0,60.9,-0.48065,0.32108,0.98525
0,0,0,0,60.91,-0.48286,0.30784,0.98429
0,0,0,0,60.92,-0.48493,0.29463,0.9832
0,0,0,0,60.93,-0.48692,0.2814,0.98205
0,0,0,0,60.94,-0.48907,0.26817,0.98102
0,0,0,0,60.95,-0.49114,0.25483,0.98004
0,0,0,0,60.96,-0.49304,0.24152,0.97906
0,0,0,0,60.97,-0.49499,0.22806,0.97805
0,0,0,0,60.98,-0.49689,0.21465,0.9769
0,0,0,0,60.99,-0.49873,0.20122,0.97587
0,0,0,0,61,-0.50059,0.18775,0.97483
0,0,0,0,61.01,-0.50236,0.17422,0.97381
0,0,0,0,61.02,-0.50419,0.16064,0.97276
0,0,0,0,61.03,-0.506,0.14699,0.97165
0,0,0,0,61.04,-0.50773,0.13317,0.97059
0,0,0,0,61.05,-0.50941,0.11925,0.96957
0,0,0,0,61.06,-0.51119,0.10526,0.96853
0,0,0,0,61.07,-0.51285,0.091197,0.96753
0,0,0,0,61.08,-0.51445,0.077079,0.96645
0,0,0,0,61.09,-0.51609,0.062815,0.9655
0,0,0,0,61.1,-0.51767,0.048457,0.96451
0,0,0,0,61.11,-0.51917,0.033975,0.96354
0,0,0,0,61.12,-0.52079,0.019421,0.96265
0,0,0,0,61.13,-0.52233,0.004797,0.96167
0,0,0,0,61.14,-0.52373,-0.009786,0.9607
0,0,0,0,61.15,-0.52516,-0.024545,0.9598
0,0,0,0,61.16,-0.52664,-0.039332,0.95883
0,0,0,0,61.17,-0.52814,-0.054181,0.95796
0,0,0,0,61.18,-0.52945,-0.068977,0.95703
0,0,0,0,61.19,-0.53069,-0.083714,0.95609
0,0,0,0,61.2,-0.53195,-0.098514,0.95509
0,0,0,0,61.21,-0.53327,-0.11329,0.9542
0,0,0,0,61.22,-0.53446,-0.12821,0.95341
0,0,0,0,61.23,-0.53557,-0.14311,0.9525
0,0,0,0,61.24,-0.53661,-0.15789,0.95158
0,0,0,0,61.25,-0.53771,-0.17263,0.95068
0,0,0,0,61.26,-0.53871,-0.18745,0.94971
0,0,0,0,61.27,-0.53972,-0.2022,0.9488
0,0,0,0,61.28,-0.54076,-0.21681,0.94784
0,0,0,0,61.29,-0.54159,-0.23138,0.94687
0,0,0,0,61.3,-0.5422,-0.24584,0.94583
0,0,0,0,61.31,-0.54282,-0.26025,0.94492
0,0,0,0,61.32,-0.54351,-0.27459,0.94401
0,0,0,0,61.33,-0.54407,-0.28881,0.94309
0,0,0,0,61.34,-0.54468,-0.30291,0.94212
0,0,0,0,61.35,-0.54524,-0.31712,0.94118
0,0,0,0,61.36,-0.54564,-0.33125,0.94017
0,0,0,0,61.37,-0.54598,-0.34537,0.93912
0,0,0,0,61.38,-0.54641,-0.35951,0.93817
0,0,0,0,61.39,-0.5468,-0.37356,0.93718
0,0,0,0,61.4,-0.54714,-0.3876,0.93612
0,0,0,0,61.41,-0.54732,-0.40176,0.93512
0,0,0,0,61.42,-0.54748,-0.41596,0.93425
0,0,0,0,61.43,-0.54779,-0.43004,0.93346
0,0,0,0,61.44,-0.54797,-0.44417,0.9326
0,0,0,0,61.45,-0.54808,-0.45825,0.93161
0,0,0,0,61.46,-0.54817,-0.47238,0.93069
0,0,0,0,61.47,-0.54814,-0.48636,0.92985
0,0,0,0,61.48,-0.54807,-0.50016,0.92897
0,0,0,0,61.49,-0.54785,-0.51402,0.92814
0,0,0,0,61.5,-0.54762,-0.52765,0.92723
0,0,0,0,61.51,-0.54724,-0.54129,0.92639
0,0,0,0,61.52,-0.54697,-0.55444,0.92551
0,0,0,0,61.53,-0.54643,-0.56733,0.92449
0,0,0,0,61.54,-0.54597,-0.58022,0.92351
0,0,0,0,61.55,-0.54549,-0.59281,0.92253
0,0,0,0,61.56,-0.545,-0.60528,0.92138
0,0,0,0,61.57,-0.54415,-0.61796,0.92028
0,0,0,0,61.58,-0.54336,-0.63042,0.91933
0,0,0,0,61.59,-0.54267,-0.64257,0.91826
0,0,0,0,61.6,-0.54191,-0.65481,0.91722
0,0,0,0,61.61,-0.54105,-0.66701,0.91625
0,0,0,0,61.62,-0.54013,-0.67916,0.91518
0,0,0,0,61.63,-0.53931,-0.69134,0.91419
0,0,0,0,61.64,-0.53838,-0.7033,0.91312
0,0,0,0,61.65,-0.53741,-0.71498,0.91247
0,0,0,0,61.66,-0.53635,-0.72678,0.91164
0,0,0,0,61.67,-0.53537,-0.7385,0.91084
0,0,0,0,61.68,-0.53421,-0.74994,0.90999
0,0,0,0,61.69,-0.53296,-0.76119,0.90902
0,0,0,0,61.7,-0.5317,-0.77227,0.90822
0,0,0,0,61.71,-0.53046,-0.78319,0.90743
0,0,0,0,61.72,-0.52925,-0.79398,0.90657
0,0,0,0,61.73,-0.52798,-0.8045,0.90565
0,0,0,0,61.74,-0.52651,-0.81483,0.90459
0,0,0,0,61.75,-0.525,-0.82492,0.90367
0,0,0,0,61.76,-0.52358,-0.83487,0.90278
0,0,0,0,61.77,-0.52214,-0.84474,0.90188
0,0,0,0,61.78,-0.52055,-0.85416,0.90087
0,0,0,0,61.79,-0.51889,-0.86326,0.89984
0,0,0,0,61.8,-0.51741,-0.87231,0.89885
0,0,0,0,61.81,-0.51587,-0.88158,0.89771
0,0,0,0,61.82,-0.51421,-0.89042,0.89682
0,0,0,0,61.83,-0.51262,-0.89899,0.89578
0,0,0,0,61.84,-0.51083,-0.90735,0.89464
0,0,0,0,61.85,-0.50893,-0.91556,0.89363
0,0,0,0,61.86,-0.50704,-0.92361,0.89265
0,0,0,0,61.87,-0.50539,-0.93139,0.8916
0,0,0,0,61.88,-0.5036,-0.93905,0.89045
0,0,0,0,61.89,-0.5017,-0.94653,0.88936
0,0,0,0,61.9,-0.50012,-0.95394,0.88839
0,0,0,0,61.91,-0.49839,-0.96105,0.88745
0,0,0,0,61.92,-0.4966,-0.968,0.88642
0,0,0,0,61.93,-0.4947,-0.97488,0.88544
0,0,0,0,61.94,-0.49283,-0.98153,0.88449
0,0,0,0,61.95,-0.49088,-0.9881,0.88354
0,0,0,0,61.96,-0.48885,-0.9945,0.88269
0,0,0,0,61.97,-0.48687,-1.0009,0.88184
0,0,0,0,61.98,-0.48484,-1.0069,0.88099
0,0,0,0,61.99,-0.48309,-1.0127,0.88003
0,0,0,0,62,-0.48107,-1.0186,0.87905
0,0,0,0,62.01,-0.479,-1.0242,0.87822
0,0,0,0,62.02,-0.47722,-1.0298,0.8774
0,0,0,0,62.03,-0.47522,-1.0349,0.87653
0,0,0,0,62.04,-0.47291,-1.0398,0.8756
0,0,0,0,62.05,-0.4708,-1.0448,0.8747
0,0,0,0,62.06,-0.4692,-1.0495,0.87371
0,0,0,0,62.07,-0.46753,-1.054,0.87272
0,0,0,0,62.08,-0.46578,-1.0582,0.87177
0,0,0,0,62.09,-0.46399,-1.0623,0.87074
0,0,0,0,62.1,-0.46199,-1.0664,0.86975
0,0,0,0,62.11,-0.46017,-1.0702,0.86877
0,0,0,0,62.12,-0.45861,-1.0737,0.86766
0,0,0,0,62.13,-0.45694,-1.0771,0.86658
0,0,0,0,62.14,-0.45531,-1.0801,0.86547
0,0,0,0,62.15,-0.45364,-1.0831,0.86443
0,0,0,0,62.16,-0.45172,-1.086,0.86332
0,0,0,0,62.17,-0.45013,-1.0888,0.86218
0,0,0,0,62.18,-0.44888,-1.0912,0.86097
0,0,0,0,62.19,-0.44728,-1.0934,0.85975
0,0,0,0,62.2,-0.44581,-1.0955,0.85862
0,0,0,0,62.21,-0.44425,-1.0974,0.85747
0,0,0,0,62.22,-0.44272,-1.0993,0.85623
0,0,0,0,62.23,-0.44132,-1.101,0.85503
0,0,0,0,62.24,-0.43994,-1.1025,0.85393
0,0,0,0,62.25,-0.43853,-1.1039,0.85279
0,0,0,0,62.26,-0.43734,-1.1053,0.85166
0,0,0,0,62.27,-0.43605,-1.1065,0.85051
0,0,0,0,62.28,-0.43453,-1.1075,0.84941
0,0,0,0,62.29,-0.43328,-1.1082,0.84829
0,0,0,0,62.3,-0.43191,-1.109,0.84723
0,0,0,0,62.31,-0.43057,-1.1096,0.84606
0,0,0,0,62.32,-0.42953,-1.1101,0.84488
0,0,0,0,62.33,-0.42857,-1.1104,0.84378
0,0,0,0,62.34,-0.42741,-1.1107,0.84275
0,0,0,0,62.35,-0.42615,-1.1108,0.84175
0,0,0,0,62.36,-0.42498,-1.1108,0.84071
0,0,0,0,62.37,-0.42393,-1.1107,0.83968
0,0,0,0,62.38,-0.42299,-1.1104,0.83866
0,0,0,0,62.39,-0.42204,-1.11,0.8376
0,0,0,0,62.4,-0.42099,-1.1097,0.83653
0,0,0,0,62.41,-0.42036,-1.1091,0.83555
0,0,0,0,62.42,-0.41957,-1.1084,0.83452
0,0,0,0,62.43,-0.41844,-1.1076,0.83347
0,0,0,0,62.44,-0.41768,-1.1066,0.83252
0,0,0,0,62.45,-0.41703,-1.1053,0.83149
0,0,0,0,62.46,-0.41649,-1.1039,0.83042
0,0,0,0,62.47,-0.41612,-1.1026,0.82937
0,0,0,0,62.48,-0.41559,-1.1012,0.82831
0,0,0,0,62.49,-0.41494,-1.0994,0.8273
0,0,0,0,62.5,-0.4145,-1.0974,0.82619
0,0,0,0,62.51,-0.41427,-1.0955,0.82509
0,0,0,0,62.52,-0.4141,-1.0935,0.82408
0,0,0,0,62.53,-0.41378,-1.0912,0.82306
0,0,0,0,62.54,-0.41385,-1.089,0.82182
0,0,0,0,62.55,-0.41368,-1.0866,0.82065
0,0,0,0,62.56,-0.41349,-1.084,0.81962
0,0,0,0,62.57,-0.41356,-1.0814,0.81854
0,0,0,0,62.58,-0.4136,-1.0787,0.81744
0,0,0,0,62.59,-0.41391,-1.0758,0.81634
0,0,0,0,62.6,-0.41434,-1.0728,0.8152
0,0,0,0,62.61,-0.41454,-1.0698,0.81405
0,0,0,0,62.62,-0.4152,-1.0666,0.81289
0,0,0,0,62.63,-0.41607,-1.0633,0.81174
0,0,0,0,62.64,-0.41668,-1.0599,0.81058
0,0,0,0,62.65,-0.41737,-1.0564,0.80948
0,0,0,0,62.66,-0.41837,-1.0528,0.80837
0,0,0,0,62.67,-0.41945,-1.0492,0.80725
0,0,0,0,62.68,-0.42033,-1.0453,0.80626
0,0,0,0,62.69,-0.42147,-1.0416,0.80516
0,0,0,0,62.7,-0.42288,-1.0377,0.80393
0,0,0,0,62.71,-0.42428,-1.0336,0.80292
0,0,0,0,62.72,-0.42587,-1.0296,0.80181
0,0,0,0,62.73,-0.42751,-1.0255,0.80079
0,0,0,0,62.74,-0.42904,-1.0212,0.79974
0,0,0,0,62.75,-0.43079,-1.0169,0.79873
0,0,0,0,62.76,-0.43272,-1.0124,0.79766
0,0,0,0,62.77,-0.43455,-1.0078,0.79663
0,0,0,0,62.78,-0.43685,-1.0033,0.7956
0,0,0,0,62.79,-0.43917,-0.99871,0.79456
0,0,0,0,62.8,-0.4414,-0.99394,0.7936
0,0,0,0,62.81,-0.44413,-0.98894,0.7926
0,0,0,0,62.82,-0.44691,-0.98409,0.79158
0,0,0,0,62.83,-0.44951,-0.97914,0.79062
0,0,0,0,62.84,-0.45249,-0.97405,0.78958
0,0,0,0,62.85,-0.45546,-0.96885,0.78854
0,0,0,0,62.86,-0.45856,-0.96353,0.78745
0,0,0,0,62.87,-0.46192,-0.9583,0.78644
0,0,0,0,62.88,-0.46524,-0.95295,0.78548
0,0,0,0,62.89,-0.4684,-0.94743,0.78451
0,0,0,0,62.9,-0.4719,-0.94174,0.78366
0,0,0,0,62.91,-0.47554,-0.936,0.78283
0,0,0,0,62.92,-0.47895,-0.93024,0.78202
0,0,0,0,62.93,-0.48271,-0.92444,0.78121
0,0,0,0,62.94,-0.4865,-0.91831,0.78041
0,0,0,0,62.95,-0.49039,-0.91214,0.7797
0,0,0,0,62.96,-0.49438,-0.90603,0.77905
0,0,0,0,62.97,-0.49848,-0.89974,0.7784
0,0,0,0,62.98,-0.50247,-0.89329,0.77773
0,0,0,0,62.99,-0.50653,-0.88671,0.77703
0,0,0,0,63,-0.51092,-0.87992,0.77632
0,0,0,0,63.01,-0.51546,-0.8731,0.77565
0,0,0,0,63.02,-0.52004,-0.86614,0.77504
0,0,0,0,63.03,-0.52467,-0.85913,0.77438
0,0,0,0,63.04,-0.52947,-0.85205,0.77371
0,0,0,0,63.05,-0.53441,-0.8448,0.77309
0,0,0,0,63.06,-0.53943,-0.83749,0.77235
0,0,0,0,63.07,-0.54455,-0.83009,0.77154
0,0,0,0,63.08,-0.54975,-0.82258,0.77083
0,0,0,0,63.09,-0.55502,-0.81498,0.7702
0,0,0,0,63.1,-0.56042,-0.80736,0.76941
0,0,0,0,63.11,-0.56581,-0.79971,0.76864
0,0,0,0,63.12,-0.57148,-0.79183,0.76786
0,0,0,0,63.13,-0.57732,-0.7839,0.76711
0,0,0,0,63.14,-0.5833,-0.77591,0.76627
0,0,0,0,63.15,-0.58911,-0.7679,0.76545
0,0,0,0,63.16,-0.59489,-0.75976,0.76465
0,0,0,0,63.17,-0.60078,-0.75157,0.76401
0,0,0,0,63.18,-0.60706,-0.74334,0.76332
0,0,0,0,63.19,-0.61306,-0.73494,0.76251
0,0,0,0,63.2,-0.61921,-0.72638,0.76175
0,0,0,0,63.21,-0.62546,-0.71791,0.76112
0,0,0,0,63.22,-0.63181,-0.70931,0.7605
0,0,0,0,63.23,-0.63813,-0.70047,0.75975
0,0,0,0,63.24,-0.64429,-0.69156,0.75918
0,0,0,0,63.25,-0.65055,-0.68266,0.75862
0,0,0,0,63.26,-0.65689,-0.67356,0.75793
0,0,0,0,63.27,-0.66322,-0.66438,0.75746
0,0,0,0,63.28,-0.66941,-0.65522,0.75691
0,0,0,0,63.29,-0.67571,-0.64583,0.75644
0,0,0,0,63.3,-0.68213,-0.63618,0.75584
0,0,0,0,63.31,-0.68827,-0.6265,0.75538
0,0,0,0,63.32,-0.69454,-0.617,0.75504
0,0,0,0,63.33,-0.7007,-0.6074,0.7546
0,0,0,0,63.34,-0.7069,-0.59772,0.7542
0,0,0,0,63.35,-0.71303,-0.58789,0.75384
0,0,0,0,63.36,-0.71913,-0.57799,0.75371
0,0,0,0,63.37,-0.725,-0.56794,0.75331
0,0,0,0,63.38,-0.73076,-0.55789,0.75307
0,0,0,0,63.39,-0.73731,-0.54755,0.75282
0,0,0,0,63.4,-0.7432,-0.53718,0.75249
0,0,0,0,63.41,-0.74906,-0.52684,0.7523
0,0,0,0,63.42,-0.75506,-0.51623,0.75201
0,0,0,0,63.43,-0.76088,-0.50535,0.75167
0,0,0,0,63.44,-0.7668,-0.49458,0.75126
0,0,0,0,63.45,-0.77197,-0.48385,0.75087
0,0,0,0,63.46,-0.77725,-0.47297,0.75062
0,0,0,0,63.47,-0.78418,-0.46161,0.75019
0,0,0,0,63.48,-0.78987,-0.45047,0.74969
0,0,0,0,63.49,-0.79547,-0.43923,0.74978
0,0,0,0,63.5,-0.80112,-0.42795,0.7493
0,0,0,0,63.51,-0.80671,-0.41639,0.74889
0,0,0,0,63.52,-0.81234,-0.40505,0.74854
0,0,0,0,63.53,-0.81797,-0.39323,0.74805
0,0,0,0,63.54,-0.82351,-0.38139,0.74758
0,0,0,0,63.55,-0.82869,-0.36993,0.74708
0,0,0,0,63.56,-0.83364,-0.35828,0.74677
0,0,0,0,63.57,-0.83978,-0.34613,0.74638
0,0,0,0,63.58,-0.84512,-0.33419,0.74571
0,0,0,0,63.59,-0.85033,-0.32193,0.74504
0,0,0,0,63.6,-0.85552,-0.30979,0.7448
0,0,0,0,63.61,-0.86062,-0.29777,0.74465
0,0,0,0,63.62,-0.86563,-0.28536,0.74428
0,0,0,0,63.63,-0.87044,-0.27326,0.74394
0,0,0,0,63.64,-0.87509,-0.2611,0.74343
0,0,0,0,63.65,-0.8804,-0.24832,0.74298
0,0,0,0,63.66,-0.88545,-0.23561,0.74239
0,0,0,0,63.67,-0.89038,-0.22277,0.74182
0,0,0,0,63.68,-0.89532,-0.20964,0.74147
0,0,0,0,63.69,-0.89941,-0.19756,0.74119
0,0,0,0,63.7,-0.90375,-0.18472,0.74069
0,0,0,0,63.71,-0.909,-0.17187,0.74029
0,0,0,0,63.72,-0.91329,-0.15922,0.73994
0,0,0,0,63.73,-0.91783,-0.14618,0.7395
0,0,0,0,63.74,-0.9219,-0.13344,0.73955
0,0,0,0,63.75,-0.92567,-0.1208,0.73937
0,0,0,0,63.76,-0.92919,-0.10829,0.73942
0,0,0,0,63.77,-0.93378,-0.095635,0.73943
0,0,0,0,63.78,-0.93728,-0.083138,0.73939
0,0,0,0,63.79,-0.9401,-0.070949,0.73954
0,0,0,0,63.8,-0.94378,-0.058558,0.73977
0,0,0,0,63.81,-0.94762,-0.046215,0.74016
0,0,0,0,63.82,-0.95036,-0.034069,0.7403
0,0,0,0,63.83,-0.95396,-0.021896,0.74072
0,0,0,0,63.84,-0.95685,-0.009671,0.74135
0,0,0,0,63.85,-0.95967,0.002887,0.7416
0,0,0,0,63.86,-0.96159,0.014222,0.74207
0,0,0,0,63.87,-0.96346,0.026297,0.74256
0,0,0,0,63.88,-0.96601,0.038295,0.74292
0,0,0,0,63.89,-0.969,0.050443,0.74336
0,0,0,0,63.9,-0.97091,0.062642,0.74373
0,0,0,0,63.91,-0.97272,0.074902,0.74401
0,0,0,0,63.92,-0.97467,0.087089,0.74428
0,0,0,0,63.93,-0.97653,0.099492,0.74451
0,0,0,0,63.94,-0.97817,0.11178,0.74473
0,0,0,0,63.95,-0.97953,0.12415,0.74475
0,0,0,0,63.96,-0.98103,0.13668,0.74508
0,0,0,0,63.97,-0.98271,0.14945,0.74493
0,0,0,0,63.98,-0.98374,0.1615,0.74513
0,0,0,0,63.99,-0.98455,0.17345,0.74529
0,0,0,0,64,-0.98541,0.18569,0.74517
0,0,0,0,64.01,-0.98625,0.19811,0.74499
0,0,0,0,64.02,-0.987,0.21039,0.74481
0,0,0,0,64.03,-0.98765,0.22277,0.74465
0,0,0,0,64.04,-0.98801,0.23492,0.74451
0,0,0,0,64.05,-0.98833,0.24721,0.74426
0,0,0,0,64.06,-0.98836,0.25935,0.74414
0,0,0,0,64.07,-0.98835,0.2715,0.74394
0,0,0,0,64.08,-0.9884,0.28358,0.74353
0,0,0,0,64.09,-0.98841,0.29579,0.7431
0,0,0,0,64.1,-0.98729,0.30751,0.74309
0,0,0,0,64.11,-0.98657,0.3194,0.74282
0,0,0,0,64.12,-0.98572,0.33119,0.74261
0,0,0,0,64.13,-0.98454,0.34303,0.74231
0,0,0,0,64.14,-0.9833,0.35472,0.74192
0,0,0,0,64.15,-0.98179,0.36639,0.7416
0,0,0,0,64.16,-0.98006,0.37797,0.74129
0,0,0,0,64.17,-0.9782,0.38956,0.74095
0,0,0,0,64.18,-0.97613,0.40098,0.7407
0,0,0,0,64.19,-0.97379,0.41233,0.7404
0,0,0,0,64.2,-0.97129,0.42366,0.74006
0,0,0,0,64.21,-0.9686,0.43493,0.73972
0,0,0,0,64.22,-0.96556,0.44615,0.7393
0,0,0,0,64.23,-0.9625,0.45743,0.7389
0,0,0,0,64.24,-0.95945,0.46857,0.73884
0,0,0,0,64.25,-0.95579,0.4797,0.73847
0,0,0,0,64.26,-0.95199,0.49073,0.73811
0,0,0,0,64.27,-0.9486,0.50177,0.73777
0,0,0,0,64.28,-0.94469,0.51279,0.73735
0,0,0,0,64.29,-0.94053,0.52363,0.737
0,0,0,0,64.3,-0.93596,0.53431,0.73648
0,0,0,0,64.31,-0.93137,0.54493,0.73611
0,0,0,0,64.32,-0.92695,0.5555,0.73595
0,0,0,0,64.33,-0.92232,0.5659,0.73582
0,0,0,0,64.34,-0.9174,0.57603,0.7356
0,0,0,0,64.35,-0.91242,0.58595,0.73544
0,0,0,0,64.36,-0.90724,0.59576,0.73525
0,0,0,0,64.37,-0.9019,0.60544,0.73503
0,0,0,0,64.38,-0.89642,0.61509,0.7347
0,0,0,0,64.39,-0.89105,0.62448,0.73454
0,0,0,0,64.4,-0.88557,0.63374,0.73433
0,0,0,0,64.41,-0.88038,0.64349,0.73397
0,0,0,0,64.42,-0.87362,0.65257,0.73394
0,0,0,0,64.43,-0.86711,0.66057,0.73386
0,0,0,0,64.44,-0.8608,0.66948,0.73352
0,0,0,0,64.45,-0.85424,0.67832,0.73322
0,0,0,0,64.46,-0.84781,0.68735,0.73285
0,0,0,0,64.47,-0.84115,0.69648,0.73246
0,0,0,0,64.48,-0.8339,0.70448,0.73238
0,0,0,0,64.49,-0.82681,0.7132,0.73191
0,0,0,0,64.5,-0.81954,0.72152,0.73165
0,0,0,0,64.51,-0.812,0.72992,0.73115
0,0,0,0,64.52,-0.80452,0.73821,0.73068
0,0,0,0,64.53,-0.79673,0.74651,0.73035
0,0,0,0,64.54,-0.78901,0.75444,0.73016
0,0,0,0,64.55,-0.78132,0.76259,0.72962
0,0,0,0,64.56,-0.77305,0.77038,0.72922
0,0,0,0,64.57,-0.76503,0.77812,0.72881
0,0,0,0,64.58,-0.75698,0.78613,0.72818
0,0,0,0,64.59,-0.74856,0.79391,0.72764
0,0,0,0,64.6,-0.74012,0.80129,0.72713
0,0,0,0,64.61,-0.73137,0.80836,0.72659
0,0,0,0,64.62,-0.7226,0.81565,0.72617
0,0,0,0,64.63,-0.71371,0.82272,0.72556
0,0,0,0,64.64,-0.70483,0.82969,0.72486
0,0,0,0,64.65,-0.69575,0.8364,0.72444
0,0,0,0,64.66,-0.68655,0.84303,0.72389
0,0,0,0,64.67,-0.67743,0.84952,0.72343
0,0,0,0,64.68,-0.66822,0.85575,0.72279
0,0,0,0,64.69,-0.65831,0.86179,0.72231
0,0,0,0,64.7,-0.64873,0.86759,0.72222
0,0,0,0,64.71,-0.64041,0.87403,0.7212
0,0,0,0,64.72,-0.63048,0.87931,0.72084
0,0,0,0,64.73,-0.62012,0.88427,0.72042
0,0,0,0,64.74,-0.61074,0.88965,0.71982
0,0,0,0,64.75,-0.60076,0.89428,0.71933
0,0,0,0,64.76,-0.59078,0.89917,0.71863
0,0,0,0,64.77,-0.58123,0.90389,0.71818
0,0,0,0,64.78,-0.57071,0.90781,0.71784
0,0,0,0,64.79,-0.56124,0.91211,0.71712
0,0,0,0,64.8,-0.55109,0.91589,0.71653
0,0,0,0,64.81,-0.54047,0.91953,0.71635
0,0,0,0,64.82,-0.53148,0.92357,0.7154
0,0,0,0,64.83,-0.52138,0.92711,0.71487
0,0,0,0,64.84,-0.51136,0.93017,0.71435
0,0,0,0,64.85,-0.50105,0.93332,0.71371
0,0,0,0,64.86,-0.49091,0.93603,0.71336
0,0,0,0,64.87,-0.4805,0.93889,0.71289
0,0,0,0,64.88,-0.47033,0.94109,0.71219
0,0,0,0,64.89,-0.46001,0.9434,0.7114
0,0,0,0,64.9,-0.44964,0.9454,0.71094
0,0,0,0,64.91,-0.43916,0.94753,0.71077
0,0,0,0,64.92,-0.42884,0.94939,0.71023
0,0,0,0,64.93,-0.41846,0.95116,0.70934
0,0,0,0,64.94,-0.40795,0.95237,0.70878
0,0,0,0,64.95,-0.3973,0.95378,0.70847
0,0,0,0,64.96,-0.38672,0.95506,0.7081
0,0,0,0,64.97,-0.37643,0.95585,0.70734
0,0,0,0,64.98,-0.36582,0.95684,0.7068
0,0,0,0,64.99,-0.35521,0.95754,0.7066
0,0,0,0,65,-0.34436,0.95777,0.70624
0,0,0,0,65.01,-0.33409,0.95811,0.70551
0,0,0,0,65.02,-0.32333,0.95831,0.70503
0,0,0,0,65.03,-0.31268,0.95846,0.70491
0,0,0,0,65.04,-0.30169,0.95823,0.70447
0,0,0,0,65.05,-0.29082,0.95772,0.70393
0,0,0,0,65.06,-0.28034,0.9576,0.70332
0,0,0,0,65.07,-0.26962,0.9571,0.70311
0,0,0,0,65.08,-0.25865,0.95613,0.70277
0,0,0,0,65.09,-0.2478,0.95519,0.70252
0,0,0,0,65.1,-0.23729,0.95439,0.70221
0,0,0,0,65.11,-0.2264,0.95327,0.70183
0,0,0,0,65.12,-0.21572,0.95219,0.70119
0,0,0,0,65.13,-0.20546,0.95062,0.7007
0,0,0,0,65.14,-0.19499,0.94907,0.70046
0,0,0,0,65.15,-0.18431,0.94717,0.70013
0,0,0,0,65.16,-0.17379,0.94508,0.69983
0,0,0,0,65.17,-0.16339,0.94329,0.69944
0,0,0,0,65.18,-0.15286,0.94124,0.69913
0,0,0,0,65.19,-0.14208,0.93882,0.69885
0,0,0,0,65.2,-0.1317,0.93585,0.69844
0,0,0,0,65.21,-0.12155,0.9331,0.69813
0,0,0,0,65.22,-0.11141,0.93044,0.69792
0,0,0,0,65.23,-0.10133,0.92746,0.69752
0,0,0,0,65.24,-0.091127,0.92424,0.69703
0,0,0,0,65.25,-0.08088,0.92076,0.69693
0,0,0,0,65.26,-0.071112,0.91746,0.6967
0,0,0,0,65.27,-0.061235,0.91384,0.69646
0,0,0,0,65.28,-0.051317,0.91029,0.69606
0,0,0,0,65.29,-0.041365,0.90638,0.69588
0,0,0,0,65.3,-0.031346,0.90227,0.69589
0,0,0,0,65.31,-0.021741,0.89868,0.69554
0,0,0,0,65.32,-0.011974,0.89419,0.6955
0,0,0,0,65.33,-0.002055,0.88958,0.69536
0,0,0,0,65.34,0.007483,0.8853,0.69516
0,0,0,0,65.35,0.017122,0.88079,0.69507
0,0,0,0,65.36,0.026837,0.87622,0.69512
0,0,0,0,65.37,0.036596,0.87161,0.69516
0,0,0,0,65.38,0.046127,0.86682,0.69519
0,0,0,0,65.39,0.055763,0.86189,0.69532
0,0,0,0,65.4,0.065286,0.8569,0.69541
0,0,0,0,65.41,0.074759,0.85187,0.6957
0,0,0,0,65.42,0.084267,0.8468,0.69578
0,0,0,0,65.43,0.093812,0.84159,0.69606
0,0,0,0,65.44,0.10315,0.83647,0.69628
0,0,0,0,65.45,0.11242,0.83132,0.69654
0,0,0,0,65.46,0.12178,0.826,0.69673
0,0,0,0,65.47,0.13095,0.8205,0.69718
0,0,0,0,65.48,0.14002,0.81511,0.69754
0,0,0,0,65.49,0.14905,0.80967,0.69795
0,0,0,0,65.5,0.15812,0.80408,0.6984
0,0,0,0,65.51,0.16694,0.79849,0.69887
0,0,0,0,65.52,0.17577,0.79286,0.69921
0,0,0,0,65.53,0.18447,0.78709,0.6996
0,0,0,0,65.54,0.19301,0.78132,0.70003
0,0,0,0,65.55,0.20159,0.77543,0.7007
0,0,0,0,65.56,0.2101,0.76945,0.70112
0,0,0,0,65.57,0.21823,0.76364,0.70174
0,0,0,0,65.58,0.22634,0.75766,0.70222
0,0,0,0,65.59,0.23439,0.75166,0.70278
0,0,0,0,65.6,0.24246,0.7456,0.70347
0,0,0,0,65.61,0.25022,0.7395,0.70417
0,0,0,0,65.62,0.25793,0.73334,0.70479
0,0,0,0,65.63,0.26552,0.72703,0.70547
0,0,0,0,65.64,0.27295,0.72078,0.70632
0,0,0,0,65.65,0.28027,0.71432,0.70713
0,0,0,0,65.66,0.28754,0.70787,0.70805
0,0,0,0,65.67,0.29472,0.70137,0.70901
0,0,0,0,65.68,0.30174,0.69489,0.70995
0,0,0,0,65.69,0.30863,0.68818,0.71101
0,0,0,0,65.7,0.31543,0.68148,0.71204
0,0,0,0,65.71,0.32216,0.67479,0.71293
0,0,0,0,65.72,0.32875,0.66801,0.7141
0,0,0,0,65.73,0.33514,0.66122,0.71531
0,0,0,0,65.74,0.3415,0.65443,0.71642
0,0,0,0,65.75,0.34778,0.64768,0.71766
0,0,0,0,65.76,0.35381,0.64095,0.7191
0,0,0,0,65.77,0.3599,0.6341,0.72051
0,0,0,0,65.78,0.36593,0.62716,0.722
0,0,0,0,65.79,0.3718,0.62028,0.72352
0,0,0,0,65.8,0.37753,0.61351,0.72515
0,0,0,0,65.81,0.38327,0.60658,0.72676
0,0,0,0,65.82,0.38891,0.59956,0.72845
0,0,0,0,65.83,0.39443,0.59259,0.73016
0,0,0,0,65.84,0.39993,0.58568,0.73184
0,0,0,0,65.85,0.40518,0.5788,0.73367
0,0,0,0,65.86,0.41036,0.57185,0.73551
0,0,0,0,65.87,0.41539,0.5649,0.73749
0,0,0,0,65.88,0.42025,0.55788,0.73951
0,0,0,0,65.89,0.42504,0.55087,0.74147
0,0,0,0,65.9,0.42973,0.54383,0.74348
0,0,0,0,65.91,0.43427,0.53684,0.74536
0,0,0,0,65.92,0.43871,0.52988,0.74732
0,0,0,0,65.93,0.44293,0.52292,0.74945
0,0,0,0,65.94,0.44699,0.51601,0.75159
0,0,0,0,65.95,0.45091,0.50894,0.75374
0,0,0,0,65.96,0.45474,0.50194,0.75593
0,0,0,0,65.97,0.4584,0.49493,0.75797
0,0,0,0,65.98,0.46203,0.48787,0.76009
0,0,0,0,65.99,0.46543,0.48087,0.7623
0,0,0,0,66,0.46864,0.47373,0.76457
0,0,0,0,66.01,0.47184,0.46651,0.76696
0,0,0,0,66.02,0.47504,0.45915,0.7693
0,0,0,0,66.03,0.47806,0.45188,0.7718
0,0,0,0,66.04,0.48082,0.44463,0.77429
0,0,0,0,66.05,0.48357,0.43736,0.77671
0,0,0,0,66.06,0.48625,0.42991,0.77932
0,0,0,0,66.07,0.4888,0.42252,0.78191
0,0,0,0,66.08,0.49129,0.41512,0.78439
0,0,0,0,66.09,0.49353,0.40769,0.78693
0,0,0,0,66.1,0.49565,0.40022,0.7896
0,0,0,0,66.11,0.49782,0.39262,0.79217
0,0,0,0,66.12,0.49975,0.38505,0.7949
0,0,0,0,66.13,0.50146,0.3775,0.79764
0,0,0,0,66.14,0.50305,0.37009,0.80033
0,0,0,0,66.15,0.50463,0.36254,0.80302
0,0,0,0,66.16,0.50609,0.35499,0.80578
0,0,0,0,66.17,0.50737,0.34741,0.80848
0,0,0,0,66.18,0.50861,0.33967,0.81128
0,0,0,0,66.19,0.50973,0.33208,0.81397
0,0,0,0,66.2,0.51067,0.3245,0.81671
0,0,0,0,66.21,0.5115,0.31688,0.81958
0,0,0,0,66.22,0.51233,0.30925,0.8223
0,0,0,0,66.23,0.51305,0.30156,0.82504
0,0,0,0,66.24,0.51358,0.29388,0.82792
0,0,0,0,66.25,0.51409,0.28613,0.83081
0,0,0,0,66.26,0.51459,0.27835,0.83365
0,0,0,0,66.27,0.51485,0.27058,0.83657
0,0,0,0,66.28,0.51493,0.26292,0.83954
0,0,0,0,66.29,0.51504,0.2552,0.84236
0,0,0,0,66.3,0.51504,0.24734,0.84538
0,0,0,0,66.31,0.51491,0.23948,0.84839
0,0,0,0,66.32,0.5147,0.23164,0.85124
0,0,0,0,66.33,0.51435,0.22377,0.85429
0,0,0,0,66.34,0.51392,0.21586,0.85731
0,0,0,0,66.35,0.51354,0.20788,0.86025
0,0,0,0,66.36,0.51295,0.19984,0.86334
0,0,0,0,66.37,0.51224,0.19198,0.86649
0,0,0,0,66.38,0.51156,0.18401,0.86957
0,0,0,0,66.39,0.51065,0.1763,0.87263
0,0,0,0,66.4,0.50968,0.1683,0.87583
0,0,0,0,66.41,0.50863,0.16052,0.87883
0,0,0,0,66.42,0.50754,0.15282,0.88192
0,0,0,0,66.43,0.50624,0.14525,0.88491
0,0,0,0,66.44,0.50496,0.13787,0.88784
0,0,0,0,66.45,0.50357,0.13062,0.8908
0,0,0,0,66.46,0.50206,0.12361,0.89374
0,0,0,0,66.47,0.5005,0.1168,0.89639
0,0,0,0,66.48,0.49889,0.11007,0.89915
0,0,0,0,66.49,0.49695,0.10333,0.90218
0,0,0,0,66.5,0.49503,0.096856,0.90491
0,0,0,0,66.51,0.49309,0.090168,0.90774
0,0,0,0,66.52,0.4909,0.083537,0.91063
0,0,0,0,66.53,0.48865,0.076932,0.91352
0,0,0,0,66.54,0.48643,0.070396,0.91635
0,0,0,0,66.55,0.4841,0.063844,0.91933
0,0,0,0,66.56,0.48162,0.057285,0.92237
0,0,0,0,66.57,0.47912,0.050632,0.92555
0,0,0,0,66.58,0.47652,0.044019,0.92876
0,0,0,0,66.59,0.47374,0.037517,0.93204
0,0,0,0,66.6,0.47089,0.030987,0.9354
0,0,0,0,66.61,0.46792,0.024533,0.93864
0,0,0,0,66.62,0.46497,0.018073,0.94198
0,0,0,0,66.63,0.4618,0.011724,0.94547
0,0,0,0,66.64,0.45848,0.005351,0.94906
0,0,0,0,66.65,NaN,NaN,NaN
0,0,0,0,66.66,NaN,NaN,NaN
0,0,0,0,66.67,NaN,NaN,NaN
0,0,0,0,66.68,NaN,NaN,NaN
0,0,0,0,66.69,NaN,NaN,NaN
0,0,0,0,66.7,0.43675,-0.030445,0.97033
0,0,0,0,66.71,NaN,NaN,NaN
0,0,0,0,66.72,0.42863,-0.041698,0.97782
0,0,0,0,66.73,NaN,NaN,NaN
0,0,0,0,66.74,0.42024,-0.052617,0.98532
0,0,0,0,66.75,NaN,NaN,NaN
0,0,0,0,66.76,0.4113,-0.063009,0.99289
0,0,0,0,66.77,NaN,NaN,NaN
0,0,0,0,66.78,0.402,-0.072952,1.0006
0,0,0,0,66.79,NaN,NaN,NaN
0,0,0,0,66.8,0.3922,-0.082713,1.0084
0,0,0,0,66.81,NaN,NaN,NaN
0,0,0,0,66.82,0.38201,-0.091806,1.0162
0,0,0,0,66.83,NaN,NaN,NaN
0,0,0,0,66.84,0.37146,-0.10047,1.0241
0,0,0,0,66.85,NaN,NaN,NaN
0,0,0,0,66.86,0.36052,-0.10877,1.032
0,0,0,0,66.87,NaN,NaN,NaN
0,0,0,0,66.88,0.34904,-0.11667,1.0399
0,0,0,0,66.89,NaN,NaN,NaN
0,0,0,0,66.9,0.33724,-0.12412,1.0479
0,0,0,0,66.91,NaN,NaN,NaN
0,0,0,0,66.92,0.32515,-0.1313,1.0557
0,0,0,0,66.93,NaN,NaN,NaN
0,0,0,0,66.94,0.31245,-0.13818,1.0637
0,0,0,0,66.95,NaN,NaN,NaN
0,0,0,0,66.96,0.29923,-0.1445,1.0716
0,0,0,0,66.97,NaN,NaN,NaN
0,0,0,0,66.98,0.28559,-0.1506,1.0795
0,0,0,0,66.99,NaN,NaN,NaN
0,0,0,0,67,0.27154,-0.15637,1.0873
0,0,0,0,67.01,NaN,NaN,NaN
0,0,0,0,67.02,0.25706,-0.16176,1.0952
0,0,0,0,67.03,NaN,NaN,NaN
0,0,0,0,67.04,0.24237,-0.1669,1.1032
0,0,0,0,67.05,NaN,NaN,NaN
0,0,0,0,67.06,0.2273,-0.17175,1.1111
0,0,0,0,67.07,NaN,NaN,NaN
0,0,0,0,67.08,0.21189,-0.17638,1.1191
0,0,0,0,67.09,NaN,NaN,NaN
0,0,0,0,67.1,0.19619,-0.18072,1.127
0,0,0,0,67.11,NaN,NaN,NaN
0,0,0,0,67.12,0.18006,-0.18489,1.135
0,0,0,0,67.13,NaN,NaN,NaN
0,0,0,0,67.14,0.1635,-0.18872,1.143
0,0,0,0,67.15,NaN,NaN,NaN
0,0,0,0,67.16,0.14674,-0.19237,1.151
0,0,0,0,67.17,NaN,NaN,NaN
0,0,0,0,67.18,0.12961,-0.19588,1.159
0,0,0,0,67.19,NaN,NaN,NaN
0,0,0,0,67.2,0.11234,-0.19924,1.1669
0,0,0,0,67.21,NaN,NaN,NaN
0,0,0,0,67.22,0.094662,-0.2023,1.1748
0,0,0,0,67.23,0.085638,-0.20371,1.1788
0,0,0,0,67.24,0.076614,-0.2051,1.1827
0,0,0,0,67.25,0.067521,-0.20649,1.1868
0,0,0,0,67.26,0.058339,-0.20785,1.1907
0,0,0,0,67.27,0.049109,-0.20909,1.1947
0,0,0,0,67.28,0.039769,-0.21036,1.1987
0,0,0,0,67.29,0.030268,-0.21153,1.2027
0,0,0,0,67.3,0.020832,-0.21273,1.2065
0,0,0,0,67.31,0.011253,-0.2137,1.2105
0,0,0,0,67.32,0.001546,-0.21471,1.2144
0,0,0,0,67.33,-0.008041,-0.21576,1.2184
0,0,0,0,67.34,-0.017818,-0.21665,1.2223
0,0,0,0,67.35,-0.027652,-0.21755,1.2262
0,0,0,0,67.36,-0.037476,-0.21849,1.2302
0,0,0,0,67.37,-0.047352,-0.21942,1.2341
0,0,0,0,67.38,-0.057191,-0.22019,1.238
0,0,0,0,67.39,-0.067154,-0.22088,1.242
0,0,0,0,67.4,-0.077104,-0.22157,1.246
0,0,0,0,67.41,-0.086871,-0.22214,1.2499
0,0,0,0,67.42,-0.096751,-0.22259,1.2538
0,0,0,0,67.43,-0.10662,-0.22294,1.2576
0,0,0,0,67.44,-0.11655,-0.22337,1.2615
0,0,0,0,67.45,-0.12647,-0.22357,1.2654
0,0,0,0,67.46,-0.13633,-0.22365,1.2692
0,0,0,0,67.47,-0.14617,-0.22386,1.273
0,0,0,0,67.48,-0.15611,-0.22396,1.2768
0,0,0,0,67.49,-0.16605,-0.224,1.2806
0,0,0,0,67.5,-0.17613,-0.2239,1.2844
0,0,0,0,67.51,-0.18618,-0.22389,1.2881
0,0,0,0,67.52,-0.19619,-0.22381,1.2918
0,0,0,0,67.53,-0.20638,-0.22345,1.2954
0,0,0,0,67.54,-0.21649,-0.22313,1.299
0,0,0,0,67.55,-0.22671,-0.22273,1.3026
0,0,0,0,67.56,-0.23685,-0.22228,1.306
0,0,0,0,67.57,-0.24709,-0.22176,1.3095
0,0,0,0,67.58,-0.25743,-0.22112,1.3129
0,0,0,0,67.59,-0.26777,-0.22038,1.3162
0,0,0,0,67.6,-0.27814,-0.21951,1.3195
0,0,0,0,67.61,-0.28858,-0.21846,1.3227
0,0,0,0,67.62,-0.29905,-0.21737,1.326
0,0,0,0,67.63,-0.30942,-0.21621,1.3291
0,0,0,0,67.64,-0.31984,-0.21499,1.3323
0,0,0,0,67.65,-0.33027,-0.21372,1.3354
0,0,0,0,67.66,-0.34082,-0.21234,1.3384
0,0,0,0,67.67,-0.35131,-0.21081,1.3416
0,0,0,0,67.68,-0.36171,-0.20924,1.3445
0,0,0,0,67.69,-0.37217,-0.20759,1.3475
0,0,0,0,67.7,-0.38252,-0.20583,1.3506
0,0,0,0,67.71,-0.393,-0.20391,1.3535
0,0,0,0,67.72,-0.40341,-0.20194,1.3566
0,0,0,0,67.73,-0.41373,-0.19986,1.3595
0,0,0,0,67.74,-0.42403,-0.19777,1.3625
0,0,0,0,67.75,-0.43441,-0.19559,1.3655
0,0,0,0,67.76,-0.44472,-0.19321,1.3685
0,0,0,0,67.77,-0.45494,-0.19077,1.3714
0,0,0,0,67.78,-0.46517,-0.18824,1.3744
0,0,0,0,67.79,-0.47541,-0.1857,1.3774
0,0,0,0,67.8,-0.48573,-0.18303,1.3804
0,0,0,0,67.81,-0.49585,-0.18021,1.3834
0,0,0,0,67.82,-0.50602,-0.17733,1.3863
0,0,0,0,67.83,-0.51605,-0.17429,1.3893
0,0,0,0,67.84,-0.5261,-0.1711,1.3923
0,0,0,0,67.85,-0.53616,-0.16764,1.3952
0,0,0,0,67.86,-0.54617,-0.16424,1.3979
0,0,0,0,67.87,-0.55617,-0.16068,1.4008
0,0,0,0,67.88,-0.566,-0.15688,1.4037
0,0,0,0,67.89,-0.57562,-0.15294,1.4066
0,0,0,0,67.9,-0.58539,-0.14887,1.4094
0,0,0,0,67.91,-0.59503,-0.14478,1.4123
0,0,0,0,67.92,-0.60463,-0.14049,1.415
0,0,0,0,67.93,-0.61421,-0.1361,1.4179
0,0,0,0,67.94,-0.62366,-0.13166,1.4208
0,0,0,0,67.95,-0.63303,-0.12709,1.4235
0,0,0,0,67.96,-0.64247,-0.12235,1.4264
0,0,0,0,67.97,-0.65173,-0.1177,1.4291
0,0,0,0,67.98,-0.66118,-0.11279,1.432
0,0,0,0,67.99,-0.67043,-0.10783,1.4348
0,0,0,0,68,-0.67957,-0.10285,1.4375
0,0,0,0,68.01,-0.68883,-0.097652,1.4403
0,0,0,0,68.02,-0.698,-0.09242,1.4429
0,0,0,0,68.03,-0.70719,-0.087086,1.4456
0,0,0,0,68.04,-0.71637,-0.081771,1.4483
0,0,0,0,68.05,-0.72551,-0.076336,1.4509
0,0,0,0,68.06,-0.73467,-0.070765,1.4535
0,0,0,0,68.07,-0.74369,-0.064981,1.456
0,0,0,0,68.08,-0.7527,-0.059137,1.4583
0,0,0,0,68.09,-0.76158,-0.05322,1.4607
0,0,0,0,68.1,-0.77054,-0.047139,1.463
0,0,0,0,68.11,-0.77934,-0.040966,1.4652
0,0,0,0,68.12,-0.78811,-0.034694,1.4674
0,0,0,0,68.13,-0.79676,-0.028312,1.4695
0,0,0,0,68.14,-0.80534,-0.02187,1.4718
0,0,0,0,68.15,-0.81384,-0.015448,1.4738
0,0,0,0,68.16,-0.82231,-0.008712,1.4759
0,0,0,0,68.17,-0.83072,-0.002042,1.478
0,0,0,0,68.18,-0.83891,0.004702,1.48
0,0,0,0,68.19,-0.84732,0.011594,1.4818
0,0,0,0,68.2,-0.85547,0.018463,1.4836
0,0,0,0,68.21,-0.86336,0.025467,1.4856
0,0,0,0,68.22,-0.87104,0.032543,1.4874
0,0,0,0,68.23,-0.87911,0.039692,1.4892
0,0,0,0,68.24,-0.88685,0.046945,1.4906
0,0,0,0,68.25,-0.89401,0.054203,1.4921
0,0,0,0,68.26,-0.90157,0.061556,1.4941
0,0,0,0,68.27,-0.90892,0.068959,1.4956
0,0,0,0,68.28,-0.91661,0.076644,1.4971
0,0,0,0,68.29,-0.9235,0.08424,1.4984
0,0,0,0,68.3,-0.93084,0.091982,1.4999
0,0,0,0,68.31,-0.9376,0.099498,1.5015
0,0,0,0,68.32,-0.94486,0.10731,1.5029
0,0,0,0,68.33,-0.95123,0.11516,1.5042
0,0,0,0,68.34,-0.95755,0.12301,1.5053
0,0,0,0,68.35,-0.96432,0.13106,1.5065
0,0,0,0,68.36,-0.97085,0.13895,1.5077
0,0,0,0,68.37,-0.97652,0.14685,1.5088
0,0,0,0,68.38,-0.98249,0.15493,1.5096
0,0,0,0,68.39,-0.98838,0.16325,1.5101
0,0,0,0,68.4,-0.9945,0.17135,1.5115
0,0,0,0,68.41,-1.0001,0.17962,1.5121
0,0,0,0,68.42,-1.0058,0.18795,1.5125
0,0,0,0,68.43,-1.0112,0.19613,1.5133
0,0,0,0,68.44,-1.0168,0.20447,1.5142
0,0,0,0,68.45,-1.0218,0.21284,1.5146
0,0,0,0,68.46,-1.0268,0.22137,1.515
0,0,0,0,68.47,-1.0321,0.22977,1.5157
0,0,0,0,68.48,-1.0368,0.23816,1.516
0,0,0,0,68.49,-1.0415,0.24674,1.5162
0,0,0,0,68.5,-1.046,0.25514,1.5164
0,0,0,0,68.51,-1.0504,0.26352,1.5168
0,0,0,0,68.52,-1.0545,0.27188,1.5169
0,0,0,0,68.53,-1.0586,0.2802,1.517
0,0,0,0,68.54,-1.0623,0.28846,1.5171
0,0,0,0,68.55,-1.066,0.29686,1.517
0,0,0,0,68.56,-1.07,0.30537,1.5171
0,0,0,0,68.57,-1.0736,0.31372,1.5171
0,0,0,0,68.58,-1.0768,0.32205,1.5169
0,0,0,0,68.59,-1.0799,0.33022,1.5167
0,0,0,0,68.6,-1.0829,0.33851,1.5165
0,0,0,0,68.61,-1.0858,0.34682,1.5162
0,0,0,0,68.62,-1.0882,0.35491,1.5158
0,0,0,0,68.63,-1.0906,0.363,1.5154
0,0,0,0,68.64,-1.0932,0.37104,1.515
0,0,0,0,68.65,-1.096,0.37925,1.5147
0,0,0,0,68.66,-1.0983,0.38732,1.5142
0,0,0,0,68.67,-1.1002,0.39531,1.5135
0,0,0,0,68.68,-1.1021,0.4033,1.5128
0,0,0,0,68.69,-1.1038,0.41127,1.512
0,0,0,0,68.7,-1.1055,0.41943,1.5111
0,0,0,0,68.71,-1.1069,0.42745,1.5101
0,0,0,0,68.72,-1.108,0.43542,1.5088
0,0,0,0,68.73,-1.1091,0.4435,1.5076
0,0,0,0,68.74,-1.1101,0.45149,1.5065
0,0,0,0,68.75,-1.1107,0.45949,1.5052
0,0,0,0,68.76,-1.1113,0.46754,1.5041
0,0,0,0,68.77,-1.1116,0.47548,1.5026
0,0,0,0,68.78,-1.1117,0.48341,1.501
0,0,0,0,68.79,-1.1115,0.49141,1.4994
0,0,0,0,68.8,-1.1112,0.49942,1.4975
0,0,0,0,68.81,-1.1109,0.50757,1.4958
0,0,0,0,68.82,-1.1101,0.5155,1.4939
0,0,0,0,68.83,-1.109,0.52343,1.4916
0,0,0,0,68.84,-1.1085,0.53145,1.4899
0,0,0,0,68.85,-1.1077,0.53949,1.4878
0,0,0,0,68.86,-1.1062,0.54735,1.4859
0,0,0,0,68.87,-1.1046,0.55521,1.4835
0,0,0,0,68.88,-1.1028,0.56306,1.481
0,0,0,0,68.89,-1.1011,0.5707,1.479
0,0,0,0,68.9,-1.0991,0.57841,1.4766
0,0,0,0,68.91,-1.0966,0.58592,1.4739
0,0,0,0,68.92,-1.0946,0.59358,1.4716
0,0,0,0,68.93,-1.0923,0.60107,1.4692
0,0,0,0,68.94,-1.0896,0.60844,1.4667
0,0,0,0,68.95,-1.0868,0.61559,1.464
0,0,0,0,68.96,-1.0838,0.62281,1.4612
0,0,0,0,68.97,-1.0807,0.62976,1.4587
0,0,0,0,68.98,-1.0774,0.63666,1.4559
0,0,0,0,68.99,-1.074,0.64342,1.4529
0,0,0,0,69,-1.0703,0.64992,1.4502
0,0,0,0,69.01,-1.0666,0.65653,1.4474
0,0,0,0,69.02,-1.0628,0.66328,1.4442
0,0,0,0,69.03,-1.0586,0.66952,1.4415
0,0,0,0,69.04,-1.0544,0.676,1.4385
0,0,0,0,69.05,-1.05,0.68227,1.4354
0,0,0,0,69.06,-1.0456,0.68833,1.4325
0,0,0,0,69.07,-1.0409,0.69432,1.4292
0,0,0,0,69.08,-1.036,0.70032,1.4262
0,0,0,0,69.09,-1.031,0.70631,1.4229
0,0,0,0,69.1,-1.0258,0.71203,1.42
0,0,0,0,69.11,-1.0205,0.71783,1.4164
0,0,0,0,69.12,-1.0149,0.7235,1.4127
0,0,0,0,69.13,-1.0095,0.72921,1.4098
0,0,0,0,69.14,-1.0038,0.73492,1.4065
0,0,0,0,69.15,-0.99775,0.74029,1.4031
0,0,0,0,69.16,-0.99174,0.74592,1.3994
0,0,0,0,69.17,-0.98583,0.75155,1.396
0,0,0,0,69.18,-0.97934,0.75697,1.3921
0,0,0,0,69.19,-0.97294,0.76246,1.3882
0,0,0,0,69.2,-0.96657,0.76749,1.385
0,0,0,0,69.21,-0.9598,0.7724,1.3815
0,0,0,0,69.22,-0.95354,0.77774,1.3776
0,0,0,0,69.23,-0.94711,0.78308,1.3733
0,0,0,0,69.24,-0.93893,0.7875,1.3697
0,0,0,0,69.25,-0.93225,0.79239,1.3661
0,0,0,0,69.26,-0.92508,0.79693,1.3623
0,0,0,0,69.27,-0.918,0.80196,1.3579
0,0,0,0,69.28,-0.9109,0.80671,1.3541
0,0,0,0,69.29,-0.90249,0.81106,1.3503
0,0,0,0,69.3,-0.89453,0.81534,1.3464
0,0,0,0,69.31,-0.88755,0.82007,1.3424
0,0,0,0,69.32,-0.87932,0.82399,1.3382
0,0,0,0,69.33,-0.87137,0.82836,1.3338
0,0,0,0,69.34,-0.86391,0.83293,1.3294
0,0,0,0,69.35,-0.85625,0.83668,1.3256
0,0,0,0,69.36,-0.84742,0.84059,1.3214
0,0,0,0,69.37,-0.83895,0.84456,1.3177
0,0,0,0,69.38,-0.83128,0.84919,1.3132
0,0,0,0,69.39,-0.82234,0.85168,1.3088
0,0,0,0,69.4,-0.81452,0.85512,1.3046
0,0,0,0,69.41,-0.8062,0.8587,1.3002
0,0,0,0,69.42,-0.79775,0.86189,1.2961
0,0,0,0,69.43,-0.78892,0.86477,1.2916
0,0,0,0,69.44,-0.78083,0.86845,1.2871
0,0,0,0,69.45,-0.77205,0.87103,1.2829
0,0,0,0,69.46,-0.76373,0.87429,1.2785
0,0,0,0,69.47,-0.75464,0.87691,1.2742
0,0,0,0,69.48,-0.74541,0.87878,1.2698
0,0,0,0,69.49,-0.73637,0.88132,1.2657
0,0,0,0,69.5,-0.72791,0.88434,1.2609
0,0,0,0,69.51,-0.71892,0.88663,1.2565
0,0,0,0,69.52,-0.71048,0.88889,1.2521
0,0,0,0,69.53,-0.70166,0.89126,1.2476
0,0,0,0,69.54,-0.69233,0.89321,1.2433
0,0,0,0,69.55,-0.68314,0.89496,1.2386
0,0,0,0,69.56,-0.67457,0.89743,1.2341
0,0,0,0,69.57,-0.66576,0.89928,1.23
0,0,0,0,69.58,-0.65651,0.9003,1.2255
0,0,0,0,69.59,-0.64778,0.90192,1.221
0,0,0,0,69.6,-0.63852,0.90365,1.2166
0,0,0,0,69.61,-0.62948,0.90517,1.2121
0,0,0,0,69.62,-0.62103,0.9068,1.2079
0,0,0,0,69.63,-0.61243,0.90844,1.2033
0,0,0,0,69.64,-0.60388,0.91016,1.1987
0,0,0,0,69.65,-0.59489,0.91117,1.1943
0,0,0,0,69.66,-0.5865,0.91284,1.1897
0,0,0,0,69.67,-0.57796,0.91394,1.1854
0,0,0,0,69.68,-0.56912,0.91471,1.181
0,0,0,0,69.69,-0.56057,0.91576,1.1767
0,0,0,0,69.7,-0.55188,0.91662,1.1724
0,0,0,0,69.71,-0.54339,0.91761,1.1679
0,0,0,0,69.72,-0.53478,0.91845,1.1635
0,0,0,0,69.73,-0.52606,0.9192,1.1591
0,0,0,0,69.74,-0.51736,0.91993,1.1549
0,0,0,0,69.75,-0.50979,0.92083,1.1506
0,0,0,0,69.76,-0.50131,0.92132,1.1464
0,0,0,0,69.77,-0.49294,0.92196,1.1422
0,0,0,0,69.78,-0.48465,0.92233,1.138
0,0,0,0,69.79,-0.47639,0.92257,1.1337
0,0,0,0,69.8,-0.46855,0.92318,1.1297
0,0,0,0,69.81,-0.46055,0.92332,1.1255
0,0,0,0,69.82,-0.45243,0.92355,1.1214
0,0,0,0,69.83,-0.44423,0.92373,1.1174
0,0,0,0,69.84,-0.43624,0.9239,1.1132
0,0,0,0,69.85,-0.42826,0.924,1.1093
0,0,0,0,69.86,-0.42038,0.92431,1.1054
0,0,0,0,69.87,-0.41223,0.92422,1.1013
0,0,0,0,69.88,-0.40462,0.92461,1.0974
0,0,0,0,69.89,-0.39684,0.92479,1.0934
0,0,0,0,69.9,-0.3891,0.92491,1.0896
0,0,0,0,69.91,-0.38116,0.92498,1.0858
0,0,0,0,69.92,-0.37363,0.92514,1.082
0,0,0,0,69.93,-0.36592,0.92504,1.078
0,0,0,0,69.94,-0.35847,0.92514,1.0741
0,0,0,0,69.95,-0.35111,0.92519,1.0705
0,0,0,0,69.96,-0.34361,0.92512,1.0668
0,0,0,0,69.97,-0.33638,0.92522,1.063
0,0,0,0,69.98,-0.32888,0.92493,1.0592
0,0,0,0,69.99,-0.32155,0.92486,1.0556
0,0,0,0,70,-0.31453,0.925,1.0518
0,0,0,0,70.01,-0.30705,0.9246,1.0481
0,0,0,0,70.02,-0.29999,0.92461,1.0445
0,0,0,0,70.03,-0.29299,0.9245,1.0408
0,0,0,0,70.04,-0.28606,0.92449,1.0372
0,0,0,0,70.05,-0.27883,0.92418,1.0335
0,0,0,0,70.06,-0.27179,0.92392,1.03
0,0,0,0,70.07,-0.26497,0.92371,1.0264
0,0,0,0,70.08,-0.25828,0.92374,1.0228
0,0,0,0,70.09,-0.2514,0.92339,1.0193
0,0,0,0,70.1,-0.2447,0.92319,1.0158
0,0,0,0,70.11,-0.23789,0.92287,1.0123
0,0,0,0,70.12,-0.23127,0.92263,1.0088
0,0,0,0,70.13,-0.22473,0.92246,1.0053
0,0,0,0,70.14,-0.21801,0.92191,1.002
0,0,0,0,70.15,-0.2113,0.92162,0.99848
0,0,0,0,70.16,-0.20479,0.92131,0.99504
0,0,0,0,70.17,-0.19812,0.92086,0.99174
0,0,0,0,70.18,-0.19173,0.92059,0.98842
0,0,0,0,70.19,-0.18508,0.92018,0.98504
0,0,0,0,70.2,-0.1786,0.91994,0.98177
0,0,0,0,70.21,-0.17212,0.91955,0.97848
0,0,0,0,70.22,-0.16559,0.9192,0.97521
0,0,0,0,70.23,-0.15908,0.91884,0.97195
0,0,0,0,70.24,-0.15268,0.91854,0.96872
0,0,0,0,70.25,-0.14642,0.91838,0.96554
0,0,0,0,70.26,-0.13992,0.91794,0.96231
0,0,0,0,70.27,-0.13368,0.91776,0.95913
0,0,0,0,70.28,-0.12725,0.91769,0.95582
0,0,0,0,70.29,-0.12092,0.91743,0.95277
0,0,0,0,70.3,-0.11455,0.91721,0.94965
0,0,0,0,70.31,-0.10824,0.91688,0.9465
0,0,0,0,70.32,-0.10188,0.91657,0.94338
0,0,0,0,70.33,-0.095666,0.91641,0.94017
0,0,0,0,70.34,-0.089297,0.91614,0.9372
0,0,0,0,70.35,-0.083012,0.91589,0.9341
0,0,0,0,70.36,-0.076799,0.9157,0.93108
0,0,0,0,70.37,-0.070406,0.91549,0.92802
0,0,0,0,70.38,-0.064213,0.9152,0.92498
0,0,0,0,70.39,-0.057926,0.91494,0.922
0,0,0,0,70.4,-0.051635,0.9147,0.91905
0,0,0,0,70.41,-0.045412,0.91449,0.91606
0,0,0,0,70.42,-0.039065,0.91416,0.9132
0,0,0,0,70.43,-0.032798,0.91398,0.91032
0,0,0,0,70.44,-0.026587,0.91373,0.90745
0,0,0,0,70.45,-0.020266,0.91315,0.90454
0,0,0,0,70.46,-0.014069,0.91282,0.90168
0,0,0,0,70.47,-0.007719,0.91239,0.89879
0,0,0,0,70.48,-0.001595,0.91201,0.89609
0,0,0,0,70.49,0.004711,0.91161,0.89334
0,0,0,0,70.5,0.011011,0.91113,0.89055
0,0,0,0,70.51,0.017152,0.91075,0.88785
0,0,0,0,70.52,0.023401,0.91019,0.88514
0,0,0,0,70.53,0.029559,0.90964,0.88239
0,0,0,0,70.54,0.035686,0.90908,0.8798
0,0,0,0,70.55,0.041993,0.90851,0.87714
0,0,0,0,70.56,0.048105,0.90796,0.87448
0,0,0,0,70.57,0.054177,0.9075,0.87189
0,0,0,0,70.58,0.060289,0.90692,0.86933
0,0,0,0,70.59,0.066396,0.90648,0.86667
0,0,0,0,70.6,0.07253,0.9059,0.86423
0,0,0,0,70.61,0.078625,0.90544,0.86156
0,0,0,0,70.62,0.084642,0.90498,0.85905
0,0,0,0,70.63,0.090729,0.90453,0.85659
0,0,0,0,70.64,0.096585,0.90414,0.8542
0,0,0,0,70.65,0.1026,0.90371,0.85155
0,0,0,0,70.66,0.10863,0.90316,0.84917
0,0,0,0,70.67,0.11448,0.90272,0.84678
0,0,0,0,70.68,0.12045,0.90233,0.84434
0,0,0,0,70.69,0.12648,0.90177,0.8421
0,0,0,0,70.7,0.13232,0.90124,0.83979
0,0,0,0,70.71,0.13818,0.90065,0.83746
0,0,0,0,70.72,0.14402,0.9,0.83533
0,0,0,0,70.73,0.1498,0.89926,0.8331
0,0,0,0,70.74,0.15572,0.89839,0.83087
0,0,0,0,70.75,0.16151,0.89769,0.82883
0,0,0,0,70.76,0.1673,0.89686,0.82681
0,0,0,0,70.77,0.17299,0.8961,0.82474
0,0,0,0,70.78,0.17864,0.89528,0.82276
0,0,0,0,70.79,0.18429,0.89442,0.82089
0,0,0,0,70.8,0.18995,0.8936,0.81903
0,0,0,0,70.81,0.19556,0.89272,0.8173
0,0,0,0,70.82,0.20138,0.89179,0.81549
0,0,0,0,70.83,0.207,0.89093,0.81361
0,0,0,0,70.84,0.21252,0.89005,0.812
0,0,0,0,70.85,0.21796,0.88928,0.81032
0,0,0,0,70.86,0.22374,0.88819,0.80857
0,0,0,0,70.87,0.2293,0.88717,0.80691
0,0,0,0,70.88,0.23461,0.88638,0.80543
0,0,0,0,70.89,0.23997,0.88553,0.8039
0,0,0,0,70.9,0.24557,0.88466,0.80224
0,0,0,0,70.91,0.25086,0.88369,0.80078
0,0,0,0,70.92,0.25613,0.8828,0.79945
0,0,0,0,70.93,0.26145,0.88184,0.798
0,0,0,0,70.94,0.26682,0.88079,0.79646
0,0,0,0,70.95,0.27205,0.87989,0.79503
0,0,0,0,70.96,0.27727,0.87883,0.79357
0,0,0,0,70.97,0.28244,0.87787,0.79225
0,0,0,0,70.98,0.28763,0.87685,0.79089
0,0,0,0,70.99,0.29283,0.87573,0.78956
0,0,0,0,71,0.29794,0.87475,0.78814
0,0,0,0,71.01,0.30296,0.87365,0.7869
0,0,0,0,71.02,0.30792,0.87259,0.78557
0,0,0,0,71.03,0.31291,0.87149,0.78424
0,0,0,0,71.04,0.31787,0.87044,0.78286
0,0,0,0,71.05,0.32273,0.86926,0.78178
0,0,0,0,71.06,0.32759,0.86795,0.78067
0,0,0,0,71.07,0.33244,0.86674,0.77948
0,0,0,0,71.08,0.33723,0.86542,0.77826
0,0,0,0,71.09,0.34211,0.86405,0.77708
0,0,0,0,71.1,0.34676,0.86275,0.77589
0,0,0,0,71.11,0.35142,0.86155,0.77479
0,0,0,0,71.12,0.35601,0.86034,0.77379
0,0,0,0,71.13,0.36047,0.85901,0.7727
0,0,0,0,71.14,0.36512,0.85755,0.77171
0,0,0,0,71.15,0.36971,0.85618,0.77068
0,0,0,0,71.16,0.37434,0.85466,0.76968
0,0,0,0,71.17,0.3788,0.85321,0.76871
0,0,0,0,71.18,0.38316,0.85178,0.76777
0,0,0,0,71.19,0.38756,0.85035,0.76683
0,0,0,0,71.2,0.3921,0.8487,0.76585
0,0,0,0,71.21,0.39635,0.8473,0.76489
0,0,0,0,71.22,0.40065,0.84576,0.76397
0,0,0,0,71.23,0.40498,0.84419,0.76318
0,0,0,0,71.24,0.40921,0.84258,0.76221
0,0,0,0,71.25,0.41345,0.84107,0.7614
0,0,0,0,71.26,0.41768,0.83943,0.76063
0,0,0,0,71.27,0.42188,0.83785,0.75978
0,0,0,0,71.28,0.42604,0.83611,0.75885
0,0,0,0,71.29,0.43007,0.83463,0.75796
0,0,0,0,71.3,0.43412,0.83297,0.75729
0,0,0,0,71.31,0.4381,0.83132,0.75651
0,0,0,0,71.32,0.44198,0.82976,0.75579
0,0,0,0,71.33,0.44602,0.82804,0.75508
0,0,0,0,71.34,0.44998,0.82632,0.75427
0,0,0,0,71.35,0.4537,0.82485,0.75359
0,0,0,0,71.36,0.45742,0.82317,0.75301
0,0,0,0,71.37,0.46122,0.82136,0.75218
0,0,0,0,71.38,0.46488,0.81981,0.75152
0,0,0,0,71.39,0.46863,0.81816,0.75095
0,0,0,0,71.4,0.4722,0.81647,0.75031
0,0,0,0,71.41,0.47584,0.81479,0.7496
0,0,0,0,71.42,0.47943,0.81321,0.74899
0,0,0,0,71.43,0.48293,0.81161,0.74827
0,0,0,0,71.44,0.48651,0.80998,0.74747
0,0,0,0,71.45,0.48983,0.80854,0.74686
0,0,0,0,71.46,0.49312,0.80715,0.74622
0,0,0,0,71.47,0.49648,0.80576,0.7455
0,0,0,0,71.48,0.49971,0.80448,0.7448
0,0,0,0,71.49,0.50297,0.80322,0.7441
0,0,0,0,71.5,0.50603,0.802,0.74341
0,0,0,0,71.51,0.50922,0.80076,0.74269
0,0,0,0,71.52,0.51224,0.79955,0.74195
0,0,0,0,71.53,0.51526,0.79824,0.7412
0,0,0,0,71.54,0.51831,0.79697,0.74048
0,0,0,0,71.55,0.52119,0.79572,0.73988
0,0,0,0,71.56,0.52399,0.79444,0.73931
0,0,0,0,71.57,0.52671,0.7932,0.73874
0,0,0,0,71.58,0.52965,0.79182,0.73815
0,0,0,0,71.59,0.53232,0.7906,0.73761
0,0,0,0,71.6,0.53509,0.78927,0.7372
0,0,0,0,71.61,0.53769,0.78803,0.73667
0,0,0,0,71.62,0.54027,0.78662,0.73627
0,0,0,0,71.63,0.5428,0.78536,0.73597
0,0,0,0,71.64,0.54524,0.78409,0.73567
0,0,0,0,71.65,0.54777,0.78271,0.7354
0,0,0,0,71.66,0.55009,0.78151,0.73497
0,0,0,0,71.67,0.55248,0.78023,0.73455
0,0,0,0,71.68,0.55473,0.77906,0.73421
0,0,0,0,71.69,0.55693,0.77791,0.73387
0,0,0,0,71.7,0.55909,0.77678,0.73362
0,0,0,0,71.71,0.56126,0.77567,0.73334
0,0,0,0,71.72,0.56341,0.77461,0.73301
0,0,0,0,71.73,0.56547,0.77363,0.73268
0,0,0,0,71.74,0.5674,0.77265,0.73245
0,0,0,0,71.75,0.56933,0.77167,0.73224
0,0,0,0,71.76,0.57122,0.77078,0.73204
0,0,0,0,71.77,0.57308,0.76994,0.73179
0,0,0,0,71.78,0.57504,0.76899,0.73154
0,0,0,0,71.79,0.57688,0.76807,0.73138
0,0,0,0,71.8,0.57861,0.76723,0.73128
0,0,0,0,71.81,0.58033,0.76641,0.73118
0,0,0,0,71.82,0.58211,0.76556,0.7311
0,0,0,0,71.83,0.58381,0.76467,0.73111
0,0,0,0,71.84,0.58546,0.76373,0.73112
0,0,0,0,71.85,0.58708,0.76282,0.73108
0,0,0,0,71.86,0.58872,0.76188,0.73113
0,0,0,0,71.87,0.59021,0.76088,0.73114
0,0,0,0,71.88,0.59162,0.75985,0.73115
0,0,0,0,71.89,0.59297,0.75883,0.73121
0,0,0,0,71.9,0.59435,0.75777,0.73123
0,0,0,0,71.91,0.59568,0.75681,0.73132
0,0,0,0,71.92,0.59689,0.75589,0.73144
0,0,0,0,71.93,0.59806,0.75491,0.73158
0,0,0,0,71.94,0.59922,0.75388,0.73171
0,0,0,0,71.95,0.60041,0.75289,0.73182
0,0,0,0,71.96,0.6016,0.75191,0.73189
0,0,0,0,71.97,0.60276,0.75094,0.73189
0,0,0,0,71.98,0.60379,0.75001,0.73203
0,0,0,0,71.99,0.60479,0.749,0.73213
0,0,0,0,72,0.60577,0.74799,0.73225
0,0,0,0,72.01,0.60679,0.74692,0.73233
0,0,0,0,72.02,0.6078,0.7458,0.73245
0,0,0,0,72.03,0.60876,0.74461,0.73263
0,0,0,0,72.04,0.60975,0.74343,0.73278
0,0,0,0,72.05,0.61059,0.74239,0.73289
0,0,0,0,72.06,0.61138,0.74128,0.73298
0,0,0,0,72.07,0.6122,0.74014,0.73309
0,0,0,0,72.08,0.61304,0.739,0.73313
0,0,0,0,72.09,0.6139,0.73784,0.73315
0,0,0,0,72.1,0.61468,0.73681,0.73324
0,0,0,0,72.11,0.61544,0.73566,0.73325
0,0,0,0,72.12,0.61619,0.73449,0.73326
0,0,0,0,72.13,0.61689,0.73322,0.73321
0,0,0,0,72.14,0.61755,0.73196,0.73297
0,0,0,0,72.15,0.61818,0.7308,0.73288
0,0,0,0,72.16,0.61882,0.72962,0.73281
0,0,0,0,72.17,0.61952,0.72833,0.73269
0,0,0,0,72.18,0.62018,0.72701,0.73248
0,0,0,0,72.19,0.62091,0.72558,0.73224
0,0,0,0,72.2,0.62152,0.72419,0.73207
0,0,0,0,72.21,0.6221,0.72285,0.73188
0,0,0,0,72.22,0.62268,0.72143,0.73167
0,0,0,0,72.23,0.62325,0.7199,0.73143
0,0,0,0,72.24,0.6238,0.7183,0.73121
0,0,0,0,72.25,0.62431,0.71673,0.73097
0,0,0,0,72.26,0.62486,0.71503,0.73063
0,0,0,0,72.27,0.62532,0.71346,0.73039
0,0,0,0,72.28,0.62574,0.71174,0.73008
0,0,0,0,72.29,0.62617,0.71003,0.72978
0,0,0,0,72.3,0.62658,0.70834,0.72949
0,0,0,0,72.31,0.627,0.70656,0.72913
0,0,0,0,72.32,0.62747,0.70474,0.72877
0,0,0,0,72.33,0.62794,0.70293,0.72843
0,0,0,0,72.34,0.6283,0.7011,0.72806
0,0,0,0,72.35,0.62867,0.69925,0.72762
0,0,0,0,72.36,0.62896,0.69747,0.72721
0,0,0,0,72.37,0.62929,0.69574,0.72666
0,0,0,0,72.38,0.62953,0.69395,0.72618
0,0,0,0,72.39,0.62981,0.69213,0.72569
0,0,0,0,72.4,0.63008,0.69028,0.72512
0,0,0,0,72.41,0.63039,0.68857,0.72457
0,0,0,0,72.42,0.63069,0.68677,0.72397
0,0,0,0,72.43,0.63096,0.68487,0.72331
0,0,0,0,72.44,0.63113,0.68312,0.72273
0,0,0,0,72.45,0.63132,0.6814,0.72215
0,0,0,0,72.46,0.63154,0.67953,0.7215
0,0,0,0,72.47,0.63177,0.67754,0.72089
0,0,0,0,72.48,0.63189,0.67572,0.72028
0,0,0,0,72.49,0.63205,0.6739,0.71957
0,0,0,0,72.5,0.6323,0.67193,0.71879
0,0,0,0,72.51,0.63241,0.67008,0.71817
0,0,0,0,72.52,0.6325,0.66824,0.71759
0,0,0,0,72.53,0.63256,0.66631,0.71685
0,0,0,0,72.54,0.63268,0.66431,0.71604
0,0,0,0,72.55,0.63277,0.66243,0.71531
0,0,0,0,72.56,0.63289,0.6606,0.71452
0,0,0,0,72.57,0.63302,0.65872,0.71351
0,0,0,0,72.58,0.6331,0.65689,0.71268
0,0,0,0,72.59,0.63306,0.65508,0.71185
0,0,0,0,72.6,0.63299,0.6533,0.71098
0,0,0,0,72.61,0.63299,0.6515,0.70999
0,0,0,0,72.62,0.63305,0.64966,0.70897
0,0,0,0,72.63,0.63303,0.64791,0.70791
0,0,0,0,72.64,0.63292,0.64613,0.70695
0,0,0,0,72.65,0.63278,0.64447,0.70589
0,0,0,0,72.66,0.63266,0.64276,0.70483
0,0,0,0,72.67,0.6325,0.641,0.70375
0,0,0,0,72.68,0.63235,0.63921,0.70249
0,0,0,0,72.69,0.63214,0.63751,0.70136
0,0,0,0,72.7,0.63197,0.63591,0.70025
0,0,0,0,72.71,0.63166,0.63428,0.69909
0,0,0,0,72.72,0.6314,0.63268,0.69785
0,0,0,0,72.73,0.6312,0.63104,0.69654
0,0,0,0,72.74,0.63082,0.62949,0.69532
0,0,0,0,72.75,0.63044,0.62802,0.6941
0,0,0,0,72.76,0.63011,0.62656,0.69276
0,0,0,0,72.77,0.62975,0.62509,0.69145
0,0,0,0,72.78,0.62941,0.62354,0.69011
0,0,0,0,72.79,0.62899,0.62208,0.68876
0,0,0,0,72.8,0.62848,0.6208,0.68745
0,0,0,0,72.81,0.62802,0.61941,0.68619
0,0,0,0,72.82,0.62762,0.61795,0.68481
0,0,0,0,72.83,0.62707,0.61649,0.68337
0,0,0,0,72.84,0.62648,0.6152,0.68206
0,0,0,0,72.85,0.62592,0.6139,0.68066
0,0,0,0,72.86,0.62534,0.61259,0.67933
0,0,0,0,72.87,0.62482,0.61113,0.67792
0,0,0,0,72.88,0.62414,0.60982,0.67649
0,0,0,0,72.89,0.62349,0.60852,0.67506
0,0,0,0,72.9,0.62284,0.60729,0.67364
0,0,0,0,72.91,0.62216,0.6061,0.67218
0,0,0,0,72.92,0.62149,0.60483,0.67075
0,0,0,0,72.93,0.62076,0.60349,0.66933
0,0,0,0,72.94,0.62007,0.60227,0.66785
0,0,0,0,72.95,0.61933,0.60108,0.6664
0,0,0,0,72.96,0.6186,0.59986,0.66499
0,0,0,0,72.97,0.6178,0.59859,0.66359
0,0,0,0,72.98,0.61693,0.59742,0.66214
0,0,0,0,72.99,0.6161,0.59625,0.66068
0,0,0,0,73,0.61535,0.59501,0.65908
0,0,0,0,73.01,0.61445,0.59393,0.65778
0,0,0,0,73.02,0.61353,0.59288,0.65638
0,0,0,0,73.03,0.61254,0.5918,0.65509
0,0,0,0,73.04,0.61166,0.59066,0.65375
0,0,0,0,73.05,0.6107,0.58946,0.65229
0,0,0,0,73.06,0.60972,0.5885,0.65094
0,0,0,0,73.07,0.60875,0.58747,0.64951
0,0,0,0,73.08,0.6078,0.58644,0.64816
0,0,0,0,73.09,0.60674,0.58539,0.64687
0,0,0,0,73.1,0.60567,0.5844,0.64563
0,0,0,0,73.11,0.60458,0.58345,0.64433
0,0,0,0,73.12,0.60347,0.58256,0.64292
0,0,0,0,73.13,0.60239,0.58162,0.64137
0,0,0,0,73.14,0.60116,0.58072,0.64007
0,0,0,0,73.15,0.59996,0.57976,0.63886
0,0,0,0,73.16,0.59874,0.57883,0.6376
0,0,0,0,73.17,0.59739,0.57799,0.63631
0,0,0,0,73.18,0.59603,0.57715,0.63501
0,0,0,0,73.19,0.59468,0.57623,0.63372
0,0,0,0,73.2,0.59332,0.57533,0.63244
0,0,0,0,73.21,0.59195,0.57448,0.63106
0,0,0,0,73.22,0.59069,0.57367,0.62962
0,0,0,0,73.23,0.58923,0.57286,0.62832
0,0,0,0,73.24,0.58779,0.57205,0.62706
0,0,0,0,73.25,0.5863,0.57122,0.62568
0,0,0,0,73.26,0.58479,0.57053,0.62434
0,0,0,0,73.27,0.58337,0.56969,0.62303
0,0,0,0,73.28,0.58186,0.56884,0.6216
0,0,0,0,73.29,0.5802,0.56814,0.62021
0,0,0,0,73.3,0.57868,0.5674,0.61883
0,0,0,0,73.31,0.57713,0.56664,0.61745
0,0,0,0,73.32,0.57565,0.56588,0.6161
0,0,0,0,73.33,0.57384,0.56525,0.6147
0,0,0,0,73.34,0.57215,0.5646,0.61335
0,0,0,0,73.35,0.57055,0.56389,0.61192
0,0,0,0,73.36,0.56886,0.56315,0.61046
0,0,0,0,73.37,0.56698,0.5626,0.60898
0,0,0,0,73.38,0.56526,0.56192,0.60759
0,0,0,0,73.39,0.56354,0.56125,0.60626
0,0,0,0,73.4,0.56162,0.56059,0.60477
0,0,0,0,73.41,0.55982,0.55987,0.60329
0,0,0,0,73.42,0.55801,0.55918,0.60191
0,0,0,0,73.43,0.55613,0.55864,0.60055
0,0,0,0,73.44,0.55426,0.55808,0.59901
0,0,0,0,73.45,0.55249,0.55734,0.59759
0,0,0,0,73.46,0.55079,0.55661,0.59604
0,0,0,0,73.47,0.54886,0.556,0.59449
0,0,0,0,73.48,0.54691,0.55542,0.59303
0,0,0,0,73.49,0.545,0.55493,0.59167
0,0,0,0,73.5,0.54321,0.55428,0.59021
0,0,0,0,73.51,0.54132,0.55361,0.58878
0,0,0,0,73.52,0.53944,0.553,0.58742
0,0,0,0,73.53,0.53772,0.55238,0.5861
0,0,0,0,73.54,0.53588,0.55176,0.58459
0,0,0,0,73.55,0.53406,0.55115,0.58325
0,0,0,0,73.56,0.53223,0.55063,0.582
0,0,0,0,73.57,0.53059,0.55007,0.58073
0,0,0,0,73.58,0.52875,0.5495,0.57942
0,0,0,0,73.59,0.52697,0.549,0.57822
0,0,0,0,73.6,0.52524,0.54838,0.57693
0,0,0,0,73.61,0.52356,0.5477,0.57567
0,0,0,0,73.62,0.52182,0.5472,0.57431
0,0,0,0,73.63,0.52,0.54671,0.57308
0,0,0,0,73.64,0.51836,0.5462,0.57175
0,0,0,0,73.65,0.51669,0.54557,0.57056
0,0,0,0,73.66,0.51485,0.54503,0.56934
0,0,0,0,73.67,0.51306,0.54454,0.56816
0,0,0,0,73.68,0.5114,0.54395,0.56705
0,0,0,0,73.69,0.50963,0.54333,0.56596
0,0,0,0,73.7,0.50787,0.54261,0.56476
0,0,0,0,73.71,0.50609,0.54197,0.56367
0,0,0,0,73.72,0.50423,0.54141,0.5626
0,0,0,0,73.73,0.50249,0.54076,0.56136
0,0,0,0,73.74,0.50091,0.53988,0.55982
0,0,0,0,73.75,0.49905,0.53929,0.55898
0,0,0,0,73.76,0.49721,0.53864,0.55788
0,0,0,0,73.77,0.49554,0.53783,0.55673
0,0,0,0,73.78,0.49374,0.53699,0.55562
0,0,0,0,73.79,0.49196,0.53618,0.55462
0,0,0,0,73.8,0.49024,0.53532,0.55356
0,0,0,0,73.81,0.48856,0.53433,0.55248
0,0,0,0,73.82,0.48682,0.5334,0.55139
0,0,0,0,73.83,0.48503,0.53253,0.5502
0,0,0,0,73.84,0.48337,0.53154,0.5491
0,0,0,0,73.85,0.48177,0.53053,0.54795
0,0,0,0,73.86,0.4801,0.52957,0.54678
0,0,0,0,73.87,0.47835,0.52857,0.54563
0,0,0,0,73.88,0.47665,0.52767,0.54449
0,0,0,0,73.89,0.47496,0.5266,0.54346
0,0,0,0,73.9,0.47325,0.5256,0.54241
0,0,0,0,73.91,0.47156,0.52456,0.54124
0,0,0,0,73.92,0.47,0.52359,0.54003
0,0,0,0,73.93,0.46835,0.52266,0.53883
0,0,0,0,73.94,0.46674,0.52158,0.53762
0,0,0,0,73.95,0.46524,0.52051,0.53645
0,0,0,0,73.96,0.46361,0.51967,0.53532
0,0,0,0,73.97,0.46209,0.51864,0.534
0,0,0,0,73.98,0.46043,0.51767,0.5328
0,0,0,0,73.99,0.4588,0.51674,0.5315
0,0,0,0,74,0.45725,0.5158,0.53016
0,0,0,0,74.01,0.45589,0.51483,0.5286
0,0,0,0,74.02,0.4544,0.51376,0.52736
0,0,0,0,74.03,0.4529,0.51262,0.52613
0,0,0,0,74.04,0.45138,0.51152,0.52474
0,0,0,0,74.05,0.44993,0.51042,0.52347
0,0,0,0,74.06,0.44847,0.50922,0.52211
0,0,0,0,74.07,0.447,0.50792,0.52083
0,0,0,0,74.08,0.44548,0.50677,0.51947
0,0,0,0,74.09,0.44406,0.50556,0.51813
0,0,0,0,74.1,0.44258,0.50431,0.51681
0,0,0,0,74.11,0.44112,0.50299,0.51539
0,0,0,0,74.12,0.4398,0.50168,0.51385
0,0,0,0,74.13,0.43837,0.5005,0.51236
0,0,0,0,74.14,0.43701,0.49918,0.51085
0,0,0,0,74.15,0.43558,0.49783,0.50943
0,0,0,0,74.16,0.4342,0.49653,0.50798
0,0,0,0,74.17,0.43283,0.49521,0.50644
0,0,0,0,74.18,0.43145,0.49388,0.5047
0,0,0,0,74.19,0.42999,0.49272,0.50316
0,0,0,0,74.2,0.42868,0.49149,0.50148
0,0,0,0,74.21,0.42748,0.49016,0.4998
0,0,0,0,74.22,0.42598,0.48907,0.4981
0,0,0,0,74.23,0.42459,0.48783,0.49643
0,0,0,0,74.24,0.42333,0.48651,0.49471
0,0,0,0,74.25,0.42192,0.48516,0.49294
0,0,0,0,74.26,0.42055,0.48405,0.49117
0,0,0,0,74.27,0.41929,0.48278,0.48942
0,0,0,0,74.28,0.41806,0.48123,0.48751
0,0,0,0,74.29,0.41678,0.47982,0.48558
0,0,0,0,74.3,0.41543,0.47863,0.48384
0,0,0,0,74.31,0.4141,0.4772,0.48212
0,0,0,0,74.32,0.41279,0.4757,0.48033
0,0,0,0,74.33,0.41146,0.47424,0.47834
0,0,0,0,74.34,0.41009,0.47293,0.47643
0,0,0,0,74.35,0.40866,0.4716,0.47452
0,0,0,0,74.36,0.40731,0.47018,0.47277
0,0,0,0,74.37,0.40602,0.46875,0.47091
0,0,0,0,74.38,0.40483,0.46735,0.46881
0,0,0,0,74.39,0.40356,0.46606,0.46677
0,0,0,0,74.4,0.4023,0.46468,0.46491
0,0,0,0,74.41,0.40102,0.46329,0.46292
0,0,0,0,74.42,0.39966,0.46207,0.46092
0,0,0,0,74.43,0.39859,0.46067,0.45869
0,0,0,0,74.44,0.3972,0.45947,0.45672
0,0,0,0,74.45,0.39603,0.45821,0.45478
0,0,0,0,74.46,0.39483,0.45699,0.45271
0,0,0,0,74.47,0.39354,0.4557,0.4506
0,0,0,0,74.48,0.3925,0.45427,0.44837
0,0,0,0,74.49,0.39119,0.45328,0.44625
0,0,0,0,74.5,0.38992,0.45209,0.44422
0,0,0,0,74.51,0.38865,0.45091,0.44217
0,0,0,0,74.52,0.38746,0.4497,0.44001
0,0,0,0,74.53,0.3862,0.44845,0.4379
0,0,0,0,74.54,0.38499,0.44735,0.43581
0,0,0,0,74.55,0.38386,0.4462,0.43361
0,0,0,0,74.56,0.38266,0.44501,0.43153
0,0,0,0,74.57,0.38149,0.44379,0.42945
0,0,0,0,74.58,0.38027,0.44267,0.4273
0,0,0,0,74.59,0.37903,0.44144,0.42516
0,0,0,0,74.6,0.37793,0.44014,0.42313
0,0,0,0,74.61,0.37679,0.43902,0.42095
0,0,0,0,74.62,0.37557,0.43769,0.41888
0,0,0,0,74.63,0.37448,0.43638,0.41685
0,0,0,0,74.64,0.37337,0.43499,0.41476
0,0,0,0,74.65,0.37223,0.43364,0.41263
0,0,0,0,74.66,0.37107,0.43219,0.41063
0,0,0,0,74.67,0.36999,0.4306,0.40854
0,0,0,0,74.68,0.3689,0.42912,0.40664
0,0,0,0,74.69,0.36786,0.42751,0.40462
0,0,0,0,74.7,0.36683,0.42595,0.40253
0,0,0,0,74.71,0.36568,0.42437,0.4006
0,0,0,0,74.72,0.3646,0.42276,0.39858
0,0,0,0,74.73,0.36346,0.42145,0.39634
0,0,0,0,74.74,0.36244,0.41974,0.39435
0,0,0,0,74.75,0.36163,0.418,0.39224
0,0,0,0,74.76,0.36062,0.41642,0.39039
0,0,0,0,74.77,0.35952,0.41497,0.38844
0,0,0,0,74.78,0.35866,0.4134,0.38653
0,0,0,0,74.79,0.35763,0.41185,0.38447
0,0,0,0,74.8,0.3567,0.4104,0.38228
0,0,0,0,74.81,0.35576,0.40927,0.37999
0,0,0,0,74.82,0.35478,0.40774,0.37804
0,0,0,0,74.83,0.35382,0.40647,0.37602
0,0,0,0,74.84,0.35294,0.40486,0.37386
0,0,0,0,74.85,0.35204,0.40358,0.3716
0,0,0,0,74.86,0.35102,0.40237,0.36935
0,0,0,0,74.87,0.35004,0.40107,0.36718
0,0,0,0,74.88,0.34911,0.39963,0.36497
0,0,0,0,74.89,0.34798,0.39843,0.36243
0,0,0,0,74.9,0.34702,0.39708,0.3604
0,0,0,0,74.91,0.34599,0.39568,0.35823
0,0,0,0,74.92,0.34508,0.39425,0.35581
0,0,0,0,74.93,0.34424,0.39289,0.35338
0,0,0,0,74.94,0.34331,0.39144,0.3513
0,0,0,0,74.95,0.34227,0.38999,0.34916
0,0,0,0,74.96,0.34132,0.38858,0.347
0,0,0,0,74.97,0.34048,0.38726,0.34453
0,0,0,0,74.98,0.33958,0.38549,0.34255
0,0,0,0,74.99,0.33865,0.38395,0.34051
0,0,0,0,75,0.33767,0.3824,0.33833
0,0,0,0,75.01,0.33668,0.38082,0.33622
0,0,0,0,75.02,0.33586,0.37913,0.33416
0,0,0,0,75.03,0.33481,0.37758,0.33239
0,0,0,0,75.04,0.33391,0.37591,0.33051
0,0,0,0,75.05,0.33313,0.37436,0.32832
0,0,0,0,75.06,0.33216,0.37291,0.32646
0,0,0,0,75.07,0.33138,0.3713,0.32482
0,0,0,0,75.08,0.33054,0.36962,0.32311
0,0,0,0,75.09,0.32958,0.36816,0.32125
0,0,0,0,75.1,0.3288,0.36671,0.31963
0,0,0,0,75.11,0.32815,0.36517,0.31798
0,0,0,0,75.12,0.32728,0.36377,0.31652
0,0,0,0,75.13,0.32655,0.36228,0.31489
0,0,0,0,75.14,0.32565,0.36104,0.31329
0,0,0,0,75.15,0.32476,0.35997,0.31162
0,0,0,0,75.16,0.32399,0.35865,0.31019
0,0,0,0,75.17,0.32332,0.3573,0.30869
0,0,0,0,75.18,0.32253,0.35628,0.30715
0,0,0,0,75.19,0.32174,0.35508,0.30593
0,0,0,0,75.2,0.32091,0.35405,0.30458
0,0,0,0,75.21,0.32013,0.35302,0.30329
0,0,0,0,75.22,0.31938,0.35178,0.30216
0,0,0,0,75.23,0.31864,0.35078,0.30092
0,0,0,0,75.24,0.31776,0.34996,0.29973
0,0,0,0,75.25,0.31703,0.34889,0.29875
0,0,0,0,75.26,0.31617,0.34791,0.29772
0,0,0,0,75.27,0.3154,0.34697,0.29685
0,0,0,0,75.28,0.31462,0.34609,0.29586
0,0,0,0,75.29,0.31394,0.34505,0.29485
0,0,0,0,75.3,0.31338,0.34417,0.29398
0,0,0,0,75.31,0.31262,0.34346,0.29313
0,0,0,0,75.32,0.31195,0.34257,0.2924
0,0,0,0,75.33,0.31129,0.34161,0.29176
0,0,0,0,75.34,0.31069,0.34083,0.29114
0,0,0,0,75.35,0.30997,0.34011,0.29067
0,0,0,0,75.36,0.30942,0.33935,0.29037
0,0,0,0,75.37,0.3088,0.33875,0.28997
0,0,0,0,75.38,0.30811,0.33822,0.28948
0,0,0,0,75.39,0.30742,0.33764,0.28894
0,0,0,0,75.4,0.30682,0.3372,0.28843
0,0,0,0,75.41,0.30618,0.33674,0.2881
0,0,0,0,75.42,0.30554,0.33629,0.2878
0,0,0,0,75.43,0.30484,0.3359,0.28756
0,0,0,0,75.44,0.30414,0.33559,0.28733
0,0,0,0,75.45,0.30348,0.33533,0.28716
0,0,0,0,75.46,0.30274,0.33525,0.28688
0,0,0,0,75.47,0.30194,0.33517,0.28661
0,0,0,0,75.48,0.30138,0.33504,0.28655
0,0,0,0,75.49,0.30064,0.33498,0.28646
0,0,0,0,75.5,0.29997,0.33514,0.28633
0,0,0,0,75.51,0.2993,0.33486,0.28642
0,0,0,0,75.52,0.29857,0.33481,0.28645
0,0,0,0,75.53,0.29783,0.3349,0.2865
0,0,0,0,75.54,0.29711,0.33505,0.28668
0,0,0,0,75.55,0.29635,0.3352,0.28692
0,0,0,0,75.56,0.29585,0.33529,0.28716
0,0,0,0,75.57,0.29515,0.33563,0.28724
0,0,0,0,75.58,0.29447,0.33594,0.28737
0,0,0,0,75.59,0.29401,0.33612,0.28765
0,0,0,0,75.6,0.29358,0.33622,0.28795
0,0,0,0,75.61,0.29307,0.33651,0.28825
0,0,0,0,75.62,0.29252,0.33687,0.28865
0,0,0,0,75.63,0.29199,0.33734,0.28906
0,0,0,0,75.64,0.29138,0.33789,0.2895
0,0,0,0,75.65,0.29086,0.33836,0.2899
0,0,0,0,75.66,0.29047,0.33893,0.29036
0,0,0,0,75.67,0.28989,0.33961,0.29083
0,0,0,0,75.68,0.28932,0.34024,0.29126
0,0,0,0,75.69,0.28892,0.34083,0.29175
0,0,0,0,75.7,0.28853,0.34147,0.2923
0,0,0,0,75.71,0.28802,0.34208,0.293
0,0,0,0,75.72,0.28758,0.34281,0.29359
0,0,0,0,75.73,0.28725,0.34348,0.29436
0,0,0,0,75.74,0.28689,0.34416,0.29519
0,0,0,0,75.75,0.28643,0.34502,0.29605
0,0,0,0,75.76,0.28616,0.34576,0.29681
0,0,0,0,75.77,0.28569,0.34672,0.29752
0,0,0,0,75.78,0.28541,0.3477,0.29814
0,0,0,0,75.79,0.28504,0.34862,0.29884
0,0,0,0,75.8,0.2846,0.34962,0.29961
0,0,0,0,75.81,0.28428,0.35049,0.30033
0,0,0,0,75.82,0.28391,0.35131,0.301
0,0,0,0,75.83,0.28365,0.35218,0.30173
0,0,0,0,75.84,0.28316,0.35327,0.30285
0,0,0,0,75.85,0.28291,0.3543,0.30358
0,0,0,0,75.86,0.28255,0.35513,0.30433
0,0,0,0,75.87,0.28215,0.35608,0.30524
0,0,0,0,75.88,0.28165,0.35706,0.30615
0,0,0,0,75.89,0.28128,0.35786,0.30693
0,0,0,0,75.9,0.28079,0.35867,0.30786
0,0,0,0,75.91,0.28013,0.35956,0.30895
0,0,0,0,75.92,0.27979,0.36039,0.30987
0,0,0,0,75.93,0.27972,0.36106,0.31085
0,0,0,0,75.94,0.27916,0.36214,0.3114
0,0,0,0,75.95,0.27877,0.36292,0.31242
0,0,0,0,75.96,0.27846,0.3639,0.31315
0,0,0,0,75.97,0.27799,0.36507,0.31378
0,0,0,0,75.98,0.27762,0.36604,0.31449
0,0,0,0,75.99,0.27735,0.36682,0.31543
0,0,0,0,76,0.27724,0.36768,0.31672
0,0,0,0,76.01,0.277,0.36872,0.31736
0,0,0,0,76.02,0.27666,0.36996,0.31795
0,0,0,0,76.03,0.27598,0.37131,0.31843
0,0,0,0,76.04,0.27576,0.37244,0.31905
0,0,0,0,76.05,0.27537,0.37366,0.31954
0,0,0,0,76.06,0.27519,0.37495,0.32005
0,0,0,0,76.07,0.27486,0.37623,0.3206
0,0,0,0,76.08,0.27456,0.37759,0.32096
0,0,0,0,76.09,0.274,0.37876,0.32216
0,0,0,0,76.1,0.27371,0.37997,0.32275
0,0,0,0,76.11,0.27349,0.38107,0.32325
0,0,0,0,76.12,0.27321,0.38221,0.32381
0,0,0,0,76.13,0.27299,0.38333,0.32433
0,0,0,0,76.14,0.27273,0.38449,0.3247
0,0,0,0,76.15,0.27251,0.38556,0.32509
0,0,0,0,76.16,0.27229,0.38653,0.32554
0,0,0,0,76.17,0.27206,0.38748,0.32601
0,0,0,0,76.18,0.27176,0.38843,0.3265
0,0,0,0,76.19,0.27143,0.3896,0.32735
0,0,0,0,76.2,0.27123,0.39025,0.32808
0,0,0,0,76.21,0.27109,0.39046,0.32908
0,0,0,0,76.22,0.27028,0.39154,0.32923
0,0,0,0,76.23,0.2699,0.39228,0.32975
0,0,0,0,76.24,0.26948,0.39307,0.33027
0,0,0,0,76.25,0.26929,0.39376,0.33084
0,0,0,0,76.26,0.26907,0.39433,0.33143
0,0,0,0,76.27,0.26891,0.39491,0.33189
0,0,0,0,76.28,0.26856,0.39569,0.33229
0,0,0,0,76.29,0.26825,0.39638,0.33274
0,0,0,0,76.3,0.26786,0.39745,0.3331
0,0,0,0,76.31,0.26768,0.39808,0.33347
0,0,0,0,76.32,0.2674,0.39864,0.33372
0,0,0,0,76.33,0.26702,0.39937,0.33399
0,0,0,0,76.34,0.26672,0.39984,0.33424
0,0,0,0,76.35,0.26647,0.40019,0.3346
0,0,0,0,76.36,0.26606,0.40068,0.33486
0,0,0,0,76.37,0.26563,0.40121,0.33508
0,0,0,0,76.38,0.26526,0.40171,0.33525
0,0,0,0,76.39,0.26489,0.40216,0.33545
0,0,0,0,76.4,0.26448,0.40262,0.33563
0,0,0,0,76.41,0.26405,0.40309,0.33581
0,0,0,0,76.42,0.26381,0.40332,0.33575
0,0,0,0,76.43,0.26341,0.40368,0.33599
0,0,0,0,76.44,0.26291,0.40406,0.33623
0,0,0,0,76.45,0.26265,0.4042,0.33632
0,0,0,0,76.46,0.26231,0.40444,0.33628
0,0,0,0,76.47,0.26198,0.40478,0.33614
0,0,0,0,76.48,0.26164,0.4049,0.33605
0,0,0,0,76.49,0.2613,0.40495,0.33601
0,0,0,0,76.5,0.26098,0.40499,0.33585
0,0,0,0,76.51,0.26058,0.40504,0.33574
0,0,0,0,76.52,0.26016,0.40506,0.33568
0,0,0,0,76.53,0.25977,0.40496,0.33548
0,0,0,0,76.54,0.2593,0.40482,0.33528
0,0,0,0,76.55,0.25887,0.40463,0.3351
0,0,0,0,76.56,0.25848,0.4044,0.33484
0,0,0,0,76.57,0.25812,0.40406,0.33454
0,0,0,0,76.58,0.25783,0.40379,0.33418
0,0,0,0,76.59,0.2576,0.40351,0.33365
0,0,0,0,76.6,0.2573,0.40315,0.3333
0,0,0,0,76.61,0.25703,0.4028,0.33287
0,0,0,0,76.62,0.25668,0.40241,0.33245
0,0,0,0,76.63,0.25647,0.40199,0.33187
0,0,0,0,76.64,0.25631,0.40149,0.33146
0,0,0,0,76.65,0.25605,0.40114,0.33083
0,0,0,0,76.66,0.25594,0.40063,0.33042
0,0,0,0,76.67,0.25584,0.40014,0.32974
0,0,0,0,76.68,0.25561,0.39952,0.32893
0,0,0,0,76.69,0.25543,0.3989,0.32847
0,0,0,0,76.7,0.2552,0.39825,0.32782
0,0,0,0,76.71,0.25482,0.39766,0.327
0,0,0,0,76.72,0.25464,0.39666,0.3263
0,0,0,0,76.73,0.25445,0.39568,0.32556
0,0,0,0,76.74,0.25419,0.39509,0.32464
0,0,0,0,76.75,0.25393,0.39378,0.32394
0,0,0,0,76.76,0.25347,0.39291,0.32272
0,0,0,0,76.77,0.25308,0.39206,0.32186
0,0,0,0,76.78,0.25292,0.39094,0.32096
0,0,0,0,76.79,0.25285,0.38967,0.31996
0,0,0,0,76.8,0.25259,0.38874,0.31845
0,0,0,0,76.81,0.25239,0.38753,0.31746
0,0,0,0,76.82,0.25236,0.38629,0.31645
0,0,0,0,76.83,0.25226,0.38501,0.31546
0,0,0,0,76.84,0.25214,0.38355,0.31437
0,0,0,0,76.85,0.25201,0.38227,0.31313
0,0,0,0,76.86,0.25191,0.38114,0.31152
0,0,0,0,76.87,0.25178,0.37986,0.3104
0,0,0,0,76.88,0.25176,0.37846,0.30902
0,0,0,0,76.89,0.25174,0.37699,0.30743
0,0,0,0,76.9,0.25163,0.37558,0.30613
0,0,0,0,76.91,0.25174,0.3741,0.30468
0,0,0,0,76.92,0.25205,0.3725,0.30335
0,0,0,0,76.93,0.25177,0.3714,0.30148
0,0,0,0,76.94,0.25181,0.37002,0.30002
0,0,0,0,76.95,0.25195,0.36818,0.29869
0,0,0,0,76.96,0.25189,0.36678,0.29679
0,0,0,0,76.97,0.25186,0.36517,0.29538
0,0,0,0,76.98,0.25195,0.36343,0.29403
0,0,0,0,76.99,0.25188,0.36199,0.2924
0,0,0,0,77,0.25192,0.36022,0.29072
0,0,0,0,77.01,0.25206,0.35859,0.28902
0,0,0,0,77.02,0.2522,0.35691,0.28758
0,0,0,0,77.03,0.25245,0.35521,0.28624
0,0,0,0,77.04,0.25254,0.35374,0.28419
0,0,0,0,77.05,0.25304,0.35212,0.28277
0,0,0,0,77.06,0.25316,0.35064,0.28115
0,0,0,0,77.07,0.25364,0.34895,0.27966
0,0,0,0,77.08,0.25371,0.34792,0.27768
0,0,0,0,77.09,0.25395,0.34652,0.27633
0,0,0,0,77.1,0.25417,0.3453,0.27482
0,0,0,0,77.11,0.25463,0.34379,0.27326
0,0,0,0,77.12,0.25509,0.34204,0.27215
0,0,0,0,77.13,0.25508,0.34092,0.27047
0,0,0,0,77.14,0.25553,0.3396,0.26914
0,0,0,0,77.15,0.25606,0.33817,0.26781
0,0,0,0,77.16,0.25653,0.33638,0.26668
0,0,0,0,77.17,0.25685,0.33472,0.2656
0,0,0,0,77.18,0.25718,0.33331,0.26433
0,0,0,0,77.19,0.25726,0.33203,0.26285
0,0,0,0,77.2,0.25775,0.3304,0.26178
0,0,0,0,77.21,0.25837,0.3286,0.26063
0,0,0,0,77.22,0.25871,0.3271,0.25982
0,0,0,0,77.23,0.25919,0.32561,0.25876
0,0,0,0,77.24,0.25958,0.32421,0.25771
0,0,0,0,77.25,0.25993,0.32276,0.25665
0,0,0,0,77.26,0.26027,0.32139,0.25503
0,0,0,0,77.27,0.2607,0.31985,0.25438
0,0,0,0,77.28,0.26104,0.31855,0.25355
0,0,0,0,77.29,0.26153,0.31705,0.25256
0,0,0,0,77.3,0.26251,0.31549,0.2521
0,0,0,0,77.31,0.26324,0.31398,0.25139
0,0,0,0,77.32,0.26372,0.31279,0.25036
0,0,0,0,77.33,0.26406,0.31179,0.24916
0,0,0,0,77.34,0.26473,0.31062,0.24832
0,0,0,0,77.35,0.26543,0.30945,0.24753
0,0,0,0,77.36,0.26625,0.30813,0.24684
0,0,0,0,77.37,0.26652,0.30721,0.24594
0,0,0,0,77.38,0.26718,0.30597,0.24515
0,0,0,0,77.39,0.2684,0.30476,0.24472
0,0,0,0,77.4,0.26924,0.30383,0.24398
0,0,0,0,77.41,0.26971,0.30301,0.24292
0,0,0,0,77.42,0.27013,0.30233,0.24196
0,0,0,0,77.43,0.27069,0.30155,0.24112
0,0,0,0,77.44,0.27136,0.30097,0.24033
0,0,0,0,77.45,0.27218,0.3002,0.23944
0,0,0,0,77.46,0.27294,0.29979,0.23883
0,0,0,0,77.47,0.27387,0.29979,0.23788
0,0,0,0,77.48,0.27492,0.29863,0.23736
0,0,0,0,77.49,0.2755,0.29817,0.23668
0,0,0,0,77.5,0.27638,0.29782,0.23613
0,0,0,0,77.51,0.2773,0.29765,0.23553
0,0,0,0,77.52,0.27822,0.29724,0.23497
0,0,0,0,77.53,0.27913,0.29675,0.23454
0,0,0,0,77.54,0.27999,0.29647,0.23402
0,0,0,0,77.55,0.28083,0.29598,0.23365
0,0,0,0,77.56,0.28168,0.29563,0.23324
0,0,0,0,77.57,0.28264,0.29545,0.23277
0,0,0,0,77.58,0.28349,0.2952,0.23234
0,0,0,0,77.59,0.28442,0.29488,0.23197
0,0,0,0,77.6,NaN,NaN,NaN
0,0,0,0,NaN,NaN,NaN,NaN
0,0,0,0,NaN,NaN,NaN,NaN
0,0,0,0,4,NaN,NaN,NaN
0,0,0,0,NaN,NaN,NaN,NaN
0,0,0,0,NaN,NaN,NaN,NaN
0,0,0,0,NaN,NaN,NaN,NaN
0,0,0,0,NaN,NaN,NaN,NaN
0,0,0,0,NaN,NaN,NaN,NaN
0,0,0,0,NaN,NaN,NaN,NaN
0,0,0,0,NaN,NaN,NaN,NaN
0,0,0,0,NaN,NaN,NaN,NaN
0,0,0,0,NaN,NaN,NaN,NaN
0,0,0,0,NaN,NaN,NaN,NaN
0,0,0,0,NaN,NaN,NaN,NaN
0,0,0,0,NaN,NaN,NaN,NaN
0,0,0,0,NaN,NaN,NaN,NaN
0,0,0,0,NaN,NaN,NaN,NaN
0,0,0,0,NaN,NaN,NaN,NaN
0,0,0,0,NaN,NaN,NaN,NaN
0,0,0,0,NaN,NaN,NaN,NaN
0,0,0,0,NaN,NaN,NaN,NaN
0,0,0,0,NaN,NaN,NaN,NaN
0,0,0,0,NaN,NaN,NaN,NaN
0,0,0,0,NaN,NaN,NaN,NaN
0,0,0,0,NaN,NaN,NaN,NaN
0,0,0,0,NaN,NaN,NaN,NaN
0,0,0,0,NaN,NaN,NaN,NaN
0,0,0,0,NaN,NaN,NaN,NaN
0,0,0,0,2,NaN,NaN,NaN
0,0,0,0,NaN,NaN,NaN,NaN
0,0,0,0,NaN,NaN,NaN,NaN
0,0,0,0,NaN,NaN,NaN,NaN
0,0,0,0,NaN,NaN,NaN,NaN
0,0,0,0,NaN,NaN,NaN,NaN
0,0,0,0,NaN,NaN,NaN,NaN
0,0,0,0,NaN,NaN,NaN,NaN
0,0,0,0,NaN,NaN,NaN,NaN
0,0,0,0,NaN,NaN,NaN,NaN
0,0,0,0,NaN,NaN,NaN,NaN
0,0,0,0,NaN,NaN,NaN,NaN
0,0,0,0,NaN,NaN,NaN,NaN
0,0,0,0,NaN,NaN,NaN,NaN
0,0,0,0,NaN,NaN,NaN,NaN
0,0,0,0,NaN,NaN,NaN,NaN
0,0,0,0,NaN,NaN,NaN,NaN
0,0,0,0,NaN,NaN,NaN,NaN
0,0,0,0,NaN,NaN,NaN,NaN
0,0,0,0,NaN,NaN,NaN,NaN
0,0,0,0,NaN,NaN,NaN,NaN
0,0,0,0,NaN,NaN,NaN,NaN
0,0,0,0,NaN,NaN,NaN,NaN
0,0,0,0,NaN,NaN,NaN,NaN
0,0,0,0,NaN,NaN,NaN,NaN
0,0,0,0,7,NaN,NaN,NaN
0,0,0,0,NaN,NaN,NaN,NaN
0,0,0,0,NaN,NaN,NaN,NaN
0,0,0,0,NaN,NaN,NaN,NaN
0,0,0,0,NaN,NaN,NaN,NaN
0,0,0,0,NaN,NaN,NaN,NaN
0,0,0,0,NaN,NaN,NaN,NaN
0,0,0,0,NaN,NaN,NaN,NaN
0,0,0,0,NaN,NaN,NaN,NaN
0,0,0,0,NaN,NaN,NaN,NaN
0,0,0,0,NaN,NaN,NaN,NaN
0,0,0,0,NaN,NaN,NaN,NaN
0,0,0,0,NaN,NaN,NaN,NaN
0,0,0,0,NaN,NaN,NaN,NaN
0,0,0,0,NaN,NaN,NaN,NaN
0,0,0,0,NaN,NaN,NaN,NaN
0,0,0,0,NaN,NaN,NaN,NaN
0,0,0,0,NaN,NaN,NaN,NaN
0,0,0,0,NaN,NaN,NaN,NaN
0,0,0,0,NaN,NaN,NaN,NaN
0,0,0,0,NaN,NaN,NaN,NaN
0,0,0,0,NaN,NaN,NaN,NaN
0,0,0,0,NaN,NaN,NaN,NaN
0,0,0,0,NaN,NaN,NaN,NaN
0,0,0,0,NaN,NaN,NaN,NaN
0,0,0,0,NaN,NaN,NaN,NaN
0,0,0,0,NaN,NaN,NaN,NaN
0,0,0,0,NaN,NaN,NaN,NaN
0,0,0,0,NaN,NaN,NaN,NaN
0,0,0,0,NaN,NaN,NaN,NaN
0,0,0,0,NaN,NaN,NaN,NaN
0,0,0,0,NaN,NaN,NaN,NaN
0,0,0,0,NaN,NaN,NaN,NaN
0,0,0,0,NaN,NaN,NaN,NaN
0,0,0,0,NaN,NaN,NaN,NaN
0,0,0,0,NaN,NaN,NaN,NaN
0,0,0,0,NaN,NaN,NaN,NaN
0,0,0,0,NaN,NaN,NaN,NaN
0,0,0,0,NaN,NaN,NaN,NaN
0,0,0,0,NaN,NaN,NaN,NaN
0,0,0,0,NaN,NaN,NaN,NaN
0,0,0,0,NaN,NaN,NaN,NaN
0,0,0,0,NaN,NaN,NaN,NaN
0,0,0,0,NaN,NaN,NaN,NaN
0,0,0,0,NaN,NaN,NaN,NaN
0,0,0,0,NaN,NaN,NaN,NaN
0,0,0,0,NaN,NaN,NaN,NaN
0,0,0,0,NaN,NaN,NaN,NaN
0,0,0,0,NaN,NaN,NaN,NaN
0,0,0,0,NaN,NaN,NaN,NaN
0,0,0,0,NaN,NaN,NaN,NaN
0,0,0,0,NaN,NaN,NaN,NaN
0,0,0,0,NaN,NaN,NaN,NaN
0,0,0,0,NaN,NaN,NaN,NaN
0,0,0,0,NaN,NaN,NaN,NaN
0,0,0,0,NaN,NaN,NaN,NaN
0,0,0,0,NaN,NaN,NaN,NaN
0,0,0,0,NaN,NaN,NaN,NaN
0,0,0,0,NaN,NaN,NaN,NaN
0,0,0,0,NaN,NaN,NaN,NaN
0,0,0,0,NaN,NaN,NaN,NaN
0,0,0,0,NaN,NaN,NaN,NaN
0,0,0,0,NaN,NaN,NaN,NaN
0,0,0,0,NaN,NaN,NaN,NaN
0,0,0,0,NaN,NaN,NaN,NaN
0,0,0,0,NaN,NaN,NaN,NaN
0,0,0,0,NaN,NaN,NaN,NaN
0,0,0,0,NaN,NaN,NaN,NaN
0,0,0,0,NaN,NaN,NaN,NaN
0,0,0,0,NaN,NaN,NaN,NaN
0,0,0,0,NaN,NaN,NaN,NaN
0,0,0,0,NaN,NaN,NaN,NaN
0,0,0,0,NaN,NaN,NaN,NaN
0,0,0,0,NaN,NaN,NaN,NaN
0,0,0,0,NaN,NaN,NaN,NaN
0,0,0,0,NaN,NaN,NaN,NaN
0,0,0,0,NaN,NaN,NaN,NaN
0,0,0,0,NaN,NaN,NaN,NaN
0,0,0,0,NaN,NaN,NaN,NaN
0,0,0,0,NaN,NaN,NaN,NaN
0,0,0,0,NaN,NaN,NaN,NaN
0,0,0,0,NaN,NaN,NaN,NaN
0,0,0,0,9,NaN,NaN,NaN
0,0,0,0,4,NaN,NaN,NaN
0,0,0,0,NaN,NaN,NaN,NaN
0,0,0,0,NaN,NaN,NaN,NaN
0,0,0,0,NaN,NaN,NaN,NaN
0,0,0,0,NaN,NaN,NaN,NaN
0,0,0,0,NaN,NaN,NaN,NaN
0,0,0,0,6,NaN,NaN,NaN
0,0,0,0,NaN,NaN,NaN,NaN
0,0,0,0,NaN,NaN,NaN,NaN
0,0,0,0,NaN,NaN,NaN,NaN
0,0,0,0,NaN,NaN,NaN,NaN
0,0,0,0,NaN,NaN,NaN,NaN
0,0,0,0,NaN,NaN,NaN,NaN
0,0,0,0,NaN,NaN,NaN,NaN
0,0,0,0,NaN,NaN,NaN,NaN
0,0,0,0,NaN,NaN,NaN,NaN
0,0,0,0,NaN,NaN,NaN,NaN
0,0,0,0,NaN,NaN,NaN,NaN
0,0,0,0,NaN,NaN,NaN,NaN
0,0,0,0,NaN,NaN,NaN,NaN
0,0,0,0,NaN,NaN,NaN,NaN
0,0,0,0,NaN,NaN,NaN,NaN
0,0,0,0,NaN,NaN,NaN,NaN
0,0,0,0,NaN,NaN,NaN,NaN
0,0,0,0,NaN,NaN,NaN,NaN
0,0,0,0,NaN,NaN,NaN,NaN
0,0,0,0,NaN,NaN,NaN,NaN
0,0,0,0,NaN,NaN,NaN,NaN
0,0,0,0,NaN,NaN,NaN,NaN
0,0,0,0,1,NaN,NaN,NaN
0,0,0,0,6,NaN,NaN,NaN
0,0,0,0,NaN,NaN,NaN,NaN
0,0,0,0,NaN,NaN,NaN,NaN
0,0,0,0,5,NaN,NaN,NaN
0,0,0,0,NaN,NaN,NaN,NaN
0,0,0,0,NaN,NaN,NaN,NaN
0,0,0,0,NaN,NaN,NaN,NaN
0,0,0,0,NaN,NaN,NaN,NaN
0,0,0,0,0,NaN,NaN,NaN
0,0,0,0,NaN,NaN,NaN,NaN
0,0,0,0,NaN,NaN,NaN,NaN
0,0,0,0,1,NaN,NaN,NaN
0,0,0,0,13,NaN,NaN,NaN
0,0,0,0,NaN,NaN,NaN,NaN
0,0,0,0,NaN,NaN,NaN,NaN
0,0,0,0,NaN,NaN,NaN,NaN
0,0,0,0,NaN,NaN,NaN,NaN
0,0,0,0,NaN,NaN,NaN,NaN
0,0,0,0,NaN,NaN,NaN,NaN
0,0,0,0,NaN,NaN,NaN,NaN
0,0,0,0,NaN,NaN,NaN,NaN
0,0,0,0,NaN,NaN,NaN,NaN
0,0,0,0,NaN,NaN,NaN,NaN
0,0,0,0,NaN,NaN,NaN,NaN
0,0,0,0,NaN,NaN,NaN,NaN
0,0,0,0,NaN,NaN,NaN,NaN
0,0,0,0,NaN,NaN,NaN,NaN
0,0,0,0,NaN,NaN,NaN,NaN
0,0,0,0,NaN,NaN,NaN,NaN
0,0,0,0,NaN,NaN,NaN,NaN
0,0,0,0,NaN,NaN,NaN,NaN
0,0,0,0,NaN,NaN,NaN,NaN
0,0,0,0,NaN,NaN,NaN,NaN
0,0,0,0,7,NaN,NaN,NaN
0,0,0,0,NaN,NaN,NaN,NaN
0,0,0,0,NaN,NaN,NaN,NaN
0,0,0,0,NaN,NaN,NaN,NaN
0,0,0,0,NaN,NaN,NaN,NaN
0,0,0,0,NaN,NaN,NaN,NaN
0,0,0,0,NaN,NaN,NaN,NaN
0,0,0,0,NaN,NaN,NaN,NaN
0,0,0,0,NaN,NaN,NaN,NaN
0,0,0,0,NaN,NaN,NaN,NaN
0,0,0,0,2,NaN,NaN,NaN
0,0,0,0,NaN,NaN,NaN,NaN
0,0,0,0,NaN,NaN,NaN,NaN
0,0,0,0,NaN,NaN,NaN,NaN
0,0,0,0,NaN,NaN,NaN,NaN
0,0,0,0,NaN,NaN,NaN,NaN
0,0,0,0,NaN,NaN,NaN,NaN
0,0,0,0,NaN,NaN,NaN,NaN
0,0,0,0,NaN,NaN,NaN,NaN
0,0,0,0,NaN,NaN,NaN,NaN
0,0,0,0,NaN,NaN,NaN,NaN
0,0,0,0,1,NaN,NaN,NaN
0,0,0,0,NaN,NaN,NaN,NaN
0,0,0,0,NaN,NaN,NaN,NaN
0,0,0,0,NaN,NaN,NaN,NaN
0,0,0,0,NaN,NaN,NaN,NaN
0,0,0,0,NaN,NaN,NaN,NaN
0,0,0,0,NaN,NaN,NaN,NaN
0,0,0,0,NaN,NaN,NaN,NaN
0,0,0,0,NaN,NaN,NaN,NaN
0,0,0,0,2,NaN,NaN,NaN
0,0,0,0,NaN,NaN,NaN,NaN
0,0,0,0,NaN,NaN,NaN,NaN
0,0,0,0,NaN,NaN,NaN,NaN
0,0,0,0,NaN,NaN,NaN,NaN
0,0,0,0,NaN,NaN,NaN,NaN
0,0,0,0,NaN,NaN,NaN,NaN
0,0,0,0,NaN,NaN,NaN,NaN
0,0,0,0,NaN,NaN,NaN,NaN
0,0,0,0,NaN,NaN,NaN,NaN
0,0,0,0,NaN,NaN,NaN,NaN
0,0,0,0,NaN,NaN,NaN,NaN
0,0,0,0,NaN,NaN,NaN,NaN
0,0,0,0,NaN,NaN,NaN,NaN
0,0,0,0,NaN,NaN,NaN,NaN
0,0,0,0,NaN,NaN,NaN,NaN
0,0,0,0,NaN,NaN,NaN,NaN
0,0,0,0,NaN,NaN,NaN,NaN
0,0,0,0,NaN,NaN,NaN,NaN
0,0,0,0,NaN,NaN,NaN,NaN
0,0,0,0,NaN,NaN,NaN,NaN
0,0,0,0,NaN,NaN,NaN,NaN
0,0,0,0,NaN,NaN,NaN,NaN
0,0,0,0,NaN,NaN,NaN,NaN
0,0,0,0,NaN,NaN,NaN,NaN
0,0,0,0,NaN,NaN,NaN,NaN
0,0,0,0,NaN,NaN,NaN,NaN
0,0,0,0,NaN,NaN,NaN,NaN
0,0,0,0,NaN,NaN,NaN,NaN
0,0,0,0,NaN,NaN,NaN,NaN
0,0,0,0,NaN,NaN,NaN,NaN
0,0,0,0,NaN,NaN,NaN,NaN
0,0,0,0,NaN,NaN,NaN,NaN
0,0,0,0,NaN,NaN,NaN,NaN
0,0,0,0,NaN,NaN,NaN,NaN
0,0,0,0,NaN,NaN,NaN,NaN
0,0,0,0,5,NaN,NaN,NaN
0,0,0,0,NaN,NaN,NaN,NaN
0,0,0,0,NaN,NaN,NaN,NaN
0,0,0,0,NaN,NaN,NaN,NaN
0,0,0,0,NaN,NaN,NaN,NaN
0,0,0,0,NaN,NaN,NaN,NaN
0,0,0,0,NaN,NaN,NaN,NaN
0,0,0,0,NaN,NaN,NaN,NaN
0,0,0,0,NaN,NaN,NaN,NaN
0,0,0,0,NaN,NaN,NaN,NaN
0,0,0,0,NaN,NaN,NaN,NaN
0,0,0,0,NaN,NaN,NaN,NaN
0,0,0,0,NaN,NaN,NaN,NaN
0,0,0,0,9,NaN,NaN,NaN
0,0,0,0,NaN,NaN,NaN,NaN
0,0,0,0,NaN,NaN,NaN,NaN
0,0,0,0,NaN,NaN,NaN,NaN
0,0,0,0,NaN,NaN,NaN,NaN
0,0,0,0,NaN,NaN,NaN,NaN
0,0,0,0,NaN,NaN,NaN,NaN
0,0,0,0,NaN,NaN,NaN,NaN
0,0,0,0,NaN,NaN,NaN,NaN
0,0,0,0,NaN,NaN,NaN,NaN
0,0,0,0,NaN,NaN,NaN,NaN
0,0,0,0,NaN,NaN,NaN,NaN
0,0,0,0,NaN,NaN,NaN,NaN
0,0,0,0,NaN,NaN,NaN,NaN
0,0,0,0,NaN,NaN,NaN,NaN
0,0,0,0,NaN,NaN,NaN,NaN
0,0,0,0,NaN,NaN,NaN,NaN
0,0,0,0,NaN,NaN,NaN,NaN
0,0,0,0,NaN,NaN,NaN,NaN
0,0,0,0,NaN,NaN,NaN,NaN
0,0,0,0,NaN,NaN,NaN,NaN
0,0,0,0,NaN,NaN,NaN,NaN
0,0,0,0,6,NaN,NaN,NaN
0,0,0,0,NaN,NaN,NaN,NaN
0,0,0,0,NaN,NaN,NaN,NaN
0,0,0,0,8,NaN,NaN,NaN
0,0,0,0,NaN,NaN,NaN,NaN
0,0,0,0,NaN,NaN,NaN,NaN
0,0,0,0,NaN,NaN,NaN,NaN
0,0,0,0,NaN,NaN,NaN,NaN
0,0,0,0,NaN,NaN,NaN,NaN
0,0,0,0,NaN,NaN,NaN,NaN
0,0,0,0,NaN,NaN,NaN,NaN
0,0,0,0,NaN,NaN,NaN,NaN
0,0,0,0,NaN,NaN,NaN,NaN
0,0,0,0,NaN,NaN,NaN,NaN
0,0,0,0,NaN,NaN,NaN,NaN
0,0,0,0,NaN,NaN,NaN,NaN
0,0,0,0,NaN,NaN,NaN,NaN
0,0,0,0,NaN,NaN,NaN,NaN
0,0,0,0,NaN,NaN,NaN,NaN
0,0,0,0,NaN,NaN,NaN,NaN
0,0,0,0,NaN,NaN,NaN,NaN
0,0,0,0,NaN,NaN,NaN,NaN
0,0,0,0,NaN,NaN,NaN,NaN
0,0,0,0,NaN,NaN,NaN,NaN
0,0,0,0,NaN,NaN,NaN,NaN
0,0,0,0,NaN,NaN,NaN,NaN
0,0,0,0,NaN,NaN,NaN,NaN
0,0,0,0,NaN,NaN,NaN,NaN
0,0,0,0,NaN,NaN,NaN,NaN
0,0,0,0,NaN,NaN,NaN,NaN
0,0,0,0,NaN,NaN,NaN,NaN
0,0,0,0,NaN,NaN,NaN,NaN
0,0,0,0,NaN,NaN,NaN,NaN
0,0,0,0,NaN,NaN,NaN,NaN
0,0,0,0,NaN,NaN,NaN,NaN
0,0,0,0,NaN,NaN,NaN,NaN
0,0,0,0,NaN,NaN,NaN,NaN
0,0,0,0,NaN,NaN,NaN,NaN
0,0,0,0,NaN,NaN,NaN,NaN
0,0,0,0,NaN,NaN,NaN,NaN
0,0,0,0,NaN,NaN,NaN,NaN
0,0,0,0,NaN,NaN,NaN,NaN
0,0,0,0,NaN,NaN,NaN,NaN
0,0,0,0,NaN,NaN,NaN,NaN
0,0,0,0,NaN,NaN,NaN,NaN
0,0,0,0,NaN,NaN,NaN,NaN
0,0,0,0,NaN,NaN,NaN,NaN
0,0,0,0,NaN,NaN,NaN,NaN
0,0,0,0,NaN,NaN,NaN,NaN
0,0,0,0,NaN,NaN,NaN,NaN
0,0,0,0,8,NaN,NaN,NaN
0,0,0,0,NaN,NaN,NaN,NaN
0,0,0,0,NaN,NaN,NaN,NaN
0,0,0,0,NaN,NaN,NaN,NaN
0,0,0,0,NaN,NaN,NaN,NaN
0,0,0,0,NaN,NaN,NaN,NaN
0,0,0,0,NaN,NaN,NaN,NaN
0,0,0,0,NaN,NaN,NaN,NaN
0,0,0,0,NaN,NaN,NaN,NaN
0,0,0,0,NaN,NaN,NaN,NaN
0,0,0,0,NaN,NaN,NaN,NaN
0,0,0,0,NaN,NaN,NaN,NaN
0,0,0,0,NaN,NaN,NaN,NaN
0,0,0,0,NaN,NaN,NaN,NaN
0,0,0,0,NaN,NaN,NaN,NaN
0,0,0,0,NaN,NaN,NaN,NaN
0,0,0,0,NaN,NaN,NaN,NaN
0,0,0,0,NaN,NaN,NaN,NaN
0,0,0,0,NaN,NaN,NaN,NaN
0,0,0,0,NaN,NaN,NaN,NaN
0,0,0,0,NaN,NaN,NaN,NaN
0,0,0,0,NaN,NaN,NaN,NaN
0,0,0,0,NaN,NaN,NaN,NaN
0,0,0,0,NaN,NaN,NaN,NaN
0,0,0,0,NaN,NaN,NaN,NaN
0,0,0,0,NaN,NaN,NaN,NaN
0,0,0,0,NaN,NaN,NaN,NaN
0,0,0,0,NaN,NaN,NaN,NaN
0,0,0,0,NaN,NaN,NaN,NaN
0,0,0,0,NaN,NaN,NaN,NaN
0,0,0,0,NaN,NaN,NaN,NaN
0,0,0,0,NaN,NaN,NaN,NaN
0,0,0,0,NaN,NaN,NaN,NaN
0,0,0,0,NaN,NaN,NaN,NaN
0,0,0,0,NaN,NaN,NaN,NaN
0,0,0,0,8,NaN,NaN,NaN
0,0,0,0,NaN,NaN,NaN,NaN
0,0,0,0,NaN,NaN,NaN,NaN
0,0,0,0,NaN,NaN,NaN,NaN
0,0,0,0,NaN,NaN,NaN,NaN
0,0,0,0,0,NaN,NaN,NaN
0,0,0,0,NaN,NaN,NaN,NaN
0,0,0,0,NaN,NaN,NaN,NaN
0,0,0,0,NaN,NaN,NaN,NaN
0,0,0,0,NaN,NaN,NaN,NaN
0,0,0,0,NaN,NaN,NaN,NaN
0,0,0,0,NaN,NaN,NaN,NaN
0,0,0,0,NaN,NaN,NaN,NaN
0,0,0,0,NaN,NaN,NaN,NaN
0,0,0,0,NaN,NaN,NaN,NaN
0,0,0,0,NaN,NaN,NaN,NaN
0,0,0,0,NaN,NaN,NaN,NaN
0,0,0,0,NaN,NaN,NaN,NaN
0,0,0,0,NaN,NaN,NaN,NaN
0,0,0,0,NaN,NaN,NaN,NaN
0,0,0,0,NaN,NaN,NaN,NaN
0,0,0,0,NaN,NaN,NaN,NaN
0,0,0,0,NaN,NaN,NaN,NaN
0,0,0,0,NaN,NaN,NaN,NaN
0,0,0,0,NaN,NaN,NaN,NaN
0,0,0,0,NaN,NaN,NaN,NaN
0,0,0,0,NaN,NaN,NaN,NaN
0,0,0,0,NaN,NaN,NaN,NaN
0,0,0,0,2,NaN,NaN,NaN
0,0,0,0,NaN,NaN,NaN,NaN
0,0,0,0,3,NaN,NaN,NaN
0,0,0,0,NaN,NaN,NaN,NaN
0,0,0,0,NaN,NaN,NaN,NaN
0,0,0,0,NaN,NaN,NaN,NaN
0,0,0,0,NaN,NaN,NaN,NaN
0,0,0,0,5,NaN,NaN,NaN
0,0,0,0,NaN,NaN,NaN,NaN
0,0,0,0,NaN,NaN,NaN,NaN
0,0,0,0,NaN,NaN,NaN,NaN
0,0,0,0,NaN,NaN,NaN,NaN
0,0,0,0,NaN,NaN,NaN,NaN
0,0,0,0,NaN,NaN,NaN,NaN
0,0,0,0,NaN,NaN,NaN,NaN
0,0,0,0,NaN,NaN,NaN,NaN
0,0,0,0,NaN,NaN,NaN,NaN
0,0,0,0,NaN,NaN,NaN,NaN
0,0,0,0,NaN,NaN,NaN,NaN
0,0,0,0,NaN,NaN,NaN,NaN
0,0,0,0,NaN,NaN,NaN,NaN
0,0,0,0,NaN,NaN,NaN,NaN
0,0,0,0,NaN,NaN,NaN,NaN
0,0,0,0,NaN,NaN,NaN,NaN
0,0,0,0,7,NaN,NaN,NaN
0,0,0,0,NaN,NaN,NaN,NaN
0,0,0,0,NaN,NaN,NaN,NaN
0,0,0,0,NaN,NaN,NaN,NaN
0,0,0,0,NaN,NaN,NaN,NaN
0,0,0,0,NaN,NaN,NaN,NaN
0,0,0,0,3,NaN,NaN,NaN
0,0,0,0,NaN,NaN,NaN,NaN
0,0,0,0,NaN,NaN,NaN,NaN
0,0,0,0,NaN,NaN,NaN,NaN
0,0,0,0,1,NaN,NaN,NaN
0,0,0,0,NaN,NaN,NaN,NaN
0,0,0,0,2,NaN,NaN,NaN
0,0,0,0,NaN,NaN,NaN,NaN
0,0,0,0,NaN,NaN,NaN,NaN
0,0,0,0,NaN,NaN,NaN,NaN
0,0,0,0,NaN,NaN,NaN,NaN
0,0,0,0,NaN,NaN,NaN,NaN
0,0,0,0,NaN,NaN,NaN,NaN
0,0,0,0,NaN,NaN,NaN,NaN
0,0,0,0,NaN,NaN,NaN,NaN
0,0,0,0,NaN,NaN,NaN,NaN
0,0,0,0,NaN,NaN,NaN,NaN
0,0,0,0,NaN,NaN,NaN,NaN
0,0,0,0,1,NaN,NaN,NaN
0,0,0,0,NaN,NaN,NaN,NaN
0,0,0,0,NaN,NaN,NaN,NaN
0,0,0,0,NaN,NaN,NaN,NaN
0,0,0,0,NaN,NaN,NaN,NaN
0,0,0,0,NaN,NaN,NaN,NaN
0,0,0,0,NaN,NaN,NaN,NaN
0,0,0,0,6,NaN,NaN,NaN
0,0,0,0,NaN,NaN,NaN,NaN
0,0,0,0,NaN,NaN,NaN,NaN
0,0,0,0,NaN,NaN,NaN,NaN
0,0,0,0,NaN,NaN,NaN,NaN
0,0,0,0,NaN,NaN,NaN,NaN
0,0,0,0,NaN,NaN,NaN,NaN
0,0,0,0,NaN,NaN,NaN,NaN
0,0,0,0,NaN,NaN,NaN,NaN
0,0,0,0,5,NaN,NaN,NaN
0,0,0,0,NaN,NaN,NaN,NaN
0,0,0,0,NaN,NaN,NaN,NaN
0,0,0,0,NaN,NaN,NaN,NaN
0,0,0,0,NaN,NaN,NaN,NaN
0,0,0,0,NaN,NaN,NaN,NaN
0,0,0,0,NaN,NaN,NaN,NaN
0,0,0,0,NaN,NaN,NaN,NaN
0,0,0,0,NaN,NaN,NaN,NaN
0,0,0,0,NaN,NaN,NaN,NaN
0,0,0,0,NaN,NaN,NaN,NaN
0,0,0,0,NaN,NaN,NaN,NaN
0,0,0,0,NaN,NaN,NaN,NaN
0,0,0,0,NaN,NaN,NaN,NaN
0,0,0,0,NaN,NaN,NaN,NaN
0,0,0,0,NaN,NaN,NaN,NaN
0,0,0,0,NaN,NaN,NaN,NaN
0,0,0,0,NaN,NaN,NaN,NaN
0,0,0,0,NaN,NaN,NaN,NaN
0,0,0,0,NaN,NaN,NaN,NaN
0,0,0,0,NaN,NaN,NaN,NaN
0,0,0,0,NaN,NaN,NaN,NaN
0,0,0,0,NaN,NaN,NaN,NaN
0,0,0,0,NaN,NaN,NaN,NaN
0,0,0,0,NaN,NaN,NaN,NaN
0,0,0,0,1,NaN,NaN,NaN
0,0,0,0,NaN,NaN,NaN,NaN
0,0,0,0,NaN,NaN,NaN,NaN
0,0,0,0,NaN,NaN,NaN,NaN
0,0,0,0,NaN,NaN,NaN,NaN
0,0,0,0,NaN,NaN,NaN,NaN
0,0,0,0,NaN,NaN,NaN,NaN
0,0,0,0,NaN,NaN,NaN,NaN
0,0,0,0,NaN,NaN,NaN,NaN
0,0,0,0,NaN,NaN,NaN,NaN
0,0,0,0,NaN,NaN,NaN,NaN
0,0,0,0,NaN,NaN,NaN,NaN
0,0,0,0,NaN,NaN,NaN,NaN
0,0,0,0,NaN,NaN,NaN,NaN
0,0,0,0,NaN,NaN,NaN,NaN
0,0,0,0,NaN,NaN,NaN,NaN
0,0,0,0,NaN,NaN,NaN,NaN
0,0,0,0,NaN,NaN,NaN,NaN
0,0,0,0,NaN,NaN,NaN,NaN
0,0,0,0,NaN,NaN,NaN,NaN
0,0,0,0,NaN,NaN,NaN,NaN
0,0,0,0,NaN,NaN,NaN,NaN
0,0,0,0,NaN,NaN,NaN,NaN
0,0,0,0,NaN,NaN,NaN,NaN
0,0,0,0,NaN,NaN,NaN,NaN
0,0,0,0,NaN,NaN,NaN,NaN
0,0,0,0,NaN,NaN,NaN,NaN
0,0,0,0,NaN,NaN,NaN,NaN
0,0,0,0,NaN,NaN,NaN,NaN
0,0,0,0,NaN,NaN,NaN,NaN
0,0,0,0,NaN,NaN,NaN,NaN
0,0,0,0,NaN,NaN,NaN,NaN
0,0,0,0,NaN,NaN,NaN,NaN
0,0,0,0,0,NaN,NaN,NaN
0,0,0,0,NaN,NaN,NaN,NaN
0,0,0,0,NaN,NaN,NaN,NaN
0,0,0,0,NaN,NaN,NaN,NaN
0,0,0,0,NaN,NaN,NaN,NaN
0,0,0,0,NaN,NaN,NaN,NaN
0,0,0,0,NaN,NaN,NaN,NaN
0,0,0,0,NaN,NaN,NaN,NaN
0,0,0,0,NaN,NaN,NaN,NaN
0,0,0,0,NaN,NaN,NaN,NaN
0,0,0,0,NaN,NaN,NaN,NaN
0,0,0,0,NaN,NaN,NaN,NaN
0,0,0,0,NaN,NaN,NaN,NaN
0,0,0,0,NaN,NaN,NaN,NaN
0,0,0,0,NaN,NaN,NaN,NaN
0,0,0,0,NaN,NaN,NaN,NaN
0,0,0,0,NaN,NaN,NaN,NaN
0,0,0,0,NaN,NaN,NaN,NaN
0,0,0,0,NaN,NaN,NaN,NaN
0,0,0,0,NaN,NaN,NaN,NaN
0,0,0,0,NaN,NaN,NaN,NaN
0,0,0,0,NaN,NaN,NaN,NaN
0,0,0,0,NaN,NaN,NaN,NaN
0,0,0,0,NaN,NaN,NaN,NaN
0,0,0,0,NaN,NaN,NaN,NaN
0,0,0,0,NaN,NaN,NaN,NaN
0,0,0,0,NaN,NaN,NaN,NaN
0,0,0,0,NaN,NaN,NaN,NaN
0,0,0,0,NaN,NaN,NaN,NaN
0,0,0,0,NaN,NaN,NaN,NaN
0,0,0,0,NaN,NaN,NaN,NaN
0,0,0,0,NaN,NaN,NaN,NaN
0,0,0,0,NaN,NaN,NaN,NaN
0,0,0,0,NaN,NaN,NaN,NaN
0,0,0,0,NaN,NaN,NaN,NaN
0,0,0,0,NaN,NaN,NaN,NaN
0,0,0,0,NaN,NaN,NaN,NaN
0,0,0,0,0,NaN,NaN,NaN
0,0,0,0,NaN,NaN,NaN,NaN
0,0,0,0,NaN,NaN,NaN,NaN
0,0,0,0,NaN,NaN,NaN,NaN
0,0,0,0,NaN,NaN,NaN,NaN
0,0,0,0,NaN,NaN,NaN,NaN
0,0,0,0,NaN,NaN,NaN,NaN
0,0,0,0,NaN,NaN,NaN,NaN
0,0,0,0,NaN,NaN,NaN,NaN
0,0,0,0,NaN,NaN,NaN,NaN
0,0,0,0,NaN,NaN,NaN,NaN
0,0,0,0,NaN,NaN,NaN,NaN
0,0,0,0,NaN,NaN,NaN,NaN
0,0,0,0,NaN,NaN,NaN,NaN
0,0,0,0,NaN,NaN,NaN,NaN
0,0,0,0,2,NaN,NaN,NaN
0,0,0,0,NaN,NaN,NaN,NaN
0,0,0,0,NaN,NaN,NaN,NaN
0,0,0,0,NaN,NaN,NaN,NaN
0,0,0,0,NaN,NaN,NaN,NaN
0,0,0,0,NaN,NaN,NaN,NaN
0,0,0,0,NaN,NaN,NaN,NaN
0,0,0,0,NaN,NaN,NaN,NaN
0,0,0,0,NaN,NaN,NaN,NaN
0,0,0,0,NaN,NaN,NaN,NaN
0,0,0,0,NaN,NaN,NaN,NaN
0,0,0,0,NaN,NaN,NaN,NaN
0,0,0,0,NaN,NaN,NaN,NaN
0,0,0,0,NaN,NaN,NaN,NaN
0,0,0,0,1,NaN,NaN,NaN
0,0,0,0,NaN,NaN,NaN,NaN
0,0,0,0,NaN,NaN,NaN,NaN
0,0,0,0,NaN,NaN,NaN,NaN
0,0,0,0,NaN,NaN,NaN,NaN
0,0,0,0,NaN,NaN,NaN,NaN
0,0,0,0,NaN,NaN,NaN,NaN
0,0,0,0,NaN,NaN,NaN,NaN
0,0,0,0,NaN,NaN,NaN,NaN
0,0,0,0,NaN,NaN,NaN,NaN
0,0,0,0,NaN,NaN,NaN,NaN
0,0,0,0,NaN,NaN,NaN,NaN
0,0,0,0,NaN,NaN,NaN,NaN
0,0,0,0,NaN,NaN,NaN,NaN
0,0,0,0,NaN,NaN,NaN,NaN
0,0,0,0,NaN,NaN,NaN,NaN
0,0,0,0,NaN,NaN,NaN,NaN
0,0,0,0,NaN,NaN,NaN,NaN
0,0,0,0,NaN,NaN,NaN,NaN
0,0,0,0,NaN,NaN,NaN,NaN
0,0,0,0,NaN,NaN,NaN,NaN
0,0,0,0,NaN,NaN,NaN,NaN
0,0,0,0,NaN,NaN,NaN,NaN
0,0,0,0,NaN,NaN,NaN,NaN
0,0,0,0,NaN,NaN,NaN,NaN
0,0,0,0,NaN,NaN,NaN,NaN
0,0,0,0,NaN,NaN,NaN,NaN
0,0,0,0,NaN,NaN,NaN,NaN
0,0,0,0,NaN,NaN,NaN,NaN
0,0,0,0,NaN,NaN,NaN,NaN
0,0,0,0,NaN,NaN,NaN,NaN
0,0,0,0,NaN,NaN,NaN,NaN
0,0,0,0,NaN,NaN,NaN,NaN
0,0,0,0,NaN,NaN,NaN,NaN
0,0,0,0,NaN,NaN,NaN,NaN
0,0,0,0,NaN,NaN,NaN,NaN
0,0,0,0,NaN,NaN,NaN,NaN
0,0,0,0,NaN,NaN,NaN,NaN
0,0,0,0,NaN,NaN,NaN,NaN
0,0,0,0,NaN,NaN,NaN,NaN
0,0,0,0,NaN,NaN,NaN,NaN
0,0,0,0,NaN,NaN,NaN,NaN
0,0,0,0,NaN,NaN,NaN,NaN
0,0,0,0,NaN,NaN,NaN,NaN
0,0,0,0,9,NaN,NaN,NaN
0,0,0,0,NaN,NaN,NaN,NaN
0,0,0,0,NaN,NaN,NaN,NaN
0,0,0,0,0,NaN,NaN,NaN
0,0,0,0,NaN,NaN,NaN,NaN
0,0,0,0,NaN,NaN,NaN,NaN
0,0,0,0,NaN,NaN,NaN,NaN
0,0,0,0,NaN,NaN,NaN,NaN
0,0,0,0,NaN,NaN,NaN,NaN
0,0,0,0,NaN,NaN,NaN,NaN
0,0,0,0,NaN,NaN,NaN,NaN
0,0,0,0,NaN,NaN,NaN,NaN
0,0,0,0,NaN,NaN,NaN,NaN
0,0,0,0,8,NaN,NaN,NaN
0,0,0,0,NaN,NaN,NaN,NaN
0,0,0,0,NaN,NaN,NaN,NaN
0,0,0,0,5,NaN,NaN,NaN
0,0,0,0,NaN,NaN,NaN,NaN
0,0,0,0,NaN,NaN,NaN,NaN
0,0,0,0,NaN,NaN,NaN,NaN
0,0,0,0,NaN,NaN,NaN,NaN
0,0,0,0,NaN,NaN,NaN,NaN
0,0,0,0,NaN,NaN,NaN,NaN
0,0,0,0,NaN,NaN,NaN,NaN
0,0,0,0,NaN,NaN,NaN,NaN
0,0,0,0,NaN,NaN,NaN,NaN
0,0,0,0,NaN,NaN,NaN,NaN
0,0,0,0,9,NaN,NaN,NaN
0,0,0,0,NaN,NaN,NaN,NaN
0,0,0,0,NaN,NaN,NaN,NaN
0,0,0,0,NaN,NaN,NaN,NaN
0,0,0,0,NaN,NaN,NaN,NaN
0,0,0,0,NaN,NaN,NaN,NaN
0,0,0,0,NaN,NaN,NaN,NaN
0,0,0,0,NaN,NaN,NaN,NaN
0,0,0,0,NaN,NaN,NaN,NaN
0,0,0,0,NaN,NaN,NaN,NaN
0,0,0,0,NaN,NaN,NaN,NaN
0,0,0,0,NaN,NaN,NaN,NaN
0,0,0,0,NaN,NaN,NaN,NaN
0,0,0,0,NaN,NaN,NaN,NaN
0,0,0,0,NaN,NaN,NaN,NaN
0,0,0,0,NaN,NaN,NaN,NaN
0,0,0,0,NaN,NaN,NaN,NaN
0,0,0,0,NaN,NaN,NaN,NaN
0,0,0,0,5,NaN,NaN,NaN
0,0,0,0,NaN,NaN,NaN,NaN
0,0,0,0,NaN,NaN,NaN,NaN
0,0,0,0,NaN,NaN,NaN,NaN
0,0,0,0,NaN,NaN,NaN,NaN
0,0,0,0,NaN,NaN,NaN,NaN
0,0,0,0,NaN,NaN,NaN,NaN
0,0,0,0,NaN,NaN,NaN,NaN
0,0,0,0,NaN,NaN,NaN,NaN
0,0,0,0,NaN,NaN,NaN,NaN
0,0,0,0,NaN,NaN,NaN,NaN
0,0,0,0,NaN,NaN,NaN,NaN
0,0,0,0,NaN,NaN,NaN,NaN
0,0,0,0,NaN,NaN,NaN,NaN
0,0,0,0,NaN,NaN,NaN,NaN
0,0,0,0,NaN,NaN,NaN,NaN
0,0,0,0,NaN,NaN,NaN,NaN
0,0,0,0,NaN,NaN,NaN,NaN
0,0,0,0,NaN,NaN,NaN,NaN
0,0,0,0,NaN,NaN,NaN,NaN
0,0,0,0,NaN,NaN,NaN,NaN
0,0,0,0,NaN,NaN,NaN,NaN
0,0,0,0,NaN,NaN,NaN,NaN
0,0,0,0,NaN,NaN,NaN,NaN
0,0,0,0,NaN,NaN,NaN,NaN
0,0,0,0,NaN,NaN,NaN,NaN
0,0,0,0,NaN,NaN,NaN,NaN
0,0,0,0,NaN,NaN,NaN,NaN
0,0,0,0,NaN,NaN,NaN,NaN
0,0,0,0,NaN,NaN,NaN,NaN
0,0,0,0,NaN,NaN,NaN,NaN
0,0,0,0,NaN,NaN,NaN,NaN
0,0,0,0,NaN,NaN,NaN,NaN
0,0,0,0,NaN,NaN,NaN,NaN
0,0,0,0,NaN,NaN,NaN,NaN
0,0,0,0,NaN,NaN,NaN,NaN
0,0,0,0,NaN,NaN,NaN,NaN
0,0,0,0,NaN,NaN,NaN,NaN
0,0,0,0,NaN,NaN,NaN,NaN
0,0,0,0,NaN,NaN,NaN,NaN
0,0,0,0,NaN,NaN,NaN,NaN
0,0,0,0,NaN,NaN,NaN,NaN
0,0,0,0,6,NaN,NaN,NaN
0,0,0,0,NaN,NaN,NaN,NaN
0,0,0,0,NaN,NaN,NaN,NaN
0,0,0,0,NaN,NaN,NaN,NaN
0,0,0,0,NaN,NaN,NaN,NaN
0,0,0,0,NaN,NaN,NaN,NaN
0,0,0,0,NaN,NaN,NaN,NaN
0,0,0,0,NaN,NaN,NaN,NaN
0,0,0,0,NaN,NaN,NaN,NaN
0,0,0,0,NaN,NaN,NaN,NaN
0,0,0,0,NaN,NaN,NaN,NaN
0,0,0,0,NaN,NaN,NaN,NaN
0,0,0,0,8,NaN,NaN,NaN
0,0,0,0,9,NaN,NaN,NaN
0,0,0,0,NaN,NaN,NaN,NaN
0,0,0,0,NaN,NaN,NaN,NaN
0,0,0,0,NaN,NaN,NaN,NaN
0,0,0,0,NaN,NaN,NaN,NaN
0,0,0,0,NaN,NaN,NaN,NaN
0,0,0,0,NaN,NaN,NaN,NaN
0,0,0,0,NaN,NaN,NaN,NaN
0,0,0,0,NaN,NaN,NaN,NaN
0,0,0,0,NaN,NaN,NaN,NaN
0,0,0,0,NaN,NaN,NaN,NaN
0,0,0,0,NaN,NaN,NaN,NaN
0,0,0,0,NaN,NaN,NaN,NaN
0,0,0,0,NaN,NaN,NaN,NaN
0,0,0,0,NaN,NaN,NaN,NaN
0,0,0,0,NaN,NaN,NaN,NaN
0,0,0,0,NaN,NaN,NaN,NaN
0,0,0,0,NaN,NaN,NaN,NaN
0,0,0,0,NaN,NaN,NaN,NaN
0,0,0,0,3,NaN,NaN,NaN
0,0,0,0,NaN,NaN,NaN,NaN
0,0,0,0,NaN,NaN,NaN,NaN
0,0,0,0,NaN,NaN,NaN,NaN
0,0,0,0,NaN,NaN,NaN,NaN
0,0,0,0,NaN,NaN,NaN,NaN
0,0,0,0,NaN,NaN,NaN,NaN
0,0,0,0,5,NaN,NaN,NaN
0,0,0,0,NaN,NaN,NaN,NaN
0,0,0,0,9,NaN,NaN,NaN
0,0,0,0,NaN,NaN,NaN,NaN
0,0,0,0,NaN,NaN,NaN,NaN
0,0,0,0,NaN,NaN,NaN,NaN
0,0,0,0,NaN,NaN,NaN,NaN
0,0,0,0,NaN,NaN,NaN,NaN
0,0,0,0,NaN,NaN,NaN,NaN
0,0,0,0,NaN,NaN,NaN,NaN
0,0,0,0,NaN,NaN,NaN,NaN
0,0,0,0,NaN,NaN,NaN,NaN
0,0,0,0,8,NaN,NaN,NaN
0,0,0,0,NaN,NaN,NaN,NaN
0,0,0,0,NaN,NaN,NaN,NaN
0,0,0,0,NaN,NaN,NaN,NaN
0,0,0,0,NaN,NaN,NaN,NaN
0,0,0,0,NaN,NaN,NaN,NaN
0,0,0,0,NaN,NaN,NaN,NaN
0,0,0,0,NaN,NaN,NaN,NaN
0,0,0,0,NaN,NaN,NaN,NaN
0,0,0,0,NaN,NaN,NaN,NaN
0,0,0,0,NaN,NaN,NaN,NaN
0,0,0,0,NaN,NaN,NaN,NaN
0,0,0,0,NaN,NaN,NaN,NaN
0,0,0,0,NaN,NaN,NaN,NaN
0,0,0,0,NaN,NaN,NaN,NaN
0,0,0,0,NaN,NaN,NaN,NaN
0,0,0,0,NaN,NaN,NaN,NaN
0,0,0,0,NaN,NaN,NaN,NaN
0,0,0,0,NaN,NaN,NaN,NaN
0,0,0,0,NaN,NaN,NaN,NaN
0,0,0,0,NaN,NaN,NaN,NaN
0,0,0,0,NaN,NaN,NaN,NaN
0,0,0,0,NaN,NaN,NaN,NaN
0,0,0,0,NaN,NaN,NaN,NaN
0,0,0,0,NaN,NaN,NaN,NaN
0,0,0,0,2,NaN,NaN,NaN
0,0,0,0,NaN,NaN,NaN,NaN
0,0,0,0,NaN,NaN,NaN,NaN
0,0,0,0,NaN,NaN,NaN,NaN
0,0,0,0,NaN,NaN,NaN,NaN
0,0,0,0,NaN,NaN,NaN,NaN
0,0,0,0,NaN,NaN,NaN,NaN
0,0,0,0,NaN,NaN,NaN,NaN
0,0,0,0,NaN,NaN,NaN,NaN
0,0,0,0,NaN,NaN,NaN,NaN
0,0,0,0,NaN,NaN,NaN,NaN
0,0,0,0,NaN,NaN,NaN,NaN
0,0,0,0,NaN,NaN,NaN,NaN
0,0,0,0,NaN,NaN,NaN,NaN
0,0,0,0,8,NaN,NaN,NaN
0,0,0,0,NaN,NaN,NaN,NaN
0,0,0,0,NaN,NaN,NaN,NaN
0,0,0,0,NaN,NaN,NaN,NaN
0,0,0,0,NaN,NaN,NaN,NaN
0,0,0,0,NaN,NaN,NaN,NaN
0,0,0,0,NaN,NaN,NaN,NaN
0,0,0,0,NaN,NaN,NaN,NaN
0,0,0,0,NaN,NaN,NaN,NaN
0,0,0,0,NaN,NaN,NaN,NaN
0,0,0,0,NaN,NaN,NaN,NaN
0,0,0,0,NaN,NaN,NaN,NaN
0,0,0,0,NaN,NaN,NaN,NaN
0,0,0,0,NaN,NaN,NaN,NaN
0,0,0,0,NaN,NaN,NaN,NaN
0,0,0,0,NaN,NaN,NaN,NaN
0,0,0,0,NaN,NaN,NaN,NaN
0,0,0,0,NaN,NaN,NaN,NaN
0,0,0,0,NaN,NaN,NaN,NaN
0,0,0,0,NaN,NaN,NaN,NaN
0,0,0,0,NaN,NaN,NaN,NaN
0,0,0,0,NaN,NaN,NaN,NaN
0,0,0,0,NaN,NaN,NaN,NaN
0,0,0,0,NaN,NaN,NaN,NaN
0,0,0,0,NaN,NaN,NaN,NaN
0,0,0,0,NaN,NaN,NaN,NaN
0,0,0,0,NaN,NaN,NaN,NaN
0,0,0,0,NaN,NaN,NaN,NaN
0,0,0,0,NaN,NaN,NaN,NaN
0,0,0,0,5,NaN,NaN,NaN
0,0,0,0,NaN,NaN,NaN,NaN
0,0,0,0,NaN,NaN,NaN,NaN
0,0,0,0,NaN,NaN,NaN,NaN
0,0,0,0,NaN,NaN,NaN,NaN
0,0,0,0,NaN,NaN,NaN,NaN
0,0,0,0,NaN,NaN,NaN,NaN
0,0,0,0,NaN,NaN,NaN,NaN
0,0,0,0,NaN,NaN,NaN,NaN
0,0,0,0,NaN,NaN,NaN,NaN
0,0,0,0,NaN,NaN,NaN,NaN
0,0,0,0,NaN,NaN,NaN,NaN
0,0,0,0,NaN,NaN,NaN,NaN
0,0,0,0,0,NaN,NaN,NaN
0,0,0,0,NaN,NaN,NaN,NaN
0,0,0,0,NaN,NaN,NaN,NaN
0,0,0,0,NaN,NaN,NaN,NaN
0,0,0,0,NaN,NaN,NaN,NaN
0,0,0,0,NaN,NaN,NaN,NaN
0,0,0,0,5,NaN,NaN,NaN
0,0,0,0,NaN,NaN,NaN,NaN
0,0,0,0,NaN,NaN,NaN,NaN
0,0,0,0,NaN,NaN,NaN,NaN
0,0,0,0,NaN,NaN,NaN,NaN
0,0,0,0,NaN,NaN,NaN,NaN
0,0,0,0,NaN,NaN,NaN,NaN
0,0,0,0,NaN,NaN,NaN,NaN
0,0,0,0,NaN,NaN,NaN,NaN
0,0,0,0,NaN,NaN,NaN,NaN
0,0,0,0,NaN,NaN,NaN,NaN
0,0,0,0,NaN,NaN,NaN,NaN
0,0,0,0,NaN,NaN,NaN,NaN
0,0,0,0,NaN,NaN,NaN,NaN
0,0,0,0,NaN,NaN,NaN,NaN
0,0,0,0,NaN,NaN,NaN,NaN
0,0,0,0,NaN,NaN,NaN,NaN
0,0,0,0,NaN,NaN,NaN,NaN
0,0,0,0,NaN,NaN,NaN,NaN
0,0,0,0,NaN,NaN,NaN,NaN
0,0,0,0,NaN,NaN,NaN,NaN
0,0,0,0,NaN,NaN,NaN,NaN
0,0,0,0,NaN,NaN,NaN,NaN
0,0,0,0,NaN,NaN,NaN,NaN
0,0,0,0,NaN,NaN,NaN,NaN
0,0,0,0,NaN,NaN,NaN,NaN
0,0,0,0,NaN,NaN,NaN,NaN
0,0,0,0,7,NaN,NaN,NaN
0,0,0,0,NaN,NaN,NaN,NaN
0,0,0,0,NaN,NaN,NaN,NaN
0,0,0,0,NaN,NaN,NaN,NaN
0,0,0,0,NaN,NaN,NaN,NaN
0,0,0,0,NaN,NaN,NaN,NaN
0,0,0,0,NaN,NaN,NaN,NaN
0,0,0,0,NaN,NaN,NaN,NaN
0,0,0,0,1,NaN,NaN,NaN
0,0,0,0,NaN,NaN,NaN,NaN
0,0,0,0,NaN,NaN,NaN,NaN
0,0,0,0,NaN,NaN,NaN,NaN
0,0,0,0,NaN,NaN,NaN,NaN
0,0,0,0,NaN,NaN,NaN,NaN
0,0,0,0,NaN,NaN,NaN,NaN
0,0,0,0,NaN,NaN,NaN,NaN
0,0,0,0,NaN,NaN,NaN,NaN
0,0,0,0,NaN,NaN,NaN,NaN
0,0,0,0,NaN,NaN,NaN,NaN
0,0,0,0,NaN,NaN,NaN,NaN
0,0,0,0,NaN,NaN,NaN,NaN
0,0,0,0,NaN,NaN,NaN,NaN
0,0,0,0,NaN,NaN,NaN,NaN
0,0,0,0,NaN,NaN,NaN,NaN
0,0,0,0,NaN,NaN,NaN,NaN
0,0,0,0,NaN,NaN,NaN,NaN
0,0,0,0,NaN,NaN,NaN,NaN
0,0,0,0,NaN,NaN,NaN,NaN
0,0,0,0,NaN,NaN,NaN,NaN
0,0,0,0,NaN,NaN,NaN,NaN
0,0,0,0,NaN,NaN,NaN,NaN
0,0,0,0,NaN,NaN,NaN,NaN
0,0,0,0,NaN,NaN,NaN,NaN
0,0,0,0,NaN,NaN,NaN,NaN
0,0,0,0,NaN,NaN,NaN,NaN
0,0,0,0,NaN,NaN,NaN,NaN
0,0,0,0,NaN,NaN,NaN,NaN
0,0,0,0,NaN,NaN,NaN,NaN
0,0,0,0,NaN,NaN,NaN,NaN
0,0,0,0,NaN,NaN,NaN,NaN
0,0,0,0,NaN,NaN,NaN,NaN
0,0,0,0,NaN,NaN,NaN,NaN
0,0,0,0,0,NaN,NaN,NaN
0,0,0,0,NaN,NaN,NaN,NaN
0,0,0,0,NaN,NaN,NaN,NaN
0,0,0,0,NaN,NaN,NaN,NaN
0,0,0,0,NaN,NaN,NaN,NaN
0,0,0,0,NaN,NaN,NaN,NaN
0,0,0,0,NaN,NaN,NaN,NaN
0,0,0,0,NaN,NaN,NaN,NaN
0,0,0,0,NaN,NaN,NaN,NaN
0,0,0,0,NaN,NaN,NaN,NaN
0,0,0,0,7,NaN,NaN,NaN
0,0,0,0,NaN,NaN,NaN,NaN
0,0,0,0,NaN,NaN,NaN,NaN
0,0,0,0,NaN,NaN,NaN,NaN
0,0,0,0,NaN,NaN,NaN,NaN
0,0,0,0,NaN,NaN,NaN,NaN
0,0,0,0,NaN,NaN,NaN,NaN
0,0,0,0,NaN,NaN,NaN,NaN
0,0,0,0,NaN,NaN,NaN,NaN
0,0,0,0,0,NaN,NaN,NaN
0,0,0,0,NaN,NaN,NaN,NaN
0,0,0,0,1,NaN,NaN,NaN
0,0,0,0,6,NaN,NaN,NaN
0,0,0,0,NaN,NaN,NaN,NaN
0,0,0,0,NaN,NaN,NaN,NaN
0,0,0,0,NaN,NaN,NaN,NaN
0,0,0,0,NaN,NaN,NaN,NaN
0,0,0,0,1,NaN,NaN,NaN
0,0,0,0,NaN,NaN,NaN,NaN
0,0,0,0,NaN,NaN,NaN,NaN
0,0,0,0,NaN,NaN,NaN,NaN
0,0,0,0,NaN,NaN,NaN,NaN
0,0,0,0,NaN,NaN,NaN,NaN
0,0,0,0,NaN,NaN,NaN,NaN
0,0,0,0,3,NaN,NaN,NaN
0,0,0,0,NaN,NaN,NaN,NaN
0,0,0,0,NaN,NaN,NaN,NaN
0,0,0,0,NaN,NaN,NaN,NaN
0,0,0,0,NaN,NaN,NaN,NaN
0,0,0,0,NaN,NaN,NaN,NaN
0,0,0,0,NaN,NaN,NaN,NaN
0,0,0,0,NaN,NaN,NaN,NaN
0,0,0,0,3,NaN,NaN,NaN
0,0,0,0,NaN,NaN,NaN,NaN
0,0,0,0,NaN,NaN,NaN,NaN
0,0,0,0,NaN,NaN,NaN,NaN
0,0,0,0,NaN,NaN,NaN,NaN
0,0,0,0,NaN,NaN,NaN,NaN
0,0,0,0,NaN,NaN,NaN,NaN
0,0,0,0,NaN,NaN,NaN,NaN
0,0,0,0,NaN,NaN,NaN,NaN
0,0,0,0,NaN,NaN,NaN,NaN
0,0,0,0,NaN,NaN,NaN,NaN
0,0,0,0,NaN,NaN,NaN,NaN
0,0,0,0,NaN,NaN,NaN,NaN
0,0,0,0,NaN,NaN,NaN,NaN
0,0,0,0,NaN,NaN,NaN,NaN
0,0,0,0,NaN,NaN,NaN,NaN
0,0,0,0,NaN,NaN,NaN,NaN
0,0,0,0,NaN,NaN,NaN,NaN
0,0,0,0,NaN,NaN,NaN,NaN
0,0,0,0,NaN,NaN,NaN,NaN
0,0,0,0,NaN,NaN,NaN,NaN
0,0,0,0,NaN,NaN,NaN,NaN
0,0,0,0,NaN,NaN,NaN,NaN
0,0,0,0,NaN,NaN,NaN,NaN
0,0,0,0,NaN,NaN,NaN,NaN
0,0,0,0,NaN,NaN,NaN,NaN
0,0,0,0,NaN,NaN,NaN,NaN
0,0,0,0,NaN,NaN,NaN,NaN
0,0,0,0,NaN,NaN,NaN,NaN
0,0,0,0,NaN,NaN,NaN,NaN
0,0,0,0,NaN,NaN,NaN,NaN
0,0,0,0,NaN,NaN,NaN,NaN
0,0,0,0,6,NaN,NaN,NaN
0,0,0,0,NaN,NaN,NaN,NaN
0,0,0,0,NaN,NaN,NaN,NaN
0,0,0,0,NaN,NaN,NaN,NaN
0,0,0,0,NaN,NaN,NaN,NaN
0,0,0,0,1,NaN,NaN,NaN
0,0,0,0,NaN,NaN,NaN,NaN
0,0,0,0,NaN,NaN,NaN,NaN
0,0,0,0,NaN,NaN,NaN,NaN
0,0,0,0,NaN,NaN,NaN,NaN
0,0,0,0,NaN,NaN,NaN,NaN
0,0,0,0,NaN,NaN,NaN,NaN
0,0,0,0,NaN,NaN,NaN,NaN
0,0,0,0,NaN,NaN,NaN,NaN
0,0,0,0,NaN,NaN,NaN,NaN
0,0,0,0,NaN,NaN,NaN,NaN
0,0,0,0,NaN,NaN,NaN,NaN
0,0,0,0,NaN,NaN,NaN,NaN
0,0,0,0,NaN,NaN,NaN,NaN
0,0,0,0,NaN,NaN,NaN,NaN
0,0,0,0,NaN,NaN,NaN,NaN
0,0,0,0,NaN,NaN,NaN,NaN
0,0,0,0,7,NaN,NaN,NaN
0,0,0,0,NaN,NaN,NaN,NaN
0,0,0,0,5,NaN,NaN,NaN
0,0,0,0,NaN,NaN,NaN,NaN
0,0,0,0,NaN,NaN,NaN,NaN
0,0,0,0,NaN,NaN,NaN,NaN
0,0,0,0,NaN,NaN,NaN,NaN
0,0,0,0,NaN,NaN,NaN,NaN
0,0,0,0,NaN,NaN,NaN,NaN
0,0,0,0,NaN,NaN,NaN,NaN
0,0,0,0,NaN,NaN,NaN,NaN
0,0,0,0,NaN,NaN,NaN,NaN
0,0,0,0,NaN,NaN,NaN,NaN
0,0,0,0,5,NaN,NaN,NaN
0,0,0,0,NaN,NaN,NaN,NaN
0,0,0,0,NaN,NaN,NaN,NaN
0,0,0,0,NaN,NaN,NaN,NaN
0,0,0,0,NaN,NaN,NaN,NaN
0,0,0,0,1,NaN,NaN,NaN
0,0,0,0,NaN,NaN,NaN,NaN
0,0,0,0,NaN,NaN,NaN,NaN
0,0,0,0,4,NaN,NaN,NaN
0,0,0,0,NaN,NaN,NaN,NaN
0,0,0,0,NaN,NaN,NaN,NaN
0,0,0,0,NaN,NaN,NaN,NaN
0,0,0,0,NaN,NaN,NaN,NaN
0,0,0,0,NaN,NaN,NaN,NaN
0,0,0,0,NaN,NaN,NaN,NaN
0,0,0,0,NaN,NaN,NaN,NaN
0,0,0,0,NaN,NaN,NaN,NaN
0,0,0,0,4,NaN,NaN,NaN
0,0,0,0,NaN,NaN,NaN,NaN
0,0,0,0,6,NaN,NaN,NaN
0,0,0,0,NaN,NaN,NaN,NaN
0,0,0,0,NaN,NaN,NaN,NaN
0,0,0,0,NaN,NaN,NaN,NaN
0,0,0,0,NaN,NaN,NaN,NaN
0,0,0,0,NaN,NaN,NaN,NaN
0,0,0,0,NaN,NaN,NaN,NaN
0,0,0,0,NaN,NaN,NaN,NaN
0,0,0,0,NaN,NaN,NaN,NaN
0,0,0,0,NaN,NaN,NaN,NaN
0,0,0,0,2,NaN,NaN,NaN
0,0,0,0,NaN,NaN,NaN,NaN
0,0,0,0,NaN,NaN,NaN,NaN
0,0,0,0,NaN,NaN,NaN,NaN
0,0,0,0,NaN,NaN,NaN,NaN
0,0,0,0,NaN,NaN,NaN,NaN
0,0,0,0,NaN,NaN,NaN,NaN
0,0,0,0,NaN,NaN,NaN,NaN
0,0,0,0,NaN,NaN,NaN,NaN
0,0,0,0,NaN,NaN,NaN,NaN
0,0,0,0,NaN,NaN,NaN,NaN
0,0,0,0,NaN,NaN,NaN,NaN
0,0,0,0,NaN,NaN,NaN,NaN
0,0,0,0,NaN,NaN,NaN,NaN
0,0,0,0,NaN,NaN,NaN,NaN
0,0,0,0,NaN,NaN,NaN,NaN
0,0,0,0,NaN,NaN,NaN,NaN
0,0,0,0,NaN,NaN,NaN,NaN
0,0,0,0,NaN,NaN,NaN,NaN
0,0,0,0,NaN,NaN,NaN,NaN
0,0,0,0,NaN,NaN,NaN,NaN
0,0,0,0,NaN,NaN,NaN,NaN
0,0,0,0,NaN,NaN,NaN,NaN
0,0,0,0,NaN,NaN,NaN,NaN
0,0,0,0,NaN,NaN,NaN,NaN
0,0,0,0,NaN,NaN,NaN,NaN
0,0,0,0,NaN,NaN,NaN,NaN
0,0,0,0,NaN,NaN,NaN,NaN
0,0,0,0,NaN,NaN,NaN,NaN
0,0,0,0,NaN,NaN,NaN,NaN
0,0,0,0,NaN,NaN,NaN,NaN
0,0,0,0,NaN,NaN,NaN,NaN
0,0,0,0,NaN,NaN,NaN,NaN
0,0,0,0,NaN,NaN,NaN,NaN
0,0,0,0,NaN,NaN,NaN,NaN
0,0,0,0,NaN,NaN,NaN,NaN
0,0,0,0,NaN,NaN,NaN,NaN
0,0,0,0,NaN,NaN,NaN,NaN
0,0,0,0,NaN,NaN,NaN,NaN
0,0,0,0,NaN,NaN,NaN,NaN
0,0,0,0,7,NaN,NaN,NaN
0,0,0,0,NaN,NaN,NaN,NaN
0,0,0,0,NaN,NaN,NaN,NaN
0,0,0,0,7,NaN,NaN,NaN
0,0,0,0,NaN,NaN,NaN,NaN
0,0,0,0,NaN,NaN,NaN,NaN
0,0,0,0,NaN,NaN,NaN,NaN
0,0,0,0,NaN,NaN,NaN,NaN
0,0,0,0,NaN,NaN,NaN,NaN
0,0,0,0,NaN,NaN,NaN,NaN
0,0,0,0,NaN,NaN,NaN,NaN
0,0,0,0,NaN,NaN,NaN,NaN
0,0,0,0,NaN,NaN,NaN,NaN
0,0,0,0,NaN,NaN,NaN,NaN
0,0,0,0,6,NaN,NaN,NaN
0,0,0,0,NaN,NaN,NaN,NaN
0,0,0,0,NaN,NaN,NaN,NaN
0,0,0,0,NaN,NaN,NaN,NaN
0,0,0,0,NaN,NaN,NaN,NaN
0,0,0,0,NaN,NaN,NaN,NaN
0,0,0,0,NaN,NaN,NaN,NaN
0,0,0,0,NaN,NaN,NaN,NaN
0,0,0,0,NaN,NaN,NaN,NaN
0,0,0,0,NaN,NaN,NaN,NaN
0,0,0,0,NaN,NaN,NaN,NaN
0,0,0,0,NaN,NaN,NaN,NaN
0,0,0,0,NaN,NaN,NaN,NaN
0,0,0,0,NaN,NaN,NaN,NaN
0,0,0,0,NaN,NaN,NaN,NaN
0,0,0,0,27,NaN,NaN,NaN
0,0,0,0,NaN,NaN,NaN,NaN
0,0,0,0,9,NaN,NaN,NaN
0,0,0,0,NaN,NaN,NaN,NaN
0,0,0,0,NaN,NaN,NaN,NaN
0,0,0,0,NaN,NaN,NaN,NaN
0,0,0,0,NaN,NaN,NaN,NaN
0,0,0,0,NaN,NaN,NaN,NaN
0,0,0,0,NaN,NaN,NaN,NaN
0,0,0,0,2,NaN,NaN,NaN
0,0,0,0,NaN,NaN,NaN,NaN
0,0,0,0,NaN,NaN,NaN,NaN
0,0,0,0,NaN,NaN,NaN,NaN
0,0,0,0,NaN,NaN,NaN,NaN
0,0,0,0,2,NaN,NaN,NaN
0,0,0,0,NaN,NaN,NaN,NaN
0,0,0,0,NaN,NaN,NaN,NaN
0,0,0,0,NaN,NaN,NaN,NaN
0,0,0,0,NaN,NaN,NaN,NaN
0,0,0,0,NaN,NaN,NaN,NaN
0,0,0,0,NaN,NaN,NaN,NaN
0,0,0,0,NaN,NaN,NaN,NaN
0,0,0,0,38,NaN,NaN,NaN
0,0,0,0,NaN,NaN,NaN,NaN
0,0,0,0,NaN,NaN,NaN,NaN
0,0,0,0,NaN,NaN,NaN,NaN
0,0,0,0,NaN,NaN,NaN,NaN
0,0,0,0,NaN,NaN,NaN,NaN
0,0,0,0,NaN,NaN,NaN,NaN
0,0,0,0,NaN,NaN,NaN,NaN
0,0,0,0,NaN,NaN,NaN,NaN
0,0,0,0,NaN,NaN,NaN,NaN
0,0,0,0,NaN,NaN,NaN,NaN
0,0,0,0,NaN,NaN,NaN,NaN
0,0,0,0,NaN,NaN,NaN,NaN
0,0,0,0,NaN,NaN,NaN,NaN
0,0,0,0,NaN,NaN,NaN,NaN
0,0,0,0,NaN,NaN,NaN,NaN
0,0,0,0,NaN,NaN,NaN,NaN
0,0,0,0,NaN,NaN,NaN,NaN
0,0,0,0,NaN,NaN,NaN,NaN
0,0,0,0,NaN,NaN,NaN,NaN
0,0,0,0,NaN,NaN,NaN,NaN
0,0,0,0,NaN,NaN,NaN,NaN
0,0,0,0,NaN,NaN,NaN,NaN
0,0,0,0,NaN,NaN,NaN,NaN
0,0,0,0,3,NaN,NaN,NaN
0,0,0,0,NaN,NaN,NaN,NaN
0,0,0,0,NaN,NaN,NaN,NaN
0,0,0,0,NaN,NaN,NaN,NaN
0,0,0,0,NaN,NaN,NaN,NaN
0,0,0,0,NaN,NaN,NaN,NaN
0,0,0,0,NaN,NaN,NaN,NaN
0,0,0,0,NaN,NaN,NaN,NaN
0,0,0,0,NaN,NaN,NaN,NaN
0,0,0,0,NaN,NaN,NaN,NaN
0,0,0,0,NaN,NaN,NaN,NaN
0,0,0,0,NaN,NaN,NaN,NaN
0,0,0,0,NaN,NaN,NaN,NaN
0,0,0,0,NaN,NaN,NaN,NaN
0,0,0,0,NaN,NaN,NaN,NaN
0,0,0,0,NaN,NaN,NaN,NaN
0,0,0,0,NaN,NaN,NaN,NaN
0,0,0,0,NaN,NaN,NaN,NaN
0,0,0,0,NaN,NaN,NaN,NaN
0,0,0,0,NaN,NaN,NaN,NaN
0,0,0,0,NaN,NaN,NaN,NaN
0,0,0,0,NaN,NaN,NaN,NaN
0,0,0,0,NaN,NaN,NaN,NaN
0,0,0,0,NaN,NaN,NaN,NaN
0,0,0,0,NaN,NaN,NaN,NaN
0,0,0,0,NaN,NaN,NaN,NaN
0,0,0,0,NaN,NaN,NaN,NaN
0,0,0,0,8,NaN,NaN,NaN
0,0,0,0,NaN,NaN,NaN,NaN
0,0,0,0,NaN,NaN,NaN,NaN
0,0,0,0,NaN,NaN,NaN,NaN
0,0,0,0,NaN,NaN,NaN,NaN
0,0,0,0,NaN,NaN,NaN,NaN
0,0,0,0,NaN,NaN,NaN,NaN
0,0,0,0,NaN,NaN,NaN,NaN
0,0,0,0,NaN,NaN,NaN,NaN
0,0,0,0,NaN,NaN,NaN,NaN
0,0,0,0,NaN,NaN,NaN,NaN
0,0,0,0,NaN,NaN,NaN,NaN
0,0,0,0,NaN,NaN,NaN,NaN
0,0,0,0,NaN,NaN,NaN,NaN
0,0,0,0,NaN,NaN,NaN,NaN
0,0,0,0,NaN,NaN,NaN,NaN
0,0,0,0,NaN,NaN,NaN,NaN
0,0,0,0,NaN,NaN,NaN,NaN
0,0,0,0,NaN,NaN,NaN,NaN
0,0,0,0,NaN,NaN,NaN,NaN
0,0,0,0,NaN,NaN,NaN,NaN
0,0,0,0,NaN,NaN,NaN,NaN
0,0,0,0,NaN,NaN,NaN,NaN
0,0,0,0,3,NaN,NaN,NaN
0,0,0,0,1,NaN,NaN,NaN
0,0,0,0,NaN,NaN,NaN,NaN
0,0,0,0,NaN,NaN,NaN,NaN
0,0,0,0,NaN,NaN,NaN,NaN
0,0,0,0,NaN,NaN,NaN,NaN
0,0,0,0,3,NaN,NaN,NaN
0,0,0,0,NaN,NaN,NaN,NaN
0,0,0,0,NaN,NaN,NaN,NaN
0,0,0,0,NaN,NaN,NaN,NaN
0,0,0,0,NaN,NaN,NaN,NaN
0,0,0,0,NaN,NaN,NaN,NaN
0,0,0,0,NaN,NaN,NaN,NaN
0,0,0,0,5,NaN,NaN,NaN
0,0,0,0,NaN,NaN,NaN,NaN
0,0,0,0,NaN,NaN,NaN,NaN
0,0,0,0,NaN,NaN,NaN,NaN
0,0,0,0,NaN,NaN,NaN,NaN
0,0,0,0,NaN,NaN,NaN,NaN
0,0,0,0,NaN,NaN,NaN,NaN
0,0,0,0,NaN,NaN,NaN,NaN
0,0,0,0,NaN,NaN,NaN,NaN
0,0,0,0,NaN,NaN,NaN,NaN
0,0,0,0,NaN,NaN,NaN,NaN
0,0,0,0,NaN,NaN,NaN,NaN
0,0,0,0,NaN,NaN,NaN,NaN
0,0,0,0,NaN,NaN,NaN,NaN
0,0,0,0,NaN,NaN,NaN,NaN
0,0,0,0,NaN,NaN,NaN,NaN
0,0,0,0,NaN,NaN,NaN,NaN
0,0,0,0,NaN,NaN,NaN,NaN
0,0,0,0,NaN,NaN,NaN,NaN
0,0,0,0,NaN,NaN,NaN,NaN
0,0,0,0,NaN,NaN,NaN,NaN
0,0,0,0,NaN,NaN,NaN,NaN
0,0,0,0,NaN,NaN,NaN,NaN
0,0,0,0,NaN,NaN,NaN,NaN
0,0,0,0,NaN,NaN,NaN,NaN
0,0,0,0,NaN,NaN,NaN,NaN
0,0,0,0,NaN,NaN,NaN,NaN
0,0,0,0,NaN,NaN,NaN,NaN
0,0,0,0,NaN,NaN,NaN,NaN
0,0,0,0,NaN,NaN,NaN,NaN
0,0,0,0,NaN,NaN,NaN,NaN
0,0,0,0,NaN,NaN,NaN,NaN
0,0,0,0,NaN,NaN,NaN,NaN
0,0,0,0,NaN,NaN,NaN,NaN
0,0,0,0,NaN,NaN,NaN,NaN
0,0,0,0,NaN,NaN,NaN,NaN
0,0,0,0,NaN,NaN,NaN,NaN
0,0,0,0,NaN,NaN,NaN,NaN
0,0,0,0,9,NaN,NaN,NaN
0,0,0,0,NaN,NaN,NaN,NaN
0,0,0,0,NaN,NaN,NaN,NaN
0,0,0,0,NaN,NaN,NaN,NaN
0,0,0,0,NaN,NaN,NaN,NaN
0,0,0,0,NaN,NaN,NaN,NaN
0,0,0,0,NaN,NaN,NaN,NaN
0,0,0,0,NaN,NaN,NaN,NaN
0,0,0,0,NaN,NaN,NaN,NaN
0,0,0,0,NaN,NaN,NaN,NaN
0,0,0,0,NaN,NaN,NaN,NaN
0,0,0,0,NaN,NaN,NaN,NaN
0,0,0,0,NaN,NaN,NaN,NaN
0,0,0,0,NaN,NaN,NaN,NaN
0,0,0,0,NaN,NaN,NaN,NaN
0,0,0,0,NaN,NaN,NaN,NaN
0,0,0,0,NaN,NaN,NaN,NaN
0,0,0,0,NaN,NaN,NaN,NaN
0,0,0,0,NaN,NaN,NaN,NaN
0,0,0,0,NaN,NaN,NaN,NaN
0,0,0,0,NaN,NaN,NaN,NaN
0,0,0,0,NaN,NaN,NaN,NaN
0,0,0,0,NaN,NaN,NaN,NaN
0,0,0,0,NaN,NaN,NaN,NaN
0,0,0,0,NaN,NaN,NaN,NaN
0,0,0,0,NaN,NaN,NaN,NaN
0,0,0,0,0,NaN,NaN,NaN
0,0,0,0,NaN,NaN,NaN,NaN
0,0,0,0,NaN,NaN,NaN,NaN
0,0,0,0,NaN,NaN,NaN,NaN
0,0,0,0,1,NaN,NaN,NaN
0,0,0,0,NaN,NaN,NaN,NaN
0,0,0,0,NaN,NaN,NaN,NaN
0,0,0,0,NaN,NaN,NaN,NaN
0,0,0,0,NaN,NaN,NaN,NaN
0,0,0,0,NaN,NaN,NaN,NaN
0,0,0,0,NaN,NaN,NaN,NaN
0,0,0,0,NaN,NaN,NaN,NaN
0,0,0,0,NaN,NaN,NaN,NaN
0,0,0,0,NaN,NaN,NaN,NaN
0,0,0,0,NaN,NaN,NaN,NaN
0,0,0,0,NaN,NaN,NaN,NaN
0,0,0,0,NaN,NaN,NaN,NaN
0,0,0,0,NaN,NaN,NaN,NaN
0,0,0,0,NaN,NaN,NaN,NaN
0,0,0,0,NaN,NaN,NaN,NaN
0,0,0,0,9,NaN,NaN,NaN
0,0,0,0,NaN,NaN,NaN,NaN
0,0,0,0,NaN,NaN,NaN,NaN
0,0,0,0,NaN,NaN,NaN,NaN
0,0,0,0,NaN,NaN,NaN,NaN
0,0,0,0,NaN,NaN,NaN,NaN
0,0,0,0,NaN,NaN,NaN,NaN
0,0,0,0,NaN,NaN,NaN,NaN
0,0,0,0,NaN,NaN,NaN,NaN
0,0,0,0,NaN,NaN,NaN,NaN
0,0,0,0,NaN,NaN,NaN,NaN
0,0,0,0,NaN,NaN,NaN,NaN
0,0,0,0,NaN,NaN,NaN,NaN
0,0,0,0,1,NaN,NaN,NaN
0,0,0,0,NaN,NaN,NaN,NaN
0,0,0,0,NaN,NaN,NaN,NaN
0,0,0,0,NaN,NaN,NaN,NaN
0,0,0,0,3,NaN,NaN,NaN
0,0,0,0,NaN,NaN,NaN,NaN
0,0,0,0,NaN,NaN,NaN,NaN
0,0,0,0,NaN,NaN,NaN,NaN
0,0,0,0,NaN,NaN,NaN,NaN
0,0,0,0,NaN,NaN,NaN,NaN
0,0,0,0,NaN,NaN,NaN,NaN
0,0,0,0,NaN,NaN,NaN,NaN
0,0,0,0,NaN,NaN,NaN,NaN
0,0,0,0,NaN,NaN,NaN,NaN
0,0,0,0,NaN,NaN,NaN,NaN
0,0,0,0,NaN,NaN,NaN,NaN
0,0,0,0,NaN,NaN,NaN,NaN
0,0,0,0,NaN,NaN,NaN,NaN
0,0,0,0,NaN,NaN,NaN,NaN
0,0,0,0,NaN,NaN,NaN,NaN
0,0,0,0,NaN,NaN,NaN,NaN
0,0,0,0,NaN,NaN,NaN,NaN
0,0,0,0,NaN,NaN,NaN,NaN
0,0,0,0,NaN,NaN,NaN,NaN
0,0,0,0,NaN,NaN,NaN,NaN
0,0,0,0,NaN,NaN,NaN,NaN
0,0,0,0,NaN,NaN,NaN,NaN
0,0,0,0,NaN,NaN,NaN,NaN
0,0,0,0,NaN,NaN,NaN,NaN
0,0,0,0,NaN,NaN,NaN,NaN
0,0,0,0,NaN,NaN,NaN,NaN
0,0,0,0,NaN,NaN,NaN,NaN
0,0,0,0,NaN,NaN,NaN,NaN
0,0,0,0,NaN,NaN,NaN,NaN
0,0,0,0,9,NaN,NaN,NaN
0,0,0,0,NaN,NaN,NaN,NaN
0,0,0,0,NaN,NaN,NaN,NaN
0,0,0,0,NaN,NaN,NaN,NaN
0,0,0,0,NaN,NaN,NaN,NaN
0,0,0,0,NaN,NaN,NaN,NaN
0,0,0,0,NaN,NaN,NaN,NaN
0,0,0,0,NaN,NaN,NaN,NaN
0,0,0,0,NaN,NaN,NaN,NaN
0,0,0,0,NaN,NaN,NaN,NaN
0,0,0,0,NaN,NaN,NaN,NaN
0,0,0,0,NaN,NaN,NaN,NaN
0,0,0,0,NaN,NaN,NaN,NaN
0,0,0,0,NaN,NaN,NaN,NaN
0,0,0,0,NaN,NaN,NaN,NaN
0,0,0,0,NaN,NaN,NaN,NaN
0,0,0,0,NaN,NaN,NaN,NaN
0,0,0,0,NaN,NaN,NaN,NaN
0,0,0,0,8,NaN,NaN,NaN
0,0,0,0,NaN,NaN,NaN,NaN
0,0,0,0,NaN,NaN,NaN,NaN
0,0,0,0,NaN,NaN,NaN,NaN
0,0,0,0,4,NaN,NaN,NaN
0,0,0,0,NaN,NaN,NaN,NaN
0,0,0,0,NaN,NaN,NaN,NaN
0,0,0,0,NaN,NaN,NaN,NaN
0,0,0,0,NaN,NaN,NaN,NaN
0,0,0,0,NaN,NaN,NaN,NaN
0,0,0,0,NaN,NaN,NaN,NaN
0,0,0,0,NaN,NaN,NaN,NaN
0,0,0,0,NaN,NaN,NaN,NaN
0,0,0,0,NaN,NaN,NaN,NaN
0,0,0,0,NaN,NaN,NaN,NaN
0,0,0,0,NaN,NaN,NaN,NaN
0,0,0,0,NaN,NaN,NaN,NaN
0,0,0,0,3,NaN,NaN,NaN
0,0,0,0,NaN,NaN,NaN,NaN
0,0,0,0,NaN,NaN,NaN,NaN
0,0,0,0,NaN,NaN,NaN,NaN
0,0,0,0,NaN,NaN,NaN,NaN
0,0,0,0,NaN,NaN,NaN,NaN
0,0,0,0,NaN,NaN,NaN,NaN
0,0,0,0,NaN,NaN,NaN,NaN
0,0,0,0,NaN,NaN,NaN,NaN
0,0,0,0,NaN,NaN,NaN,NaN
0,0,0,0,NaN,NaN,NaN,NaN
0,0,0,0,NaN,NaN,NaN,NaN
0,0,0,0,NaN,NaN,NaN,NaN
0,0,0,0,NaN,NaN,NaN,NaN
0,0,0,0,NaN,NaN,NaN,NaN
0,0,0,0,NaN,NaN,NaN,NaN
0,0,0,0,NaN,NaN,NaN,NaN
0,0,0,0,NaN,NaN,NaN,NaN
0,0,0,0,7,NaN,NaN,NaN
0,0,0,0,NaN,NaN,NaN,NaN
0,0,0,0,NaN,NaN,NaN,NaN
0,0,0,0,NaN,NaN,NaN,NaN
0,0,0,0,NaN,NaN,NaN,NaN
0,0,0,0,NaN,NaN,NaN,NaN
0,0,0,0,NaN,NaN,NaN,NaN
0,0,0,0,NaN,NaN,NaN,NaN
0,0,0,0,NaN,NaN,NaN,NaN
0,0,0,0,NaN,NaN,NaN,NaN
0,0,0,0,NaN,NaN,NaN,NaN
0,0,0,0,NaN,NaN,NaN,NaN
0,0,0,0,NaN,NaN,NaN,NaN
0,0,0,0,NaN,NaN,NaN,NaN
0,0,0,0,8,NaN,NaN,NaN
0,0,0,0,NaN,NaN,NaN,NaN
0,0,0,0,NaN,NaN,NaN,NaN
0,0,0,0,NaN,NaN,NaN,NaN
0,0,0,0,NaN,NaN,NaN,NaN
0,0,0,0,NaN,NaN,NaN,NaN
0,0,0,0,NaN,NaN,NaN,NaN
0,0,0,0,NaN,NaN,NaN,NaN
0,0,0,0,NaN,NaN,NaN,NaN
0,0,0,0,NaN,NaN,NaN,NaN
0,0,0,0,NaN,NaN,NaN,NaN
0,0,0,0,NaN,NaN,NaN,NaN
0,0,0,0,NaN,NaN,NaN,NaN
0,0,0,0,NaN,NaN,NaN,NaN
0,0,0,0,NaN,NaN,NaN,NaN
0,0,0,0,7,NaN,NaN,NaN
0,0,0,0,NaN,NaN,NaN,NaN
0,0,0,0,NaN,NaN,NaN,NaN
0,0,0,0,NaN,NaN,NaN,NaN
0,0,0,0,NaN,NaN,NaN,NaN
0,0,0,0,NaN,NaN,NaN,NaN
0,0,0,0,NaN,NaN,NaN,NaN
0,0,0,0,3,NaN,NaN,NaN
0,0,0,0,NaN,NaN,NaN,NaN
0,0,0,0,NaN,NaN,NaN,NaN
0,0,0,0,NaN,NaN,NaN,NaN
0,0,0,0,NaN,NaN,NaN,NaN
0,0,0,0,NaN,NaN,NaN,NaN
0,0,0,0,NaN,NaN,NaN,NaN
0,0,0,0,NaN,NaN,NaN,NaN
0,0,0,0,NaN,NaN,NaN,NaN
0,0,0,0,NaN,NaN,NaN,NaN
0,0,0,0,NaN,NaN,NaN,NaN
0,0,0,0,NaN,NaN,NaN,NaN
0,0,0,0,NaN,NaN,NaN,NaN
0,0,0,0,NaN,NaN,NaN,NaN
0,0,0,0,NaN,NaN,NaN,NaN
0,0,0,0,NaN,NaN,NaN,NaN
0,0,0,0,NaN,NaN,NaN,NaN
0,0,0,0,NaN,NaN,NaN,NaN
0,0,0,0,NaN,NaN,NaN,NaN
0,0,0,0,NaN,NaN,NaN,NaN
0,0,0,0,NaN,NaN,NaN,NaN
0,0,0,0,NaN,NaN,NaN,NaN
0,0,0,0,NaN,NaN,NaN,NaN
0,0,0,0,NaN,NaN,NaN,NaN
0,0,0,0,NaN,NaN,NaN,NaN
0,0,0,0,NaN,NaN,NaN,NaN
0,0,0,0,NaN,NaN,NaN,NaN
0,0,0,0,NaN,NaN,NaN,NaN
0,0,0,0,NaN,NaN,NaN,NaN
0,0,0,0,NaN,NaN,NaN,NaN
0,0,0,0,NaN,NaN,NaN,NaN
0,0,0,0,NaN,NaN,NaN,NaN
0,0,0,0,NaN,NaN,NaN,NaN
0,0,0,0,NaN,NaN,NaN,NaN
0,0,0,0,NaN,NaN,NaN,NaN
0,0,0,0,NaN,NaN,NaN,NaN
0,0,0,0,NaN,NaN,NaN,NaN
0,0,0,0,NaN,NaN,NaN,NaN
0,0,0,0,NaN,NaN,NaN,NaN
0,0,0,0,NaN,NaN,NaN,NaN
0,0,0,0,NaN,NaN,NaN,NaN
0,0,0,0,NaN,NaN,NaN,NaN
0,0,0,0,NaN,NaN,NaN,NaN
0,0,0,0,NaN,NaN,NaN,NaN
0,0,0,0,NaN,NaN,NaN,NaN
0,0,0,0,NaN,NaN,NaN,NaN
0,0,0,0,NaN,NaN,NaN,NaN
0,0,0,0,NaN,NaN,NaN,NaN
0,0,0,0,NaN,NaN,NaN,NaN
0,0,0,0,NaN,NaN,NaN,NaN
0,0,0,0,NaN,NaN,NaN,NaN
0,0,0,0,NaN,NaN,NaN,NaN
0,0,0,0,NaN,NaN,NaN,NaN
0,0,0,0,NaN,NaN,NaN,NaN
0,0,0,0,NaN,NaN,NaN,NaN
0,0,0,0,NaN,NaN,NaN,NaN
0,0,0,0,NaN,NaN,NaN,NaN
0,0,0,0,NaN,NaN,NaN,NaN
0,0,0,0,NaN,NaN,NaN,NaN
0,0,0,0,NaN,NaN,NaN,NaN
0,0,0,0,NaN,NaN,NaN,NaN
0,0,0,0,NaN,NaN,NaN,NaN
0,0,0,0,NaN,NaN,NaN,NaN
0,0,0,0,NaN,NaN,NaN,NaN
0,0,0,0,NaN,NaN,NaN,NaN
0,0,0,0,NaN,NaN,NaN,NaN
0,0,0,0,NaN,NaN,NaN,NaN
0,0,0,0,0+6i,NaN,NaN,NaN
0,0,0,0,NaN,NaN,NaN,NaN
0,0,0,0,NaN,NaN,NaN,NaN
0,0,0,0,NaN,NaN,NaN,NaN
0,0,0,0,NaN,NaN,NaN,NaN
0,0,0,0,NaN,NaN,NaN,NaN
0,0,0,0,NaN,NaN,NaN,NaN
0,0,0,0,NaN,NaN,NaN,NaN
0,0,0,0,NaN,NaN,NaN,NaN
0,0,0,0,NaN,NaN,NaN,NaN
0,0,0,0,NaN,NaN,NaN,NaN
0,0,0,0,NaN,NaN,NaN,NaN
0,0,0,0,NaN,NaN,NaN,NaN
0,0,0,0,NaN,NaN,NaN,NaN
0,0,0,0,NaN,NaN,NaN,NaN
0,0,0,0,NaN,NaN,NaN,NaN
0,0,0,0,NaN,NaN,NaN,NaN
0,0,0,0,NaN,NaN,NaN,NaN
0,0,0,0,NaN,NaN,NaN,NaN
0,0,0,0,NaN,NaN,NaN,NaN
0,0,0,0,NaN,NaN,NaN,NaN
0,0,0,0,NaN,NaN,NaN,NaN
0,0,0,0,NaN,NaN,NaN,NaN
0,0,0,0,NaN,NaN,NaN,NaN
0,0,0,0,NaN,NaN,NaN,NaN
0,0,0,0,NaN,NaN,NaN,NaN
0,0,0,0,NaN,NaN,NaN,NaN
0,0,0,0,NaN,NaN,NaN,NaN
0,0,0,0,NaN,NaN,NaN,NaN
0,0,0,0,NaN,NaN,NaN,NaN
0,0,0,0,NaN,NaN,NaN,NaN
0,0,0,0,NaN,NaN,NaN,NaN
0,0,0,0,NaN,NaN,NaN,NaN
0,0,0,0,NaN,NaN,NaN,NaN
0,0,0,0,NaN,NaN,NaN,NaN
0,0,0,0,NaN,NaN,NaN,NaN
0,0,0,0,NaN,NaN,NaN,NaN
0,0,0,0,NaN,NaN,NaN,NaN
0,0,0,0,NaN,NaN,NaN,NaN
0,0,0,0,NaN,NaN,NaN,NaN
0,0,0,0,NaN,NaN,NaN,NaN
0,0,0,0,NaN,NaN,NaN,NaN
0,0,0,0,NaN,NaN,NaN,NaN
0,0,0,0,NaN,NaN,NaN,NaN
0,0,0,0,NaN,NaN,NaN,NaN
0,0,0,0,NaN,NaN,NaN,NaN
0,0,0,0,NaN,NaN,NaN,NaN
0,0,0,0,NaN,NaN,NaN,NaN
0,0,0,0,8,NaN,NaN,NaN
0,0,0,0,NaN,NaN,NaN,NaN
0,0,0,0,NaN,NaN,NaN,NaN
0,0,0,0,NaN,NaN,NaN,NaN
0,0,0,0,NaN,NaN,NaN,NaN
0,0,0,0,NaN,NaN,NaN,NaN
0,0,0,0,NaN,NaN,NaN,NaN
0,0,0,0,NaN,NaN,NaN,NaN
0,0,0,0,NaN,NaN,NaN,NaN
0,0,0,0,NaN,NaN,NaN,NaN
0,0,0,0,NaN,NaN,NaN,NaN
0,0,0,0,NaN,NaN,NaN,NaN
0,0,0,0,NaN,NaN,NaN,NaN
0,0,0,0,NaN,NaN,NaN,NaN
0,0,0,0,NaN,NaN,NaN,NaN
0,0,0,0,NaN,NaN,NaN,NaN
0,0,0,0,NaN,NaN,NaN,NaN
0,0,0,0,NaN,NaN,NaN,NaN
0,0,0,0,NaN,NaN,NaN,NaN
0,0,0,0,NaN,NaN,NaN,NaN
0,0,0,0,NaN,NaN,NaN,NaN
0,0,0,0,NaN,NaN,NaN,NaN
0,0,0,0,NaN,NaN,NaN,NaN
0,0,0,0,NaN,NaN,NaN,NaN
0,0,0,0,NaN,NaN,NaN,NaN
0,0,0,0,NaN,NaN,NaN,NaN
0,0,0,0,NaN,NaN,NaN,NaN
0,0,0,0,NaN,NaN,NaN,NaN
0,0,0,0,NaN,NaN,NaN,NaN
0,0,0,0,NaN,NaN,NaN,NaN
0,0,0,0,NaN,NaN,NaN,NaN
0,0,0,0,NaN,NaN,NaN,NaN
0,0,0,0,NaN,NaN,NaN,NaN
0,0,0,0,NaN,NaN,NaN,NaN
0,0,0,0,NaN,NaN,NaN,NaN
0,0,0,0,NaN,NaN,NaN,NaN
0,0,0,0,NaN,NaN,NaN,NaN
0,0,0,0,NaN,NaN,NaN,NaN
0,0,0,0,NaN,NaN,NaN,NaN
0,0,0,0,NaN,NaN,NaN,NaN
0,0,0,0,NaN,NaN,NaN,NaN
0,0,0,0,NaN,NaN,NaN,NaN
0,0,0,0,NaN,NaN,NaN,NaN
0,0,0,0,NaN,NaN,NaN,NaN
0,0,0,0,NaN,NaN,NaN,NaN
0,0,0,0,NaN,NaN,NaN,NaN
0,0,0,0,9,NaN,NaN,NaN
0,0,0,0,7,NaN,NaN,NaN
0,0,0,0,NaN,NaN,NaN,NaN
0,0,0,0,NaN,NaN,NaN,NaN
0,0,0,0,NaN,NaN,NaN,NaN
0,0,0,0,NaN,NaN,NaN,NaN
0,0,0,0,NaN,NaN,NaN,NaN
0,0,0,0,NaN,NaN,NaN,NaN
0,0,0,0,NaN,NaN,NaN,NaN
0,0,0,0,NaN,NaN,NaN,NaN
0,0,0,0,NaN,NaN,NaN,NaN
0,0,0,0,NaN,NaN,NaN,NaN
0,0,0,0,NaN,NaN,NaN,NaN
0,0,0,0,NaN,NaN,NaN,NaN
0,0,0,0,NaN,NaN,NaN,NaN
0,0,0,0,NaN,NaN,NaN,NaN
0,0,0,0,NaN,NaN,NaN,NaN
0,0,0,0,NaN,NaN,NaN,NaN
0,0,0,0,NaN,NaN,NaN,NaN
0,0,0,0,NaN,NaN,NaN,NaN
0,0,0,0,NaN,NaN,NaN,NaN
0,0,0,0,NaN,NaN,NaN,NaN
0,0,0,0,NaN,NaN,NaN,NaN
0,0,0,0,NaN,NaN,NaN,NaN
0,0,0,0,NaN,NaN,NaN,NaN
0,0,0,0,8,NaN,NaN,NaN
0,0,0,0,NaN,NaN,NaN,NaN
0,0,0,0,NaN,NaN,NaN,NaN
0,0,0,0,5,NaN,NaN,NaN
0,0,0,0,NaN,NaN,NaN,NaN
0,0,0,0,NaN,NaN,NaN,NaN
0,0,0,0,NaN,NaN,NaN,NaN
0,0,0,0,NaN,NaN,NaN,NaN
0,0,0,0,NaN,NaN,NaN,NaN
0,0,0,0,NaN,NaN,NaN,NaN
0,0,0,0,6,NaN,NaN,NaN
0,0,0,0,7,NaN,NaN,NaN
0,0,0,0,7,NaN,NaN,NaN
0,0,0,0,NaN,NaN,NaN,NaN
0,0,0,0,NaN,NaN,NaN,NaN
0,0,0,0,NaN,NaN,NaN,NaN
0,0,0,0,NaN,NaN,NaN,NaN
0,0,0,0,NaN,NaN,NaN,NaN
0,0,0,0,NaN,NaN,NaN,NaN
0,0,0,0,NaN,NaN,NaN,NaN
0,0,0,0,NaN,NaN,NaN,NaN
0,0,0,0,NaN,NaN,NaN,NaN
0,0,0,0,NaN,NaN,NaN,NaN
0,0,0,0,1,NaN,NaN,NaN
0,0,0,0,NaN,NaN,NaN,NaN
0,0,0,0,NaN,NaN,NaN,NaN
0,0,0,0,NaN,NaN,NaN,NaN
0,0,0,0,NaN,NaN,NaN,NaN
0,0,0,0,NaN,NaN,NaN,NaN
0,0,0,0,NaN,NaN,NaN,NaN
0,0,0,0,NaN,NaN,NaN,NaN
0,0,0,0,NaN,NaN,NaN,NaN
0,0,0,0,NaN,NaN,NaN,NaN
0,0,0,0,NaN,NaN,NaN,NaN
0,0,0,0,NaN,NaN,NaN,NaN
0,0,0,0,NaN,NaN,NaN,NaN
0,0,0,0,NaN,NaN,NaN,NaN
0,0,0,0,NaN,NaN,NaN,NaN
0,0,0,0,NaN,NaN,NaN,NaN
0,0,0,0,NaN,NaN,NaN,NaN
0,0,0,0,NaN,NaN,NaN,NaN
0,0,0,0,NaN,NaN,NaN,NaN
0,0,0,0,NaN,NaN,NaN,NaN
0,0,0,0,NaN,NaN,NaN,NaN
0,0,0,0,NaN,NaN,NaN,NaN
0,0,0,0,NaN,NaN,NaN,NaN
0,0,0,0,NaN,NaN,NaN,NaN
0,0,0,0,9,NaN,NaN,NaN
0,0,0,0,1,NaN,NaN,NaN
0,0,0,0,NaN,NaN,NaN,NaN
0,0,0,0,NaN,NaN,NaN,NaN
0,0,0,0,NaN,NaN,NaN,NaN
0,0,0,0,NaN,NaN,NaN,NaN
0,0,0,0,NaN,NaN,NaN,NaN
0,0,0,0,NaN,NaN,NaN,NaN
0,0,0,0,NaN,NaN,NaN,NaN
0,0,0,0,NaN,NaN,NaN,NaN
0,0,0,0,NaN,NaN,NaN,NaN
0,0,0,0,NaN,NaN,NaN,NaN
0,0,0,0,NaN,NaN,NaN,NaN
0,0,0,0,NaN,NaN,NaN,NaN
0,0,0,0,NaN,NaN,NaN,NaN
0,0,0,0,NaN,NaN,NaN,NaN
0,0,0,0,NaN,NaN,NaN,NaN
0,0,0,0,NaN,NaN,NaN,NaN
0,0,0,0,NaN,NaN,NaN,NaN
0,0,0,0,NaN,NaN,NaN,NaN
0,0,0,0,NaN,NaN,NaN,NaN
0,0,0,0,NaN,NaN,NaN,NaN
0,0,0,0,5,NaN,NaN,NaN
0,0,0,0,NaN,NaN,NaN,NaN
0,0,0,0,NaN,NaN,NaN,NaN
0,0,0,0,NaN,NaN,NaN,NaN
0,0,0,0,NaN,NaN,NaN,NaN
0,0,0,0,2,NaN,NaN,NaN
0,0,0,0,NaN,NaN,NaN,NaN
0,0,0,0,NaN,NaN,NaN,NaN
0,0,0,0,NaN,NaN,NaN,NaN
0,0,0,0,NaN,NaN,NaN,NaN
0,0,0,0,NaN,NaN,NaN,NaN
0,0,0,0,NaN,NaN,NaN,NaN
0,0,0,0,NaN,NaN,NaN,NaN
0,0,0,0,NaN,NaN,NaN,NaN
0,0,0,0,NaN,NaN,NaN,NaN
0,0,0,0,NaN,NaN,NaN,NaN
0,0,0,0,NaN,NaN,NaN,NaN
0,0,0,0,NaN,NaN,NaN,NaN
0,0,0,0,NaN,NaN,NaN,NaN
0,0,0,0,NaN,NaN,NaN,NaN
0,0,0,0,NaN,NaN,NaN,NaN
0,0,0,0,NaN,NaN,NaN,NaN
0,0,0,0,NaN,NaN,NaN,NaN
0,0,0,0,NaN,NaN,NaN,NaN
0,0,0,0,NaN,NaN,NaN,NaN
0,0,0,0,NaN,NaN,NaN,NaN
0,0,0,0,NaN,NaN,NaN,NaN
0,0,0,0,NaN,NaN,NaN,NaN
0,0,0,0,NaN,NaN,NaN,NaN
0,0,0,0,NaN,NaN,NaN,NaN
0,0,0,0,NaN,NaN,NaN,NaN
0,0,0,0,NaN,NaN,NaN,NaN
0,0,0,0,NaN,NaN,NaN,NaN
0,0,0,0,NaN,NaN,NaN,NaN
0,0,0,0,NaN,NaN,NaN,NaN
0,0,0,0,NaN,NaN,NaN,NaN
0,0,0,0,NaN,NaN,NaN,NaN
0,0,0,0,NaN,NaN,NaN,NaN
0,0,0,0,NaN,NaN,NaN,NaN
0,0,0,0,NaN,NaN,NaN,NaN
0,0,0,0,7,NaN,NaN,NaN
0,0,0,0,NaN,NaN,NaN,NaN
0,0,0,0,NaN,NaN,NaN,NaN
0,0,0,0,NaN,NaN,NaN,NaN
0,0,0,0,NaN,NaN,NaN,NaN
0,0,0,0,NaN,NaN,NaN,NaN
0,0,0,0,NaN,NaN,NaN,NaN
0,0,0,0,NaN,NaN,NaN,NaN
0,0,0,0,NaN,NaN,NaN,NaN
0,0,0,0,4,NaN,NaN,NaN
0,0,0,0,NaN,NaN,NaN,NaN
0,0,0,0,NaN,NaN,NaN,NaN
0,0,0,0,NaN,NaN,NaN,NaN
0,0,0,0,NaN,NaN,NaN,NaN
0,0,0,0,NaN,NaN,NaN,NaN
0,0,0,0,NaN,NaN,NaN,NaN
0,0,0,0,NaN,NaN,NaN,NaN
0,0,0,0,NaN,NaN,NaN,NaN
0,0,0,0,0,NaN,NaN,NaN
0,0,0,0,NaN,NaN,NaN,NaN
0,0,0,0,NaN,NaN,NaN,NaN
0,0,0,0,NaN,NaN,NaN,NaN
0,0,0,0,NaN,NaN,NaN,NaN
0,0,0,0,NaN,NaN,NaN,NaN
0,0,0,0,NaN,NaN,NaN,NaN
0,0,0,0,NaN,NaN,NaN,NaN
0,0,0,0,NaN,NaN,NaN,NaN
0,0,0,0,NaN,NaN,NaN,NaN
0,0,0,0,NaN,NaN,NaN,NaN
0,0,0,0,NaN,NaN,NaN,NaN
0,0,0,0,NaN,NaN,NaN,NaN
0,0,0,0,NaN,NaN,NaN,NaN
0,0,0,0,NaN,NaN,NaN,NaN
0,0,0,0,9,NaN,NaN,NaN
0,0,0,0,NaN,NaN,NaN,NaN
0,0,0,0,NaN,NaN,NaN,NaN
0,0,0,0,NaN,NaN,NaN,NaN
0,0,0,0,NaN,NaN,NaN,NaN
0,0,0,0,NaN,NaN,NaN,NaN
0,0,0,0,NaN,NaN,NaN,NaN
0,0,0,0,NaN,NaN,NaN,NaN
0,0,0,0,NaN,NaN,NaN,NaN
0,0,0,0,NaN,NaN,NaN,NaN
0,0,0,0,NaN,NaN,NaN,NaN
0,0,0,0,NaN,NaN,NaN,NaN
0,0,0,0,NaN,NaN,NaN,NaN
0,0,0,0,NaN,NaN,NaN,NaN
0,0,0,0,NaN,NaN,NaN,NaN
0,0,0,0,NaN,NaN,NaN,NaN
0,0,0,0,NaN,NaN,NaN,NaN
0,0,0,0,NaN,NaN,NaN,NaN
0,0,0,0,NaN,NaN,NaN,NaN
0,0,0,0,NaN,NaN,NaN,NaN
0,0,0,0,NaN,NaN,NaN,NaN
0,0,0,0,NaN,NaN,NaN,NaN
0,0,0,0,NaN,NaN,NaN,NaN
0,0,0,0,NaN,NaN,NaN,NaN
0,0,0,0,NaN,NaN,NaN,NaN
0,0,0,0,NaN,NaN,NaN,NaN
0,0,0,0,NaN,NaN,NaN,NaN
0,0,0,0,NaN,NaN,NaN,NaN
0,0,0,0,NaN,NaN,NaN,NaN
0,0,0,0,NaN,NaN,NaN,NaN
0,0,0,0,NaN,NaN,NaN,NaN
0,0,0,0,NaN,NaN,NaN,NaN
0,0,0,0,NaN,NaN,NaN,NaN
0,0,0,0,NaN,NaN,NaN,NaN
0,0,0,0,NaN,NaN,NaN,NaN
0,0,0,0,NaN,NaN,NaN,NaN
0,0,0,0,NaN,NaN,NaN,NaN
0,0,0,0,NaN,NaN,NaN,NaN
0,0,0,0,NaN,NaN,NaN,NaN
0,0,0,0,NaN,NaN,NaN,NaN
0,0,0,0,NaN,NaN,NaN,NaN
0,0,0,0,NaN,NaN,NaN,NaN
0,0,0,0,NaN,NaN,NaN,NaN
0,0,0,0,NaN,NaN,NaN,NaN
0,0,0,0,0,NaN,NaN,NaN
0,0,0,0,NaN,NaN,NaN,NaN
0,0,0,0,NaN,NaN,NaN,NaN
0,0,0,0,NaN,NaN,NaN,NaN
0,0,0,0,NaN,NaN,NaN,NaN
0,0,0,0,NaN,NaN,NaN,NaN
0,0,0,0,NaN,NaN,NaN,NaN
0,0,0,0,NaN,NaN,NaN,NaN
0,0,0,0,NaN,NaN,NaN,NaN
0,0,0,0,NaN,NaN,NaN,NaN
0,0,0,0,NaN,NaN,NaN,NaN
0,0,0,0,4,NaN,NaN,NaN
0,0,0,0,NaN,NaN,NaN,NaN
0,0,0,0,NaN,NaN,NaN,NaN
0,0,0,0,NaN,NaN,NaN,NaN
0,0,0,0,NaN,NaN,NaN,NaN
0,0,0,0,NaN,NaN,NaN,NaN
0,0,0,0,NaN,NaN,NaN,NaN
0,0,0,0,NaN,NaN,NaN,NaN
0,0,0,0,NaN,NaN,NaN,NaN
0,0,0,0,NaN,NaN,NaN,NaN
0,0,0,0,NaN,NaN,NaN,NaN
0,0,0,0,1,NaN,NaN,NaN
0,0,0,0,NaN,NaN,NaN,NaN
0,0,0,0,NaN,NaN,NaN,NaN
0,0,0,0,NaN,NaN,NaN,NaN
0,0,0,0,NaN,NaN,NaN,NaN
0,0,0,0,NaN,NaN,NaN,NaN
0,0,0,0,1,NaN,NaN,NaN
0,0,0,0,NaN,NaN,NaN,NaN
0,0,0,0,NaN,NaN,NaN,NaN
0,0,0,0,NaN,NaN,NaN,NaN
0,0,0,0,NaN,NaN,NaN,NaN
0,0,0,0,NaN,NaN,NaN,NaN
0,0,0,0,NaN,NaN,NaN,NaN
0,0,0,0,NaN,NaN,NaN,NaN
0,0,0,0,NaN,NaN,NaN,NaN
0,0,0,0,NaN,NaN,NaN,NaN
0,0,0,0,NaN,NaN,NaN,NaN
0,0,0,0,NaN,NaN,NaN,NaN
0,0,0,0,NaN,NaN,NaN,NaN
0,0,0,0,NaN,NaN,NaN,NaN
0,0,0,0,NaN,NaN,NaN,NaN
0,0,0,0,NaN,NaN,NaN,NaN
0,0,0,0,NaN,NaN,NaN,NaN
0,0,0,0,NaN,NaN,NaN,NaN
0,0,0,0,NaN,NaN,NaN,NaN
0,0,0,0,NaN,NaN,NaN,NaN
0,0,0,0,NaN,NaN,NaN,NaN
0,0,0,0,NaN,NaN,NaN,NaN
0,0,0,0,NaN,NaN,NaN,NaN
0,0,0,0,NaN,NaN,NaN,NaN
0,0,0,0,NaN,NaN,NaN,NaN
0,0,0,0,NaN,NaN,NaN,NaN
0,0,0,0,NaN,NaN,NaN,NaN
0,0,0,0,NaN,NaN,NaN,NaN
0,0,0,0,NaN,NaN,NaN,NaN
0,0,0,0,NaN,NaN,NaN,NaN
0,0,0,0,7,NaN,NaN,NaN
0,0,0,0,2,NaN,NaN,NaN
0,0,0,0,2,NaN,NaN,NaN
0,0,0,0,NaN,NaN,NaN,NaN
0,0,0,0,NaN,NaN,NaN,NaN
0,0,0,0,64,NaN,NaN,NaN
0,0,0,0,NaN,NaN,NaN,NaN
0,0,0,0,NaN,NaN,NaN,NaN
0,0,0,0,NaN,NaN,NaN,NaN
0,0,0,0,NaN,NaN,NaN,NaN
0,0,0,0,NaN,NaN,NaN,NaN
0,0,0,0,NaN,NaN,NaN,NaN
0,0,0,0,NaN,NaN,NaN,NaN
0,0,0,0,NaN,NaN,NaN,NaN
0,0,0,0,NaN,NaN,NaN,NaN
0,0,0,0,NaN,NaN,NaN,NaN
0,0,0,0,NaN,NaN,NaN,NaN
0,0,0,0,NaN,NaN,NaN,NaN
0,0,0,0,NaN,NaN,NaN,NaN
0,0,0,0,NaN,NaN,NaN,NaN
0,0,0,0,NaN,NaN,NaN,NaN
0,0,0,0,NaN,NaN,NaN,NaN
0,0,0,0,NaN,NaN,NaN,NaN
0,0,0,0,NaN,NaN,NaN,NaN
0,0,0,0,NaN,NaN,NaN,NaN
0,0,0,0,NaN,NaN,NaN,NaN
0,0,0,0,NaN,NaN,NaN,NaN
0,0,0,0,NaN,NaN,NaN,NaN
0,0,0,0,NaN,NaN,NaN,NaN
0,0,0,0,NaN,NaN,NaN,NaN
0,0,0,0,NaN,NaN,NaN,NaN
0,0,0,0,NaN,NaN,NaN,NaN
0,0,0,0,NaN,NaN,NaN,NaN
0,0,0,0,NaN,NaN,NaN,NaN
0,0,0,0,NaN,NaN,NaN,NaN
0,0,0,0,NaN,NaN,NaN,NaN
0,0,0,0,NaN,NaN,NaN,NaN
0,0,0,0,NaN,NaN,NaN,NaN
0,0,0,0,NaN,NaN,NaN,NaN
0,0,0,0,NaN,NaN,NaN,NaN
0,0,0,0,NaN,NaN,NaN,NaN
0,0,0,0,NaN,NaN,NaN,NaN
0,0,0,0,NaN,NaN,NaN,NaN
0,0,0,0,NaN,NaN,NaN,NaN
0,0,0,0,NaN,NaN,NaN,NaN
0,0,0,0,NaN,NaN,NaN,NaN
0,0,0,0,NaN,NaN,NaN,NaN
0,0,0,0,NaN,NaN,NaN,NaN
0,0,0,0,NaN,NaN,NaN,NaN
0,0,0,0,NaN,NaN,NaN,NaN
0,0,0,0,NaN,NaN,NaN,NaN
0,0,0,0,NaN,NaN,NaN,NaN
0,0,0,0,NaN,NaN,NaN,NaN
0,0,0,0,NaN,NaN,NaN,NaN
0,0,0,0,NaN,NaN,NaN,NaN
0,0,0,0,NaN,NaN,NaN,NaN
0,0,0,0,NaN,NaN,NaN,NaN
0,0,0,0,NaN,NaN,NaN,NaN
0,0,0,0,NaN,NaN,NaN,NaN
0,0,0,0,NaN,NaN,NaN,NaN
0,0,0,0,NaN,NaN,NaN,NaN
0,0,0,0,NaN,NaN,NaN,NaN
0,0,0,0,NaN,NaN,NaN,NaN
0,0,0,0,NaN,NaN,NaN,NaN
0,0,0,0,NaN,NaN,NaN,NaN
0,0,0,0,NaN,NaN,NaN,NaN
0,0,0,0,NaN,NaN,NaN,NaN
0,0,0,0,NaN,NaN,NaN,NaN
0,0,0,0,NaN,NaN,NaN,NaN
0,0,0,0,NaN,NaN,NaN,NaN
0,0,0,0,NaN,NaN,NaN,NaN
0,0,0,0,NaN,NaN,NaN,NaN
0,0,0,0,NaN,NaN,NaN,NaN
0,0,0,0,3,NaN,NaN,NaN
0,0,0,0,7,NaN,NaN,NaN
0,0,0,0,NaN,NaN,NaN,NaN
0,0,0,0,NaN,NaN,NaN,NaN
0,0,0,0,1,NaN,NaN,NaN
0,0,0,0,NaN,NaN,NaN,NaN
0,0,0,0,NaN,NaN,NaN,NaN
0,0,0,0,NaN,NaN,NaN,NaN
0,0,0,0,NaN,NaN,NaN,NaN
0,0,0,0,NaN,NaN,NaN,NaN
0,0,0,0,NaN,NaN,NaN,NaN
0,0,0,0,NaN,NaN,NaN,NaN
0,0,0,0,4,NaN,NaN,NaN
0,0,0,0,NaN,NaN,NaN,NaN
0,0,0,0,NaN,NaN,NaN,NaN
0,0,0,0,NaN,NaN,NaN,NaN
0,0,0,0,NaN,NaN,NaN,NaN
0,0,0,0,NaN,NaN,NaN,NaN
0,0,0,0,NaN,NaN,NaN,NaN
0,0,0,0,NaN,NaN,NaN,NaN
0,0,0,0,NaN,NaN,NaN,NaN
0,0,0,0,NaN,NaN,NaN,NaN
0,0,0,0,NaN,NaN,NaN,NaN
0,0,0,0,NaN,NaN,NaN,NaN
0,0,0,0,NaN,NaN,NaN,NaN
0,0,0,0,NaN,NaN,NaN,NaN
0,0,0,0,NaN,NaN,NaN,NaN
0,0,0,0,0.3,NaN,NaN,NaN
0,0,0,0,NaN,NaN,NaN,NaN
0,0,0,0,NaN,NaN,NaN,NaN
0,0,0,0,NaN,NaN,NaN,NaN
0,0,0,0,NaN,NaN,NaN,NaN
0,0,0,0,NaN,NaN,NaN,NaN
0,0,0,0,NaN,NaN,NaN,NaN
0,0,0,0,NaN,NaN,NaN,NaN
0,0,0,0,8,NaN,NaN,NaN
0,0,0,0,NaN,NaN,NaN,NaN
0,0,0,0,NaN,NaN,NaN,NaN
0,0,0,0,NaN,NaN,NaN,NaN
0,0,0,0,4,NaN,NaN,NaN
0,0,0,0,NaN,NaN,NaN,NaN
0,0,0,0,NaN,NaN,NaN,NaN
0,0,0,0,NaN,NaN,NaN,NaN
0,0,0,0,NaN,NaN,NaN,NaN
0,0,0,0,NaN,NaN,NaN,NaN
0,0,0,0,NaN,NaN,NaN,NaN
0,0,0,0,NaN,NaN,NaN,NaN
0,0,0,0,NaN,NaN,NaN,NaN
0,0,0,0,NaN,NaN,NaN,NaN
0,0,0,0,NaN,NaN,NaN,NaN
0,0,0,0,NaN,NaN,NaN,NaN
0,0,0,0,NaN,NaN,NaN,NaN
0,0,0,0,NaN,NaN,NaN,NaN
0,0,0,0,NaN,NaN,NaN,NaN
0,0,0,0,NaN,NaN,NaN,NaN
0,0,0,0,NaN,NaN,NaN,NaN
0,0,0,0,NaN,NaN,NaN,NaN
0,0,0,0,NaN,NaN,NaN,NaN
0,0,0,0,NaN,NaN,NaN,NaN
0,0,0,0,NaN,NaN,NaN,NaN
0,0,0,0,NaN,NaN,NaN,NaN
0,0,0,0,NaN,NaN,NaN,NaN
0,0,0,0,NaN,NaN,NaN,NaN
0,0,0,0,NaN,NaN,NaN,NaN
0,0,0,0,NaN,NaN,NaN,NaN
0,0,0,0,NaN,NaN,NaN,NaN
0,0,0,0,NaN,NaN,NaN,NaN
0,0,0,0,NaN,NaN,NaN,NaN
0,0,0,0,NaN,NaN,NaN,NaN
0,0,0,0,NaN,NaN,NaN,NaN
0,0,0,0,NaN,NaN,NaN,NaN
0,0,0,0,NaN,NaN,NaN,NaN
0,0,0,0,NaN,NaN,NaN,NaN
0,0,0,0,NaN,NaN,NaN,NaN
0,0,0,0,NaN,NaN,NaN,NaN
0,0,0,0,NaN,NaN,NaN,NaN
0,0,0,0,NaN,NaN,NaN,NaN
0,0,0,0,NaN,NaN,NaN,NaN
0,0,0,0,NaN,NaN,NaN,NaN
0,0,0,0,NaN,NaN,NaN,NaN
0,0,0,0,NaN,NaN,NaN,NaN
0,0,0,0,NaN,NaN,NaN,NaN
0,0,0,0,NaN,NaN,NaN,NaN
0,0,0,0,NaN,NaN,NaN,NaN
0,0,0,0,NaN,NaN,NaN,NaN
0,0,0,0,NaN,NaN,NaN,NaN
0,0,0,0,NaN,NaN,NaN,NaN
0,0,0,0,NaN,NaN,NaN,NaN
0,0,0,0,NaN,NaN,NaN,NaN
0,0,0,0,NaN,NaN,NaN,NaN
0,0,0,0,NaN,NaN,NaN,NaN
0,0,0,0,NaN,NaN,NaN,NaN
0,0,0,0,NaN,NaN,NaN,NaN
0,0,0,0,NaN,NaN,NaN,NaN
0,0,0,0,NaN,NaN,NaN,NaN
0,0,0,0,NaN,NaN,NaN,NaN
0,0,0,0,NaN,NaN,NaN,NaN
0,0,0,0,NaN,NaN,NaN,NaN
0,0,0,0,NaN,NaN,NaN,NaN
0,0,0,0,NaN,NaN,NaN,NaN
0,0,0,0,NaN,NaN,NaN,NaN
0,0,0,0,NaN,NaN,NaN,NaN
0,0,0,0,NaN,NaN,NaN,NaN
0,0,0,0,2,NaN,NaN,NaN
0,0,0,0,NaN,NaN,NaN,NaN
0,0,0,0,NaN,NaN,NaN,NaN
0,0,0,0,NaN,NaN,NaN,NaN
0,0,0,0,NaN,NaN,NaN,NaN
0,0,0,0,NaN,NaN,NaN,NaN
0,0,0,0,9,NaN,NaN,NaN
0,0,0,0,NaN,NaN,NaN,NaN
0,0,0,0,NaN,NaN,NaN,NaN
0,0,0,0,NaN,NaN,NaN,NaN
0,0,0,0,5,NaN,NaN,NaN
0,0,0,0,NaN,NaN,NaN,NaN
0,0,0,0,NaN,NaN,NaN,NaN
0,0,0,0,NaN,NaN,NaN,NaN
0,0,0,0,NaN,NaN,NaN,NaN
0,0,0,0,NaN,NaN,NaN,NaN
0,0,0,0,NaN,NaN,NaN,NaN
0,0,0,0,NaN,NaN,NaN,NaN
0,0,0,0,NaN,NaN,NaN,NaN
0,0,0,0,NaN,NaN,NaN,NaN
0,0,0,0,NaN,NaN,NaN,NaN
0,0,0,0,NaN,NaN,NaN,NaN
0,0,0,0,2,NaN,NaN,NaN
0,0,0,0,NaN,NaN,NaN,NaN
0,0,0,0,NaN,NaN,NaN,NaN
0,0,0,0,NaN,NaN,NaN,NaN
0,0,0,0,NaN,NaN,NaN,NaN
0,0,0,0,NaN,NaN,NaN,NaN
0,0,0,0,NaN,NaN,NaN,NaN
0,0,0,0,NaN,NaN,NaN,NaN
0,0,0,0,NaN,NaN,NaN,NaN
0,0,0,0,NaN,NaN,NaN,NaN
0,0,0,0,NaN,NaN,NaN,NaN
0,0,0,0,NaN,NaN,NaN,NaN
0,0,0,0,NaN,NaN,NaN,NaN
0,0,0,0,NaN,NaN,NaN,NaN
0,0,0,0,NaN,NaN,NaN,NaN
0,0,0,0,NaN,NaN,NaN,NaN
0,0,0,0,NaN,NaN,NaN,NaN
0,0,0,0,4,NaN,NaN,NaN
0,0,0,0,NaN,NaN,NaN,NaN
0,0,0,0,NaN,NaN,NaN,NaN
0,0,0,0,NaN,NaN,NaN,NaN
0,0,0,0,NaN,NaN,NaN,NaN
0,0,0,0,NaN,NaN,NaN,NaN
0,0,0,0,NaN,NaN,NaN,NaN
0,0,0,0,NaN,NaN,NaN,NaN
0,0,0,0,NaN,NaN,NaN,NaN
0,0,0,0,NaN,NaN,NaN,NaN
0,0,0,0,NaN,NaN,NaN,NaN
0,0,0,0,NaN,NaN,NaN,NaN
0,0,0,0,NaN,NaN,NaN,NaN
0,0,0,0,NaN,NaN,NaN,NaN
0,0,0,0,NaN,NaN,NaN,NaN
0,0,0,0,NaN,NaN,NaN,NaN
0,0,0,0,NaN,NaN,NaN,NaN
0,0,0,0,NaN,NaN,NaN,NaN
0,0,0,0,NaN,NaN,NaN,NaN
0,0,0,0,NaN,NaN,NaN,NaN
0,0,0,0,NaN,NaN,NaN,NaN
0,0,0,0,NaN,NaN,NaN,NaN
0,0,0,0,NaN,NaN,NaN,NaN
0,0,0,0,NaN,NaN,NaN,NaN
0,0,0,0,NaN,NaN,NaN,NaN
0,0,0,0,NaN,NaN,NaN,NaN
0,0,0,0,NaN,NaN,NaN,NaN
0,0,0,0,NaN,NaN,NaN,NaN
0,0,0,0,NaN,NaN,NaN,NaN
0,0,0,0,NaN,NaN,NaN,NaN
0,0,0,0,NaN,NaN,NaN,NaN
0,0,0,0,NaN,NaN,NaN,NaN
0,0,0,0,NaN,NaN,NaN,NaN
0,0,0,0,NaN,NaN,NaN,NaN
0,0,0,0,NaN,NaN,NaN,NaN
0,0,0,0,9,NaN,NaN,NaN
0,0,0,0,NaN,NaN,NaN,NaN
0,0,0,0,NaN,NaN,NaN,NaN
0,0,0,0,NaN,NaN,NaN,NaN
0,0,0,0,NaN,NaN,NaN,NaN
0,0,0,0,NaN,NaN,NaN,NaN
0,0,0,0,NaN,NaN,NaN,NaN
0,0,0,0,NaN,NaN,NaN,NaN
0,0,0,0,NaN,NaN,NaN,NaN
0,0,0,0,NaN,NaN,NaN,NaN
0,0,0,0,NaN,NaN,NaN,NaN
0,0,0,0,NaN,NaN,NaN,NaN
0,0,0,0,1,NaN,NaN,NaN
0,0,0,0,NaN,NaN,NaN,NaN
0,0,0,0,NaN,NaN,NaN,NaN
0,0,0,0,NaN,NaN,NaN,NaN
0,0,0,0,NaN,NaN,NaN,NaN
0,0,0,0,NaN,NaN,NaN,NaN
0,0,0,0,NaN,NaN,NaN,NaN
0,0,0,0,NaN,NaN,NaN,NaN
0,0,0,0,NaN,NaN,NaN,NaN
0,0,0,0,NaN,NaN,NaN,NaN
0,0,0,0,NaN,NaN,NaN,NaN
0,0,0,0,NaN,NaN,NaN,NaN
0,0,0,0,2,NaN,NaN,NaN
0,0,0,0,NaN,NaN,NaN,NaN
0,0,0,0,NaN,NaN,NaN,NaN
0,0,0,0,NaN,NaN,NaN,NaN
0,0,0,0,NaN,NaN,NaN,NaN
0,0,0,0,NaN,NaN,NaN,NaN
0,0,0,0,NaN,NaN,NaN,NaN
0,0,0,0,NaN,NaN,NaN,NaN
0,0,0,0,NaN,NaN,NaN,NaN
0,0,0,0,NaN,NaN,NaN,NaN
0,0,0,0,NaN,NaN,NaN,NaN
0,0,0,0,NaN,NaN,NaN,NaN
0,0,0,0,NaN,NaN,NaN,NaN
0,0,0,0,NaN,NaN,NaN,NaN
0,0,0,0,NaN,NaN,NaN,NaN
0,0,0,0,NaN,NaN,NaN,NaN
0,0,0,0,NaN,NaN,NaN,NaN
0,0,0,0,NaN,NaN,NaN,NaN
0,0,0,0,NaN,NaN,NaN,NaN
0,0,0,0,NaN,NaN,NaN,NaN
0,0,0,0,8,NaN,NaN,NaN
0,0,0,0,NaN,NaN,NaN,NaN
0,0,0,0,NaN,NaN,NaN,NaN
0,0,0,0,NaN,NaN,NaN,NaN
0,0,0,0,NaN,NaN,NaN,NaN
0,0,0,0,NaN,NaN,NaN,NaN
0,0,0,0,NaN,NaN,NaN,NaN
0,0,0,0,NaN,NaN,NaN,NaN
0,0,0,0,6,NaN,NaN,NaN
0,0,0,0,NaN,NaN,NaN,NaN
0,0,0,0,NaN,NaN,NaN,NaN
0,0,0,0,NaN,NaN,NaN,NaN
0,0,0,0,NaN,NaN,NaN,NaN
0,0,0,0,NaN,NaN,NaN,NaN
0,0,0,0,NaN,NaN,NaN,NaN
0,0,0,0,9,NaN,NaN,NaN
0,0,0,0,NaN,NaN,NaN,NaN
0,0,0,0,6,NaN,NaN,NaN
0,0,0,0,NaN,NaN,NaN,NaN
0,0,0,0,NaN,NaN,NaN,NaN
0,0,0,0,NaN,NaN,NaN,NaN
0,0,0,0,NaN,NaN,NaN,NaN
0,0,0,0,NaN,NaN,NaN,NaN
0,0,0,0,NaN,NaN,NaN,NaN
0,0,0,0,NaN,NaN,NaN,NaN
0,0,0,0,NaN,NaN,NaN,NaN
0,0,0,0,NaN,NaN,NaN,NaN
0,0,0,0,NaN,NaN,NaN,NaN
0,0,0,0,NaN,NaN,NaN,NaN
0,0,0,0,NaN,NaN,NaN,NaN
0,0,0,0,NaN,NaN,NaN,NaN
0,0,0,0,NaN,NaN,NaN,NaN
0,0,0,0,NaN,NaN,NaN,NaN
0,0,0,0,NaN,NaN,NaN,NaN
0,0,0,0,NaN,NaN,NaN,NaN
0,0,0,0,NaN,NaN,NaN,NaN
0,0,0,0,NaN,NaN,NaN,NaN
0,0,0,0,NaN,NaN,NaN,NaN
0,0,0,0,NaN,NaN,NaN,NaN
0,0,0,0,NaN,NaN,NaN,NaN
0,0,0,0,NaN,NaN,NaN,NaN
0,0,0,0,NaN,NaN,NaN,NaN
0,0,0,0,NaN,NaN,NaN,NaN
0,0,0,0,NaN,NaN,NaN,NaN
0,0,0,0,NaN,NaN,NaN,NaN
0,0,0,0,NaN,NaN,NaN,NaN
0,0,0,0,NaN,NaN,NaN,NaN
0,0,0,0,NaN,NaN,NaN,NaN
0,0,0,0,NaN,NaN,NaN,NaN
0,0,0,0,NaN,NaN,NaN,NaN
0,0,0,0,NaN,NaN,NaN,NaN
0,0,0,0,NaN,NaN,NaN,NaN
0,0,0,0,NaN,NaN,NaN,NaN
0,0,0,0,NaN,NaN,NaN,NaN
0,0,0,0,NaN,NaN,NaN,NaN
0,0,0,0,NaN,NaN,NaN,NaN
0,0,0,0,NaN,NaN,NaN,NaN
0,0,0,0,NaN,NaN,NaN,NaN
0,0,0,0,NaN,NaN,NaN,NaN
0,0,0,0,NaN,NaN,NaN,NaN
0,0,0,0,NaN,NaN,NaN,NaN
0,0,0,0,NaN,NaN,NaN,NaN
0,0,0,0,NaN,NaN,NaN,NaN
0,0,0,0,NaN,NaN,NaN,NaN
0,0,0,0,NaN,NaN,NaN,NaN
0,0,0,0,NaN,NaN,NaN,NaN
0,0,0,0,NaN,NaN,NaN,NaN
0,0,0,0,NaN,NaN,NaN,NaN
0,0,0,0,NaN,NaN,NaN,NaN
0,0,0,0,NaN,NaN,NaN,NaN
0,0,0,0,NaN,NaN,NaN,NaN
0,0,0,0,NaN,NaN,NaN,NaN
0,0,0,0,NaN,NaN,NaN,NaN
0,0,0,0,NaN,NaN,NaN,NaN
0,0,0,0,NaN,NaN,NaN,NaN
0,0,0,0,NaN,NaN,NaN,NaN
0,0,0,0,8,NaN,NaN,NaN
0,0,0,0,NaN,NaN,NaN,NaN
0,0,0,0,NaN,NaN,NaN,NaN
0,0,0,0,NaN,NaN,NaN,NaN
0,0,0,0,NaN,NaN,NaN,NaN
0,0,0,0,NaN,NaN,NaN,NaN
0,0,0,0,NaN,NaN,NaN,NaN
0,0,0,0,NaN,NaN,NaN,NaN
0,0,0,0,9,NaN,NaN,NaN
0,0,0,0,6,NaN,NaN,NaN
0,0,0,0,NaN,NaN,NaN,NaN
0,0,0,0,NaN,NaN,NaN,NaN
0,0,0,0,NaN,NaN,NaN,NaN
0,0,0,0,NaN,NaN,NaN,NaN
0,0,0,0,NaN,NaN,NaN,NaN
0,0,0,0,NaN,NaN,NaN,NaN
0,0,0,0,NaN,NaN,NaN,NaN
0,0,0,0,NaN,NaN,NaN,NaN
0,0,0,0,7,NaN,NaN,NaN
0,0,0,0,NaN,NaN,NaN,NaN
0,0,0,0,NaN,NaN,NaN,NaN
0,0,0,0,NaN,NaN,NaN,NaN
0,0,0,0,NaN,NaN,NaN,NaN
0,0,0,0,NaN,NaN,NaN,NaN
0,0,0,0,3,NaN,NaN,NaN
0,0,0,0,NaN,NaN,NaN,NaN
0,0,0,0,NaN,NaN,NaN,NaN
0,0,0,0,NaN,NaN,NaN,NaN
0,0,0,0,NaN,NaN,NaN,NaN
0,0,0,0,NaN,NaN,NaN,NaN
0,0,0,0,NaN,NaN,NaN,NaN
0,0,0,0,NaN,NaN,NaN,NaN
0,0,0,0,NaN,NaN,NaN,NaN
0,0,0,0,NaN,NaN,NaN,NaN
0,0,0,0,NaN,NaN,NaN,NaN
0,0,0,0,NaN,NaN,NaN,NaN
0,0,0,0,NaN,NaN,NaN,NaN
0,0,0,0,NaN,NaN,NaN,NaN
0,0,0,0,NaN,NaN,NaN,NaN
0,0,0,0,NaN,NaN,NaN,NaN
0,0,0,0,NaN,NaN,NaN,NaN
0,0,0,0,NaN,NaN,NaN,NaN
0,0,0,0,NaN,NaN,NaN,NaN
0,0,0,0,NaN,NaN,NaN,NaN
0,0,0,0,NaN,NaN,NaN,NaN
0,0,0,0,NaN,NaN,NaN,NaN
0,0,0,0,NaN,NaN,NaN,NaN
0,0,0,0,NaN,NaN,NaN,NaN
0,0,0,0,NaN,NaN,NaN,NaN
0,0,0,0,NaN,NaN,NaN,NaN
0,0,0,0,NaN,NaN,NaN,NaN
0,0,0,0,NaN,NaN,NaN,NaN
0,0,0,0,NaN,NaN,NaN,NaN
0,0,0,0,NaN,NaN,NaN,NaN
0,0,0,0,3,NaN,NaN,NaN
0,0,0,0,NaN,NaN,NaN,NaN
0,0,0,0,NaN,NaN,NaN,NaN
0,0,0,0,NaN,NaN,NaN,NaN
0,0,0,0,NaN,NaN,NaN,NaN
0,0,0,0,NaN,NaN,NaN,NaN
0,0,0,0,NaN,NaN,NaN,NaN
0,0,0,0,NaN,NaN,NaN,NaN
0,0,0,0,NaN,NaN,NaN,NaN
0,0,0,0,NaN,NaN,NaN,NaN
0,0,0,0,NaN,NaN,NaN,NaN
0,0,0,0,NaN,NaN,NaN,NaN
0,0,0,0,NaN,NaN,NaN,NaN
0,0,0,0,NaN,NaN,NaN,NaN
0,0,0,0,NaN,NaN,NaN,NaN
0,0,0,0,1,NaN,NaN,NaN
0,0,0,0,NaN,NaN,NaN,NaN
0,0,0,0,NaN,NaN,NaN,NaN
0,0,0,0,NaN,NaN,NaN,NaN
0,0,0,0,NaN,NaN,NaN,NaN
0,0,0,0,NaN,NaN,NaN,NaN
0,0,0,0,NaN,NaN,NaN,NaN
0,0,0,0,NaN,NaN,NaN,NaN
0,0,0,0,NaN,NaN,NaN,NaN
0,0,0,0,NaN,NaN,NaN,NaN
0,0,0,0,NaN,NaN,NaN,NaN
0,0,0,0,NaN,NaN,NaN,NaN
0,0,0,0,NaN,NaN,NaN,NaN
0,0,0,0,NaN,NaN,NaN,NaN
0,0,0,0,NaN,NaN,NaN,NaN
0,0,0,0,NaN,NaN,NaN,NaN
0,0,0,0,NaN,NaN,NaN,NaN
0,0,0,0,NaN,NaN,NaN,NaN
0,0,0,0,NaN,NaN,NaN,NaN
0,0,0,0,4,NaN,NaN,NaN
0,0,0,0,NaN,NaN,NaN,NaN
0,0,0,0,NaN,NaN,NaN,NaN
0,0,0,0,NaN,NaN,NaN,NaN
0,0,0,0,NaN,NaN,NaN,NaN
0,0,0,0,NaN,NaN,NaN,NaN
0,0,0,0,NaN,NaN,NaN,NaN
0,0,0,0,NaN,NaN,NaN,NaN
0,0,0,0,NaN,NaN,NaN,NaN
0,0,0,0,NaN,NaN,NaN,NaN
0,0,0,0,NaN,NaN,NaN,NaN
0,0,0,0,NaN,NaN,NaN,NaN
0,0,0,0,NaN,NaN,NaN,NaN
0,0,0,0,NaN,NaN,NaN,NaN
0,0,0,0,NaN,NaN,NaN,NaN
0,0,0,0,NaN,NaN,NaN,NaN
0,0,0,0,7,NaN,NaN,NaN
0,0,0,0,NaN,NaN,NaN,NaN
0,0,0,0,NaN,NaN,NaN,NaN
0,0,0,0,NaN,NaN,NaN,NaN
0,0,0,0,NaN,NaN,NaN,NaN
0,0,0,0,NaN,NaN,NaN,NaN
0,0,0,0,NaN,NaN,NaN,NaN
0,0,0,0,NaN,NaN,NaN,NaN
0,0,0,0,NaN,NaN,NaN,NaN
0,0,0,0,NaN,NaN,NaN,NaN
0,0,0,0,NaN,NaN,NaN,NaN
0,0,0,0,NaN,NaN,NaN,NaN
0,0,0,0,NaN,NaN,NaN,NaN
0,0,0,0,NaN,NaN,NaN,NaN
0,0,0,0,NaN,NaN,NaN,NaN
0,0,0,0,NaN,NaN,NaN,NaN
0,0,0,0,NaN,NaN,NaN,NaN
0,0,0,0,NaN,NaN,NaN,NaN
0,0,0,0,NaN,NaN,NaN,NaN
0,0,0,0,NaN,NaN,NaN,NaN
0,0,0,0,NaN,NaN,NaN,NaN
0,0,0,0,NaN,NaN,NaN,NaN
0,0,0,0,NaN,NaN,NaN,NaN
0,0,0,0,NaN,NaN,NaN,NaN
0,0,0,0,NaN,NaN,NaN,NaN
0,0,0,0,NaN,NaN,NaN,NaN
0,0,0,0,NaN,NaN,NaN,NaN
0,0,0,0,NaN,NaN,NaN,NaN
0,0,0,0,NaN,NaN,NaN,NaN
0,0,0,0,NaN,NaN,NaN,NaN
0,0,0,0,NaN,NaN,NaN,NaN
0,0,0,0,NaN,NaN,NaN,NaN
0,0,0,0,NaN,NaN,NaN,NaN
0,0,0,0,NaN,NaN,NaN,NaN
0,0,0,0,NaN,NaN,NaN,NaN
0,0,0,0,NaN,NaN,NaN,NaN
0,0,0,0,NaN,NaN,NaN,NaN
0,0,0,0,NaN,NaN,NaN,NaN
0,0,0,0,5,NaN,NaN,NaN
0,0,0,0,NaN,NaN,NaN,NaN
0,0,0,0,NaN,NaN,NaN,NaN
0,0,0,0,NaN,NaN,NaN,NaN
0,0,0,0,NaN,NaN,NaN,NaN
0,0,0,0,NaN,NaN,NaN,NaN
0,0,0,0,NaN,NaN,NaN,NaN
0,0,0,0,NaN,NaN,NaN,NaN
0,0,0,0,NaN,NaN,NaN,NaN
0,0,0,0,NaN,NaN,NaN,NaN
0,0,0,0,NaN,NaN,NaN,NaN
0,0,0,0,NaN,NaN,NaN,NaN
0,0,0,0,NaN,NaN,NaN,NaN
0,0,0,0,NaN,NaN,NaN,NaN
0,0,0,0,NaN,NaN,NaN,NaN
0,0,0,0,NaN,NaN,NaN,NaN
0,0,0,0,NaN,NaN,NaN,NaN
0,0,0,0,NaN,NaN,NaN,NaN
0,0,0,0,NaN,NaN,NaN,NaN
0,0,0,0,9,NaN,NaN,NaN
0,0,0,0,NaN,NaN,NaN,NaN
0,0,0,0,NaN,NaN,NaN,NaN
0,0,0,0,6,NaN,NaN,NaN
0,0,0,0,NaN,NaN,NaN,NaN
0,0,0,0,NaN,NaN,NaN,NaN
0,0,0,0,NaN,NaN,NaN,NaN
0,0,0,0,NaN,NaN,NaN,NaN
0,0,0,0,NaN,NaN,NaN,NaN
0,0,0,0,NaN,NaN,NaN,NaN
0,0,0,0,NaN,NaN,NaN,NaN
0,0,0,0,NaN,NaN,NaN,NaN
0,0,0,0,NaN,NaN,NaN,NaN
0,0,0,0,NaN,NaN,NaN,NaN
0,0,0,0,NaN,NaN,NaN,NaN
0,0,0,0,NaN,NaN,NaN,NaN
0,0,0,0,9,NaN,NaN,NaN
0,0,0,0,NaN,NaN,NaN,NaN
0,0,0,0,NaN,NaN,NaN,NaN
0,0,0,0,NaN,NaN,NaN,NaN
0,0,0,0,NaN,NaN,NaN,NaN
0,0,0,0,NaN,NaN,NaN,NaN
0,0,0,0,NaN,NaN,NaN,NaN
0,0,0,0,NaN,NaN,NaN,NaN
0,0,0,0,NaN,NaN,NaN,NaN
0,0,0,0,NaN,NaN,NaN,NaN
0,0,0,0,NaN,NaN,NaN,NaN
0,0,0,0,NaN,NaN,NaN,NaN
0,0,0,0,NaN,NaN,NaN,NaN
0,0,0,0,NaN,NaN,NaN,NaN
0,0,0,0,NaN,NaN,NaN,NaN
0,0,0,0,NaN,NaN,NaN,NaN
0,0,0,0,NaN,NaN,NaN,NaN
0,0,0,0,NaN,NaN,NaN,NaN
0,0,0,0,NaN,NaN,NaN,NaN
0,0,0,0,NaN,NaN,NaN,NaN
0,0,0,0,NaN,NaN,NaN,NaN
0,0,0,0,NaN,NaN,NaN,NaN
0,0,0,0,NaN,NaN,NaN,NaN
0,0,0,0,NaN,NaN,NaN,NaN
0,0,0,0,NaN,NaN,NaN,NaN
0,0,0,0,NaN,NaN,NaN,NaN
0,0,0,0,NaN,NaN,NaN,NaN
0,0,0,0,NaN,NaN,NaN,NaN
0,0,0,0,NaN,NaN,NaN,NaN
0,0,0,0,NaN,NaN,NaN,NaN
0,0,0,0,3,NaN,NaN,NaN
0,0,0,0,NaN,NaN,NaN,NaN
0,0,0,0,NaN,NaN,NaN,NaN
0,0,0,0,NaN,NaN,NaN,NaN
0,0,0,0,NaN,NaN,NaN,NaN
0,0,0,0,NaN,NaN,NaN,NaN
0,0,0,0,NaN,NaN,NaN,NaN
0,0,0,0,NaN,NaN,NaN,NaN
0,0,0,0,NaN,NaN,NaN,NaN
0,0,0,0,NaN,NaN,NaN,NaN
0,0,0,0,NaN,NaN,NaN,NaN
0,0,0,0,1,NaN,NaN,NaN
0,0,0,0,NaN,NaN,NaN,NaN
0,0,0,0,NaN,NaN,NaN,NaN
0,0,0,0,NaN,NaN,NaN,NaN
0,0,0,0,NaN,NaN,NaN,NaN
0,0,0,0,NaN,NaN,NaN,NaN
0,0,0,0,NaN,NaN,NaN,NaN
0,0,0,0,NaN,NaN,NaN,NaN
0,0,0,0,NaN,NaN,NaN,NaN
0,0,0,0,NaN,NaN,NaN,NaN
0,0,0,0,NaN,NaN,NaN,NaN
0,0,0,0,NaN,NaN,NaN,NaN
0,0,0,0,NaN,NaN,NaN,NaN
0,0,0,0,NaN,NaN,NaN,NaN
0,0,0,0,NaN,NaN,NaN,NaN
0,0,0,0,NaN,NaN,NaN,NaN
0,0,0,0,NaN,NaN,NaN,NaN
0,0,0,0,6,NaN,NaN,NaN
0,0,0,0,NaN,NaN,NaN,NaN
0,0,0,0,NaN,NaN,NaN,NaN
0,0,0,0,NaN,NaN,NaN,NaN
0,0,0,0,NaN,NaN,NaN,NaN
0,0,0,0,NaN,NaN,NaN,NaN
0,0,0,0,NaN,NaN,NaN,NaN
0,0,0,0,NaN,NaN,NaN,NaN
0,0,0,0,NaN,NaN,NaN,NaN
0,0,0,0,NaN,NaN,NaN,NaN
0,0,0,0,NaN,NaN,NaN,NaN
0,0,0,0,NaN,NaN,NaN,NaN
0,0,0,0,NaN,NaN,NaN,NaN
0,0,0,0,NaN,NaN,NaN,NaN
0,0,0,0,NaN,NaN,NaN,NaN
0,0,0,0,NaN,NaN,NaN,NaN
0,0,0,0,NaN,NaN,NaN,NaN
0,0,0,0,NaN,NaN,NaN,NaN
0,0,0,0,NaN,NaN,NaN,NaN
0,0,0,0,NaN,NaN,NaN,NaN
0,0,0,0,NaN,NaN,NaN,NaN
0,0,0,0,0,NaN,NaN,NaN
0,0,0,0,NaN,NaN,NaN,NaN
0,0,0,0,NaN,NaN,NaN,NaN
0,0,0,0,NaN,NaN,NaN,NaN
0,0,0,0,NaN,NaN,NaN,NaN
0,0,0,0,NaN,NaN,NaN,NaN
0,0,0,0,NaN,NaN,NaN,NaN
0,0,0,0,NaN,NaN,NaN,NaN
0,0,0,0,NaN,NaN,NaN,NaN
0,0,0,0,NaN,NaN,NaN,NaN
0,0,0,0,NaN,NaN,NaN,NaN
0,0,0,0,NaN,NaN,NaN,NaN
0,0,0,0,NaN,NaN,NaN,NaN
0,0,0,0,NaN,NaN,NaN,NaN
0,0,0,0,NaN,NaN,NaN,NaN
0,0,0,0,NaN,NaN,NaN,NaN
0,0,0,0,NaN,NaN,NaN,NaN
0,0,0,0,NaN,NaN,NaN,NaN
0,0,0,0,NaN,NaN,NaN,NaN
0,0,0,0,NaN,NaN,NaN,NaN
0,0,0,0,NaN,NaN,NaN,NaN
0,0,0,0,NaN,NaN,NaN,NaN
0,0,0,0,NaN,NaN,NaN,NaN
0,0,0,0,NaN,NaN,NaN,NaN
0,0,0,0,NaN,NaN,NaN,NaN
0,0,0,0,NaN,NaN,NaN,NaN
0,0,0,0,NaN,NaN,NaN,NaN
0,0,0,0,NaN,NaN,NaN,NaN
0,0,0,0,NaN,NaN,NaN,NaN
0,0,0,0,NaN,NaN,NaN,NaN
0,0,0,0,NaN,NaN,NaN,NaN
0,0,0,0,9,NaN,NaN,NaN
0,0,0,0,NaN,NaN,NaN,NaN
0,0,0,0,NaN,NaN,NaN,NaN
0,0,0,0,NaN,NaN,NaN,NaN
0,0,0,0,NaN,NaN,NaN,NaN
0,0,0,0,NaN,NaN,NaN,NaN
0,0,0,0,NaN,NaN,NaN,NaN
0,0,0,0,NaN,NaN,NaN,NaN
0,0,0,0,0,NaN,NaN,NaN
0,0,0,0,NaN,NaN,NaN,NaN
0,0,0,0,NaN,NaN,NaN,NaN
0,0,0,0,7,NaN,NaN,NaN
0,0,0,0,NaN,NaN,NaN,NaN
0,0,0,0,NaN,NaN,NaN,NaN
0,0,0,0,NaN,NaN,NaN,NaN
0,0,0,0,NaN,NaN,NaN,NaN
0,0,0,0,NaN,NaN,NaN,NaN
0,0,0,0,NaN,NaN,NaN,NaN
0,0,0,0,NaN,NaN,NaN,NaN
0,0,0,0,NaN,NaN,NaN,NaN
0,0,0,0,NaN,NaN,NaN,NaN
0,0,0,0,NaN,NaN,NaN,NaN
0,0,0,0,NaN,NaN,NaN,NaN
0,0,0,0,NaN,NaN,NaN,NaN
0,0,0,0,NaN,NaN,NaN,NaN
0,0,0,0,NaN,NaN,NaN,NaN
0,0,0,0,NaN,NaN,NaN,NaN
0,0,0,0,NaN,NaN,NaN,NaN
0,0,0,0,NaN,NaN,NaN,NaN
0,0,0,0,NaN,NaN,NaN,NaN
0,0,0,0,NaN,NaN,NaN,NaN
0,0,0,0,NaN,NaN,NaN,NaN
0,0,0,0,NaN,NaN,NaN,NaN
0,0,0,0,NaN,NaN,NaN,NaN
0,0,0,0,NaN,NaN,NaN,NaN
0,0,0,0,NaN,NaN,NaN,NaN
0,0,0,0,NaN,NaN,NaN,NaN
0,0,0,0,NaN,NaN,NaN,NaN
0,0,0,0,NaN,NaN,NaN,NaN
0,0,0,0,NaN,NaN,NaN,NaN
0,0,0,0,NaN,NaN,NaN,NaN
0,0,0,0,NaN,NaN,NaN,NaN
0,0,0,0,NaN,NaN,NaN,NaN
0,0,0,0,NaN,NaN,NaN,NaN
0,0,0,0,NaN,NaN,NaN,NaN
0,0,0,0,NaN,NaN,NaN,NaN
0,0,0,0,NaN,NaN,NaN,NaN
0,0,0,0,NaN,NaN,NaN,NaN
0,0,0,0,NaN,NaN,NaN,NaN
0,0,0,0,NaN,NaN,NaN,NaN
0,0,0,0,NaN,NaN,NaN,NaN
0,0,0,0,NaN,NaN,NaN,NaN
0,0,0,0,NaN,NaN,NaN,NaN
0,0,0,0,NaN,NaN,NaN,NaN
0,0,0,0,NaN,NaN,NaN,NaN
0,0,0,0,NaN,NaN,NaN,NaN
0,0,0,0,NaN,NaN,NaN,NaN
0,0,0,0,NaN,NaN,NaN,NaN
0,0,0,0,NaN,NaN,NaN,NaN
0,0,0,0,NaN,NaN,NaN,NaN
0,0,0,0,NaN,NaN,NaN,NaN
0,0,0,0,NaN,NaN,NaN,NaN
0,0,0,0,NaN,NaN,NaN,NaN
0,0,0,0,NaN,NaN,NaN,NaN
0,0,0,0,8,NaN,NaN,NaN
0,0,0,0,NaN,NaN,NaN,NaN
0,0,0,0,NaN,NaN,NaN,NaN
0,0,0,0,NaN,NaN,NaN,NaN
0,0,0,0,NaN,NaN,NaN,NaN
0,0,0,0,NaN,NaN,NaN,NaN
0,0,0,0,NaN,NaN,NaN,NaN
0,0,0,0,NaN,NaN,NaN,NaN
0,0,0,0,NaN,NaN,NaN,NaN
0,0,0,0,NaN,NaN,NaN,NaN
0,0,0,0,NaN,NaN,NaN,NaN
0,0,0,0,7,NaN,NaN,NaN
0,0,0,0,NaN,NaN,NaN,NaN
0,0,0,0,NaN,NaN,NaN,NaN
0,0,0,0,NaN,NaN,NaN,NaN
0,0,0,0,NaN,NaN,NaN,NaN
0,0,0,0,NaN,NaN,NaN,NaN
0,0,0,0,NaN,NaN,NaN,NaN
0,0,0,0,NaN,NaN,NaN,NaN
0,0,0,0,NaN,NaN,NaN,NaN
0,0,0,0,NaN,NaN,NaN,NaN
0,0,0,0,NaN,NaN,NaN,NaN
0,0,0,0,NaN,NaN,NaN,NaN
0,0,0,0,NaN,NaN,NaN,NaN
0,0,0,0,NaN,NaN,NaN,NaN
0,0,0,0,NaN,NaN,NaN,NaN
0,0,0,0,NaN,NaN,NaN,NaN
0,0,0,0,NaN,NaN,NaN,NaN
0,0,0,0,NaN,NaN,NaN,NaN
0,0,0,0,NaN,NaN,NaN,NaN
0,0,0,0,NaN,NaN,NaN,NaN
0,0,0,0,NaN,NaN,NaN,NaN
0,0,0,0,7,NaN,NaN,NaN
0,0,0,0,NaN,NaN,NaN,NaN
0,0,0,0,NaN,NaN,NaN,NaN
0,0,0,0,NaN,NaN,NaN,NaN
0,0,0,0,NaN,NaN,NaN,NaN
0,0,0,0,NaN,NaN,NaN,NaN
0,0,0,0,NaN,NaN,NaN,NaN
0,0,0,0,NaN,NaN,NaN,NaN
0,0,0,0,NaN,NaN,NaN,NaN
0,0,0,0,NaN,NaN,NaN,NaN
0,0,0,0,NaN,NaN,NaN,NaN
0,0,0,0,NaN,NaN,NaN,NaN
0,0,0,0,NaN,NaN,NaN,NaN
0,0,0,0,NaN,NaN,NaN,NaN
0,0,0,0,NaN,NaN,NaN,NaN
0,0,0,0,NaN,NaN,NaN,NaN
0,0,0,0,NaN,NaN,NaN,NaN
0,0,0,0,NaN,NaN,NaN,NaN
0,0,0,0,NaN,NaN,NaN,NaN
0,0,0,0,NaN,NaN,NaN,NaN
0,0,0,0,NaN,NaN,NaN,NaN
0,0,0,0,NaN,NaN,NaN,NaN
0,0,0,0,NaN,NaN,NaN,NaN
0,0,0,0,NaN,NaN,NaN,NaN
0,0,0,0,NaN,NaN,NaN,NaN
0,0,0,0,NaN,NaN,NaN,NaN
0,0,0,0,6,NaN,NaN,NaN
0,0,0,0,NaN,NaN,NaN,NaN
0,0,0,0,NaN,NaN,NaN,NaN
0,0,0,0,NaN,NaN,NaN,NaN
0,0,0,0,1,NaN,NaN,NaN
0,0,0,0,NaN,NaN,NaN,NaN
0,0,0,0,NaN,NaN,NaN,NaN
0,0,0,0,NaN,NaN,NaN,NaN
0,0,0,0,NaN,NaN,NaN,NaN
0,0,0,0,NaN,NaN,NaN,NaN
0,0,0,0,NaN,NaN,NaN,NaN
0,0,0,0,NaN,NaN,NaN,NaN
0,0,0,0,NaN,NaN,NaN,NaN
0,0,0,0,NaN,NaN,NaN,NaN
0,0,0,0,NaN,NaN,NaN,NaN
0,0,0,0,NaN,NaN,NaN,NaN
0,0,0,0,NaN,NaN,NaN,NaN
0,0,0,0,NaN,NaN,NaN,NaN
0,0,0,0,NaN,NaN,NaN,NaN
0,0,0,0,2,NaN,NaN,NaN
0,0,0,0,NaN,NaN,NaN,NaN
0,0,0,0,NaN,NaN,NaN,NaN
0,0,0,0,NaN,NaN,NaN,NaN
0,0,0,0,NaN,NaN,NaN,NaN
0,0,0,0,NaN,NaN,NaN,NaN
0,0,0,0,NaN,NaN,NaN,NaN
0,0,0,0,NaN,NaN,NaN,NaN
0,0,0,0,NaN,NaN,NaN,NaN
0,0,0,0,NaN,NaN,NaN,NaN
0,0,0,0,NaN,NaN,NaN,NaN
0,0,0,0,NaN,NaN,NaN,NaN
0,0,0,0,NaN,NaN,NaN,NaN
0,0,0,0,NaN,NaN,NaN,NaN
0,0,0,0,NaN,NaN,NaN,NaN
0,0,0,0,NaN,NaN,NaN,NaN
0,0,0,0,NaN,NaN,NaN,NaN
0,0,0,0,NaN,NaN,NaN,NaN
0,0,0,0,NaN,NaN,NaN,NaN
0,0,0,0,5,NaN,NaN,NaN
0,0,0,0,NaN,NaN,NaN,NaN
0,0,0,0,NaN,NaN,NaN,NaN
0,0,0,0,9,NaN,NaN,NaN
0,0,0,0,NaN,NaN,NaN,NaN
0,0,0,0,NaN,NaN,NaN,NaN
0,0,0,0,NaN,NaN,NaN,NaN
0,0,0,0,NaN,NaN,NaN,NaN
0,0,0,0,NaN,NaN,NaN,NaN
0,0,0,0,NaN,NaN,NaN,NaN
0,0,0,0,NaN,NaN,NaN,NaN
0,0,0,0,NaN,NaN,NaN,NaN
0,0,0,0,2,NaN,NaN,NaN
0,0,0,0,NaN,NaN,NaN,NaN
0,0,0,0,NaN,NaN,NaN,NaN
0,0,0,0,NaN,NaN,NaN,NaN
0,0,0,0,NaN,NaN,NaN,NaN
0,0,0,0,NaN,NaN,NaN,NaN
0,0,0,0,NaN,NaN,NaN,NaN
0,0,0,0,NaN,NaN,NaN,NaN
0,0,0,0,NaN,NaN,NaN,NaN
0,0,0,0,NaN,NaN,NaN,NaN
0,0,0,0,NaN,NaN,NaN,NaN
0,0,0,0,NaN,NaN,NaN,NaN
0,0,0,0,NaN,NaN,NaN,NaN
0,0,0,0,NaN,NaN,NaN,NaN
0,0,0,0,NaN,NaN,NaN,NaN
0,0,0,0,3,NaN,NaN,NaN
0,0,0,0,NaN,NaN,NaN,NaN
0,0,0,0,7,NaN,NaN,NaN
0,0,0,0,NaN,NaN,NaN,NaN
0,0,0,0,NaN,NaN,NaN,NaN
0,0,0,0,7,NaN,NaN,NaN
0,0,0,0,NaN,NaN,NaN,NaN
0,0,0,0,4,NaN,NaN,NaN
0,0,0,0,NaN,NaN,NaN,NaN
0,0,0,0,NaN,NaN,NaN,NaN
0,0,0,0,NaN,NaN,NaN,NaN
0,0,0,0,NaN,NaN,NaN,NaN
0,0,0,0,NaN,NaN,NaN,NaN
0,0,0,0,NaN,NaN,NaN,NaN
0,0,0,0,NaN,NaN,NaN,NaN
0,0,0,0,NaN,NaN,NaN,NaN
0,0,0,0,NaN,NaN,NaN,NaN
0,0,0,0,NaN,NaN,NaN,NaN
0,0,0,0,NaN,NaN,NaN,NaN
0,0,0,0,NaN,NaN,NaN,NaN
0,0,0,0,NaN,NaN,NaN,NaN
0,0,0,0,NaN,NaN,NaN,NaN
0,0,0,0,NaN,NaN,NaN,NaN
0,0,0,0,NaN,NaN,NaN,NaN
0,0,0,0,NaN,NaN,NaN,NaN
0,0,0,0,NaN,NaN,NaN,NaN
0,0,0,0,NaN,NaN,NaN,NaN
0,0,0,0,2,NaN,NaN,NaN
0,0,0,0,5,NaN,NaN,NaN
0,0,0,0,NaN,NaN,NaN,NaN
0,0,0,0,NaN,NaN,NaN,NaN
0,0,0,0,NaN,NaN,NaN,NaN
0,0,0,0,NaN,NaN,NaN,NaN
0,0,0,0,NaN,NaN,NaN,NaN
0,0,0,0,NaN,NaN,NaN,NaN
0,0,0,0,NaN,NaN,NaN,NaN
0,0,0,0,NaN,NaN,NaN,NaN
0,0,0,0,NaN,NaN,NaN,NaN
0,0,0,0,NaN,NaN,NaN,NaN
0,0,0,0,NaN,NaN,NaN,NaN
0,0,0,0,NaN,NaN,NaN,NaN
0,0,0,0,NaN,NaN,NaN,NaN
0,0,0,0,NaN,NaN,NaN,NaN
0,0,0,0,NaN,NaN,NaN,NaN
0,0,0,0,NaN,NaN,NaN,NaN
0,0,0,0,NaN,NaN,NaN,NaN
0,0,0,0,NaN,NaN,NaN,NaN
0,0,0,0,NaN,NaN,NaN,NaN
0,0,0,0,NaN,NaN,NaN,NaN
0,0,0,0,NaN,NaN,NaN,NaN
0,0,0,0,NaN,NaN,NaN,NaN
0,0,0,0,NaN,NaN,NaN,NaN
0,0,0,0,NaN,NaN,NaN,NaN
0,0,0,0,NaN,NaN,NaN,NaN
0,0,0,0,NaN,NaN,NaN,NaN
0,0,0,0,4,NaN,NaN,NaN
0,0,0,0,NaN,NaN,NaN,NaN
0,0,0,0,NaN,NaN,NaN,NaN
0,0,0,0,NaN,NaN,NaN,NaN
0,0,0,0,NaN,NaN,NaN,NaN
0,0,0,0,9,NaN,NaN,NaN
0,0,0,0,NaN,NaN,NaN,NaN
0,0,0,0,NaN,NaN,NaN,NaN
0,0,0,0,2,NaN,NaN,NaN
0,0,0,0,NaN,NaN,NaN,NaN
0,0,0,0,NaN,NaN,NaN,NaN
0,0,0,0,NaN,NaN,NaN,NaN
0,0,0,0,NaN,NaN,NaN,NaN
0,0,0,0,NaN,NaN,NaN,NaN
0,0,0,0,NaN,NaN,NaN,NaN
0,0,0,0,NaN,NaN,NaN,NaN
0,0,0,0,NaN,NaN,NaN,NaN
0,0,0,0,NaN,NaN,NaN,NaN
0,0,0,0,NaN,NaN,NaN,NaN
0,0,0,0,NaN,NaN,NaN,NaN
0,0,0,0,NaN,NaN,NaN,NaN
0,0,0,0,NaN,NaN,NaN,NaN
0,0,0,0,NaN,NaN,NaN,NaN
0,0,0,0,NaN,NaN,NaN,NaN
0,0,0,0,NaN,NaN,NaN,NaN
0,0,0,0,NaN,NaN,NaN,NaN
0,0,0,0,NaN,NaN,NaN,NaN
0,0,0,0,2,NaN,NaN,NaN
0,0,0,0,NaN,NaN,NaN,NaN
0,0,0,0,NaN,NaN,NaN,NaN
0,0,0,0,NaN,NaN,NaN,NaN
0,0,0,0,NaN,NaN,NaN,NaN
0,0,0,0,NaN,NaN,NaN,NaN
0,0,0,0,NaN,NaN,NaN,NaN
0,0,0,0,NaN,NaN,NaN,NaN
0,0,0,0,NaN,NaN,NaN,NaN
0,0,0,0,NaN,NaN,NaN,NaN
0,0,0,0,NaN,NaN,NaN,NaN
0,0,0,0,NaN,NaN,NaN,NaN
0,0,0,0,NaN,NaN,NaN,NaN
0,0,0,0,NaN,NaN,NaN,NaN
0,0,0,0,NaN,NaN,NaN,NaN
0,0,0,0,NaN,NaN,NaN,NaN
0,0,0,0,NaN,NaN,NaN,NaN
0,0,0,0,NaN,NaN,NaN,NaN
0,0,0,0,NaN,NaN,NaN,NaN
0,0,0,0,NaN,NaN,NaN,NaN
0,0,0,0,NaN,NaN,NaN,NaN
0,0,0,0,NaN,NaN,NaN,NaN
0,0,0,0,NaN,NaN,NaN,NaN
0,0,0,0,NaN,NaN,NaN,NaN
0,0,0,0,NaN,NaN,NaN,NaN
0,0,0,0,NaN,NaN,NaN,NaN
0,0,0,0,NaN,NaN,NaN,NaN
0,0,0,0,NaN,NaN,NaN,NaN
0,0,0,0,NaN,NaN,NaN,NaN
0,0,0,0,NaN,NaN,NaN,NaN
0,0,0,0,NaN,NaN,NaN,NaN
0,0,0,0,NaN,NaN,NaN,NaN
0,0,0,0,NaN,NaN,NaN,NaN
0,0,0,0,NaN,NaN,NaN,NaN
0,0,0,0,NaN,NaN,NaN,NaN
0,0,0,0,NaN,NaN,NaN,NaN
0,0,0,0,NaN,NaN,NaN,NaN
0,0,0,0,NaN,NaN,NaN,NaN
0,0,0,0,NaN,NaN,NaN,NaN
0,0,0,0,NaN,NaN,NaN,NaN
0,0,0,0,NaN,NaN,NaN,NaN
0,0,0,0,NaN,NaN,NaN,NaN
0,0,0,0,NaN,NaN,NaN,NaN
0,0,0,0,NaN,NaN,NaN,NaN
0,0,0,0,NaN,NaN,NaN,NaN
0,0,0,0,NaN,NaN,NaN,NaN
0,0,0,0,4,NaN,NaN,NaN
0,0,0,0,NaN,NaN,NaN,NaN
0,0,0,0,NaN,NaN,NaN,NaN
0,0,0,0,NaN,NaN,NaN,NaN
0,0,0,0,NaN,NaN,NaN,NaN
0,0,0,0,NaN,NaN,NaN,NaN
0,0,0,0,NaN,NaN,NaN,NaN
0,0,0,0,NaN,NaN,NaN,NaN
0,0,0,0,NaN,NaN,NaN,NaN
0,0,0,0,NaN,NaN,NaN,NaN
0,0,0,0,NaN,NaN,NaN,NaN
0,0,0,0,NaN,NaN,NaN,NaN
0,0,0,0,NaN,NaN,NaN,NaN
0,0,0,0,NaN,NaN,NaN,NaN
0,0,0,0,9,NaN,NaN,NaN
0,0,0,0,NaN,NaN,NaN,NaN
0,0,0,0,NaN,NaN,NaN,NaN
0,0,0,0,NaN,NaN,NaN,NaN
0,0,0,0,NaN,NaN,NaN,NaN
0,0,0,0,NaN,NaN,NaN,NaN
0,0,0,0,NaN,NaN,NaN,NaN
0,0,0,0,NaN,NaN,NaN,NaN
0,0,0,0,NaN,NaN,NaN,NaN
0,0,0,0,NaN,NaN,NaN,NaN
0,0,0,0,NaN,NaN,NaN,NaN
0,0,0,0,NaN,NaN,NaN,NaN
0,0,0,0,NaN,NaN,NaN,NaN
0,0,0,0,NaN,NaN,NaN,NaN
0,0,0,0,NaN,NaN,NaN,NaN
0,0,0,0,NaN,NaN,NaN,NaN
0,0,0,0,NaN,NaN,NaN,NaN
0,0,0,0,NaN,NaN,NaN,NaN
0,0,0,0,NaN,NaN,NaN,NaN
0,0,0,0,NaN,NaN,NaN,NaN
0,0,0,0,NaN,NaN,NaN,NaN
0,0,0,0,NaN,NaN,NaN,NaN
0,0,0,0,NaN,NaN,NaN,NaN
0,0,0,0,NaN,NaN,NaN,NaN
0,0,0,0,NaN,NaN,NaN,NaN
0,0,0,0,NaN,NaN,NaN,NaN
0,0,0,0,NaN,NaN,NaN,NaN
0,0,0,0,NaN,NaN,NaN,NaN
0,0,0,0,NaN,NaN,NaN,NaN
0,0,0,0,NaN,NaN,NaN,NaN
0,0,0,0,NaN,NaN,NaN,NaN
0,0,0,0,NaN,NaN,NaN,NaN
0,0,0,0,NaN,NaN,NaN,NaN
0,0,0,0,NaN,NaN,NaN,NaN
0,0,0,0,NaN,NaN,NaN,NaN
0,0,0,0,NaN,NaN,NaN,NaN
0,0,0,0,NaN,NaN,NaN,NaN
0,0,0,0,NaN,NaN,NaN,NaN
0,0,0,0,NaN,NaN,NaN,NaN
0,0,0,0,NaN,NaN,NaN,NaN
0,0,0,0,NaN,NaN,NaN,NaN
0,0,0,0,NaN,NaN,NaN,NaN
0,0,0,0,1,NaN,NaN,NaN
0,0,0,0,NaN,NaN,NaN,NaN
0,0,0,0,NaN,NaN,NaN,NaN
0,0,0,0,NaN,NaN,NaN,NaN
0,0,0,0,NaN,NaN,NaN,NaN
0,0,0,0,NaN,NaN,NaN,NaN
0,0,0,0,NaN,NaN,NaN,NaN
0,0,0,0,NaN,NaN,NaN,NaN
0,0,0,0,NaN,NaN,NaN,NaN
0,0,0,0,NaN,NaN,NaN,NaN
0,0,0,0,NaN,NaN,NaN,NaN
0,0,0,0,NaN,NaN,NaN,NaN
0,0,0,0,NaN,NaN,NaN,NaN
0,0,0,0,NaN,NaN,NaN,NaN
0,0,0,0,NaN,NaN,NaN,NaN
0,0,0,0,NaN,NaN,NaN,NaN
0,0,0,0,NaN,NaN,NaN,NaN
0,0,0,0,NaN,NaN,NaN,NaN
0,0,0,0,NaN,NaN,NaN,NaN
0,0,0,0,NaN,NaN,NaN,NaN
0,0,0,0,NaN,NaN,NaN,NaN
0,0,0,0,NaN,NaN,NaN,NaN
0,0,0,0,NaN,NaN,NaN,NaN
0,0,0,0,NaN,NaN,NaN,NaN
0,0,0,0,NaN,NaN,NaN,NaN
0,0,0,0,NaN,NaN,NaN,NaN
0,0,0,0,NaN,NaN,NaN,NaN
0,0,0,0,NaN,NaN,NaN,NaN
0,0,0,0,NaN,NaN,NaN,NaN
0,0,0,0,NaN,NaN,NaN,NaN
0,0,0,0,NaN,NaN,NaN,NaN
0,0,0,0,NaN,NaN,NaN,NaN
0,0,0,0,NaN,NaN,NaN,NaN
0,0,0,0,8,NaN,NaN,NaN
0,0,0,0,NaN,NaN,NaN,NaN
0,0,0,0,NaN,NaN,NaN,NaN
0,0,0,0,NaN,NaN,NaN,NaN
0,0,0,0,NaN,NaN,NaN,NaN
0,0,0,0,NaN,NaN,NaN,NaN
0,0,0,0,NaN,NaN,NaN,NaN
0,0,0,0,NaN,NaN,NaN,NaN
0,0,0,0,NaN,NaN,NaN,NaN
0,0,0,0,NaN,NaN,NaN,NaN
0,0,0,0,NaN,NaN,NaN,NaN
0,0,0,0,NaN,NaN,NaN,NaN
0,0,0,0,NaN,NaN,NaN,NaN
0,0,0,0,NaN,NaN,NaN,NaN
0,0,0,0,NaN,NaN,NaN,NaN
0,0,0,0,NaN,NaN,NaN,NaN
0,0,0,0,NaN,NaN,NaN,NaN
0,0,0,0,NaN,NaN,NaN,NaN
0,0,0,0,6,NaN,NaN,NaN
0,0,0,0,NaN,NaN,NaN,NaN
0,0,0,0,4,NaN,NaN,NaN
0,0,0,0,NaN,NaN,NaN,NaN
0,0,0,0,NaN,NaN,NaN,NaN
0,0,0,0,NaN,NaN,NaN,NaN
0,0,0,0,NaN,NaN,NaN,NaN
0,0,0,0,NaN,NaN,NaN,NaN
0,0,0,0,NaN,NaN,NaN,NaN
0,0,0,0,NaN,NaN,NaN,NaN
0,0,0,0,NaN,NaN,NaN,NaN
0,0,0,0,NaN,NaN,NaN,NaN
0,0,0,0,NaN,NaN,NaN,NaN
0,0,0,0,NaN,NaN,NaN,NaN
0,0,0,0,NaN,NaN,NaN,NaN
0,0,0,0,NaN,NaN,NaN,NaN
0,0,0,0,NaN,NaN,NaN,NaN
0,0,0,0,NaN,NaN,NaN,NaN
0,0,0,0,NaN,NaN,NaN,NaN
0,0,0,0,NaN,NaN,NaN,NaN
0,0,0,0,NaN,NaN,NaN,NaN
0,0,0,0,NaN,NaN,NaN,NaN
0,0,0,0,NaN,NaN,NaN,NaN
0,0,0,0,NaN,NaN,NaN,NaN
0,0,0,0,NaN,NaN,NaN,NaN
0,0,0,0,NaN,NaN,NaN,NaN
0,0,0,0,NaN,NaN,NaN,NaN
0,0,0,0,NaN,NaN,NaN,NaN
0,0,0,0,NaN,NaN,NaN,NaN
0,0,0,0,NaN,NaN,NaN,NaN
0,0,0,0,NaN,NaN,NaN,NaN
0,0,0,0,NaN,NaN,NaN,NaN
0,0,0,0,NaN,NaN,NaN,NaN
0,0,0,0,NaN,NaN,NaN,NaN
0,0,0,0,NaN,NaN,NaN,NaN
0,0,0,0,NaN,NaN,NaN,NaN
0,0,0,0,NaN,NaN,NaN,NaN
0,0,0,0,NaN,NaN,NaN,NaN
0,0,0,0,NaN,NaN,NaN,NaN
0,0,0,0,NaN,NaN,NaN,NaN
0,0,0,0,NaN,NaN,NaN,NaN
0,0,0,0,NaN,NaN,NaN,NaN
0,0,0,0,NaN,NaN,NaN,NaN
0,0,0,0,NaN,NaN,NaN,NaN
0,0,0,0,NaN,NaN,NaN,NaN
0,0,0,0,NaN,NaN,NaN,NaN
0,0,0,0,NaN,NaN,NaN,NaN
0,0,0,0,NaN,NaN,NaN,NaN
0,0,0,0,NaN,NaN,NaN,NaN
0,0,0,0,NaN,NaN,NaN,NaN
0,0,0,0,NaN,NaN,NaN,NaN
0,0,0,0,NaN,NaN,NaN,NaN
0,0,0,0,NaN,NaN,NaN,NaN
0,0,0,0,NaN,NaN,NaN,NaN
0,0,0,0,NaN,NaN,NaN,NaN
0,0,0,0,8,NaN,NaN,NaN
0,0,0,0,NaN,NaN,NaN,NaN
0,0,0,0,NaN,NaN,NaN,NaN
0,0,0,0,NaN,NaN,NaN,NaN
0,0,0,0,NaN,NaN,NaN,NaN
0,0,0,0,NaN,NaN,NaN,NaN
0,0,0,0,NaN,NaN,NaN,NaN
0,0,0,0,NaN,NaN,NaN,NaN
0,0,0,0,NaN,NaN,NaN,NaN
0,0,0,0,NaN,NaN,NaN,NaN
0,0,0,0,NaN,NaN,NaN,NaN
0,0,0,0,NaN,NaN,NaN,NaN
0,0,0,0,NaN,NaN,NaN,NaN
0,0,0,0,NaN,NaN,NaN,NaN
0,0,0,0,NaN,NaN,NaN,NaN
0,0,0,0,NaN,NaN,NaN,NaN
0,0,0,0,NaN,NaN,NaN,NaN
0,0,0,0,NaN,NaN,NaN,NaN
0,0,0,0,NaN,NaN,NaN,NaN
0,0,0,0,NaN,NaN,NaN,NaN
0,0,0,0,NaN,NaN,NaN,NaN
0,0,0,0,NaN,NaN,NaN,NaN
0,0,0,0,NaN,NaN,NaN,NaN
0,0,0,0,NaN,NaN,NaN,NaN
0,0,0,0,NaN,NaN,NaN,NaN
0,0,0,0,5,NaN,NaN,NaN
0,0,0,0,NaN,NaN,NaN,NaN
0,0,0,0,NaN,NaN,NaN,NaN
0,0,0,0,NaN,NaN,NaN,NaN
0,0,0,0,NaN,NaN,NaN,NaN
0,0,0,0,NaN,NaN,NaN,NaN
0,0,0,0,NaN,NaN,NaN,NaN
0,0,0,0,NaN,NaN,NaN,NaN
0,0,0,0,NaN,NaN,NaN,NaN
0,0,0,0,NaN,NaN,NaN,NaN
0,0,0,0,NaN,NaN,NaN,NaN
0,0,0,0,NaN,NaN,NaN,NaN
0,0,0,0,NaN,NaN,NaN,NaN
0,0,0,0,NaN,NaN,NaN,NaN
0,0,0,0,NaN,NaN,NaN,NaN
0,0,0,0,1,NaN,NaN,NaN
0,0,0,0,6,NaN,NaN,NaN
0,0,0,0,7,NaN,NaN,NaN
0,0,0,0,NaN,NaN,NaN,NaN
0,0,0,0,NaN,NaN,NaN,NaN
0,0,0,0,NaN,NaN,NaN,NaN
0,0,0,0,NaN,NaN,NaN,NaN
0,0,0,0,NaN,NaN,NaN,NaN
0,0,0,0,NaN,NaN,NaN,NaN
0,0,0,0,NaN,NaN,NaN,NaN
0,0,0,0,NaN,NaN,NaN,NaN
0,0,0,0,NaN,NaN,NaN,NaN
0,0,0,0,NaN,NaN,NaN,NaN
0,0,0,0,NaN,NaN,NaN,NaN
0,0,0,0,NaN,NaN,NaN,NaN
0,0,0,0,NaN,NaN,NaN,NaN
0,0,0,0,82,NaN,NaN,NaN
0,0,0,0,NaN,NaN,NaN,NaN
0,0,0,0,NaN,NaN,NaN,NaN
0,0,0,0,NaN,NaN,NaN,NaN
0,0,0,0,NaN,NaN,NaN,NaN
0,0,0,0,NaN,NaN,NaN,NaN
0,0,0,0,NaN,NaN,NaN,NaN
0,0,0,0,NaN,NaN,NaN,NaN
0,0,0,0,2,NaN,NaN,NaN
0,0,0,0,NaN,NaN,NaN,NaN
0,0,0,0,NaN,NaN,NaN,NaN
0,0,0,0,NaN,NaN,NaN,NaN
0,0,0,0,NaN,NaN,NaN,NaN
0,0,0,0,NaN,NaN,NaN,NaN
0,0,0,0,NaN,NaN,NaN,NaN
0,0,0,0,NaN,NaN,NaN,NaN
0,0,0,0,NaN,NaN,NaN,NaN
0,0,0,0,NaN,NaN,NaN,NaN
0,0,0,0,NaN,NaN,NaN,NaN
0,0,0,0,NaN,NaN,NaN,NaN
0,0,0,0,NaN,NaN,NaN,NaN
0,0,0,0,NaN,NaN,NaN,NaN
0,0,0,0,5,NaN,NaN,NaN
0,0,0,0,NaN,NaN,NaN,NaN
0,0,0,0,NaN,NaN,NaN,NaN
0,0,0,0,NaN,NaN,NaN,NaN
0,0,0,0,NaN,NaN,NaN,NaN
0,0,0,0,NaN,NaN,NaN,NaN
0,0,0,0,NaN,NaN,NaN,NaN
0,0,0,0,0,NaN,NaN,NaN
0,0,0,0,NaN,NaN,NaN,NaN
0,0,0,0,8,NaN,NaN,NaN
0,0,0,0,4,NaN,NaN,NaN
0,0,0,0,3,NaN,NaN,NaN
0,0,0,0,NaN,NaN,NaN,NaN
0,0,0,0,NaN,NaN,NaN,NaN
0,0,0,0,NaN,NaN,NaN,NaN
0,0,0,0,NaN,NaN,NaN,NaN
0,0,0,0,NaN,NaN,NaN,NaN
0,0,0,0,NaN,NaN,NaN,NaN
0,0,0,0,NaN,NaN,NaN,NaN
0,0,0,0,NaN,NaN,NaN,NaN
0,0,0,0,NaN,NaN,NaN,NaN
0,0,0,0,NaN,NaN,NaN,NaN
0,0,0,0,NaN,NaN,NaN,NaN
0,0,0,0,NaN,NaN,NaN,NaN
0,0,0,0,NaN,NaN,NaN,NaN
0,0,0,0,19,NaN,NaN,NaN
0,0,0,0,NaN,NaN,NaN,NaN
0,0,0,0,NaN,NaN,NaN,NaN
0,0,0,0,NaN,NaN,NaN,NaN
0,0,0,0,NaN,NaN,NaN,NaN
0,0,0,0,NaN,NaN,NaN,NaN
0,0,0,0,NaN,NaN,NaN,NaN
0,0,0,0,1,NaN,NaN,NaN
0,0,0,0,NaN,NaN,NaN,NaN
0,0,0,0,NaN,NaN,NaN,NaN
0,0,0,0,NaN,NaN,NaN,NaN
0,0,0,0,NaN,NaN,NaN,NaN
0,0,0,0,NaN,NaN,NaN,NaN
0,0,0,0,NaN,NaN,NaN,NaN
0,0,0,0,NaN,NaN,NaN,NaN
0,0,0,0,NaN,NaN,NaN,NaN
0,0,0,0,1,NaN,NaN,NaN
0,0,0,0,NaN,NaN,NaN,NaN
0,0,0,0,NaN,NaN,NaN,NaN
0,0,0,0,NaN,NaN,NaN,NaN
0,0,0,0,NaN,NaN,NaN,NaN
0,0,0,0,NaN,NaN,NaN,NaN
0,0,0,0,NaN,NaN,NaN,NaN
0,0,0,0,NaN,NaN,NaN,NaN
0,0,0,0,NaN,NaN,NaN,NaN
0,0,0,0,NaN,NaN,NaN,NaN
0,0,0,0,NaN,NaN,NaN,NaN
0,0,0,0,NaN,NaN,NaN,NaN
0,0,0,0,NaN,NaN,NaN,NaN
0,0,0,0,NaN,NaN,NaN,NaN
0,0,0,0,NaN,NaN,NaN,NaN
0,0,0,0,NaN,NaN,NaN,NaN
0,0,0,0,NaN,NaN,NaN,NaN
0,0,0,0,NaN,NaN,NaN,NaN
0,0,0,0,NaN,NaN,NaN,NaN
0,0,0,0,NaN,NaN,NaN,NaN
0,0,0,0,NaN,NaN,NaN,NaN
0,0,0,0,NaN,NaN,NaN,NaN
0,0,0,0,NaN,NaN,NaN,NaN
0,0,0,0,NaN,NaN,NaN,NaN
0,0,0,0,NaN,NaN,NaN,NaN
0,0,0,0,NaN,NaN,NaN,NaN
0,0,0,0,NaN,NaN,NaN,NaN
0,0,0,0,NaN,NaN,NaN,NaN
0,0,0,0,NaN,NaN,NaN,NaN
0,0,0,0,NaN,NaN,NaN,NaN
0,0,0,0,NaN,NaN,NaN,NaN
0,0,0,0,NaN,NaN,NaN,NaN
0,0,0,0,NaN,NaN,NaN,NaN
0,0,0,0,3,NaN,NaN,NaN
0,0,0,0,NaN,NaN,NaN,NaN
0,0,0,0,8,NaN,NaN,NaN
0,0,0,0,NaN,NaN,NaN,NaN
0,0,0,0,NaN,NaN,NaN,NaN
0,0,0,0,NaN,NaN,NaN,NaN
0,0,0,0,NaN,NaN,NaN,NaN
0,0,0,0,NaN,NaN,NaN,NaN
0,0,0,0,NaN,NaN,NaN,NaN
0,0,0,0,NaN,NaN,NaN,NaN
0,0,0,0,NaN,NaN,NaN,NaN
0,0,0,0,NaN,NaN,NaN,NaN
0,0,0,0,NaN,NaN,NaN,NaN
0,0,0,0,NaN,NaN,NaN,NaN
0,0,0,0,NaN,NaN,NaN,NaN
0,0,0,0,NaN,NaN,NaN,NaN
0,0,0,0,NaN,NaN,NaN,NaN
0,0,0,0,NaN,NaN,NaN,NaN
0,0,0,0,NaN,NaN,NaN,NaN
0,0,0,0,NaN,NaN,NaN,NaN
0,0,0,0,NaN,NaN,NaN,NaN
0,0,0,0,NaN,NaN,NaN,NaN
0,0,0,0,NaN,NaN,NaN,NaN
0,0,0,0,NaN,NaN,NaN,NaN
0,0,0,0,NaN,NaN,NaN,NaN
0,0,0,0,NaN,NaN,NaN,NaN
0,0,0,0,4,NaN,NaN,NaN
0,0,0,0,NaN,NaN,NaN,NaN
0,0,0,0,NaN,NaN,NaN,NaN
0,0,0,0,4,NaN,NaN,NaN
0,0,0,0,NaN,NaN,NaN,NaN
0,0,0,0,8,NaN,NaN,NaN
0,0,0,0,NaN,NaN,NaN,NaN
0,0,0,0,NaN,NaN,NaN,NaN
0,0,0,0,NaN,NaN,NaN,NaN
0,0,0,0,NaN,NaN,NaN,NaN
0,0,0,0,NaN,NaN,NaN,NaN
0,0,0,0,NaN,NaN,NaN,NaN
0,0,0,0,NaN,NaN,NaN,NaN
0,0,0,0,NaN,NaN,NaN,NaN
0,0,0,0,NaN,NaN,NaN,NaN
0,0,0,0,NaN,NaN,NaN,NaN
0,0,0,0,NaN,NaN,NaN,NaN
0,0,0,0,NaN,NaN,NaN,NaN
0,0,0,0,NaN,NaN,NaN,NaN
0,0,0,0,NaN,NaN,NaN,NaN
0,0,0,0,NaN,NaN,NaN,NaN
0,0,0,0,NaN,NaN,NaN,NaN
0,0,0,0,NaN,NaN,NaN,NaN
0,0,0,0,NaN,NaN,NaN,NaN
0,0,0,0,NaN,NaN,NaN,NaN
0,0,0,0,NaN,NaN,NaN,NaN
0,0,0,0,NaN,NaN,NaN,NaN
0,0,0,0,NaN,NaN,NaN,NaN
0,0,0,0,NaN,NaN,NaN,NaN
0,0,0,0,NaN,NaN,NaN,NaN
0,0,0,0,NaN,NaN,NaN,NaN
0,0,0,0,NaN,NaN,NaN,NaN
0,0,0,0,NaN,NaN,NaN,NaN
0,0,0,0,NaN,NaN,NaN,NaN
0,0,0,0,4,NaN,NaN,NaN
0,0,0,0,2,NaN,NaN,NaN
0,0,0,0,NaN,NaN,NaN,NaN
0,0,0,0,NaN,NaN,NaN,NaN
0,0,0,0,NaN,NaN,NaN,NaN
0,0,0,0,3,NaN,NaN,NaN
0,0,0,0,2,NaN,NaN,NaN
0,0,0,0,NaN,NaN,NaN,NaN
0,0,0,0,NaN,NaN,NaN,NaN
0,0,0,0,NaN,NaN,NaN,NaN
0,0,0,0,NaN,NaN,NaN,NaN
0,0,0,0,NaN,NaN,NaN,NaN
0,0,0,0,NaN,NaN,NaN,NaN
0,0,0,0,NaN,NaN,NaN,NaN
0,0,0,0,NaN,NaN,NaN,NaN
0,0,0,0,NaN,NaN,NaN,NaN
0,0,0,0,NaN,NaN,NaN,NaN
0,0,0,0,NaN,NaN,NaN,NaN
0,0,0,0,NaN,NaN,NaN,NaN
0,0,0,0,NaN,NaN,NaN,NaN
0,0,0,0,NaN,NaN,NaN,NaN
0,0,0,0,5,NaN,NaN,NaN
0,0,0,0,NaN,NaN,NaN,NaN
0,0,0,0,NaN,NaN,NaN,NaN
0,0,0,0,NaN,NaN,NaN,NaN
0,0,0,0,NaN,NaN,NaN,NaN
0,0,0,0,NaN,NaN,NaN,NaN
0,0,0,0,NaN,NaN,NaN,NaN
0,0,0,0,6,NaN,NaN,NaN
0,0,0,0,NaN,NaN,NaN,NaN
0,0,0,0,NaN,NaN,NaN,NaN
0,0,0,0,NaN,NaN,NaN,NaN
0,0,0,0,NaN,NaN,NaN,NaN
0,0,0,0,NaN,NaN,NaN,NaN
0,0,0,0,7,NaN,NaN,NaN
0,0,0,0,NaN,NaN,NaN,NaN
0,0,0,0,NaN,NaN,NaN,NaN
0,0,0,0,NaN,NaN,NaN,NaN
0,0,0,0,NaN,NaN,NaN,NaN
0,0,0,0,NaN,NaN,NaN,NaN
0,0,0,0,NaN,NaN,NaN,NaN
0,0,0,0,NaN,NaN,NaN,NaN
0,0,0,0,NaN,NaN,NaN,NaN
0,0,0,0,NaN,NaN,NaN,NaN
0,0,0,0,NaN,NaN,NaN,NaN
0,0,0,0,NaN,NaN,NaN,NaN
0,0,0,0,NaN,NaN,NaN,NaN
0,0,0,0,NaN,NaN,NaN,NaN
0,0,0,0,NaN,NaN,NaN,NaN
0,0,0,0,NaN,NaN,NaN,NaN
0,0,0,0,NaN,NaN,NaN,NaN
0,0,0,0,NaN,NaN,NaN,NaN
0,0,0,0,NaN,NaN,NaN,NaN
0,0,0,0,NaN,NaN,NaN,NaN
0,0,0,0,NaN,NaN,NaN,NaN
0,0,0,0,NaN,NaN,NaN,NaN
0,0,0,0,NaN,NaN,NaN,NaN
0,0,0,0,NaN,NaN,NaN,NaN
0,0,0,0,NaN,NaN,NaN,NaN
0,0,0,0,NaN,NaN,NaN,NaN
0,0,0,0,NaN,NaN,NaN,NaN
0,0,0,0,NaN,NaN,NaN,NaN
0,0,0,0,NaN,NaN,NaN,NaN
0,0,0,0,NaN,NaN,NaN,NaN
0,0,0,0,NaN,NaN,NaN,NaN
0,0,0,0,6,NaN,NaN,NaN
0,0,0,0,NaN,NaN,NaN,NaN
0,0,0,0,NaN,NaN,NaN,NaN
0,0,0,0,NaN,NaN,NaN,NaN
0,0,0,0,NaN,NaN,NaN,NaN
0,0,0,0,NaN,NaN,NaN,NaN
0,0,0,0,9,NaN,NaN,NaN
0,0,0,0,NaN,NaN,NaN,NaN
0,0,0,0,NaN,NaN,NaN,NaN
0,0,0,0,NaN,NaN,NaN,NaN
0,0,0,0,NaN,NaN,NaN,NaN
0,0,0,0,NaN,NaN,NaN,NaN
0,0,0,0,NaN,NaN,NaN,NaN
0,0,0,0,NaN,NaN,NaN,NaN
0,0,0,0,NaN,NaN,NaN,NaN
0,0,0,0,NaN,NaN,NaN,NaN
0,0,0,0,NaN,NaN,NaN,NaN
0,0,0,0,NaN,NaN,NaN,NaN
0,0,0,0,NaN,NaN,NaN,NaN
0,0,0,0,NaN,NaN,NaN,NaN
0,0,0,0,NaN,NaN,NaN,NaN
0,0,0,0,NaN,NaN,NaN,NaN
0,0,0,0,NaN,NaN,NaN,NaN
0,0,0,0,NaN,NaN,NaN,NaN
0,0,0,0,1,NaN,NaN,NaN
0,0,0,0,NaN,NaN,NaN,NaN
0,0,0,0,NaN,NaN,NaN,NaN
0,0,0,0,NaN,NaN,NaN,NaN
0,0,0,0,NaN,NaN,NaN,NaN
0,0,0,0,NaN,NaN,NaN,NaN
0,0,0,0,8,NaN,NaN,NaN
0,0,0,0,4,NaN,NaN,NaN
0,0,0,0,NaN,NaN,NaN,NaN
0,0,0,0,NaN,NaN,NaN,NaN
0,0,0,0,NaN,NaN,NaN,NaN
0,0,0,0,NaN,NaN,NaN,NaN
0,0,0,0,NaN,NaN,NaN,NaN
0,0,0,0,NaN,NaN,NaN,NaN
0,0,0,0,NaN,NaN,NaN,NaN
0,0,0,0,NaN,NaN,NaN,NaN
0,0,0,0,NaN,NaN,NaN,NaN
0,0,0,0,NaN,NaN,NaN,NaN
0,0,0,0,NaN,NaN,NaN,NaN
0,0,0,0,4,NaN,NaN,NaN
0,0,0,0,NaN,NaN,NaN,NaN
0,0,0,0,3,NaN,NaN,NaN
0,0,0,0,NaN,NaN,NaN,NaN
0,0,0,0,NaN,NaN,NaN,NaN
0,0,0,0,NaN,NaN,NaN,NaN
0,0,0,0,NaN,NaN,NaN,NaN
0,0,0,0,NaN,NaN,NaN,NaN
0,0,0,0,NaN,NaN,NaN,NaN
0,0,0,0,NaN,NaN,NaN,NaN
0,0,0,0,NaN,NaN,NaN,NaN
0,0,0,0,NaN,NaN,NaN,NaN
0,0,0,0,NaN,NaN,NaN,NaN
0,0,0,0,NaN,NaN,NaN,NaN
0,0,0,0,NaN,NaN,NaN,NaN
0,0,0,0,NaN,NaN,NaN,NaN
0,0,0,0,NaN,NaN,NaN,NaN
0,0,0,0,NaN,NaN,NaN,NaN
0,0,0,0,NaN,NaN,NaN,NaN
0,0,0,0,NaN,NaN,NaN,NaN
0,0,0,0,NaN,NaN,NaN,NaN
0,0,0,0,NaN,NaN,NaN,NaN
0,0,0,0,NaN,NaN,NaN,NaN
0,0,0,0,NaN,NaN,NaN,NaN
0,0,0,0,NaN,NaN,NaN,NaN
0,0,0,0,NaN,NaN,NaN,NaN
0,0,0,0,NaN,NaN,NaN,NaN
0,0,0,0,NaN,NaN,NaN,NaN
0,0,0,0,2,NaN,NaN,NaN
0,0,0,0,NaN,NaN,NaN,NaN
0,0,0,0,NaN,NaN,NaN,NaN
0,0,0,0,5,NaN,NaN,NaN
0,0,0,0,NaN,NaN,NaN,NaN
0,0,0,0,NaN,NaN,NaN,NaN
0,0,0,0,NaN,NaN,NaN,NaN
0,0,0,0,NaN,NaN,NaN,NaN
0,0,0,0,NaN,NaN,NaN,NaN
0,0,0,0,NaN,NaN,NaN,NaN
0,0,0,0,4,NaN,NaN,NaN
0,0,0,0,NaN,NaN,NaN,NaN
0,0,0,0,NaN,NaN,NaN,NaN
0,0,0,0,NaN,NaN,NaN,NaN
0,0,0,0,NaN,NaN,NaN,NaN
0,0,0,0,NaN,NaN,NaN,NaN
0,0,0,0,NaN,NaN,NaN,NaN
0,0,0,0,NaN,NaN,NaN,NaN
0,0,0,0,NaN,NaN,NaN,NaN
0,0,0,0,NaN,NaN,NaN,NaN
0,0,0,0,NaN,NaN,NaN,NaN
0,0,0,0,NaN,NaN,NaN,NaN
0,0,0,0,NaN,NaN,NaN,NaN
0,0,0,0,NaN,NaN,NaN,NaN
0,0,0,0,NaN,NaN,NaN,NaN
0,0,0,0,NaN,NaN,NaN,NaN
0,0,0,0,3,NaN,NaN,NaN
0,0,0,0,NaN,NaN,NaN,NaN
0,0,0,0,NaN,NaN,NaN,NaN
0,0,0,0,NaN,NaN,NaN,NaN
0,0,0,0,7,NaN,NaN,NaN
0,0,0,0,7,NaN,NaN,NaN
0,0,0,0,NaN,NaN,NaN,NaN
0,0,0,0,NaN,NaN,NaN,NaN
0,0,0,0,4,NaN,NaN,NaN
0,0,0,0,NaN,NaN,NaN,NaN
0,0,0,0,NaN,NaN,NaN,NaN
0,0,0,0,NaN,NaN,NaN,NaN
0,0,0,0,NaN,NaN,NaN,NaN
0,0,0,0,NaN,NaN,NaN,NaN
0,0,0,0,NaN,NaN,NaN,NaN
0,0,0,0,NaN,NaN,NaN,NaN
0,0,0,0,NaN,NaN,NaN,NaN
0,0,0,0,NaN,NaN,NaN,NaN
0,0,0,0,6,NaN,NaN,NaN
0,0,0,0,NaN,NaN,NaN,NaN
0,0,0,0,NaN,NaN,NaN,NaN
0,0,0,0,NaN,NaN,NaN,NaN
0,0,0,0,NaN,NaN,NaN,NaN
0,0,0,0,NaN,NaN,NaN,NaN
0,0,0,0,NaN,NaN,NaN,NaN
0,0,0,0,NaN,NaN,NaN,NaN
0,0,0,0,NaN,NaN,NaN,NaN
0,0,0,0,NaN,NaN,NaN,NaN
0,0,0,0,NaN,NaN,NaN,NaN
0,0,0,0,NaN,NaN,NaN,NaN
0,0,0,0,NaN,NaN,NaN,NaN
0,0,0,0,NaN,NaN,NaN,NaN
0,0,0,0,NaN,NaN,NaN,NaN
0,0,0,0,NaN,NaN,NaN,NaN
0,0,0,0,NaN,NaN,NaN,NaN
0,0,0,0,NaN,NaN,NaN,NaN
0,0,0,0,NaN,NaN,NaN,NaN
0,0,0,0,NaN,NaN,NaN,NaN
0,0,0,0,NaN,NaN,NaN,NaN
0,0,0,0,NaN,NaN,NaN,NaN
0,0,0,0,NaN,NaN,NaN,NaN
0,0,0,0,3,NaN,NaN,NaN
0,0,0,0,NaN,NaN,NaN,NaN
0,0,0,0,NaN,NaN,NaN,NaN
0,0,0,0,NaN,NaN,NaN,NaN
0,0,0,0,NaN,NaN,NaN,NaN
0,0,0,0,5,NaN,NaN,NaN
0,0,0,0,NaN,NaN,NaN,NaN
0,0,0,0,NaN,NaN,NaN,NaN
0,0,0,0,NaN,NaN,NaN,NaN
0,0,0,0,NaN,NaN,NaN,NaN
0,0,0,0,NaN,NaN,NaN,NaN
0,0,0,0,NaN,NaN,NaN,NaN
0,0,0,0,NaN,NaN,NaN,NaN
0,0,0,0,NaN,NaN,NaN,NaN
0,0,0,0,6,NaN,NaN,NaN
0,0,0,0,4,NaN,NaN,NaN
0,0,0,0,NaN,NaN,NaN,NaN
0,0,0,0,NaN,NaN,NaN,NaN
0,0,0,0,NaN,NaN,NaN,NaN
0,0,0,0,NaN,NaN,NaN,NaN
0,0,0,0,NaN,NaN,NaN,NaN
0,0,0,0,NaN,NaN,NaN,NaN
0,0,0,0,NaN,NaN,NaN,NaN
0,0,0,0,NaN,NaN,NaN,NaN
0,0,0,0,NaN,NaN,NaN,NaN
0,0,0,0,NaN,NaN,NaN,NaN
0,0,0,0,NaN,NaN,NaN,NaN
0,0,0,0,NaN,NaN,NaN,NaN
0,0,0,0,NaN,NaN,NaN,NaN
0,0,0,0,NaN,NaN,NaN,NaN
0,0,0,0,NaN,NaN,NaN,NaN
0,0,0,0,NaN,NaN,NaN,NaN
0,0,0,0,NaN,NaN,NaN,NaN
0,0,0,0,NaN,NaN,NaN,NaN
0,0,0,0,NaN,NaN,NaN,NaN
0,0,0,0,NaN,NaN,NaN,NaN
0,0,0,0,NaN,NaN,NaN,NaN
0,0,0,0,NaN,NaN,NaN,NaN
0,0,0,0,NaN,NaN,NaN,NaN
0,0,0,0,NaN,NaN,NaN,NaN
0,0,0,0,NaN,NaN,NaN,NaN
0,0,0,0,NaN,NaN,NaN,NaN
0,0,0,0,NaN,NaN,NaN,NaN
0,0,0,0,NaN,NaN,NaN,NaN
0,0,0,0,NaN,NaN,NaN,NaN
0,0,0,0,NaN,NaN,NaN,NaN
0,0,0,0,NaN,NaN,NaN,NaN
0,0,0,0,NaN,NaN,NaN,NaN
0,0,0,0,NaN,NaN,NaN,NaN
0,0,0,0,NaN,NaN,NaN,NaN
0,0,0,0,NaN,NaN,NaN,NaN
0,0,0,0,NaN,NaN,NaN,NaN
0,0,0,0,NaN,NaN,NaN,NaN
0,0,0,0,NaN,NaN,NaN,NaN
0,0,0,0,NaN,NaN,NaN,NaN
0,0,0,0,NaN,NaN,NaN,NaN
0,0,0,0,NaN,NaN,NaN,NaN
0,0,0,0,NaN,NaN,NaN,NaN
0,0,0,0,NaN,NaN,NaN,NaN
0,0,0,0,NaN,NaN,NaN,NaN
0,0,0,0,NaN,NaN,NaN,NaN
0,0,0,0,NaN,NaN,NaN,NaN
0,0,0,0,NaN,NaN,NaN,NaN
0,0,0,0,0,NaN,NaN,NaN
0,0,0,0,NaN,NaN,NaN,NaN
0,0,0,0,NaN,NaN,NaN,NaN
0,0,0,0,NaN,NaN,NaN,NaN
0,0,0,0,NaN,NaN,NaN,NaN
0,0,0,0,NaN,NaN,NaN,NaN
0,0,0,0,NaN,NaN,NaN,NaN
0,0,0,0,NaN,NaN,NaN,NaN
0,0,0,0,NaN,NaN,NaN,NaN
0,0,0,0,NaN,NaN,NaN,NaN
0,0,0,0,NaN,NaN,NaN,NaN
0,0,0,0,NaN,NaN,NaN,NaN
0,0,0,0,NaN,NaN,NaN,NaN
0,0,0,0,NaN,NaN,NaN,NaN
0,0,0,0,8,NaN,NaN,NaN
0,0,0,0,NaN,NaN,NaN,NaN
0,0,0,0,6,NaN,NaN,NaN
0,0,0,0,NaN,NaN,NaN,NaN
0,0,0,0,NaN,NaN,NaN,NaN
0,0,0,0,NaN,NaN,NaN,NaN
0,0,0,0,NaN,NaN,NaN,NaN
0,0,0,0,NaN,NaN,NaN,NaN
0,0,0,0,NaN,NaN,NaN,NaN
0,0,0,0,NaN,NaN,NaN,NaN
0,0,0,0,NaN,NaN,NaN,NaN
0,0,0,0,NaN,NaN,NaN,NaN
0,0,0,0,NaN,NaN,NaN,NaN
0,0,0,0,NaN,NaN,NaN,NaN
0,0,0,0,NaN,NaN,NaN,NaN
0,0,0,0,NaN,NaN,NaN,NaN
0,0,0,0,NaN,NaN,NaN,NaN
0,0,0,0,NaN,NaN,NaN,NaN
0,0,0,0,NaN,NaN,NaN,NaN
0,0,0,0,NaN,NaN,NaN,NaN
0,0,0,0,NaN,NaN,NaN,NaN
0,0,0,0,NaN,NaN,NaN,NaN
0,0,0,0,NaN,NaN,NaN,NaN
0,0,0,0,NaN,NaN,NaN,NaN
0,0,0,0,8,NaN,NaN,NaN
0,0,0,0,NaN,NaN,NaN,NaN
0,0,0,0,NaN,NaN,NaN,NaN
0,0,0,0,NaN,NaN,NaN,NaN
0,0,0,0,NaN,NaN,NaN,NaN
0,0,0,0,NaN,NaN,NaN,NaN
0,0,0,0,NaN,NaN,NaN,NaN
0,0,0,0,NaN,NaN,NaN,NaN
0,0,0,0,NaN,NaN,NaN,NaN
0,0,0,0,NaN,NaN,NaN,NaN
0,0,0,0,NaN,NaN,NaN,NaN
0,0,0,0,NaN,NaN,NaN,NaN
0,0,0,0,NaN,NaN,NaN,NaN
0,0,0,0,NaN,NaN,NaN,NaN
0,0,0,0,NaN,NaN,NaN,NaN
0,0,0,0,NaN,NaN,NaN,NaN
0,0,0,0,NaN,NaN,NaN,NaN
0,0,0,0,NaN,NaN,NaN,NaN
0,0,0,0,NaN,NaN,NaN,NaN
0,0,0,0,NaN,NaN,NaN,NaN
0,0,0,0,NaN,NaN,NaN,NaN
0,0,0,0,NaN,NaN,NaN,NaN
0,0,0,0,NaN,NaN,NaN,NaN
0,0,0,0,NaN,NaN,NaN,NaN
0,0,0,0,NaN,NaN,NaN,NaN
0,0,0,0,NaN,NaN,NaN,NaN
0,0,0,0,NaN,NaN,NaN,NaN
0,0,0,0,NaN,NaN,NaN,NaN
0,0,0,0,NaN,NaN,NaN,NaN
0,0,0,0,NaN,NaN,NaN,NaN
0,0,0,0,NaN,NaN,NaN,NaN
0,0,0,0,NaN,NaN,NaN,NaN
0,0,0,0,NaN,NaN,NaN,NaN
0,0,0,0,NaN,NaN,NaN,NaN
0,0,0,0,NaN,NaN,NaN,NaN
0,0,0,0,NaN,NaN,NaN,NaN
0,0,0,0,NaN,NaN,NaN,NaN
0,0,0,0,NaN,NaN,NaN,NaN
0,0,0,0,NaN,NaN,NaN,NaN
0,0,0,0,NaN,NaN,NaN,NaN
0,0,0,0,NaN,NaN,NaN,NaN
0,0,0,0,NaN,NaN,NaN,NaN
0,0,0,0,6,NaN,NaN,NaN
0,0,0,0,NaN,NaN,NaN,NaN
0,0,0,0,NaN,NaN,NaN,NaN
0,0,0,0,2,NaN,NaN,NaN
0,0,0,0,NaN,NaN,NaN,NaN
0,0,0,0,NaN,NaN,NaN,NaN
0,0,0,0,NaN,NaN,NaN,NaN
0,0,0,0,NaN,NaN,NaN,NaN
0,0,0,0,NaN,NaN,NaN,NaN
0,0,0,0,NaN,NaN,NaN,NaN
0,0,0,0,8,NaN,NaN,NaN
0,0,0,0,NaN,NaN,NaN,NaN
0,0,0,0,NaN,NaN,NaN,NaN
0,0,0,0,NaN,NaN,NaN,NaN
0,0,0,0,NaN,NaN,NaN,NaN
0,0,0,0,NaN,NaN,NaN,NaN
0,0,0,0,NaN,NaN,NaN,NaN
0,0,0,0,NaN,NaN,NaN,NaN
0,0,0,0,NaN,NaN,NaN,NaN
0,0,0,0,NaN,NaN,NaN,NaN
0,0,0,0,NaN,NaN,NaN,NaN
0,0,0,0,NaN,NaN,NaN,NaN
0,0,0,0,NaN,NaN,NaN,NaN
0,0,0,0,NaN,NaN,NaN,NaN
0,0,0,0,NaN,NaN,NaN,NaN
0,0,0,0,NaN,NaN,NaN,NaN
0,0,0,0,NaN,NaN,NaN,NaN
0,0,0,0,NaN,NaN,NaN,NaN
0,0,0,0,NaN,NaN,NaN,NaN
0,0,0,0,5,NaN,NaN,NaN
0,0,0,0,NaN,NaN,NaN,NaN
0,0,0,0,NaN,NaN,NaN,NaN
0,0,0,0,NaN,NaN,NaN,NaN
0,0,0,0,NaN,NaN,NaN,NaN
0,0,0,0,NaN,NaN,NaN,NaN
0,0,0,0,NaN,NaN,NaN,NaN
0,0,0,0,4,NaN,NaN,NaN
0,0,0,0,NaN,NaN,NaN,NaN
0,0,0,0,NaN,NaN,NaN,NaN
0,0,0,0,NaN,NaN,NaN,NaN
0,0,0,0,NaN,NaN,NaN,NaN
0,0,0,0,NaN,NaN,NaN,NaN
0,0,0,0,NaN,NaN,NaN,NaN
0,0,0,0,NaN,NaN,NaN,NaN
0,0,0,0,3,NaN,NaN,NaN
0,0,0,0,NaN,NaN,NaN,NaN
0,0,0,0,NaN,NaN,NaN,NaN
0,0,0,0,NaN,NaN,NaN,NaN
0,0,0,0,NaN,NaN,NaN,NaN
0,0,0,0,NaN,NaN,NaN,NaN
0,0,0,0,NaN,NaN,NaN,NaN
0,0,0,0,NaN,NaN,NaN,NaN
0,0,0,0,NaN,NaN,NaN,NaN
0,0,0,0,NaN,NaN,NaN,NaN
0,0,0,0,NaN,NaN,NaN,NaN
0,0,0,0,NaN,NaN,NaN,NaN
0,0,0,0,NaN,NaN,NaN,NaN
0,0,0,0,NaN,NaN,NaN,NaN
0,0,0,0,NaN,NaN,NaN,NaN
0,0,0,0,4,NaN,NaN,NaN
0,0,0,0,NaN,NaN,NaN,NaN
0,0,0,0,NaN,NaN,NaN,NaN
0,0,0,0,NaN,NaN,NaN,NaN
0,0,0,0,NaN,NaN,NaN,NaN
0,0,0,0,NaN,NaN,NaN,NaN
0,0,0,0,3,NaN,NaN,NaN
0,0,0,0,NaN,NaN,NaN,NaN
0,0,0,0,NaN,NaN,NaN,NaN
0,0,0,0,NaN,NaN,NaN,NaN
0,0,0,0,NaN,NaN,NaN,NaN
0,0,0,0,NaN,NaN,NaN,NaN
0,0,0,0,NaN,NaN,NaN,NaN
0,0,0,0,NaN,NaN,NaN,NaN
0,0,0,0,NaN,NaN,NaN,NaN
0,0,0,0,NaN,NaN,NaN,NaN
0,0,0,0,NaN,NaN,NaN,NaN
0,0,0,0,NaN,NaN,NaN,NaN
0,0,0,0,NaN,NaN,NaN,NaN
0,0,0,0,NaN,NaN,NaN,NaN
0,0,0,0,NaN,NaN,NaN,NaN
0,0,0,0,NaN,NaN,NaN,NaN
0,0,0,0,NaN,NaN,NaN,NaN
0,0,0,0,NaN,NaN,NaN,NaN
0,0,0,0,NaN,NaN,NaN,NaN
0,0,0,0,NaN,NaN,NaN,NaN
0,0,0,0,NaN,NaN,NaN,NaN
0,0,0,0,NaN,NaN,NaN,NaN
0,0,0,0,NaN,NaN,NaN,NaN
0,0,0,0,NaN,NaN,NaN,NaN
0,0,0,0,NaN,NaN,NaN,NaN
0,0,0,0,1,NaN,NaN,NaN
0,0,0,0,NaN,NaN,NaN,NaN
0,0,0,0,NaN,NaN,NaN,NaN
0,0,0,0,NaN,NaN,NaN,NaN
0,0,0,0,NaN,NaN,NaN,NaN
0,0,0,0,NaN,NaN,NaN,NaN
0,0,0,0,NaN,NaN,NaN,NaN
0,0,0,0,NaN,NaN,NaN,NaN
0,0,0,0,NaN,NaN,NaN,NaN
0,0,0,0,NaN,NaN,NaN,NaN
0,0,0,0,NaN,NaN,NaN,NaN
0,0,0,0,NaN,NaN,NaN,NaN
0,0,0,0,NaN,NaN,NaN,NaN
0,0,0,0,NaN,NaN,NaN,NaN
0,0,0,0,NaN,NaN,NaN,NaN
0,0,0,0,NaN,NaN,NaN,NaN
0,0,0,0,NaN,NaN,NaN,NaN
0,0,0,0,NaN,NaN,NaN,NaN
0,0,0,0,NaN,NaN,NaN,NaN
0,0,0,0,9,NaN,NaN,NaN
0,0,0,0,NaN,NaN,NaN,NaN
0,0,0,0,NaN,NaN,NaN,NaN
0,0,0,0,NaN,NaN,NaN,NaN
0,0,0,0,NaN,NaN,NaN,NaN
0,0,0,0,NaN,NaN,NaN,NaN
0,0,0,0,NaN,NaN,NaN,NaN
0,0,0,0,NaN,NaN,NaN,NaN
0,0,0,0,NaN,NaN,NaN,NaN
0,0,0,0,NaN,NaN,NaN,NaN
0,0,0,0,NaN,NaN,NaN,NaN
0,0,0,0,NaN,NaN,NaN,NaN
0,0,0,0,NaN,NaN,NaN,NaN
0,0,0,0,NaN,NaN,NaN,NaN
0,0,0,0,NaN,NaN,NaN,NaN
0,0,0,0,7,NaN,NaN,NaN
0,0,0,0,NaN,NaN,NaN,NaN
0,0,0,0,NaN,NaN,NaN,NaN
0,0,0,0,NaN,NaN,NaN,NaN
0,0,0,0,NaN,NaN,NaN,NaN
0,0,0,0,NaN,NaN,NaN,NaN
0,0,0,0,NaN,NaN,NaN,NaN
0,0,0,0,NaN,NaN,NaN,NaN
0,0,0,0,NaN,NaN,NaN,NaN
0,0,0,0,NaN,NaN,NaN,NaN
0,0,0,0,NaN,NaN,NaN,NaN
0,0,0,0,NaN,NaN,NaN,NaN
0,0,0,0,NaN,NaN,NaN,NaN
0,0,0,0,NaN,NaN,NaN,NaN
0,0,0,0,NaN,NaN,NaN,NaN
0,0,0,0,NaN,NaN,NaN,NaN
0,0,0,0,NaN,NaN,NaN,NaN
0,0,0,0,NaN,NaN,NaN,NaN
0,0,0,0,NaN,NaN,NaN,NaN
0,0,0,0,NaN,NaN,NaN,NaN
0,0,0,0,NaN,NaN,NaN,NaN
0,0,0,0,NaN,NaN,NaN,NaN
0,0,0,0,NaN,NaN,NaN,NaN
0,0,0,0,NaN,NaN,NaN,NaN
0,0,0,0,NaN,NaN,NaN,NaN
0,0,0,0,NaN,NaN,NaN,NaN
0,0,0,0,NaN,NaN,NaN,NaN
0,0,0,0,NaN,NaN,NaN,NaN
0,0,0,0,NaN,NaN,NaN,NaN
0,0,0,0,NaN,NaN,NaN,NaN
0,0,0,0,NaN,NaN,NaN,NaN
0,0,0,0,NaN,NaN,NaN,NaN
0,0,0,0,NaN,NaN,NaN,NaN
0,0,0,0,NaN,NaN,NaN,NaN
0,0,0,0,NaN,NaN,NaN,NaN
0,0,0,0,5,NaN,NaN,NaN
0,0,0,0,NaN,NaN,NaN,NaN
0,0,0,0,NaN,NaN,NaN,NaN
0,0,0,0,NaN,NaN,NaN,NaN
0,0,0,0,NaN,NaN,NaN,NaN
0,0,0,0,NaN,NaN,NaN,NaN
0,0,0,0,NaN,NaN,NaN,NaN
0,0,0,0,NaN,NaN,NaN,NaN
0,0,0,0,5,NaN,NaN,NaN
0,0,0,0,NaN,NaN,NaN,NaN
0,0,0,0,NaN,NaN,NaN,NaN
0,0,0,0,NaN,NaN,NaN,NaN
0,0,0,0,NaN,NaN,NaN,NaN
0,0,0,0,NaN,NaN,NaN,NaN
0,0,0,0,NaN,NaN,NaN,NaN
0,0,0,0,NaN,NaN,NaN,NaN
0,0,0,0,NaN,NaN,NaN,NaN
0,0,0,0,NaN,NaN,NaN,NaN
0,0,0,0,3,NaN,NaN,NaN
0,0,0,0,NaN,NaN,NaN,NaN
0,0,0,0,NaN,NaN,NaN,NaN
0,0,0,0,NaN,NaN,NaN,NaN
0,0,0,0,NaN,NaN,NaN,NaN
0,0,0,0,NaN,NaN,NaN,NaN
0,0,0,0,NaN,NaN,NaN,NaN
0,0,0,0,NaN,NaN,NaN,NaN
0,0,0,0,NaN,NaN,NaN,NaN
0,0,0,0,NaN,NaN,NaN,NaN
0,0,0,0,NaN,NaN,NaN,NaN
0,0,0,0,5,NaN,NaN,NaN
0,0,0,0,NaN,NaN,NaN,NaN
0,0,0,0,NaN,NaN,NaN,NaN
0,0,0,0,NaN,NaN,NaN,NaN
0,0,0,0,NaN,NaN,NaN,NaN
0,0,0,0,NaN,NaN,NaN,NaN
0,0,0,0,NaN,NaN,NaN,NaN
0,0,0,0,NaN,NaN,NaN,NaN
0,0,0,0,NaN,NaN,NaN,NaN
0,0,0,0,NaN,NaN,NaN,NaN
0,0,0,0,NaN,NaN,NaN,NaN
0,0,0,0,NaN,NaN,NaN,NaN
0,0,0,0,NaN,NaN,NaN,NaN
0,0,0,0,NaN,NaN,NaN,NaN
0,0,0,0,NaN,NaN,NaN,NaN
0,0,0,0,NaN,NaN,NaN,NaN
0,0,0,0,6,NaN,NaN,NaN
0,0,0,0,NaN,NaN,NaN,NaN
0,0,0,0,NaN,NaN,NaN,NaN
0,0,0,0,NaN,NaN,NaN,NaN
0,0,0,0,NaN,NaN,NaN,NaN
0,0,0,0,NaN,NaN,NaN,NaN
0,0,0,0,NaN,NaN,NaN,NaN
0,0,0,0,NaN,NaN,NaN,NaN
0,0,0,0,NaN,NaN,NaN,NaN
0,0,0,0,NaN,NaN,NaN,NaN
0,0,0,0,NaN,NaN,NaN,NaN
0,0,0,0,NaN,NaN,NaN,NaN
0,0,0,0,NaN,NaN,NaN,NaN
0,0,0,0,NaN,NaN,NaN,NaN
0,0,0,0,NaN,NaN,NaN,NaN
0,0,0,0,NaN,NaN,NaN,NaN
0,0,0,0,NaN,NaN,NaN,NaN
0,0,0,0,NaN,NaN,NaN,NaN
0,0,0,0,NaN,NaN,NaN,NaN
0,0,0,0,NaN,NaN,NaN,NaN
0,0,0,0,NaN,NaN,NaN,NaN
0,0,0,0,NaN,NaN,NaN,NaN
0,0,0,0,NaN,NaN,NaN,NaN
0,0,0,0,NaN,NaN,NaN,NaN
0,0,0,0,NaN,NaN,NaN,NaN
0,0,0,0,NaN,NaN,NaN,NaN
0,0,0,0,8,NaN,NaN,NaN
0,0,0,0,NaN,NaN,NaN,NaN
0,0,0,0,NaN,NaN,NaN,NaN
0,0,0,0,NaN,NaN,NaN,NaN
0,0,0,0,NaN,NaN,NaN,NaN
0,0,0,0,NaN,NaN,NaN,NaN
0,0,0,0,NaN,NaN,NaN,NaN
0,0,0,0,NaN,NaN,NaN,NaN
0,0,0,0,NaN,NaN,NaN,NaN
0,0,0,0,NaN,NaN,NaN,NaN
0,0,0,0,NaN,NaN,NaN,NaN
0,0,0,0,NaN,NaN,NaN,NaN
0,0,0,0,NaN,NaN,NaN,NaN
0,0,0,0,NaN,NaN,NaN,NaN
0,0,0,0,NaN,NaN,NaN,NaN
0,0,0,0,NaN,NaN,NaN,NaN
0,0,0,0,NaN,NaN,NaN,NaN
0,0,0,0,NaN,NaN,NaN,NaN
0,0,0,0,NaN,NaN,NaN,NaN
0,0,0,0,NaN,NaN,NaN,NaN
0,0,0,0,NaN,NaN,NaN,NaN
0,0,0,0,NaN,NaN,NaN,NaN
0,0,0,0,NaN,NaN,NaN,NaN
0,0,0,0,NaN,NaN,NaN,NaN
0,0,0,0,NaN,NaN,NaN,NaN
0,0,0,0,NaN,NaN,NaN,NaN
0,0,0,0,NaN,NaN,NaN,NaN
0,0,0,0,NaN,NaN,NaN,NaN
0,0,0,0,NaN,NaN,NaN,NaN
0,0,0,0,NaN,NaN,NaN,NaN
0,0,0,0,NaN,NaN,NaN,NaN
0,0,0,0,NaN,NaN,NaN,NaN
0,0,0,0,NaN,NaN,NaN,NaN
0,0,0,0,NaN,NaN,NaN,NaN
0,0,0,0,NaN,NaN,NaN,NaN
0,0,0,0,NaN,NaN,NaN,NaN
0,0,0,0,NaN,NaN,NaN,NaN
0,0,0,0,NaN,NaN,NaN,NaN
0,0,0,0,NaN,NaN,NaN,NaN
0,0,0,0,NaN,NaN,NaN,NaN
0,0,0,0,NaN,NaN,NaN,NaN
0,0,0,0,NaN,NaN,NaN,NaN
0,0,0,0,9,NaN,NaN,NaN
0,0,0,0,NaN,NaN,NaN,NaN
0,0,0,0,NaN,NaN,NaN,NaN
0,0,0,0,NaN,NaN,NaN,NaN
0,0,0,0,NaN,NaN,NaN,NaN
0,0,0,0,NaN,NaN,NaN,NaN
0,0,0,0,NaN,NaN,NaN,NaN
0,0,0,0,NaN,NaN,NaN,NaN
0,0,0,0,NaN,NaN,NaN,NaN
0,0,0,0,NaN,NaN,NaN,NaN
0,0,0,0,NaN,NaN,NaN,NaN
0,0,0,0,NaN,NaN,NaN,NaN
0,0,0,0,NaN,NaN,NaN,NaN
0,0,0,0,NaN,NaN,NaN,NaN
0,0,0,0,NaN,NaN,NaN,NaN
0,0,0,0,NaN,NaN,NaN,NaN
0,0,0,0,NaN,NaN,NaN,NaN
0,0,0,0,NaN,NaN,NaN,NaN
0,0,0,0,NaN,NaN,NaN,NaN
0,0,0,0,NaN,NaN,NaN,NaN
0,0,0,0,NaN,NaN,NaN,NaN
0,0,0,0,NaN,NaN,NaN,NaN
0,0,0,0,NaN,NaN,NaN,NaN
0,0,0,0,NaN,NaN,NaN,NaN
0,0,0,0,NaN,NaN,NaN,NaN
0,0,0,0,NaN,NaN,NaN,NaN
0,0,0,0,NaN,NaN,NaN,NaN
0,0,0,0,NaN,NaN,NaN,NaN
0,0,0,0,NaN,NaN,NaN,NaN
0,0,0,0,NaN,NaN,NaN,NaN
0,0,0,0,NaN,NaN,NaN,NaN
0,0,0,0,NaN,NaN,NaN,NaN
0,0,0,0,NaN,NaN,NaN,NaN
0,0,0,0,NaN,NaN,NaN,NaN
0,0,0,0,NaN,NaN,NaN,NaN
0,0,0,0,NaN,NaN,NaN,NaN
0,0,0,0,NaN,NaN,NaN,NaN
0,0,0,0,NaN,NaN,NaN,NaN
0,0,0,0,NaN,NaN,NaN,NaN
0,0,0,0,NaN,NaN,NaN,NaN
0,0,0,0,NaN,NaN,NaN,NaN
0,0,0,0,NaN,NaN,NaN,NaN
0,0,0,0,NaN,NaN,NaN,NaN
0,0,0,0,NaN,NaN,NaN,NaN
0,0,0,0,NaN,NaN,NaN,NaN
0,0,0,0,NaN,NaN,NaN,NaN
0,0,0,0,NaN,NaN,NaN,NaN
0,0,0,0,NaN,NaN,NaN,NaN
0,0,0,0,NaN,NaN,NaN,NaN
0,0,0,0,NaN,NaN,NaN,NaN
0,0,0,0,NaN,NaN,NaN,NaN
0,0,0,0,NaN,NaN,NaN,NaN
0,0,0,0,NaN,NaN,NaN,NaN
0,0,0,0,NaN,NaN,NaN,NaN
0,0,0,0,NaN,NaN,NaN,NaN
0,0,0,0,NaN,NaN,NaN,NaN
0,0,0,0,NaN,NaN,NaN,NaN
0,0,0,0,NaN,NaN,NaN,NaN
0,0,0,0,NaN,NaN,NaN,NaN
0,0,0,0,NaN,NaN,NaN,NaN
0,0,0,0,8,NaN,NaN,NaN
0,0,0,0,NaN,NaN,NaN,NaN
0,0,0,0,NaN,NaN,NaN,NaN
0,0,0,0,NaN,NaN,NaN,NaN
0,0,0,0,NaN,NaN,NaN,NaN
0,0,0,0,NaN,NaN,NaN,NaN
0,0,0,0,NaN,NaN,NaN,NaN
0,0,0,0,NaN,NaN,NaN,NaN
0,0,0,0,NaN,NaN,NaN,NaN
0,0,0,0,NaN,NaN,NaN,NaN
0,0,0,0,NaN,NaN,NaN,NaN
0,0,0,0,NaN,NaN,NaN,NaN
0,0,0,0,NaN,NaN,NaN,NaN
0,0,0,0,NaN,NaN,NaN,NaN
0,0,0,0,NaN,NaN,NaN,NaN
0,0,0,0,NaN,NaN,NaN,NaN
0,0,0,0,NaN,NaN,NaN,NaN
0,0,0,0,NaN,NaN,NaN,NaN
0,0,0,0,NaN,NaN,NaN,NaN
0,0,0,0,NaN,NaN,NaN,NaN
0,0,0,0,NaN,NaN,NaN,NaN
0,0,0,0,NaN,NaN,NaN,NaN
0,0,0,0,NaN,NaN,NaN,NaN
0,0,0,0,NaN,NaN,NaN,NaN
0,0,0,0,NaN,NaN,NaN,NaN
0,0,0,0,NaN,NaN,NaN,NaN
0,0,0,0,NaN,NaN,NaN,NaN
0,0,0,0,NaN,NaN,NaN,NaN
0,0,0,0,NaN,NaN,NaN,NaN
0,0,0,0,NaN,NaN,NaN,NaN
0,0,0,0,NaN,NaN,NaN,NaN
0,0,0,0,NaN,NaN,NaN,NaN
0,0,0,0,NaN,NaN,NaN,NaN
0,0,0,0,NaN,NaN,NaN,NaN
0,0,0,0,NaN,NaN,NaN,NaN
0,0,0,0,NaN,NaN,NaN,NaN
0,0,0,0,NaN,NaN,NaN,NaN
0,0,0,0,NaN,NaN,NaN,NaN
0,0,0,0,NaN,NaN,NaN,NaN
0,0,0,0,NaN,NaN,NaN,NaN
0,0,0,0,NaN,NaN,NaN,NaN
0,0,0,0,NaN,NaN,NaN,NaN
0,0,0,0,NaN,NaN,NaN,NaN
0,0,0,0,NaN,NaN,NaN,NaN
0,0,0,0,NaN,NaN,NaN,NaN
0,0,0,0,NaN,NaN,NaN,NaN
0,0,0,0,NaN,NaN,NaN,NaN
0,0,0,0,NaN,NaN,NaN,NaN
0,0,0,0,NaN,NaN,NaN,NaN
0,0,0,0,3,NaN,NaN,NaN
0,0,0,0,NaN,NaN,NaN,NaN
0,0,0,0,NaN,NaN,NaN,NaN
0,0,0,0,NaN,NaN,NaN,NaN
0,0,0,0,NaN,NaN,NaN,NaN
0,0,0,0,NaN,NaN,NaN,NaN
0,0,0,0,NaN,NaN,NaN,NaN
0,0,0,0,NaN,NaN,NaN,NaN
0,0,0,0,NaN,NaN,NaN,NaN
0,0,0,0,NaN,NaN,NaN,NaN
0,0,0,0,NaN,NaN,NaN,NaN
0,0,0,0,NaN,NaN,NaN,NaN
0,0,0,0,NaN,NaN,NaN,NaN
0,0,0,0,NaN,NaN,NaN,NaN
0,0,0,0,NaN,NaN,NaN,NaN
0,0,0,0,NaN,NaN,NaN,NaN
0,0,0,0,NaN,NaN,NaN,NaN
0,0,0,0,4,NaN,NaN,NaN
0,0,0,0,NaN,NaN,NaN,NaN
0,0,0,0,NaN,NaN,NaN,NaN
0,0,0,0,NaN,NaN,NaN,NaN
0,0,0,0,NaN,NaN,NaN,NaN
0,0,0,0,NaN,NaN,NaN,NaN
0,0,0,0,NaN,NaN,NaN,NaN
0,0,0,0,NaN,NaN,NaN,NaN
0,0,0,0,NaN,NaN,NaN,NaN
0,0,0,0,NaN,NaN,NaN,NaN
0,0,0,0,NaN,NaN,NaN,NaN
0,0,0,0,NaN,NaN,NaN,NaN
0,0,0,0,NaN,NaN,NaN,NaN
0,0,0,0,NaN,NaN,NaN,NaN
0,0,0,0,NaN,NaN,NaN,NaN
0,0,0,0,NaN,NaN,NaN,NaN
0,0,0,0,NaN,NaN,NaN,NaN
0,0,0,0,NaN,NaN,NaN,NaN
0,0,0,0,NaN,NaN,NaN,NaN
0,0,0,0,NaN,NaN,NaN,NaN
0,0,0,0,NaN,NaN,NaN,NaN
0,0,0,0,NaN,NaN,NaN,NaN
0,0,0,0,NaN,NaN,NaN,NaN
0,0,0,0,NaN,NaN,NaN,NaN
0,0,0,0,NaN,NaN,NaN,NaN
0,0,0,0,NaN,NaN,NaN,NaN
0,0,0,0,NaN,NaN,NaN,NaN
0,0,0,0,NaN,NaN,NaN,NaN
0,0,0,0,NaN,NaN,NaN,NaN
0,0,0,0,NaN,NaN,NaN,NaN
0,0,0,0,NaN,NaN,NaN,NaN
0,0,0,0,NaN,NaN,NaN,NaN
0,0,0,0,NaN,NaN,NaN,NaN
0,0,0,0,NaN,NaN,NaN,NaN
0,0,0,0,NaN,NaN,NaN,NaN
0,0,0,0,NaN,NaN,NaN,NaN
0,0,0,0,NaN,NaN,NaN,NaN
0,0,0,0,NaN,NaN,NaN,NaN
0,0,0,0,NaN,NaN,NaN,NaN
0,0,0,0,NaN,NaN,NaN,NaN
0,0,0,0,NaN,NaN,NaN,NaN
0,0,0,0,NaN,NaN,NaN,NaN
0,0,0,0,NaN,NaN,NaN,NaN
0,0,0,0,NaN,NaN,NaN,NaN
0,0,0,0,1,NaN,NaN,NaN
0,0,0,0,NaN,NaN,NaN,NaN
0,0,0,0,NaN,NaN,NaN,NaN
0,0,0,0,NaN,NaN,NaN,NaN
0,0,0,0,NaN,NaN,NaN,NaN
0,0,0,0,NaN,NaN,NaN,NaN
0,0,0,0,NaN,NaN,NaN,NaN
0,0,0,0,NaN,NaN,NaN,NaN
0,0,0,0,NaN,NaN,NaN,NaN
0,0,0,0,NaN,NaN,NaN,NaN
0,0,0,0,NaN,NaN,NaN,NaN
0,0,0,0,NaN,NaN,NaN,NaN
0,0,0,0,NaN,NaN,NaN,NaN
0,0,0,0,0.6,NaN,NaN,NaN
0,0,0,0,NaN,NaN,NaN,NaN
0,0,0,0,3,NaN,NaN,NaN
0,0,0,0,NaN,NaN,NaN,NaN
0,0,0,0,NaN,NaN,NaN,NaN
0,0,0,0,NaN,NaN,NaN,NaN
0,0,0,0,NaN,NaN,NaN,NaN
0,0,0,0,NaN,NaN,NaN,NaN
0,0,0,0,NaN,NaN,NaN,NaN
0,0,0,0,NaN,NaN,NaN,NaN
0,0,0,0,NaN,NaN,NaN,NaN
0,0,0,0,NaN,NaN,NaN,NaN
0,0,0,0,NaN,NaN,NaN,NaN
0,0,0,0,NaN,NaN,NaN,NaN
0,0,0,0,NaN,NaN,NaN,NaN
0,0,0,0,NaN,NaN,NaN,NaN
0,0,0,0,NaN,NaN,NaN,NaN
0,0,0,0,NaN,NaN,NaN,NaN
0,0,0,0,NaN,NaN,NaN,NaN
0,0,0,0,NaN,NaN,NaN,NaN
0,0,0,0,NaN,NaN,NaN,NaN
0,0,0,0,NaN,NaN,NaN,NaN
0,0,0,0,NaN,NaN,NaN,NaN
0,0,0,0,NaN,NaN,NaN,NaN
0,0,0,0,NaN,NaN,NaN,NaN
0,0,0,0,NaN,NaN,NaN,NaN
0,0,0,0,NaN,NaN,NaN,NaN
0,0,0,0,NaN,NaN,NaN,NaN
0,0,0,0,NaN,NaN,NaN,NaN
0,0,0,0,NaN,NaN,NaN,NaN
0,0,0,0,NaN,NaN,NaN,NaN
0,0,0,0,NaN,NaN,NaN,NaN
0,0,0,0,NaN,NaN,NaN,NaN
0,0,0,0,NaN,NaN,NaN,NaN
0,0,0,0,NaN,NaN,NaN,NaN
0,0,0,0,NaN,NaN,NaN,NaN
0,0,0,0,NaN,NaN,NaN,NaN
0,0,0,0,NaN,NaN,NaN,NaN
0,0,0,0,NaN,NaN,NaN,NaN
0,0,0,0,NaN,NaN,NaN,NaN
0,0,0,0,4,NaN,NaN,NaN
0,0,0,0,NaN,NaN,NaN,NaN
0,0,0,0,NaN,NaN,NaN,NaN
0,0,0,0,NaN,NaN,NaN,NaN
0,0,0,0,NaN,NaN,NaN,NaN
0,0,0,0,NaN,NaN,NaN,NaN
0,0,0,0,NaN,NaN,NaN,NaN
0,0,0,0,NaN,NaN,NaN,NaN
0,0,0,0,NaN,NaN,NaN,NaN
0,0,0,0,NaN,NaN,NaN,NaN
0,0,0,0,NaN,NaN,NaN,NaN
0,0,0,0,NaN,NaN,NaN,NaN
0,0,0,0,NaN,NaN,NaN,NaN
0,0,0,0,NaN,NaN,NaN,NaN
0,0,0,0,NaN,NaN,NaN,NaN
0,0,0,0,NaN,NaN,NaN,NaN
0,0,0,0,NaN,NaN,NaN,NaN
0,0,0,0,NaN,NaN,NaN,NaN
0,0,0,0,NaN,NaN,NaN,NaN
0,0,0,0,NaN,NaN,NaN,NaN
0,0,0,0,NaN,NaN,NaN,NaN
0,0,0,0,NaN,NaN,NaN,NaN
0,0,0,0,NaN,NaN,NaN,NaN
0,0,0,0,NaN,NaN,NaN,NaN
0,0,0,0,NaN,NaN,NaN,NaN
0,0,0,0,NaN,NaN,NaN,NaN
0,0,0,0,NaN,NaN,NaN,NaN
0,0,0,0,NaN,NaN,NaN,NaN
0,0,0,0,NaN,NaN,NaN,NaN
0,0,0,0,NaN,NaN,NaN,NaN
0,0,0,0,9,NaN,NaN,NaN
0,0,0,0,NaN,NaN,NaN,NaN
0,0,0,0,NaN,NaN,NaN,NaN
0,0,0,0,4,NaN,NaN,NaN
0,0,0,0,NaN,NaN,NaN,NaN
0,0,0,0,NaN,NaN,NaN,NaN
0,0,0,0,NaN,NaN,NaN,NaN
0,0,0,0,NaN,NaN,NaN,NaN
0,0,0,0,NaN,NaN,NaN,NaN
0,0,0,0,NaN,NaN,NaN,NaN
0,0,0,0,NaN,NaN,NaN,NaN
0,0,0,0,NaN,NaN,NaN,NaN
0,0,0,0,NaN,NaN,NaN,NaN
0,0,0,0,NaN,NaN,NaN,NaN
0,0,0,0,NaN,NaN,NaN,NaN
0,0,0,0,NaN,NaN,NaN,NaN
0,0,0,0,NaN,NaN,NaN,NaN
0,0,0,0,9,NaN,NaN,NaN
0,0,0,0,NaN,NaN,NaN,NaN
0,0,0,0,NaN,NaN,NaN,NaN
0,0,0,0,NaN,NaN,NaN,NaN
0,0,0,0,NaN,NaN,NaN,NaN
0,0,0,0,NaN,NaN,NaN,NaN
0,0,0,0,NaN,NaN,NaN,NaN
0,0,0,0,NaN,NaN,NaN,NaN
0,0,0,0,NaN,NaN,NaN,NaN
0,0,0,0,NaN,NaN,NaN,NaN
0,0,0,0,NaN,NaN,NaN,NaN
0,0,0,0,NaN,NaN,NaN,NaN
0,0,0,0,NaN,NaN,NaN,NaN
0,0,0,0,NaN,NaN,NaN,NaN
0,0,0,0,NaN,NaN,NaN,NaN
0,0,0,0,NaN,NaN,NaN,NaN
0,0,0,0,NaN,NaN,NaN,NaN
0,0,0,0,NaN,NaN,NaN,NaN
0,0,0,0,NaN,NaN,NaN,NaN
0,0,0,0,NaN,NaN,NaN,NaN
0,0,0,0,2,NaN,NaN,NaN
0,0,0,0,NaN,NaN,NaN,NaN
0,0,0,0,NaN,NaN,NaN,NaN
0,0,0,0,NaN,NaN,NaN,NaN
0,0,0,0,NaN,NaN,NaN,NaN
0,0,0,0,NaN,NaN,NaN,NaN
0,0,0,0,9,NaN,NaN,NaN
0,0,0,0,NaN,NaN,NaN,NaN
0,0,0,0,NaN,NaN,NaN,NaN
0,0,0,0,NaN,NaN,NaN,NaN
0,0,0,0,5,NaN,NaN,NaN
0,0,0,0,NaN,NaN,NaN,NaN
0,0,0,0,NaN,NaN,NaN,NaN
0,0,0,0,NaN,NaN,NaN,NaN
0,0,0,0,NaN,NaN,NaN,NaN
0,0,0,0,NaN,NaN,NaN,NaN
0,0,0,0,NaN,NaN,NaN,NaN
0,0,0,0,NaN,NaN,NaN,NaN
0,0,0,0,NaN,NaN,NaN,NaN
0,0,0,0,NaN,NaN,NaN,NaN
0,0,0,0,NaN,NaN,NaN,NaN
0,0,0,0,NaN,NaN,NaN,NaN
0,0,0,0,NaN,NaN,NaN,NaN
0,0,0,0,NaN,NaN,NaN,NaN
0,0,0,0,NaN,NaN,NaN,NaN
0,0,0,0,NaN,NaN,NaN,NaN
0,0,0,0,NaN,NaN,NaN,NaN
0,0,0,0,NaN,NaN,NaN,NaN
0,0,0,0,NaN,NaN,NaN,NaN
0,0,0,0,NaN,NaN,NaN,NaN
0,0,0,0,NaN,NaN,NaN,NaN
0,0,0,0,NaN,NaN,NaN,NaN
0,0,0,0,NaN,NaN,NaN,NaN
0,0,0,0,NaN,NaN,NaN,NaN
0,0,0,0,NaN,NaN,NaN,NaN
0,0,0,0,NaN,NaN,NaN,NaN
0,0,0,0,NaN,NaN,NaN,NaN
0,0,0,0,NaN,NaN,NaN,NaN
0,0,0,0,NaN,NaN,NaN,NaN
0,0,0,0,4,NaN,NaN,NaN
0,0,0,0,NaN,NaN,NaN,NaN
0,0,0,0,2,NaN,NaN,NaN
0,0,0,0,NaN,NaN,NaN,NaN
0,0,0,0,NaN,NaN,NaN,NaN
0,0,0,0,NaN,NaN,NaN,NaN
0,0,0,0,NaN,NaN,NaN,NaN
0,0,0,0,NaN,NaN,NaN,NaN
0,0,0,0,NaN,NaN,NaN,NaN
0,0,0,0,NaN,NaN,NaN,NaN
0,0,0,0,NaN,NaN,NaN,NaN
0,0,0,0,NaN,NaN,NaN,NaN
0,0,0,0,NaN,NaN,NaN,NaN
0,0,0,0,NaN,NaN,NaN,NaN
0,0,0,0,NaN,NaN,NaN,NaN
0,0,0,0,NaN,NaN,NaN,NaN
0,0,0,0,NaN,NaN,NaN,NaN
0,0,0,0,NaN,NaN,NaN,NaN
0,0,0,0,NaN,NaN,NaN,NaN
0,0,0,0,NaN,NaN,NaN,NaN
0,0,0,0,NaN,NaN,NaN,NaN
0,0,0,0,NaN,NaN,NaN,NaN
0,0,0,0,NaN,NaN,NaN,NaN
0,0,0,0,NaN,NaN,NaN,NaN
0,0,0,0,NaN,NaN,NaN,NaN
0,0,0,0,NaN,NaN,NaN,NaN
0,0,0,0,NaN,NaN,NaN,NaN
0,0,0,0,NaN,NaN,NaN,NaN
0,0,0,0,NaN,NaN,NaN,NaN
0,0,0,0,NaN,NaN,NaN,NaN
0,0,0,0,NaN,NaN,NaN,NaN
0,0,0,0,NaN,NaN,NaN,NaN
0,0,0,0,0,NaN,NaN,NaN
0,0,0,0,NaN,NaN,NaN,NaN
0,0,0,0,NaN,NaN,NaN,NaN
0,0,0,0,NaN,NaN,NaN,NaN
0,0,0,0,NaN,NaN,NaN,NaN
0,0,0,0,NaN,NaN,NaN,NaN
0,0,0,0,NaN,NaN,NaN,NaN
0,0,0,0,NaN,NaN,NaN,NaN
0,0,0,0,NaN,NaN,NaN,NaN
0,0,0,0,NaN,NaN,NaN,NaN
0,0,0,0,NaN,NaN,NaN,NaN
0,0,0,0,NaN,NaN,NaN,NaN
0,0,0,0,NaN,NaN,NaN,NaN
0,0,0,0,NaN,NaN,NaN,NaN
0,0,0,0,NaN,NaN,NaN,NaN
0,0,0,0,NaN,NaN,NaN,NaN
0,0,0,0,NaN,NaN,NaN,NaN
0,0,0,0,NaN,NaN,NaN,NaN
0,0,0,0,NaN,NaN,NaN,NaN
0,0,0,0,NaN,NaN,NaN,NaN
0,0,0,0,NaN,NaN,NaN,NaN
0,0,0,0,NaN,NaN,NaN,NaN
0,0,0,0,NaN,NaN,NaN,NaN
0,0,0,0,7,NaN,NaN,NaN
0,0,0,0,NaN,NaN,NaN,NaN
0,0,0,0,NaN,NaN,NaN,NaN
0,0,0,0,NaN,NaN,NaN,NaN
0,0,0,0,NaN,NaN,NaN,NaN
0,0,0,0,NaN,NaN,NaN,NaN
0,0,0,0,NaN,NaN,NaN,NaN
0,0,0,0,NaN,NaN,NaN,NaN
0,0,0,0,NaN,NaN,NaN,NaN
0,0,0,0,NaN,NaN,NaN,NaN
0,0,0,0,NaN,NaN,NaN,NaN
0,0,0,0,NaN,NaN,NaN,NaN
0,0,0,0,NaN,NaN,NaN,NaN
0,0,0,0,NaN,NaN,NaN,NaN
0,0,0,0,NaN,NaN,NaN,NaN
0,0,0,0,NaN,NaN,NaN,NaN
0,0,0,0,NaN,NaN,NaN,NaN
0,0,0,0,NaN,NaN,NaN,NaN
0,0,0,0,NaN,NaN,NaN,NaN
0,0,0,0,NaN,NaN,NaN,NaN
0,0,0,0,NaN,NaN,NaN,NaN
0,0,0,0,NaN,NaN,NaN,NaN
0,0,0,0,NaN,NaN,NaN,NaN
0,0,0,0,NaN,NaN,NaN,NaN
0,0,0,0,NaN,NaN,NaN,NaN
0,0,0,0,NaN,NaN,NaN,NaN
0,0,0,0,NaN,NaN,NaN,NaN
0,0,0,0,NaN,NaN,NaN,NaN
0,0,0,0,NaN,NaN,NaN,NaN
0,0,0,0,NaN,NaN,NaN,NaN
0,0,0,0,NaN,NaN,NaN,NaN
0,0,0,0,NaN,NaN,NaN,NaN
0,0,0,0,NaN,NaN,NaN,NaN
0,0,0,0,NaN,NaN,NaN,NaN
0,0,0,0,NaN,NaN,NaN,NaN
0,0,0,0,NaN,NaN,NaN,NaN
0,0,0,0,NaN,NaN,NaN,NaN
0,0,0,0,NaN,NaN,NaN,NaN
0,0,0,0,NaN,NaN,NaN,NaN
0,0,0,0,NaN,NaN,NaN,NaN
0,0,0,0,NaN,NaN,NaN,NaN
0,0,0,0,NaN,NaN,NaN,NaN
0,0,0,0,NaN,NaN,NaN,NaN
0,0,0,0,NaN,NaN,NaN,NaN
0,0,0,0,NaN,NaN,NaN,NaN
0,0,0,0,NaN,NaN,NaN,NaN
0,0,0,0,NaN,NaN,NaN,NaN
0,0,0,0,NaN,NaN,NaN,NaN
0,0,0,0,NaN,NaN,NaN,NaN
0,0,0,0,NaN,NaN,NaN,NaN
0,0,0,0,NaN,NaN,NaN,NaN
0,0,0,0,NaN,NaN,NaN,NaN
0,0,0,0,NaN,NaN,NaN,NaN
0,0,0,0,NaN,NaN,NaN,NaN
0,0,0,0,NaN,NaN,NaN,NaN
0,0,0,0,5,NaN,NaN,NaN
0,0,0,0,NaN,NaN,NaN,NaN
0,0,0,0,NaN,NaN,NaN,NaN
0,0,0,0,NaN,NaN,NaN,NaN
0,0,0,0,NaN,NaN,NaN,NaN
0,0,0,0,NaN,NaN,NaN,NaN
0,0,0,0,NaN,NaN,NaN,NaN
0,0,0,0,NaN,NaN,NaN,NaN
0,0,0,0,NaN,NaN,NaN,NaN
0,0,0,0,NaN,NaN,NaN,NaN
0,0,0,0,NaN,NaN,NaN,NaN
0,0,0,0,NaN,NaN,NaN,NaN
0,0,0,0,NaN,NaN,NaN,NaN
0,0,0,0,NaN,NaN,NaN,NaN
0,0,0,0,NaN,NaN,NaN,NaN
0,0,0,0,NaN,NaN,NaN,NaN
0,0,0,0,NaN,NaN,NaN,NaN
0,0,0,0,NaN,NaN,NaN,NaN
0,0,0,0,4,NaN,NaN,NaN
0,0,0,0,NaN,NaN,NaN,NaN
0,0,0,0,NaN,NaN,NaN,NaN
0,0,0,0,NaN,NaN,NaN,NaN
0,0,0,0,5,NaN,NaN,NaN
0,0,0,0,NaN,NaN,NaN,NaN
0,0,0,0,NaN,NaN,NaN,NaN
0,0,0,0,NaN,NaN,NaN,NaN
0,0,0,0,NaN,NaN,NaN,NaN
0,0,0,0,NaN,NaN,NaN,NaN
0,0,0,0,NaN,NaN,NaN,NaN
0,0,0,0,NaN,NaN,NaN,NaN
0,0,0,0,NaN,NaN,NaN,NaN
0,0,0,0,NaN,NaN,NaN,NaN
0,0,0,0,NaN,NaN,NaN,NaN
0,0,0,0,57,NaN,NaN,NaN
0,0,0,0,NaN,NaN,NaN,NaN
0,0,0,0,NaN,NaN,NaN,NaN
0,0,0,0,NaN,NaN,NaN,NaN
0,0,0,0,NaN,NaN,NaN,NaN
0,0,0,0,NaN,NaN,NaN,NaN
0,0,0,0,NaN,NaN,NaN,NaN
0,0,0,0,NaN,NaN,NaN,NaN
0,0,0,0,NaN,NaN,NaN,NaN
0,0,0,0,6,NaN,NaN,NaN
0,0,0,0,NaN,NaN,NaN,NaN
0,0,0,0,NaN,NaN,NaN,NaN
0,0,0,0,NaN,NaN,NaN,NaN
0,0,0,0,NaN,NaN,NaN,NaN
0,0,0,0,NaN,NaN,NaN,NaN
0,0,0,0,NaN,NaN,NaN,NaN
0,0,0,0,NaN,NaN,NaN,NaN
0,0,0,0,NaN,NaN,NaN,NaN
0,0,0,0,NaN,NaN,NaN,NaN
0,0,0,0,NaN,NaN,NaN,NaN
0,0,0,0,NaN,NaN,NaN,NaN
0,0,0,0,NaN,NaN,NaN,NaN
0,0,0,0,NaN,NaN,NaN,NaN
0,0,0,0,NaN,NaN,NaN,NaN
0,0,0,0,NaN,NaN,NaN,NaN
0,0,0,0,NaN,NaN,NaN,NaN
0,0,0,0,NaN,NaN,NaN,NaN
0,0,0,0,NaN,NaN,NaN,NaN
0,0,0,0,NaN,NaN,NaN,NaN
0,0,0,0,NaN,NaN,NaN,NaN
0,0,0,0,NaN,NaN,NaN,NaN
0,0,0,0,NaN,NaN,NaN,NaN
0,0,0,0,NaN,NaN,NaN,NaN
0,0,0,0,NaN,NaN,NaN,NaN
0,0,0,0,NaN,NaN,NaN,NaN
0,0,0,0,NaN,NaN,NaN,NaN
0,0,0,0,NaN,NaN,NaN,NaN
0,0,0,0,NaN,NaN,NaN,NaN
0,0,0,0,NaN,NaN,NaN,NaN
0,0,0,0,NaN,NaN,NaN,NaN
0,0,0,0,NaN,NaN,NaN,NaN
0,0,0,0,NaN,NaN,NaN,NaN
0,0,0,0,NaN,NaN,NaN,NaN
0,0,0,0,NaN,NaN,NaN,NaN
0,0,0,0,NaN,NaN,NaN,NaN
0,0,0,0,1,NaN,NaN,NaN
0,0,0,0,NaN,NaN,NaN,NaN
0,0,0,0,NaN,NaN,NaN,NaN
0,0,0,0,NaN,NaN,NaN,NaN
0,0,0,0,NaN,NaN,NaN,NaN
0,0,0,0,NaN,NaN,NaN,NaN
0,0,0,0,NaN,NaN,NaN,NaN
0,0,0,0,NaN,NaN,NaN,NaN
0,0,0,0,NaN,NaN,NaN,NaN
0,0,0,0,NaN,NaN,NaN,NaN
0,0,0,0,NaN,NaN,NaN,NaN
0,0,0,0,NaN,NaN,NaN,NaN
0,0,0,0,NaN,NaN,NaN,NaN
0,0,0,0,NaN,NaN,NaN,NaN
0,0,0,0,NaN,NaN,NaN,NaN
0,0,0,0,NaN,NaN,NaN,NaN
0,0,0,0,NaN,NaN,NaN,NaN
0,0,0,0,NaN,NaN,NaN,NaN
0,0,0,0,4,NaN,NaN,NaN
0,0,0,0,7,NaN,NaN,NaN
0,0,0,0,NaN,NaN,NaN,NaN
0,0,0,0,NaN,NaN,NaN,NaN
0,0,0,0,NaN,NaN,NaN,NaN
0,0,0,0,NaN,NaN,NaN,NaN
0,0,0,0,NaN,NaN,NaN,NaN
0,0,0,0,NaN,NaN,NaN,NaN
0,0,0,0,NaN,NaN,NaN,NaN
0,0,0,0,NaN,NaN,NaN,NaN
0,0,0,0,NaN,NaN,NaN,NaN
0,0,0,0,NaN,NaN,NaN,NaN
0,0,0,0,NaN,NaN,NaN,NaN
0,0,0,0,NaN,NaN,NaN,NaN
0,0,0,0,NaN,NaN,NaN,NaN
0,0,0,0,NaN,NaN,NaN,NaN
0,0,0,0,NaN,NaN,NaN,NaN
0,0,0,0,NaN,NaN,NaN,NaN
0,0,0,0,NaN,NaN,NaN,NaN
0,0,0,0,NaN,NaN,NaN,NaN
0,0,0,0,NaN,NaN,NaN,NaN
0,0,0,0,NaN,NaN,NaN,NaN
0,0,0,0,NaN,NaN,NaN,NaN
0,0,0,0,NaN,NaN,NaN,NaN
0,0,0,0,NaN,NaN,NaN,NaN
0,0,0,0,NaN,NaN,NaN,NaN
0,0,0,0,NaN,NaN,NaN,NaN
0,0,0,0,NaN,NaN,NaN,NaN
0,0,0,0,NaN,NaN,NaN,NaN
0,0,0,0,NaN,NaN,NaN,NaN
0,0,0,0,NaN,NaN,NaN,NaN
0,0,0,0,NaN,NaN,NaN,NaN
0,0,0,0,NaN,NaN,NaN,NaN
0,0,0,0,NaN,NaN,NaN,NaN
0,0,0,0,NaN,NaN,NaN,NaN
0,0,0,0,NaN,NaN,NaN,NaN
0,0,0,0,NaN,NaN,NaN,NaN
0,0,0,0,NaN,NaN,NaN,NaN
0,0,0,0,NaN,NaN,NaN,NaN
0,0,0,0,NaN,NaN,NaN,NaN
0,0,0,0,NaN,NaN,NaN,NaN
0,0,0,0,NaN,NaN,NaN,NaN
0,0,0,0,NaN,NaN,NaN,NaN
0,0,0,0,NaN,NaN,NaN,NaN
0,0,0,0,NaN,NaN,NaN,NaN
0,0,0,0,NaN,NaN,NaN,NaN
0,0,0,0,NaN,NaN,NaN,NaN
0,0,0,0,NaN,NaN,NaN,NaN
0,0,0,0,NaN,NaN,NaN,NaN
0,0,0,0,NaN,NaN,NaN,NaN
0,0,0,0,NaN,NaN,NaN,NaN
0,0,0,0,NaN,NaN,NaN,NaN
0,0,0,0,NaN,NaN,NaN,NaN
0,0,0,0,NaN,NaN,NaN,NaN
0,0,0,0,NaN,NaN,NaN,NaN
0,0,0,0,NaN,NaN,NaN,NaN
0,0,0,0,NaN,NaN,NaN,NaN
0,0,0,0,NaN,NaN,NaN,NaN
0,0,0,0,NaN,NaN,NaN,NaN
0,0,0,0,NaN,NaN,NaN,NaN
0,0,0,0,NaN,NaN,NaN,NaN
0,0,0,0,8,NaN,NaN,NaN
0,0,0,0,NaN,NaN,NaN,NaN
0,0,0,0,NaN,NaN,NaN,NaN
0,0,0,0,NaN,NaN,NaN,NaN
0,0,0,0,NaN,NaN,NaN,NaN
0,0,0,0,NaN,NaN,NaN,NaN
0,0,0,0,7,NaN,NaN,NaN
0,0,0,0,NaN,NaN,NaN,NaN
0,0,0,0,NaN,NaN,NaN,NaN
0,0,0,0,NaN,NaN,NaN,NaN
0,0,0,0,NaN,NaN,NaN,NaN
0,0,0,0,NaN,NaN,NaN,NaN
0,0,0,0,NaN,NaN,NaN,NaN
0,0,0,0,NaN,NaN,NaN,NaN
0,0,0,0,NaN,NaN,NaN,NaN
0,0,0,0,NaN,NaN,NaN,NaN
0,0,0,0,NaN,NaN,NaN,NaN
0,0,0,0,NaN,NaN,NaN,NaN
0,0,0,0,NaN,NaN,NaN,NaN
0,0,0,0,NaN,NaN,NaN,NaN
0,0,0,0,NaN,NaN,NaN,NaN
0,0,0,0,NaN,NaN,NaN,NaN
0,0,0,0,NaN,NaN,NaN,NaN
0,0,0,0,NaN,NaN,NaN,NaN
0,0,0,0,NaN,NaN,NaN,NaN
0,0,0,0,NaN,NaN,NaN,NaN
0,0,0,0,NaN,NaN,NaN,NaN
0,0,0,0,NaN,NaN,NaN,NaN
0,0,0,0,NaN,NaN,NaN,NaN
0,0,0,0,NaN,NaN,NaN,NaN
0,0,0,0,NaN,NaN,NaN,NaN
0,0,0,0,NaN,NaN,NaN,NaN
0,0,0,0,NaN,NaN,NaN,NaN
0,0,0,0,NaN,NaN,NaN,NaN
0,0,0,0,NaN,NaN,NaN,NaN
0,0,0,0,NaN,NaN,NaN,NaN
0,0,0,0,NaN,NaN,NaN,NaN
0,0,0,0,NaN,NaN,NaN,NaN
0,0,0,0,NaN,NaN,NaN,NaN
0,0,0,0,NaN,NaN,NaN,NaN
0,0,0,0,NaN,NaN,NaN,NaN
0,0,0,0,NaN,NaN,NaN,NaN
0,0,0,0,NaN,NaN,NaN,NaN
0,0,0,0,NaN,NaN,NaN,NaN
0,0,0,0,NaN,NaN,NaN,NaN
0,0,0,0,8,NaN,NaN,NaN
0,0,0,0,NaN,NaN,NaN,NaN
0,0,0,0,NaN,NaN,NaN,NaN
0,0,0,0,NaN,NaN,NaN,NaN
0,0,0,0,NaN,NaN,NaN,NaN
0,0,0,0,NaN,NaN,NaN,NaN
0,0,0,0,NaN,NaN,NaN,NaN
0,0,0,0,NaN,NaN,NaN,NaN
0,0,0,0,6,NaN,NaN,NaN
0,0,0,0,NaN,NaN,NaN,NaN
0,0,0,0,NaN,NaN,NaN,NaN
0,0,0,0,NaN,NaN,NaN,NaN
0,0,0,0,NaN,NaN,NaN,NaN
0,0,0,0,NaN,NaN,NaN,NaN
0,0,0,0,NaN,NaN,NaN,NaN
0,0,0,0,NaN,NaN,NaN,NaN
0,0,0,0,8,NaN,NaN,NaN
0,0,0,0,NaN,NaN,NaN,NaN
0,0,0,0,NaN,NaN,NaN,NaN
0,0,0,0,NaN,NaN,NaN,NaN
0,0,0,0,NaN,NaN,NaN,NaN
0,0,0,0,NaN,NaN,NaN,NaN
0,0,0,0,NaN,NaN,NaN,NaN
0,0,0,0,NaN,NaN,NaN,NaN
0,0,0,0,NaN,NaN,NaN,NaN
0,0,0,0,NaN,NaN,NaN,NaN
0,0,0,0,NaN,NaN,NaN,NaN
0,0,0,0,NaN,NaN,NaN,NaN
0,0,0,0,NaN,NaN,NaN,NaN
0,0,0,0,NaN,NaN,NaN,NaN
0,0,0,0,NaN,NaN,NaN,NaN
0,0,0,0,NaN,NaN,NaN,NaN
0,0,0,0,NaN,NaN,NaN,NaN
0,0,0,0,NaN,NaN,NaN,NaN
0,0,0,0,NaN,NaN,NaN,NaN
0,0,0,0,NaN,NaN,NaN,NaN
0,0,0,0,NaN,NaN,NaN,NaN
0,0,0,0,NaN,NaN,NaN,NaN
0,0,0,0,NaN,NaN,NaN,NaN
0,0,0,0,NaN,NaN,NaN,NaN
0,0,0,0,NaN,NaN,NaN,NaN
0,0,0,0,NaN,NaN,NaN,NaN
0,0,0,0,NaN,NaN,NaN,NaN
0,0,0,0,NaN,NaN,NaN,NaN
0,0,0,0,NaN,NaN,NaN,NaN
0,0,0,0,NaN,NaN,NaN,NaN
0,0,0,0,NaN,NaN,NaN,NaN
0,0,0,0,NaN,NaN,NaN,NaN
0,0,0,0,NaN,NaN,NaN,NaN
0,0,0,0,NaN,NaN,NaN,NaN
0,0,0,0,NaN,NaN,NaN,NaN
0,0,0,0,0,NaN,NaN,NaN
0,0,0,0,NaN,NaN,NaN,NaN
0,0,0,0,NaN,NaN,NaN,NaN
0,0,0,0,NaN,NaN,NaN,NaN
0,0,0,0,NaN,NaN,NaN,NaN
0,0,0,0,NaN,NaN,NaN,NaN
0,0,0,0,NaN,NaN,NaN,NaN
0,0,0,0,NaN,NaN,NaN,NaN
0,0,0,0,NaN,NaN,NaN,NaN
0,0,0,0,NaN,NaN,NaN,NaN
0,0,0,0,NaN,NaN,NaN,NaN
0,0,0,0,NaN,NaN,NaN,NaN
0,0,0,0,NaN,NaN,NaN,NaN
0,0,0,0,NaN,NaN,NaN,NaN
0,0,0,0,NaN,NaN,NaN,NaN
0,0,0,0,NaN,NaN,NaN,NaN
0,0,0,0,NaN,NaN,NaN,NaN
0,0,0,0,NaN,NaN,NaN,NaN
0,0,0,0,NaN,NaN,NaN,NaN
0,0,0,0,NaN,NaN,NaN,NaN
0,0,0,0,NaN,NaN,NaN,NaN
0,0,0,0,NaN,NaN,NaN,NaN
0,0,0,0,NaN,NaN,NaN,NaN
0,0,0,0,NaN,NaN,NaN,NaN
0,0,0,0,NaN,NaN,NaN,NaN
0,0,0,0,NaN,NaN,NaN,NaN
0,0,0,0,NaN,NaN,NaN,NaN
0,0,0,0,NaN,NaN,NaN,NaN
0,0,0,0,NaN,NaN,NaN,NaN
0,0,0,0,NaN,NaN,NaN,NaN
0,0,0,0,NaN,NaN,NaN,NaN
0,0,0,0,NaN,NaN,NaN,NaN
0,0,0,0,NaN,NaN,NaN,NaN
0,0,0,0,NaN,NaN,NaN,NaN
0,0,0,0,NaN,NaN,NaN,NaN
0,0,0,0,NaN,NaN,NaN,NaN
0,0,0,0,NaN,NaN,NaN,NaN
0,0,0,0,NaN,NaN,NaN,NaN
0,0,0,0,5,NaN,NaN,NaN
0,0,0,0,NaN,NaN,NaN,NaN
0,0,0,0,NaN,NaN,NaN,NaN
0,0,0,0,NaN,NaN,NaN,NaN
0,0,0,0,NaN,NaN,NaN,NaN
0,0,0,0,NaN,NaN,NaN,NaN
0,0,0,0,NaN,NaN,NaN,NaN
0,0,0,0,NaN,NaN,NaN,NaN
0,0,0,0,NaN,NaN,NaN,NaN
0,0,0,0,NaN,NaN,NaN,NaN
0,0,0,0,NaN,NaN,NaN,NaN
0,0,0,0,NaN,NaN,NaN,NaN
0,0,0,0,NaN,NaN,NaN,NaN
0,0,0,0,NaN,NaN,NaN,NaN
0,0,0,0,NaN,NaN,NaN,NaN
0,0,0,0,NaN,NaN,NaN,NaN
0,0,0,0,NaN,NaN,NaN,NaN
0,0,0,0,NaN,NaN,NaN,NaN
0,0,0,0,8,NaN,NaN,NaN
0,0,0,0,2,NaN,NaN,NaN
0,0,0,0,NaN,NaN,NaN,NaN
0,0,0,0,NaN,NaN,NaN,NaN
0,0,0,0,NaN,NaN,NaN,NaN
0,0,0,0,NaN,NaN,NaN,NaN
0,0,0,0,NaN,NaN,NaN,NaN
0,0,0,0,NaN,NaN,NaN,NaN
0,0,0,0,NaN,NaN,NaN,NaN
0,0,0,0,NaN,NaN,NaN,NaN
0,0,0,0,NaN,NaN,NaN,NaN
0,0,0,0,NaN,NaN,NaN,NaN
0,0,0,0,5,NaN,NaN,NaN
0,0,0,0,NaN,NaN,NaN,NaN
0,0,0,0,NaN,NaN,NaN,NaN
0,0,0,0,NaN,NaN,NaN,NaN
0,0,0,0,NaN,NaN,NaN,NaN
0,0,0,0,NaN,NaN,NaN,NaN
0,0,0,0,NaN,NaN,NaN,NaN
0,0,0,0,NaN,NaN,NaN,NaN
0,0,0,0,NaN,NaN,NaN,NaN
0,0,0,0,NaN,NaN,NaN,NaN
0,0,0,0,NaN,NaN,NaN,NaN
0,0,0,0,NaN,NaN,NaN,NaN
0,0,0,0,NaN,NaN,NaN,NaN
0,0,0,0,NaN,NaN,NaN,NaN
0,0,0,0,NaN,NaN,NaN,NaN
0,0,0,0,NaN,NaN,NaN,NaN
0,0,0,0,NaN,NaN,NaN,NaN
0,0,0,0,64,NaN,NaN,NaN
0,0,0,0,NaN,NaN,NaN,NaN
0,0,0,0,NaN,NaN,NaN,NaN
0,0,0,0,NaN,NaN,NaN,NaN
0,0,0,0,NaN,NaN,NaN,NaN
0,0,0,0,NaN,NaN,NaN,NaN
0,0,0,0,NaN,NaN,NaN,NaN
0,0,0,0,NaN,NaN,NaN,NaN
0,0,0,0,NaN,NaN,NaN,NaN
0,0,0,0,NaN,NaN,NaN,NaN
0,0,0,0,NaN,NaN,NaN,NaN
0,0,0,0,NaN,NaN,NaN,NaN
0,0,0,0,NaN,NaN,NaN,NaN
0,0,0,0,NaN,NaN,NaN,NaN
0,0,0,0,NaN,NaN,NaN,NaN
0,0,0,0,NaN,NaN,NaN,NaN
0,0,0,0,NaN,NaN,NaN,NaN
0,0,0,0,NaN,NaN,NaN,NaN
0,0,0,0,NaN,NaN,NaN,NaN
0,0,0,0,NaN,NaN,NaN,NaN
0,0,0,0,NaN,NaN,NaN,NaN
0,0,0,0,7,NaN,NaN,NaN
0,0,0,0,NaN,NaN,NaN,NaN
0,0,0,0,NaN,NaN,NaN,NaN
0,0,0,0,NaN,NaN,NaN,NaN
0,0,0,0,NaN,NaN,NaN,NaN
0,0,0,0,NaN,NaN,NaN,NaN
0,0,0,0,NaN,NaN,NaN,NaN
0,0,0,0,NaN,NaN,NaN,NaN
0,0,0,0,NaN,NaN,NaN,NaN
0,0,0,0,NaN,NaN,NaN,NaN
0,0,0,0,NaN,NaN,NaN,NaN
0,0,0,0,NaN,NaN,NaN,NaN
0,0,0,0,NaN,NaN,NaN,NaN
0,0,0,0,NaN,NaN,NaN,NaN
0,0,0,0,NaN,NaN,NaN,NaN
0,0,0,0,NaN,NaN,NaN,NaN
0,0,0,0,NaN,NaN,NaN,NaN
0,0,0,0,NaN,NaN,NaN,NaN
0,0,0,0,NaN,NaN,NaN,NaN
0,0,0,0,NaN,NaN,NaN,NaN
0,0,0,0,NaN,NaN,NaN,NaN
0,0,0,0,7,NaN,NaN,NaN
0,0,0,0,NaN,NaN,NaN,NaN
0,0,0,0,NaN,NaN,NaN,NaN
0,0,0,0,NaN,NaN,NaN,NaN
0,0,0,0,NaN,NaN,NaN,NaN
0,0,0,0,NaN,NaN,NaN,NaN
0,0,0,0,NaN,NaN,NaN,NaN
0,0,0,0,NaN,NaN,NaN,NaN
0,0,0,0,NaN,NaN,NaN,NaN
0,0,0,0,NaN,NaN,NaN,NaN
0,0,0,0,NaN,NaN,NaN,NaN
0,0,0,0,NaN,NaN,NaN,NaN
0,0,0,0,NaN,NaN,NaN,NaN
0,0,0,0,NaN,NaN,NaN,NaN
0,0,0,0,NaN,NaN,NaN,NaN
0,0,0,0,NaN,NaN,NaN,NaN
0,0,0,0,NaN,NaN,NaN,NaN
0,0,0,0,NaN,NaN,NaN,NaN
0,0,0,0,NaN,NaN,NaN,NaN
0,0,0,0,NaN,NaN,NaN,NaN
0,0,0,0,NaN,NaN,NaN,NaN
0,0,0,0,NaN,NaN,NaN,NaN
0,0,0,0,NaN,NaN,NaN,NaN
0,0,0,0,NaN,NaN,NaN,NaN
0,0,0,0,NaN,NaN,NaN,NaN
0,0,0,0,NaN,NaN,NaN,NaN
0,0,0,0,NaN,NaN,NaN,NaN
0,0,0,0,NaN,NaN,NaN,NaN
0,0,0,0,NaN,NaN,NaN,NaN
0,0,0,0,NaN,NaN,NaN,NaN
0,0,0,0,9,NaN,NaN,NaN
0,0,0,0,NaN,NaN,NaN,NaN
0,0,0,0,NaN,NaN,NaN,NaN
0,0,0,0,NaN,NaN,NaN,NaN
0,0,0,0,NaN,NaN,NaN,NaN
0,0,0,0,NaN,NaN,NaN,NaN
0,0,0,0,NaN,NaN,NaN,NaN
0,0,0,0,NaN,NaN,NaN,NaN
0,0,0,0,4,NaN,NaN,NaN
0,0,0,0,NaN,NaN,NaN,NaN
0,0,0,0,NaN,NaN,NaN,NaN
0,0,0,0,NaN,NaN,NaN,NaN
0,0,0,0,NaN,NaN,NaN,NaN
0,0,0,0,NaN,NaN,NaN,NaN
0,0,0,0,NaN,NaN,NaN,NaN
0,0,0,0,NaN,NaN,NaN,NaN
0,0,0,0,NaN,NaN,NaN,NaN
0,0,0,0,NaN,NaN,NaN,NaN
0,0,0,0,NaN,NaN,NaN,NaN
0,0,0,0,NaN,NaN,NaN,NaN
0,0,0,0,NaN,NaN,NaN,NaN
0,0,0,0,NaN,NaN,NaN,NaN
0,0,0,0,NaN,NaN,NaN,NaN
0,0,0,0,NaN,NaN,NaN,NaN
0,0,0,0,NaN,NaN,NaN,NaN
0,0,0,0,NaN,NaN,NaN,NaN
0,0,0,0,NaN,NaN,NaN,NaN
0,0,0,0,NaN,NaN,NaN,NaN
0,0,0,0,NaN,NaN,NaN,NaN
0,0,0,0,NaN,NaN,NaN,NaN
0,0,0,0,NaN,NaN,NaN,NaN
0,0,0,0,NaN,NaN,NaN,NaN
0,0,0,0,NaN,NaN,NaN,NaN
0,0,0,0,NaN,NaN,NaN,NaN
0,0,0,0,4,NaN,NaN,NaN
0,0,0,0,NaN,NaN,NaN,NaN
0,0,0,0,NaN,NaN,NaN,NaN
0,0,0,0,NaN,NaN,NaN,NaN
0,0,0,0,NaN,NaN,NaN,NaN
0,0,0,0,NaN,NaN,NaN,NaN
0,0,0,0,NaN,NaN,NaN,NaN
0,0,0,0,NaN,NaN,NaN,NaN
0,0,0,0,NaN,NaN,NaN,NaN
0,0,0,0,NaN,NaN,NaN,NaN
0,0,0,0,NaN,NaN,NaN,NaN
0,0,0,0,NaN,NaN,NaN,NaN
0,0,0,0,NaN,NaN,NaN,NaN
0,0,0,0,NaN,NaN,NaN,NaN
0,0,0,0,NaN,NaN,NaN,NaN
0,0,0,0,NaN,NaN,NaN,NaN
0,0,0,0,NaN,NaN,NaN,NaN
0,0,0,0,NaN,NaN,NaN,NaN
0,0,0,0,NaN,NaN,NaN,NaN
0,0,0,0,NaN,NaN,NaN,NaN
0,0,0,0,NaN,NaN,NaN,NaN
0,0,0,0,3,NaN,NaN,NaN
0,0,0,0,NaN,NaN,NaN,NaN
0,0,0,0,NaN,NaN,NaN,NaN
0,0,0,0,NaN,NaN,NaN,NaN
0,0,0,0,NaN,NaN,NaN,NaN
0,0,0,0,NaN,NaN,NaN,NaN
0,0,0,0,NaN,NaN,NaN,NaN
0,0,0,0,NaN,NaN,NaN,NaN
0,0,0,0,NaN,NaN,NaN,NaN
0,0,0,0,NaN,NaN,NaN,NaN
0,0,0,0,NaN,NaN,NaN,NaN
0,0,0,0,NaN,NaN,NaN,NaN
0,0,0,0,NaN,NaN,NaN,NaN
0,0,0,0,NaN,NaN,NaN,NaN
0,0,0,0,NaN,NaN,NaN,NaN
0,0,0,0,NaN,NaN,NaN,NaN
0,0,0,0,NaN,NaN,NaN,NaN
0,0,0,0,NaN,NaN,NaN,NaN
0,0,0,0,NaN,NaN,NaN,NaN
0,0,0,0,NaN,NaN,NaN,NaN
0,0,0,0,NaN,NaN,NaN,NaN
0,0,0,0,NaN,NaN,NaN,NaN
0,0,0,0,NaN,NaN,NaN,NaN
0,0,0,0,NaN,NaN,NaN,NaN
0,0,0,0,NaN,NaN,NaN,NaN
0,0,0,0,NaN,NaN,NaN,NaN
0,0,0,0,NaN,NaN,NaN,NaN
0,0,0,0,NaN,NaN,NaN,NaN
0,0,0,0,-1,NaN,NaN,NaN
0,0,0,0,NaN,NaN,NaN,NaN
0,0,0,0,NaN,NaN,NaN,NaN
0,0,0,0,NaN,NaN,NaN,NaN
0,0,0,0,NaN,NaN,NaN,NaN
0,0,0,0,NaN,NaN,NaN,NaN
0,0,0,0,NaN,NaN,NaN,NaN
0,0,0,0,NaN,NaN,NaN,NaN
0,0,0,0,NaN,NaN,NaN,NaN
0,0,0,0,NaN,NaN,NaN,NaN
0,0,0,0,NaN,NaN,NaN,NaN
0,0,0,0,NaN,NaN,NaN,NaN
0,0,0,0,NaN,NaN,NaN,NaN
0,0,0,0,NaN,NaN,NaN,NaN
0,0,0,0,NaN,NaN,NaN,NaN
0,0,0,0,NaN,NaN,NaN,NaN
0,0,0,0,NaN,NaN,NaN,NaN
0,0,0,0,NaN,NaN,NaN,NaN
0,0,0,0,7,NaN,NaN,NaN
0,0,0,0,NaN,NaN,NaN,NaN
0,0,0,0,NaN,NaN,NaN,NaN
0,0,0,0,NaN,NaN,NaN,NaN
0,0,0,0,NaN,NaN,NaN,NaN
0,0,0,0,NaN,NaN,NaN,NaN
0,0,0,0,NaN,NaN,NaN,NaN
0,0,0,0,NaN,NaN,NaN,NaN
0,0,0,0,NaN,NaN,NaN,NaN
0,0,0,0,NaN,NaN,NaN,NaN
0,0,0,0,NaN,NaN,NaN,NaN
0,0,0,0,NaN,NaN,NaN,NaN
0,0,0,0,NaN,NaN,NaN,NaN
0,0,0,0,NaN,NaN,NaN,NaN
0,0,0,0,NaN,NaN,NaN,NaN
0,0,0,0,NaN,NaN,NaN,NaN
0,0,0,0,NaN,NaN,NaN,NaN
0,0,0,0,NaN,NaN,NaN,NaN
0,0,0,0,NaN,NaN,NaN,NaN
0,0,0,0,NaN,NaN,NaN,NaN
0,0,0,0,NaN,NaN,NaN,NaN
0,0,0,0,NaN,NaN,NaN,NaN
0,0,0,0,NaN,NaN,NaN,NaN
0,0,0,0,NaN,NaN,NaN,NaN
0,0,0,0,NaN,NaN,NaN,NaN
0,0,0,0,0,NaN,NaN,NaN
0,0,0,0,NaN,NaN,NaN,NaN
0,0,0,0,NaN,NaN,NaN,NaN
0,0,0,0,NaN,NaN,NaN,NaN
0,0,0,0,NaN,NaN,NaN,NaN
0,0,0,0,NaN,NaN,NaN,NaN
0,0,0,0,NaN,NaN,NaN,NaN
0,0,0,0,NaN,NaN,NaN,NaN
0,0,0,0,NaN,NaN,NaN,NaN
0,0,0,0,NaN,NaN,NaN,NaN
0,0,0,0,NaN,NaN,NaN,NaN
0,0,0,0,NaN,NaN,NaN,NaN
0,0,0,0,NaN,NaN,NaN,NaN
0,0,0,0,NaN,NaN,NaN,NaN
0,0,0,0,NaN,NaN,NaN,NaN
0,0,0,0,NaN,NaN,NaN,NaN
0,0,0,0,NaN,NaN,NaN,NaN
0,0,0,0,NaN,NaN,NaN,NaN
0,0,0,0,NaN,NaN,NaN,NaN
0,0,0,0,NaN,NaN,NaN,NaN
0,0,0,0,NaN,NaN,NaN,NaN
0,0,0,0,NaN,NaN,NaN,NaN
0,0,0,0,NaN,NaN,NaN,NaN
0,0,0,0,NaN,NaN,NaN,NaN
0,0,0,0,NaN,NaN,NaN,NaN
0,0,0,0,NaN,NaN,NaN,NaN
0,0,0,0,NaN,NaN,NaN,NaN
0,0,0,0,NaN,NaN,NaN,NaN
0,0,0,0,NaN,NaN,NaN,NaN
0,0,0,0,NaN,NaN,NaN,NaN
0,0,0,0,NaN,NaN,NaN,NaN
0,0,0,0,NaN,NaN,NaN,NaN
0,0,0,0,NaN,NaN,NaN,NaN
0,0,0,0,NaN,NaN,NaN,NaN
0,0,0,0,NaN,NaN,NaN,NaN
0,0,0,0,NaN,NaN,NaN,NaN
0,0,0,0,NaN,NaN,NaN,NaN
0,0,0,0,NaN,NaN,NaN,NaN
0,0,0,0,NaN,NaN,NaN,NaN
0,0,0,0,NaN,NaN,NaN,NaN
0,0,0,0,NaN,NaN,NaN,NaN
0,0,0,0,NaN,NaN,NaN,NaN
0,0,0,0,NaN,NaN,NaN,NaN
0,0,0,0,7,NaN,NaN,NaN
0,0,0,0,NaN,NaN,NaN,NaN
0,0,0,0,NaN,NaN,NaN,NaN
0,0,0,0,NaN,NaN,NaN,NaN
0,0,0,0,4,NaN,NaN,NaN
0,0,0,0,NaN,NaN,NaN,NaN
0,0,0,0,NaN,NaN,NaN,NaN
0,0,0,0,NaN,NaN,NaN,NaN
0,0,0,0,NaN,NaN,NaN,NaN
0,0,0,0,NaN,NaN,NaN,NaN
0,0,0,0,NaN,NaN,NaN,NaN
0,0,0,0,3,NaN,NaN,NaN
0,0,0,0,NaN,NaN,NaN,NaN
0,0,0,0,NaN,NaN,NaN,NaN
0,0,0,0,NaN,NaN,NaN,NaN
0,0,0,0,NaN,NaN,NaN,NaN
0,0,0,0,NaN,NaN,NaN,NaN
0,0,0,0,NaN,NaN,NaN,NaN
0,0,0,0,NaN,NaN,NaN,NaN
0,0,0,0,NaN,NaN,NaN,NaN
0,0,0,0,NaN,NaN,NaN,NaN
0,0,0,0,NaN,NaN,NaN,NaN
0,0,0,0,NaN,NaN,NaN,NaN
0,0,0,0,NaN,NaN,NaN,NaN
0,0,0,0,NaN,NaN,NaN,NaN
0,0,0,0,NaN,NaN,NaN,NaN
0,0,0,0,NaN,NaN,NaN,NaN
0,0,0,0,NaN,NaN,NaN,NaN
0,0,0,0,NaN,NaN,NaN,NaN
0,0,0,0,NaN,NaN,NaN,NaN
0,0,0,0,NaN,NaN,NaN,NaN
0,0,0,0,NaN,NaN,NaN,NaN
0,0,0,0,NaN,NaN,NaN,NaN
0,0,0,0,NaN,NaN,NaN,NaN
0,0,0,0,NaN,NaN,NaN,NaN
0,0,0,0,NaN,NaN,NaN,NaN
0,0,0,0,NaN,NaN,NaN,NaN
0,0,0,0,NaN,NaN,NaN,NaN
0,0,0,0,NaN,NaN,NaN,NaN
0,0,0,0,9,NaN,NaN,NaN
0,0,0,0,NaN,NaN,NaN,NaN
0,0,0,0,NaN,NaN,NaN,NaN
0,0,0,0,NaN,NaN,NaN,NaN
0,0,0,0,NaN,NaN,NaN,NaN
0,0,0,0,NaN,NaN,NaN,NaN
0,0,0,0,NaN,NaN,NaN,NaN
0,0,0,0,NaN,NaN,NaN,NaN
0,0,0,0,NaN,NaN,NaN,NaN
0,0,0,0,NaN,NaN,NaN,NaN
0,0,0,0,NaN,NaN,NaN,NaN
0,0,0,0,NaN,NaN,NaN,NaN
0,0,0,0,NaN,NaN,NaN,NaN
0,0,0,0,NaN,NaN,NaN,NaN
0,0,0,0,NaN,NaN,NaN,NaN
0,0,0,0,NaN,NaN,NaN,NaN
0,0,0,0,NaN,NaN,NaN,NaN
0,0,0,0,NaN,NaN,NaN,NaN
0,0,0,0,NaN,NaN,NaN,NaN
0,0,0,0,NaN,NaN,NaN,NaN
0,0,0,0,NaN,NaN,NaN,NaN
0,0,0,0,NaN,NaN,NaN,NaN
0,0,0,0,NaN,NaN,NaN,NaN
0,0,0,0,NaN,NaN,NaN,NaN
0,0,0,0,NaN,NaN,NaN,NaN
0,0,0,0,NaN,NaN,NaN,NaN
0,0,0,0,NaN,NaN,NaN,NaN
0,0,0,0,NaN,NaN,NaN,NaN
0,0,0,0,NaN,NaN,NaN,NaN
0,0,0,0,NaN,NaN,NaN,NaN
0,0,0,0,NaN,NaN,NaN,NaN
0,0,0,0,NaN,NaN,NaN,NaN
0,0,0,0,7,NaN,NaN,NaN
0,0,0,0,NaN,NaN,NaN,NaN
0,0,0,0,NaN,NaN,NaN,NaN
0,0,0,0,NaN,NaN,NaN,NaN
0,0,0,0,NaN,NaN,NaN,NaN
0,0,0,0,NaN,NaN,NaN,NaN
0,0,0,0,NaN,NaN,NaN,NaN
0,0,0,0,NaN,NaN,NaN,NaN
0,0,0,0,NaN,NaN,NaN,NaN
0,0,0,0,NaN,NaN,NaN,NaN
0,0,0,0,NaN,NaN,NaN,NaN
0,0,0,0,NaN,NaN,NaN,NaN
0,0,0,0,NaN,NaN,NaN,NaN
0,0,0,0,NaN,NaN,NaN,NaN
0,0,0,0,NaN,NaN,NaN,NaN
0,0,0,0,NaN,NaN,NaN,NaN
0,0,0,0,NaN,NaN,NaN,NaN
0,0,0,0,NaN,NaN,NaN,NaN
0,0,0,0,NaN,NaN,NaN,NaN
0,0,0,0,NaN,NaN,NaN,NaN
0,0,0,0,NaN,NaN,NaN,NaN
0,0,0,0,NaN,NaN,NaN,NaN
0,0,0,0,NaN,NaN,NaN,NaN
0,0,0,0,NaN,NaN,NaN,NaN
0,0,0,0,NaN,NaN,NaN,NaN
0,0,0,0,NaN,NaN,NaN,NaN
0,0,0,0,NaN,NaN,NaN,NaN
0,0,0,0,NaN,NaN,NaN,NaN
0,0,0,0,NaN,NaN,NaN,NaN
0,0,0,0,NaN,NaN,NaN,NaN
0,0,0,0,NaN,NaN,NaN,NaN
0,0,0,0,NaN,NaN,NaN,NaN
0,0,0,0,NaN,NaN,NaN,NaN
0,0,0,0,NaN,NaN,NaN,NaN
0,0,0,0,NaN,NaN,NaN,NaN
0,0,0,0,NaN,NaN,NaN,NaN
0,0,0,0,NaN,NaN,NaN,NaN
0,0,0,0,NaN,NaN,NaN,NaN
0,0,0,0,1,NaN,NaN,NaN
0,0,0,0,7,NaN,NaN,NaN
0,0,0,0,NaN,NaN,NaN,NaN
0,0,0,0,6,NaN,NaN,NaN
0,0,0,0,NaN,NaN,NaN,NaN
0,0,0,0,NaN,NaN,NaN,NaN
0,0,0,0,6,NaN,NaN,NaN
0,0,0,0,NaN,NaN,NaN,NaN
0,0,0,0,NaN,NaN,NaN,NaN
0,0,0,0,NaN,NaN,NaN,NaN
0,0,0,0,NaN,NaN,NaN,NaN
0,0,0,0,NaN,NaN,NaN,NaN
0,0,0,0,NaN,NaN,NaN,NaN
0,0,0,0,NaN,NaN,NaN,NaN
0,0,0,0,NaN,NaN,NaN,NaN
0,0,0,0,NaN,NaN,NaN,NaN
0,0,0,0,NaN,NaN,NaN,NaN
0,0,0,0,NaN,NaN,NaN,NaN
0,0,0,0,NaN,NaN,NaN,NaN
0,0,0,0,NaN,NaN,NaN,NaN
0,0,0,0,NaN,NaN,NaN,NaN
0,0,0,0,4,NaN,NaN,NaN
0,0,0,0,NaN,NaN,NaN,NaN
0,0,0,0,NaN,NaN,NaN,NaN
0,0,0,0,NaN,NaN,NaN,NaN
0,0,0,0,NaN,NaN,NaN,NaN
0,0,0,0,NaN,NaN,NaN,NaN
0,0,0,0,NaN,NaN,NaN,NaN
0,0,0,0,NaN,NaN,NaN,NaN
0,0,0,0,NaN,NaN,NaN,NaN
0,0,0,0,NaN,NaN,NaN,NaN
0,0,0,0,NaN,NaN,NaN,NaN
0,0,0,0,NaN,NaN,NaN,NaN
0,0,0,0,NaN,NaN,NaN,NaN
0,0,0,0,NaN,NaN,NaN,NaN
0,0,0,0,NaN,NaN,NaN,NaN
0,0,0,0,NaN,NaN,NaN,NaN
0,0,0,0,NaN,NaN,NaN,NaN
0,0,0,0,NaN,NaN,NaN,NaN
0,0,0,0,NaN,NaN,NaN,NaN
0,0,0,0,NaN,NaN,NaN,NaN
0,0,0,0,NaN,NaN,NaN,NaN
0,0,0,0,NaN,NaN,NaN,NaN
0,0,0,0,NaN,NaN,NaN,NaN
0,0,0,0,5,NaN,NaN,NaN
0,0,0,0,NaN,NaN,NaN,NaN
0,0,0,0,NaN,NaN,NaN,NaN
0,0,0,0,NaN,NaN,NaN,NaN
0,0,0,0,NaN,NaN,NaN,NaN
0,0,0,0,NaN,NaN,NaN,NaN
0,0,0,0,NaN,NaN,NaN,NaN
0,0,0,0,NaN,NaN,NaN,NaN
0,0,0,0,NaN,NaN,NaN,NaN
0,0,0,0,NaN,NaN,NaN,NaN
0,0,0,0,NaN,NaN,NaN,NaN
0,0,0,0,NaN,NaN,NaN,NaN
0,0,0,0,NaN,NaN,NaN,NaN
0,0,0,0,NaN,NaN,NaN,NaN
0,0,0,0,NaN,NaN,NaN,NaN
0,0,0,0,NaN,NaN,NaN,NaN
0,0,0,0,NaN,NaN,NaN,NaN
0,0,0,0,NaN,NaN,NaN,NaN
0,0,0,0,NaN,NaN,NaN,NaN
0,0,0,0,NaN,NaN,NaN,NaN
0,0,0,0,NaN,NaN,NaN,NaN
0,0,0,0,NaN,NaN,NaN,NaN
0,0,0,0,NaN,NaN,NaN,NaN
0,0,0,0,NaN,NaN,NaN,NaN
0,0,0,0,NaN,NaN,NaN,NaN
0,0,0,0,NaN,NaN,NaN,NaN
0,0,0,0,NaN,NaN,NaN,NaN
0,0,0,0,NaN,NaN,NaN,NaN
0,0,0,0,NaN,NaN,NaN,NaN
0,0,0,0,NaN,NaN,NaN,NaN
0,0,0,0,NaN,NaN,NaN,NaN
0,0,0,0,NaN,NaN,NaN,NaN
0,0,0,0,NaN,NaN,NaN,NaN
0,0,0,0,NaN,NaN,NaN,NaN
0,0,0,0,NaN,NaN,NaN,NaN
0,0,0,0,NaN,NaN,NaN,NaN
0,0,0,0,NaN,NaN,NaN,NaN
0,0,0,0,NaN,NaN,NaN,NaN
0,0,0,0,NaN,NaN,NaN,NaN
0,0,0,0,NaN,NaN,NaN,NaN
0,0,0,0,NaN,NaN,NaN,NaN
0,0,0,0,NaN,NaN,NaN,NaN
0,0,0,0,69,NaN,NaN,NaN
0,0,0,0,NaN,NaN,NaN,NaN
0,0,0,0,NaN,NaN,NaN,NaN
0,0,0,0,NaN,NaN,NaN,NaN
0,0,0,0,NaN,NaN,NaN,NaN
0,0,0,0,6,NaN,NaN,NaN
0,0,0,0,NaN,NaN,NaN,NaN
0,0,0,0,NaN,NaN,NaN,NaN
0,0,0,0,NaN,NaN,NaN,NaN
0,0,0,0,9,NaN,NaN,NaN
0,0,0,0,NaN,NaN,NaN,NaN
0,0,0,0,NaN,NaN,NaN,NaN
0,0,0,0,NaN,NaN,NaN,NaN
0,0,0,0,NaN,NaN,NaN,NaN
0,0,0,0,NaN,NaN,NaN,NaN
0,0,0,0,4,NaN,NaN,NaN
0,0,0,0,NaN,NaN,NaN,NaN
0,0,0,0,NaN,NaN,NaN,NaN
0,0,0,0,NaN,NaN,NaN,NaN
0,0,0,0,NaN,NaN,NaN,NaN
0,0,0,0,NaN,NaN,NaN,NaN
0,0,0,0,NaN,NaN,NaN,NaN
0,0,0,0,NaN,NaN,NaN,NaN
0,0,0,0,NaN,NaN,NaN,NaN
0,0,0,0,NaN,NaN,NaN,NaN
0,0,0,0,NaN,NaN,NaN,NaN
0,0,0,0,NaN,NaN,NaN,NaN
0,0,0,0,NaN,NaN,NaN,NaN
0,0,0,0,NaN,NaN,NaN,NaN
0,0,0,0,NaN,NaN,NaN,NaN
0,0,0,0,NaN,NaN,NaN,NaN
0,0,0,0,5,NaN,NaN,NaN
0,0,0,0,NaN,NaN,NaN,NaN
0,0,0,0,NaN,NaN,NaN,NaN
0,0,0,0,5,NaN,NaN,NaN
0,0,0,0,NaN,NaN,NaN,NaN
0,0,0,0,NaN,NaN,NaN,NaN
0,0,0,0,NaN,NaN,NaN,NaN
0,0,0,0,NaN,NaN,NaN,NaN
0,0,0,0,NaN,NaN,NaN,NaN
0,0,0,0,NaN,NaN,NaN,NaN
0,0,0,0,NaN,NaN,NaN,NaN
0,0,0,0,NaN,NaN,NaN,NaN
0,0,0,0,NaN,NaN,NaN,NaN
0,0,0,0,6,NaN,NaN,NaN
0,0,0,0,NaN,NaN,NaN,NaN
0,0,0,0,NaN,NaN,NaN,NaN
0,0,0,0,NaN,NaN,NaN,NaN
0,0,0,0,NaN,NaN,NaN,NaN
0,0,0,0,NaN,NaN,NaN,NaN
0,0,0,0,NaN,NaN,NaN,NaN
0,0,0,0,NaN,NaN,NaN,NaN
0,0,0,0,NaN,NaN,NaN,NaN
0,0,0,0,NaN,NaN,NaN,NaN
0,0,0,0,NaN,NaN,NaN,NaN
0,0,0,0,NaN,NaN,NaN,NaN
0,0,0,0,NaN,NaN,NaN,NaN
0,0,0,0,NaN,NaN,NaN,NaN
0,0,0,0,NaN,NaN,NaN,NaN
0,0,0,0,NaN,NaN,NaN,NaN
0,0,0,0,NaN,NaN,NaN,NaN
0,0,0,0,NaN,NaN,NaN,NaN
0,0,0,0,NaN,NaN,NaN,NaN
0,0,0,0,NaN,NaN,NaN,NaN
0,0,0,0,NaN,NaN,NaN,NaN
0,0,0,0,NaN,NaN,NaN,NaN
0,0,0,0,5,NaN,NaN,NaN
0,0,0,0,NaN,NaN,NaN,NaN
0,0,0,0,NaN,NaN,NaN,NaN
0,0,0,0,NaN,NaN,NaN,NaN
0,0,0,0,NaN,NaN,NaN,NaN
0,0,0,0,NaN,NaN,NaN,NaN
0,0,0,0,NaN,NaN,NaN,NaN
0,0,0,0,NaN,NaN,NaN,NaN
0,0,0,0,NaN,NaN,NaN,NaN
0,0,0,0,NaN,NaN,NaN,NaN
0,0,0,0,NaN,NaN,NaN,NaN
0,0,0,0,NaN,NaN,NaN,NaN
0,0,0,0,NaN,NaN,NaN,NaN
0,0,0,0,NaN,NaN,NaN,NaN
0,0,0,0,NaN,NaN,NaN,NaN
0,0,0,0,NaN,NaN,NaN,NaN
0,0,0,0,NaN,NaN,NaN,NaN
0,0,0,0,NaN,NaN,NaN,NaN
0,0,0,0,NaN,NaN,NaN,NaN
0,0,0,0,NaN,NaN,NaN,NaN
0,0,0,0,NaN,NaN,NaN,NaN
0,0,0,0,NaN,NaN,NaN,NaN
0,0,0,0,NaN,NaN,NaN,NaN
0,0,0,0,NaN,NaN,NaN,NaN
0,0,0,0,NaN,NaN,NaN,NaN
0,0,0,0,NaN,NaN,NaN,NaN
0,0,0,0,NaN,NaN,NaN,NaN
0,0,0,0,NaN,NaN,NaN,NaN
0,0,0,0,NaN,NaN,NaN,NaN
0,0,0,0,NaN,NaN,NaN,NaN
0,0,0,0,2,NaN,NaN,NaN
0,0,0,0,NaN,NaN,NaN,NaN
0,0,0,0,NaN,NaN,NaN,NaN
0,0,0,0,NaN,NaN,NaN,NaN
0,0,0,0,NaN,NaN,NaN,NaN
0,0,0,0,NaN,NaN,NaN,NaN
0,0,0,0,NaN,NaN,NaN,NaN
0,0,0,0,NaN,NaN,NaN,NaN
0,0,0,0,0,NaN,NaN,NaN
0,0,0,0,NaN,NaN,NaN,NaN
0,0,0,0,2,NaN,NaN,NaN
0,0,0,0,NaN,NaN,NaN,NaN
0,0,0,0,NaN,NaN,NaN,NaN
0,0,0,0,NaN,NaN,NaN,NaN
0,0,0,0,NaN,NaN,NaN,NaN
0,0,0,0,NaN,NaN,NaN,NaN
0,0,0,0,NaN,NaN,NaN,NaN
0,0,0,0,NaN,NaN,NaN,NaN
0,0,0,0,NaN,NaN,NaN,NaN
0,0,0,0,NaN,NaN,NaN,NaN
0,0,0,0,NaN,NaN,NaN,NaN
0,0,0,0,NaN,NaN,NaN,NaN
0,0,0,0,NaN,NaN,NaN,NaN
0,0,0,0,NaN,NaN,NaN,NaN
0,0,0,0,NaN,NaN,NaN,NaN
0,0,0,0,NaN,NaN,NaN,NaN
0,0,0,0,NaN,NaN,NaN,NaN
0,0,0,0,NaN,NaN,NaN,NaN
0,0,0,0,NaN,NaN,NaN,NaN
0,0,0,0,NaN,NaN,NaN,NaN
0,0,0,0,NaN,NaN,NaN,NaN
0,0,0,0,NaN,NaN,NaN,NaN
0,0,0,0,NaN,NaN,NaN,NaN
0,0,0,0,NaN,NaN,NaN,NaN
0,0,0,0,NaN,NaN,NaN,NaN
0,0,0,0,NaN,NaN,NaN,NaN
0,0,0,0,NaN,NaN,NaN,NaN
0,0,0,0,NaN,NaN,NaN,NaN
0,0,0,0,NaN,NaN,NaN,NaN
0,0,0,0,NaN,NaN,NaN,NaN
0,0,0,0,NaN,NaN,NaN,NaN
0,0,0,0,NaN,NaN,NaN,NaN
0,0,0,0,NaN,NaN,NaN,NaN
0,0,0,0,NaN,NaN,NaN,NaN
0,0,0,0,NaN,NaN,NaN,NaN
0,0,0,0,NaN,NaN,NaN,NaN
0,0,0,0,NaN,NaN,NaN,NaN
0,0,0,0,NaN,NaN,NaN,NaN
0,0,0,0,NaN,NaN,NaN,NaN
0,0,0,0,NaN,NaN,NaN,NaN
0,0,0,0,NaN,NaN,NaN,NaN
0,0,0,0,NaN,NaN,NaN,NaN
0,0,0,0,NaN,NaN,NaN,NaN
0,0,0,0,NaN,NaN,NaN,NaN
0,0,0,0,NaN,NaN,NaN,NaN
0,0,0,0,NaN,NaN,NaN,NaN
0,0,0,0,NaN,NaN,NaN,NaN
0,0,0,0,NaN,NaN,NaN,NaN
0,0,0,0,NaN,NaN,NaN,NaN
0,0,0,0,NaN,NaN,NaN,NaN
0,0,0,0,NaN,NaN,NaN,NaN
0,0,0,0,NaN,NaN,NaN,NaN
0,0,0,0,NaN,NaN,NaN,NaN
0,0,0,0,NaN,NaN,NaN,NaN
0,0,0,0,NaN,NaN,NaN,NaN
0,0,0,0,NaN,NaN,NaN,NaN
0,0,0,0,NaN,NaN,NaN,NaN
0,0,0,0,NaN,NaN,NaN,NaN
0,0,0,0,NaN,NaN,NaN,NaN
0,0,0,0,NaN,NaN,NaN,NaN
0,0,0,0,NaN,NaN,NaN,NaN
0,0,0,0,NaN,NaN,NaN,NaN
0,0,0,0,NaN,NaN,NaN,NaN
0,0,0,0,NaN,NaN,NaN,NaN
0,0,0,0,NaN,NaN,NaN,NaN
0,0,0,0,NaN,NaN,NaN,NaN
0,0,0,0,NaN,NaN,NaN,NaN
0,0,0,0,NaN,NaN,NaN,NaN
0,0,0,0,NaN,NaN,NaN,NaN
0,0,0,0,NaN,NaN,NaN,NaN
0,0,0,0,NaN,NaN,NaN,NaN
0,0,0,0,NaN,NaN,NaN,NaN
0,0,0,0,NaN,NaN,NaN,NaN
0,0,0,0,NaN,NaN,NaN,NaN
0,0,0,0,NaN,NaN,NaN,NaN
0,0,0,0,NaN,NaN,NaN,NaN
0,0,0,0,NaN,NaN,NaN,NaN
0,0,0,0,NaN,NaN,NaN,NaN
0,0,0,0,NaN,NaN,NaN,NaN
0,0,0,0,NaN,NaN,NaN,NaN
0,0,0,0,NaN,NaN,NaN,NaN
0,0,0,0,NaN,NaN,NaN,NaN
0,0,0,0,4,NaN,NaN,NaN
0,0,0,0,NaN,NaN,NaN,NaN
0,0,0,0,NaN,NaN,NaN,NaN
0,0,0,0,NaN,NaN,NaN,NaN
0,0,0,0,NaN,NaN,NaN,NaN
0,0,0,0,NaN,NaN,NaN,NaN
0,0,0,0,NaN,NaN,NaN,NaN
0,0,0,0,NaN,NaN,NaN,NaN
0,0,0,0,NaN,NaN,NaN,NaN
0,0,0,0,NaN,NaN,NaN,NaN
0,0,0,0,NaN,NaN,NaN,NaN
0,0,0,0,NaN,NaN,NaN,NaN
0,0,0,0,NaN,NaN,NaN,NaN
0,0,0,0,NaN,NaN,NaN,NaN
0,0,0,0,NaN,NaN,NaN,NaN
0,0,0,0,NaN,NaN,NaN,NaN
0,0,0,0,6,NaN,NaN,NaN
0,0,0,0,NaN,NaN,NaN,NaN
0,0,0,0,NaN,NaN,NaN,NaN
0,0,0,0,NaN,NaN,NaN,NaN
0,0,0,0,NaN,NaN,NaN,NaN
0,0,0,0,NaN,NaN,NaN,NaN
0,0,0,0,NaN,NaN,NaN,NaN
0,0,0,0,NaN,NaN,NaN,NaN
0,0,0,0,NaN,NaN,NaN,NaN
0,0,0,0,NaN,NaN,NaN,NaN
0,0,0,0,NaN,NaN,NaN,NaN
0,0,0,0,NaN,NaN,NaN,NaN
0,0,0,0,NaN,NaN,NaN,NaN
0,0,0,0,NaN,NaN,NaN,NaN
0,0,0,0,NaN,NaN,NaN,NaN
0,0,0,0,NaN,NaN,NaN,NaN
0,0,0,0,NaN,NaN,NaN,NaN
0,0,0,0,NaN,NaN,NaN,NaN
0,0,0,0,NaN,NaN,NaN,NaN
0,0,0,0,NaN,NaN,NaN,NaN
0,0,0,0,NaN,NaN,NaN,NaN
0,0,0,0,NaN,NaN,NaN,NaN
0,0,0,0,2,NaN,NaN,NaN
0,0,0,0,1,NaN,NaN,NaN
0,0,0,0,NaN,NaN,NaN,NaN
0,0,0,0,0,NaN,NaN,NaN
0,0,0,0,NaN,NaN,NaN,NaN
0,0,0,0,NaN,NaN,NaN,NaN
0,0,0,0,NaN,NaN,NaN,NaN
0,0,0,0,NaN,NaN,NaN,NaN
0,0,0,0,NaN,NaN,NaN,NaN
0,0,0,0,NaN,NaN,NaN,NaN
0,0,0,0,NaN,NaN,NaN,NaN
0,0,0,0,NaN,NaN,NaN,NaN
0,0,0,0,NaN,NaN,NaN,NaN
0,0,0,0,0,NaN,NaN,NaN
0,0,0,0,NaN,NaN,NaN,NaN
0,0,0,0,NaN,NaN,NaN,NaN
0,0,0,0,NaN,NaN,NaN,NaN
0,0,0,0,NaN,NaN,NaN,NaN
0,0,0,0,NaN,NaN,NaN,NaN
0,0,0,0,NaN,NaN,NaN,NaN
0,0,0,0,NaN,NaN,NaN,NaN
0,0,0,0,NaN,NaN,NaN,NaN
0,0,0,0,NaN,NaN,NaN,NaN
0,0,0,0,NaN,NaN,NaN,NaN
0,0,0,0,NaN,NaN,NaN,NaN
0,0,0,0,NaN,NaN,NaN,NaN
0,0,0,0,NaN,NaN,NaN,NaN
0,0,0,0,NaN,NaN,NaN,NaN
0,0,0,0,NaN,NaN,NaN,NaN
0,0,0,0,0,NaN,NaN,NaN
0,0,0,0,NaN,NaN,NaN,NaN
0,0,0,0,NaN,NaN,NaN,NaN
0,0,0,0,0,NaN,NaN,NaN
0,0,0,0,NaN,NaN,NaN,NaN
0,0,0,0,NaN,NaN,NaN,NaN
0,0,0,0,NaN,NaN,NaN,NaN
0,0,0,0,NaN,NaN,NaN,NaN
0,0,0,0,NaN,NaN,NaN,NaN
0,0,0,0,NaN,NaN,NaN,NaN
0,0,0,0,NaN,NaN,NaN,NaN
0,0,0,0,NaN,NaN,NaN,NaN
0,0,0,0,NaN,NaN,NaN,NaN
0,0,0,0,NaN,NaN,NaN,NaN
0,0,0,0,NaN,NaN,NaN,NaN
0,0,0,0,NaN,NaN,NaN,NaN
0,0,0,0,NaN,NaN,NaN,NaN
0,0,0,0,NaN,NaN,NaN,NaN
0,0,0,0,NaN,NaN,NaN,NaN
0,0,0,0,NaN,NaN,NaN,NaN
0,0,0,0,NaN,NaN,NaN,NaN
0,0,0,0,NaN,NaN,NaN,NaN
0,0,0,0,NaN,NaN,NaN,NaN
0,0,0,0,NaN,NaN,NaN,NaN
0,0,0,0,NaN,NaN,NaN,NaN
0,0,0,0,NaN,NaN,NaN,NaN
0,0,0,0,7,NaN,NaN,NaN
0,0,0,0,NaN,NaN,NaN,NaN
0,0,0,0,NaN,NaN,NaN,NaN
0,0,0,0,NaN,NaN,NaN,NaN
0,0,0,0,NaN,NaN,NaN,NaN
0,0,0,0,NaN,NaN,NaN,NaN
0,0,0,0,NaN,NaN,NaN,NaN
0,0,0,0,NaN,NaN,NaN,NaN
0,0,0,0,NaN,NaN,NaN,NaN
0,0,0,0,NaN,NaN,NaN,NaN
0,0,0,0,NaN,NaN,NaN,NaN
0,0,0,0,NaN,NaN,NaN,NaN
0,0,0,0,NaN,NaN,NaN,NaN
0,0,0,0,NaN,NaN,NaN,NaN
0,0,0,0,5,NaN,NaN,NaN
0,0,0,0,NaN,NaN,NaN,NaN
0,0,0,0,NaN,NaN,NaN,NaN
0,0,0,0,NaN,NaN,NaN,NaN
0,0,0,0,NaN,NaN,NaN,NaN
0,0,0,0,NaN,NaN,NaN,NaN
0,0,0,0,NaN,NaN,NaN,NaN
0,0,0,0,NaN,NaN,NaN,NaN
0,0,0,0,NaN,NaN,NaN,NaN
0,0,0,0,NaN,NaN,NaN,NaN
0,0,0,0,NaN,NaN,NaN,NaN
0,0,0,0,NaN,NaN,NaN,NaN
0,0,0,0,NaN,NaN,NaN,NaN
0,0,0,0,NaN,NaN,NaN,NaN
0,0,0,0,NaN,NaN,NaN,NaN
0,0,0,0,NaN,NaN,NaN,NaN
0,0,0,0,NaN,NaN,NaN,NaN
0,0,0,0,NaN,NaN,NaN,NaN
0,0,0,0,NaN,NaN,NaN,NaN
0,0,0,0,NaN,NaN,NaN,NaN
0,0,0,0,NaN,NaN,NaN,NaN
0,0,0,0,NaN,NaN,NaN,NaN
0,0,0,0,NaN,NaN,NaN,NaN
0,0,0,0,NaN,NaN,NaN,NaN
0,0,0,0,NaN,NaN,NaN,NaN
0,0,0,0,NaN,NaN,NaN,NaN
0,0,0,0,NaN,NaN,NaN,NaN
0,0,0,0,NaN,NaN,NaN,NaN
0,0,0,0,NaN,NaN,NaN,NaN
0,0,0,0,9,NaN,NaN,NaN
0,0,0,0,NaN,NaN,NaN,NaN
0,0,0,0,NaN,NaN,NaN,NaN
0,0,0,0,NaN,NaN,NaN,NaN
0,0,0,0,NaN,NaN,NaN,NaN
0,0,0,0,NaN,NaN,NaN,NaN
0,0,0,0,NaN,NaN,NaN,NaN
0,0,0,0,NaN,NaN,NaN,NaN
0,0,0,0,NaN,NaN,NaN,NaN
0,0,0,0,NaN,NaN,NaN,NaN
0,0,0,0,NaN,NaN,NaN,NaN
0,0,0,0,NaN,NaN,NaN,NaN
0,0,0,0,-78,NaN,NaN,NaN
0,0,0,0,NaN,NaN,NaN,NaN
0,0,0,0,NaN,NaN,NaN,NaN
0,0,0,0,NaN,NaN,NaN,NaN
0,0,0,0,NaN,NaN,NaN,NaN
0,0,0,0,NaN,NaN,NaN,NaN
0,0,0,0,NaN,NaN,NaN,NaN
0,0,0,0,NaN,NaN,NaN,NaN
0,0,0,0,NaN,NaN,NaN,NaN
0,0,0,0,NaN,NaN,NaN,NaN
0,0,0,0,NaN,NaN,NaN,NaN
0,0,0,0,8,NaN,NaN,NaN
0,0,0,0,NaN,NaN,NaN,NaN
0,0,0,0,NaN,NaN,NaN,NaN
0,0,0,0,NaN,NaN,NaN,NaN
0,0,0,0,NaN,NaN,NaN,NaN
0,0,0,0,NaN,NaN,NaN,NaN
0,0,0,0,NaN,NaN,NaN,NaN
0,0,0,0,NaN,NaN,NaN,NaN
0,0,0,0,NaN,NaN,NaN,NaN
0,0,0,0,NaN,NaN,NaN,NaN
0,0,0,0,NaN,NaN,NaN,NaN
0,0,0,0,NaN,NaN,NaN,NaN
0,0,0,0,9,NaN,NaN,NaN
0,0,0,0,NaN,NaN,NaN,NaN
0,0,0,0,NaN,NaN,NaN,NaN
0,0,0,0,NaN,NaN,NaN,NaN
0,0,0,0,NaN,NaN,NaN,NaN
0,0,0,0,NaN,NaN,NaN,NaN
0,0,0,0,NaN,NaN,NaN,NaN
0,0,0,0,NaN,NaN,NaN,NaN
0,0,0,0,NaN,NaN,NaN,NaN
0,0,0,0,NaN,NaN,NaN,NaN
0,0,0,0,NaN,NaN,NaN,NaN
0,0,0,0,NaN,NaN,NaN,NaN
0,0,0,0,NaN,NaN,NaN,NaN
0,0,0,0,NaN,NaN,NaN,NaN
0,0,0,0,NaN,NaN,NaN,NaN
0,0,0,0,NaN,NaN,NaN,NaN
0,0,0,0,NaN,NaN,NaN,NaN
0,0,0,0,NaN,NaN,NaN,NaN
0,0,0,0,NaN,NaN,NaN,NaN
0,0,0,0,NaN,NaN,NaN,NaN
0,0,0,0,NaN,NaN,NaN,NaN
0,0,0,0,NaN,NaN,NaN,NaN
0,0,0,0,NaN,NaN,NaN,NaN
0,0,0,0,NaN,NaN,NaN,NaN
0,0,0,0,NaN,NaN,NaN,NaN
0,0,0,0,NaN,NaN,NaN,NaN
0,0,0,0,NaN,NaN,NaN,NaN
0,0,0,0,NaN,NaN,NaN,NaN
0,0,0,0,NaN,NaN,NaN,NaN
0,0,0,0,NaN,NaN,NaN,NaN
0,0,0,0,NaN,NaN,NaN,NaN
0,0,0,0,NaN,NaN,NaN,NaN
0,0,0,0,NaN,NaN,NaN,NaN
0,0,0,0,NaN,NaN,NaN,NaN
0,0,0,0,NaN,NaN,NaN,NaN
0,0,0,0,NaN,NaN,NaN,NaN
0,0,0,0,NaN,NaN,NaN,NaN
0,0,0,0,NaN,NaN,NaN,NaN
0,0,0,0,3,NaN,NaN,NaN
0,0,0,0,NaN,NaN,NaN,NaN
0,0,0,0,NaN,NaN,NaN,NaN
0,0,0,0,NaN,NaN,NaN,NaN
0,0,0,0,NaN,NaN,NaN,NaN
0,0,0,0,NaN,NaN,NaN,NaN
0,0,0,0,NaN,NaN,NaN,NaN
0,0,0,0,NaN,NaN,NaN,NaN
0,0,0,0,NaN,NaN,NaN,NaN
0,0,0,0,NaN,NaN,NaN,NaN
0,0,0,0,NaN,NaN,NaN,NaN
0,0,0,0,NaN,NaN,NaN,NaN
0,0,0,0,NaN,NaN,NaN,NaN
0,0,0,0,NaN,NaN,NaN,NaN
0,0,0,0,NaN,NaN,NaN,NaN
0,0,0,0,NaN,NaN,NaN,NaN
0,0,0,0,NaN,NaN,NaN,NaN
0,0,0,0,NaN,NaN,NaN,NaN
0,0,0,0,NaN,NaN,NaN,NaN
0,0,0,0,NaN,NaN,NaN,NaN
0,0,0,0,NaN,NaN,NaN,NaN
0,0,0,0,NaN,NaN,NaN,NaN
0,0,0,0,NaN,NaN,NaN,NaN
0,0,0,0,NaN,NaN,NaN,NaN
0,0,0,0,NaN,NaN,NaN,NaN
0,0,0,0,NaN,NaN,NaN,NaN
0,0,0,0,NaN,NaN,NaN,NaN
0,0,0,0,NaN,NaN,NaN,NaN
0,0,0,0,NaN,NaN,NaN,NaN
0,0,0,0,NaN,NaN,NaN,NaN
0,0,0,0,NaN,NaN,NaN,NaN
0,0,0,0,NaN,NaN,NaN,NaN
0,0,0,0,NaN,NaN,NaN,NaN
0,0,0,0,NaN,NaN,NaN,NaN
0,0,0,0,NaN,NaN,NaN,NaN
0,0,0,0,NaN,NaN,NaN,NaN
0,0,0,0,NaN,NaN,NaN,NaN
0,0,0,0,NaN,NaN,NaN,NaN
0,0,0,0,NaN,NaN,NaN,NaN
0,0,0,0,NaN,NaN,NaN,NaN
0,0,0,0,1,NaN,NaN,NaN
0,0,0,0,NaN,NaN,NaN,NaN
0,0,0,0,NaN,NaN,NaN,NaN
0,0,0,0,NaN,NaN,NaN,NaN
0,0,0,0,NaN,NaN,NaN,NaN
0,0,0,0,NaN,NaN,NaN,NaN
0,0,0,0,NaN,NaN,NaN,NaN
0,0,0,0,NaN,NaN,NaN,NaN
0,0,0,0,NaN,NaN,NaN,NaN
0,0,0,0,8,NaN,NaN,NaN
0,0,0,0,NaN,NaN,NaN,NaN
0,0,0,0,NaN,NaN,NaN,NaN
0,0,0,0,NaN,NaN,NaN,NaN
0,0,0,0,NaN,NaN,NaN,NaN
0,0,0,0,NaN,NaN,NaN,NaN
0,0,0,0,NaN,NaN,NaN,NaN
0,0,0,0,NaN,NaN,NaN,NaN
0,0,0,0,NaN,NaN,NaN,NaN
0,0,0,0,NaN,NaN,NaN,NaN
0,0,0,0,NaN,NaN,NaN,NaN
0,0,0,0,NaN,NaN,NaN,NaN
0,0,0,0,NaN,NaN,NaN,NaN
0,0,0,0,2,NaN,NaN,NaN
0,0,0,0,9,NaN,NaN,NaN
0,0,0,0,NaN,NaN,NaN,NaN
0,0,0,0,2,NaN,NaN,NaN
0,0,0,0,0,NaN,NaN,NaN
0,0,0,0,NaN,NaN,NaN,NaN
0,0,0,0,NaN,NaN,NaN,NaN
0,0,0,0,NaN,NaN,NaN,NaN
0,0,0,0,NaN,NaN,NaN,NaN
0,0,0,0,NaN,NaN,NaN,NaN
0,0,0,0,NaN,NaN,NaN,NaN
0,0,0,0,NaN,NaN,NaN,NaN
0,0,0,0,NaN,NaN,NaN,NaN
0,0,0,0,NaN,NaN,NaN,NaN
0,0,0,0,NaN,NaN,NaN,NaN
0,0,0,0,NaN,NaN,NaN,NaN
0,0,0,0,NaN,NaN,NaN,NaN
0,0,0,0,NaN,NaN,NaN,NaN
0,0,0,0,NaN,NaN,NaN,NaN
0,0,0,0,NaN,NaN,NaN,NaN
0,0,0,0,NaN,NaN,NaN,NaN
0,0,0,0,NaN,NaN,NaN,NaN
0,0,0,0,NaN,NaN,NaN,NaN
0,0,0,0,NaN,NaN,NaN,NaN
0,0,0,0,NaN,NaN,NaN,NaN
0,0,0,0,NaN,NaN,NaN,NaN
0,0,0,0,NaN,NaN,NaN,NaN
0,0,0,0,NaN,NaN,NaN,NaN
0,0,0,0,NaN,NaN,NaN,NaN
0,0,0,0,NaN,NaN,NaN,NaN
0,0,0,0,NaN,NaN,NaN,NaN
0,0,0,0,NaN,NaN,NaN,NaN
0,0,0,0,NaN,NaN,NaN,NaN
0,0,0,0,NaN,NaN,NaN,NaN
0,0,0,0,NaN,NaN,NaN,NaN
0,0,0,0,NaN,NaN,NaN,NaN
0,0,0,0,NaN,NaN,NaN,NaN
0,0,0,0,NaN,NaN,NaN,NaN
0,0,0,0,3,NaN,NaN,NaN
0,0,0,0,NaN,NaN,NaN,NaN
0,0,0,0,NaN,NaN,NaN,NaN
0,0,0,0,NaN,NaN,NaN,NaN
0,0,0,0,6,NaN,NaN,NaN
0,0,0,0,NaN,NaN,NaN,NaN
0,0,0,0,NaN,NaN,NaN,NaN
0,0,0,0,NaN,NaN,NaN,NaN
0,0,0,0,NaN,NaN,NaN,NaN
0,0,0,0,NaN,NaN,NaN,NaN
0,0,0,0,NaN,NaN,NaN,NaN
0,0,0,0,NaN,NaN,NaN,NaN
0,0,0,0,NaN,NaN,NaN,NaN
0,0,0,0,NaN,NaN,NaN,NaN
0,0,0,0,NaN,NaN,NaN,NaN
0,0,0,0,NaN,NaN,NaN,NaN
0,0,0,0,NaN,NaN,NaN,NaN
0,0,0,0,NaN,NaN,NaN,NaN
0,0,0,0,NaN,NaN,NaN,NaN
0,0,0,0,NaN,NaN,NaN,NaN
0,0,0,0,NaN,NaN,NaN,NaN
0,0,0,0,NaN,NaN,NaN,NaN
0,0,0,0,NaN,NaN,NaN,NaN
0,0,0,0,NaN,NaN,NaN,NaN
0,0,0,0,NaN,NaN,NaN,NaN
0,0,0,0,NaN,NaN,NaN,NaN
0,0,0,0,NaN,NaN,NaN,NaN
0,0,0,0,NaN,NaN,NaN,NaN
0,0,0,0,NaN,NaN,NaN,NaN
0,0,0,0,NaN,NaN,NaN,NaN
0,0,0,0,NaN,NaN,NaN,NaN
0,0,0,0,NaN,NaN,NaN,NaN
0,0,0,0,NaN,NaN,NaN,NaN
0,0,0,0,NaN,NaN,NaN,NaN
0,0,0,0,NaN,NaN,NaN,NaN
0,0,0,0,NaN,NaN,NaN,NaN
0,0,0,0,NaN,NaN,NaN,NaN
0,0,0,0,NaN,NaN,NaN,NaN
0,0,0,0,NaN,NaN,NaN,NaN
0,0,0,0,NaN,NaN,NaN,NaN
0,0,0,0,6,NaN,NaN,NaN
0,0,0,0,NaN,NaN,NaN,NaN
0,0,0,0,NaN,NaN,NaN,NaN
0,0,0,0,NaN,NaN,NaN,NaN
0,0,0,0,NaN,NaN,NaN,NaN
0,0,0,0,NaN,NaN,NaN,NaN
0,0,0,0,NaN,NaN,NaN,NaN
0,0,0,0,-0,NaN,NaN,NaN
0,0,0,0,NaN,NaN,NaN,NaN
0,0,0,0,NaN,NaN,NaN,NaN
0,0,0,0,NaN,NaN,NaN,NaN
0,0,0,0,NaN,NaN,NaN,NaN
0,0,0,0,NaN,NaN,NaN,NaN
0,0,0,0,NaN,NaN,NaN,NaN
0,0,0,0,NaN,NaN,NaN,NaN
0,0,0,0,NaN,NaN,NaN,NaN
0,0,0,0,NaN,NaN,NaN,NaN
0,0,0,0,NaN,NaN,NaN,NaN
0,0,0,0,NaN,NaN,NaN,NaN
0,0,0,0,NaN,NaN,NaN,NaN
0,0,0,0,NaN,NaN,NaN,NaN
0,0,0,0,NaN,NaN,NaN,NaN
0,0,0,0,91,NaN,NaN,NaN
0,0,0,0,NaN,NaN,NaN,NaN
0,0,0,0,NaN,NaN,NaN,NaN
0,0,0,0,NaN,NaN,NaN,NaN
0,0,0,0,NaN,NaN,NaN,NaN
0,0,0,0,NaN,NaN,NaN,NaN
0,0,0,0,NaN,NaN,NaN,NaN
0,0,0,0,9,NaN,NaN,NaN
0,0,0,0,NaN,NaN,NaN,NaN
0,0,0,0,5,NaN,NaN,NaN
0,0,0,0,NaN,NaN,NaN,NaN
0,0,0,0,NaN,NaN,NaN,NaN
0,0,0,0,NaN,NaN,NaN,NaN
0,0,0,0,NaN,NaN,NaN,NaN
0,0,0,0,NaN,NaN,NaN,NaN
0,0,0,0,NaN,NaN,NaN,NaN
0,0,0,0,NaN,NaN,NaN,NaN
0,0,0,0,NaN,NaN,NaN,NaN
0,0,0,0,NaN,NaN,NaN,NaN
0,0,0,0,NaN,NaN,NaN,NaN
0,0,0,0,NaN,NaN,NaN,NaN
0,0,0,0,NaN,NaN,NaN,NaN
0,0,0,0,NaN,NaN,NaN,NaN
0,0,0,0,NaN,NaN,NaN,NaN
0,0,0,0,NaN,NaN,NaN,NaN
0,0,0,0,NaN,NaN,NaN,NaN
0,0,0,0,NaN,NaN,NaN,NaN
0,0,0,0,NaN,NaN,NaN,NaN
0,0,0,0,NaN,NaN,NaN,NaN
0,0,0,0,NaN,NaN,NaN,NaN
0,0,0,0,NaN,NaN,NaN,NaN
0,0,0,0,NaN,NaN,NaN,NaN
0,0,0,0,NaN,NaN,NaN,NaN
0,0,0,0,NaN,NaN,NaN,NaN
0,0,0,0,NaN,NaN,NaN,NaN
0,0,0,0,NaN,NaN,NaN,NaN
0,0,0,0,NaN,NaN,NaN,NaN
0,0,0,0,NaN,NaN,NaN,NaN
0,0,0,0,NaN,NaN,NaN,NaN
0,0,0,0,NaN,NaN,NaN,NaN
0,0,0,0,NaN,NaN,NaN,NaN
0,0,0,0,NaN,NaN,NaN,NaN
0,0,0,0,NaN,NaN,NaN,NaN
0,0,0,0,NaN,NaN,NaN,NaN
0,0,0,0,NaN,NaN,NaN,NaN
0,0,0,0,NaN,NaN,NaN,NaN
0,0,0,0,NaN,NaN,NaN,NaN
0,0,0,0,NaN,NaN,NaN,NaN
0,0,0,0,NaN,NaN,NaN,NaN
0,0,0,0,NaN,NaN,NaN,NaN
0,0,0,0,NaN,NaN,NaN,NaN
0,0,0,0,NaN,NaN,NaN,NaN
0,0,0,0,NaN,NaN,NaN,NaN
0,0,0,0,1,NaN,NaN,NaN
0,0,0,0,NaN,NaN,NaN,NaN
0,0,0,0,NaN,NaN,NaN,NaN
0,0,0,0,NaN,NaN,NaN,NaN
0,0,0,0,NaN,NaN,NaN,NaN
0,0,0,0,NaN,NaN,NaN,NaN
0,0,0,0,NaN,NaN,NaN,NaN
0,0,0,0,NaN,NaN,NaN,NaN
0,0,0,0,NaN,NaN,NaN,NaN
0,0,0,0,NaN,NaN,NaN,NaN
0,0,0,0,NaN,NaN,NaN,NaN
0,0,0,0,NaN,NaN,NaN,NaN
0,0,0,0,NaN,NaN,NaN,NaN
0,0,0,0,NaN,NaN,NaN,NaN
0,0,0,0,NaN,NaN,NaN,NaN
0,0,0,0,NaN,NaN,NaN,NaN
0,0,0,0,NaN,NaN,NaN,NaN
0,0,0,0,NaN,NaN,NaN,NaN
0,0,0,0,NaN,NaN,NaN,NaN
0,0,0,0,NaN,NaN,NaN,NaN
0,0,0,0,NaN,NaN,NaN,NaN
0,0,0,0,NaN,NaN,NaN,NaN
0,0,0,0,NaN,NaN,NaN,NaN
0,0,0,0,NaN,NaN,NaN,NaN
0,0,0,0,NaN,NaN,NaN,NaN
0,0,0,0,NaN,NaN,NaN,NaN
0,0,0,0,NaN,NaN,NaN,NaN
0,0,0,0,NaN,NaN,NaN,NaN
0,0,0,0,NaN,NaN,NaN,NaN
0,0,0,0,NaN,NaN,NaN,NaN
0,0,0,0,NaN,NaN,NaN,NaN
0,0,0,0,NaN,NaN,NaN,NaN
0,0,0,0,NaN,NaN,NaN,NaN
0,0,0,0,NaN,NaN,NaN,NaN
0,0,0,0,NaN,NaN,NaN,NaN
0,0,0,0,NaN,NaN,NaN,NaN
0,0,0,0,NaN,NaN,NaN,NaN
0,0,0,0,NaN,NaN,NaN,NaN
0,0,0,0,5,NaN,NaN,NaN
0,0,0,0,NaN,NaN,NaN,NaN
0,0,0,0,NaN,NaN,NaN,NaN
0,0,0,0,NaN,NaN,NaN,NaN
0,0,0,0,NaN,NaN,NaN,NaN
0,0,0,0,NaN,NaN,NaN,NaN
0,0,0,0,4,NaN,NaN,NaN
0,0,0,0,NaN,NaN,NaN,NaN
0,0,0,0,NaN,NaN,NaN,NaN
0,0,0,0,NaN,NaN,NaN,NaN
0,0,0,0,NaN,NaN,NaN,NaN
0,0,0,0,NaN,NaN,NaN,NaN
0,0,0,0,NaN,NaN,NaN,NaN
0,0,0,0,NaN,NaN,NaN,NaN
0,0,0,0,NaN,NaN,NaN,NaN
0,0,0,0,NaN,NaN,NaN,NaN
0,0,0,0,NaN,NaN,NaN,NaN
0,0,0,0,NaN,NaN,NaN,NaN
0,0,0,0,NaN,NaN,NaN,NaN
0,0,0,0,NaN,NaN,NaN,NaN
0,0,0,0,NaN,NaN,NaN,NaN
0,0,0,0,NaN,NaN,NaN,NaN
0,0,0,0,NaN,NaN,NaN,NaN
0,0,0,0,NaN,NaN,NaN,NaN
0,0,0,0,NaN,NaN,NaN,NaN
0,0,0,0,NaN,NaN,NaN,NaN
0,0,0,0,NaN,NaN,NaN,NaN
0,0,0,0,NaN,NaN,NaN,NaN
0,0,0,0,NaN,NaN,NaN,NaN
0,0,0,0,NaN,NaN,NaN,NaN
0,0,0,0,5,NaN,NaN,NaN
0,0,0,0,NaN,NaN,NaN,NaN
0,0,0,0,NaN,NaN,NaN,NaN
0,0,0,0,NaN,NaN,NaN,NaN
0,0,0,0,NaN,NaN,NaN,NaN
0,0,0,0,NaN,NaN,NaN,NaN
0,0,0,0,NaN,NaN,NaN,NaN
0,0,0,0,NaN,NaN,NaN,NaN
0,0,0,0,NaN,NaN,NaN,NaN
0,0,0,0,NaN,NaN,NaN,NaN
0,0,0,0,NaN,NaN,NaN,NaN
0,0,0,0,NaN,NaN,NaN,NaN
0,0,0,0,NaN,NaN,NaN,NaN
0,0,0,0,0,NaN,NaN,NaN
0,0,0,0,NaN,NaN,NaN,NaN
0,0,0,0,NaN,NaN,NaN,NaN
0,0,0,0,NaN,NaN,NaN,NaN
0,0,0,0,NaN,NaN,NaN,NaN
0,0,0,0,NaN,NaN,NaN,NaN
0,0,0,0,NaN,NaN,NaN,NaN
0,0,0,0,NaN,NaN,NaN,NaN
0,0,0,0,NaN,NaN,NaN,NaN
0,0,0,0,NaN,NaN,NaN,NaN
0,0,0,0,NaN,NaN,NaN,NaN
0,0,0,0,NaN,NaN,NaN,NaN
0,0,0,0,NaN,NaN,NaN,NaN
0,0,0,0,NaN,NaN,NaN,NaN
0,0,0,0,3,NaN,NaN,NaN
0,0,0,0,NaN,NaN,NaN,NaN
0,0,0,0,NaN,NaN,NaN,NaN
0,0,0,0,NaN,NaN,NaN,NaN
0,0,0,0,NaN,NaN,NaN,NaN
0,0,0,0,NaN,NaN,NaN,NaN
0,0,0,0,NaN,NaN,NaN,NaN
0,0,0,0,NaN,NaN,NaN,NaN
0,0,0,0,NaN,NaN,NaN,NaN
0,0,0,0,NaN,NaN,NaN,NaN
0,0,0,0,NaN,NaN,NaN,NaN
0,0,0,0,NaN,NaN,NaN,NaN
0,0,0,0,NaN,NaN,NaN,NaN
0,0,0,0,NaN,NaN,NaN,NaN
0,0,0,0,NaN,NaN,NaN,NaN
0,0,0,0,NaN,NaN,NaN,NaN
0,0,0,0,NaN,NaN,NaN,NaN
0,0,0,0,4,NaN,NaN,NaN
0,0,0,0,NaN,NaN,NaN,NaN
0,0,0,0,NaN,NaN,NaN,NaN
0,0,0,0,NaN,NaN,NaN,NaN
0,0,0,0,NaN,NaN,NaN,NaN
0,0,0,0,NaN,NaN,NaN,NaN
0,0,0,0,NaN,NaN,NaN,NaN
0,0,0,0,7,NaN,NaN,NaN
0,0,0,0,NaN,NaN,NaN,NaN
0,0,0,0,NaN,NaN,NaN,NaN
0,0,0,0,NaN,NaN,NaN,NaN
0,0,0,0,NaN,NaN,NaN,NaN
0,0,0,0,NaN,NaN,NaN,NaN
0,0,0,0,NaN,NaN,NaN,NaN
0,0,0,0,NaN,NaN,NaN,NaN
0,0,0,0,NaN,NaN,NaN,NaN
0,0,0,0,NaN,NaN,NaN,NaN
0,0,0,0,NaN,NaN,NaN,NaN
0,0,0,0,NaN,NaN,NaN,NaN
0,0,0,0,NaN,NaN,NaN,NaN
0,0,0,0,NaN,NaN,NaN,NaN
0,0,0,0,NaN,NaN,NaN,NaN
0,0,0,0,NaN,NaN,NaN,NaN
0,0,0,0,NaN,NaN,NaN,NaN
0,0,0,0,NaN,NaN,NaN,NaN
0,0,0,0,NaN,NaN,NaN,NaN
0,0,0,0,NaN,NaN,NaN,NaN
0,0,0,0,NaN,NaN,NaN,NaN
0,0,0,0,NaN,NaN,NaN,NaN
0,0,0,0,NaN,NaN,NaN,NaN
0,0,0,0,NaN,NaN,NaN,NaN
0,0,0,0,NaN,NaN,NaN,NaN
0,0,0,0,NaN,NaN,NaN,NaN
0,0,0,0,NaN,NaN,NaN,NaN
0,0,0,0,NaN,NaN,NaN,NaN
0,0,0,0,NaN,NaN,NaN,NaN
0,0,0,0,NaN,NaN,NaN,NaN
0,0,0,0,NaN,NaN,NaN,NaN
0,0,0,0,4,NaN,NaN,NaN
0,0,0,0,NaN,NaN,NaN,NaN
0,0,0,0,NaN,NaN,NaN,NaN
0,0,0,0,NaN,NaN,NaN,NaN
0,0,0,0,NaN,NaN,NaN,NaN
0,0,0,0,NaN,NaN,NaN,NaN
0,0,0,0,NaN,NaN,NaN,NaN
0,0,0,0,NaN,NaN,NaN,NaN
0,0,0,0,NaN,NaN,NaN,NaN
0,0,0,0,NaN,NaN,NaN,NaN
0,0,0,0,NaN,NaN,NaN,NaN
0,0,0,0,NaN,NaN,NaN,NaN
0,0,0,0,NaN,NaN,NaN,NaN
0,0,0,0,NaN,NaN,NaN,NaN
0,0,0,0,NaN,NaN,NaN,NaN
0,0,0,0,NaN,NaN,NaN,NaN
0,0,0,0,NaN,NaN,NaN,NaN
0,0,0,0,NaN,NaN,NaN,NaN
0,0,0,0,NaN,NaN,NaN,NaN
0,0,0,0,NaN,NaN,NaN,NaN
0,0,0,0,NaN,NaN,NaN,NaN
0,0,0,0,NaN,NaN,NaN,NaN
0,0,0,0,NaN,NaN,NaN,NaN
0,0,0,0,NaN,NaN,NaN,NaN
0,0,0,0,NaN,NaN,NaN,NaN
0,0,0,0,NaN,NaN,NaN,NaN
0,0,0,0,6,NaN,NaN,NaN
0,0,0,0,NaN,NaN,NaN,NaN
0,0,0,0,NaN,NaN,NaN,NaN
0,0,0,0,NaN,NaN,NaN,NaN
0,0,0,0,NaN,NaN,NaN,NaN
0,0,0,0,NaN,NaN,NaN,NaN
0,0,0,0,NaN,NaN,NaN,NaN
0,0,0,0,NaN,NaN,NaN,NaN
0,0,0,0,NaN,NaN,NaN,NaN
0,0,0,0,NaN,NaN,NaN,NaN
0,0,0,0,NaN,NaN,NaN,NaN
0,0,0,0,NaN,NaN,NaN,NaN
0,0,0,0,NaN,NaN,NaN,NaN
0,0,0,0,NaN,NaN,NaN,NaN
0,0,0,0,NaN,NaN,NaN,NaN
0,0,0,0,NaN,NaN,NaN,NaN
0,0,0,0,NaN,NaN,NaN,NaN
0,0,0,0,NaN,NaN,NaN,NaN
0,0,0,0,4,NaN,NaN,NaN
0,0,0,0,NaN,NaN,NaN,NaN
0,0,0,0,NaN,NaN,NaN,NaN
0,0,0,0,NaN,NaN,NaN,NaN
0,0,0,0,NaN,NaN,NaN,NaN
0,0,0,0,NaN,NaN,NaN,NaN
0,0,0,0,NaN,NaN,NaN,NaN
0,0,0,0,NaN,NaN,NaN,NaN
0,0,0,0,NaN,NaN,NaN,NaN
0,0,0,0,NaN,NaN,NaN,NaN
0,0,0,0,NaN,NaN,NaN,NaN
0,0,0,0,NaN,NaN,NaN,NaN
0,0,0,0,NaN,NaN,NaN,NaN
0,0,0,0,NaN,NaN,NaN,NaN
0,0,0,0,NaN,NaN,NaN,NaN
0,0,0,0,6,NaN,NaN,NaN
0,0,0,0,NaN,NaN,NaN,NaN
0,0,0,0,NaN,NaN,NaN,NaN
0,0,0,0,NaN,NaN,NaN,NaN
0,0,0,0,NaN,NaN,NaN,NaN
0,0,0,0,NaN,NaN,NaN,NaN
0,0,0,0,NaN,NaN,NaN,NaN
0,0,0,0,NaN,NaN,NaN,NaN
0,0,0,0,NaN,NaN,NaN,NaN
0,0,0,0,73,NaN,NaN,NaN
0,0,0,0,NaN,NaN,NaN,NaN
0,0,0,0,NaN,NaN,NaN,NaN
0,0,0,0,NaN,NaN,NaN,NaN
0,0,0,0,NaN,NaN,NaN,NaN
0,0,0,0,NaN,NaN,NaN,NaN
0,0,0,0,NaN,NaN,NaN,NaN
0,0,0,0,6,NaN,NaN,NaN
0,0,0,0,NaN,NaN,NaN,NaN
0,0,0,0,1,NaN,NaN,NaN
0,0,0,0,NaN,NaN,NaN,NaN
0,0,0,0,NaN,NaN,NaN,NaN
0,0,0,0,NaN,NaN,NaN,NaN
0,0,0,0,NaN,NaN,NaN,NaN
0,0,0,0,NaN,NaN,NaN,NaN
0,0,0,0,NaN,NaN,NaN,NaN
0,0,0,0,NaN,NaN,NaN,NaN
0,0,0,0,NaN,NaN,NaN,NaN
0,0,0,0,3,NaN,NaN,NaN
0,0,0,0,NaN,NaN,NaN,NaN
0,0,0,0,NaN,NaN,NaN,NaN
0,0,0,0,NaN,NaN,NaN,NaN
0,0,0,0,NaN,NaN,NaN,NaN
0,0,0,0,NaN,NaN,NaN,NaN
0,0,0,0,NaN,NaN,NaN,NaN
0,0,0,0,NaN,NaN,NaN,NaN
0,0,0,0,NaN,NaN,NaN,NaN
0,0,0,0,NaN,NaN,NaN,NaN
0,0,0,0,NaN,NaN,NaN,NaN
0,0,0,0,3,NaN,NaN,NaN
0,0,0,0,NaN,NaN,NaN,NaN
0,0,0,0,NaN,NaN,NaN,NaN
0,0,0,0,NaN,NaN,NaN,NaN
0,0,0,0,NaN,NaN,NaN,NaN
0,0,0,0,9,NaN,NaN,NaN
0,0,0,0,NaN,NaN,NaN,NaN
0,0,0,0,NaN,NaN,NaN,NaN
0,0,0,0,4,NaN,NaN,NaN
0,0,0,0,NaN,NaN,NaN,NaN
0,0,0,0,NaN,NaN,NaN,NaN
0,0,0,0,NaN,NaN,NaN,NaN
0,0,0,0,NaN,NaN,NaN,NaN
0,0,0,0,NaN,NaN,NaN,NaN
0,0,0,0,NaN,NaN,NaN,NaN
0,0,0,0,7,NaN,NaN,NaN
0,0,0,0,NaN,NaN,NaN,NaN
0,0,0,0,NaN,NaN,NaN,NaN
0,0,0,0,NaN,NaN,NaN,NaN
0,0,0,0,NaN,NaN,NaN,NaN
0,0,0,0,NaN,NaN,NaN,NaN
0,0,0,0,2,NaN,NaN,NaN
0,0,0,0,NaN,NaN,NaN,NaN
0,0,0,0,NaN,NaN,NaN,NaN
0,0,0,0,NaN,NaN,NaN,NaN
0,0,0,0,NaN,NaN,NaN,NaN
0,0,0,0,NaN,NaN,NaN,NaN
0,0,0,0,NaN,NaN,NaN,NaN
0,0,0,0,NaN,NaN,NaN,NaN
0,0,0,0,NaN,NaN,NaN,NaN
0,0,0,0,NaN,NaN,NaN,NaN
0,0,0,0,NaN,NaN,NaN,NaN
0,0,0,0,NaN,NaN,NaN,NaN
0,0,0,0,NaN,NaN,NaN,NaN
0,0,0,0,NaN,NaN,NaN,NaN
0,0,0,0,NaN,NaN,NaN,NaN
0,0,0,0,NaN,NaN,NaN,NaN
0,0,0,0,NaN,NaN,NaN,NaN
0,0,0,0,NaN,NaN,NaN,NaN
0,0,0,0,NaN,NaN,NaN,NaN
0,0,0,0,NaN,NaN,NaN,NaN
0,0,0,0,NaN,NaN,NaN,NaN
0,0,0,0,NaN,NaN,NaN,NaN
0,0,0,0,NaN,NaN,NaN,NaN
0,0,0,0,NaN,NaN,NaN,NaN
0,0,0,0,NaN,NaN,NaN,NaN
0,0,0,0,NaN,NaN,NaN,NaN
0,0,0,0,NaN,NaN,NaN,NaN
0,0,0,0,NaN,NaN,NaN,NaN
0,0,0,0,NaN,NaN,NaN,NaN
0,0,0,0,NaN,NaN,NaN,NaN
0,0,0,0,NaN,NaN,NaN,NaN
0,0,0,0,NaN,NaN,NaN,NaN
0,0,0,0,NaN,NaN,NaN,NaN
0,0,0,0,NaN,NaN,NaN,NaN
0,0,0,0,NaN,NaN,NaN,NaN
0,0,0,0,NaN,NaN,NaN,NaN
0,0,0,0,NaN,NaN,NaN,NaN
0,0,0,0,NaN,NaN,NaN,NaN
0,0,0,0,NaN,NaN,NaN,NaN
0,0,0,0,NaN,NaN,NaN,NaN
0,0,0,0,NaN,NaN,NaN,NaN
0,0,0,0,6,NaN,NaN,NaN
0,0,0,0,NaN,NaN,NaN,NaN
0,0,0,0,NaN,NaN,NaN,NaN
0,0,0,0,NaN,NaN,NaN,NaN
0,0,0,0,NaN,NaN,NaN,NaN
0,0,0,0,NaN,NaN,NaN,NaN
0,0,0,0,NaN,NaN,NaN,NaN
0,0,0,0,NaN,NaN,NaN,NaN
0,0,0,0,NaN,NaN,NaN,NaN
0,0,0,0,NaN,NaN,NaN,NaN
0,0,0,0,NaN,NaN,NaN,NaN
0,0,0,0,NaN,NaN,NaN,NaN
0,0,0,0,NaN,NaN,NaN,NaN
0,0,0,0,NaN,NaN,NaN,NaN
0,0,0,0,NaN,NaN,NaN,NaN
0,0,0,0,NaN,NaN,NaN,NaN
0,0,0,0,NaN,NaN,NaN,NaN
0,0,0,0,NaN,NaN,NaN,NaN
0,0,0,0,NaN,NaN,NaN,NaN
0,0,0,0,NaN,NaN,NaN,NaN
0,0,0,0,NaN,NaN,NaN,NaN
0,0,0,0,NaN,NaN,NaN,NaN
0,0,0,0,NaN,NaN,NaN,NaN
0,0,0,0,NaN,NaN,NaN,NaN
0,0,0,0,NaN,NaN,NaN,NaN
0,0,0,0,NaN,NaN,NaN,NaN
0,0,0,0,NaN,NaN,NaN,NaN
0,0,0,0,NaN,NaN,NaN,NaN
0,0,0,0,NaN,NaN,NaN,NaN
0,0,0,0,NaN,NaN,NaN,NaN
0,0,0,0,8,NaN,NaN,NaN
0,0,0,0,NaN,NaN,NaN,NaN
0,0,0,0,NaN,NaN,NaN,NaN
0,0,0,0,NaN,NaN,NaN,NaN
0,0,0,0,NaN,NaN,NaN,NaN
0,0,0,0,NaN,NaN,NaN,NaN
0,0,0,0,NaN,NaN,NaN,NaN
0,0,0,0,NaN,NaN,NaN,NaN
0,0,0,0,NaN,NaN,NaN,NaN
0,0,0,0,NaN,NaN,NaN,NaN
0,0,0,0,9,NaN,NaN,NaN
0,0,0,0,NaN,NaN,NaN,NaN
0,0,0,0,NaN,NaN,NaN,NaN
0,0,0,0,0,NaN,NaN,NaN
0,0,0,0,NaN,NaN,NaN,NaN
0,0,0,0,NaN,NaN,NaN,NaN
0,0,0,0,NaN,NaN,NaN,NaN
0,0,0,0,NaN,NaN,NaN,NaN
0,0,0,0,NaN,NaN,NaN,NaN
0,0,0,0,NaN,NaN,NaN,NaN
0,0,0,0,NaN,NaN,NaN,NaN
0,0,0,0,NaN,NaN,NaN,NaN
0,0,0,0,NaN,NaN,NaN,NaN
0,0,0,0,NaN,NaN,NaN,NaN
0,0,0,0,NaN,NaN,NaN,NaN
0,0,0,0,NaN,NaN,NaN,NaN
0,0,0,0,NaN,NaN,NaN,NaN
0,0,0,0,NaN,NaN,NaN,NaN
0,0,0,0,NaN,NaN,NaN,NaN
0,0,0,0,NaN,NaN,NaN,NaN
0,0,0,0,NaN,NaN,NaN,NaN
0,0,0,0,NaN,NaN,NaN,NaN
0,0,0,0,NaN,NaN,NaN,NaN
0,0,0,0,NaN,NaN,NaN,NaN
0,0,0,0,NaN,NaN,NaN,NaN
0,0,0,0,NaN,NaN,NaN,NaN
0,0,0,0,NaN,NaN,NaN,NaN
0,0,0,0,NaN,NaN,NaN,NaN
0,0,0,0,NaN,NaN,NaN,NaN
0,0,0,0,NaN,NaN,NaN,NaN
0,0,0,0,NaN,NaN,NaN,NaN
0,0,0,0,NaN,NaN,NaN,NaN
0,0,0,0,NaN,NaN,NaN,NaN
0,0,0,0,NaN,NaN,NaN,NaN
0,0,0,0,NaN,NaN,NaN,NaN
0,0,0,0,NaN,NaN,NaN,NaN
0,0,0,0,NaN,NaN,NaN,NaN
0,0,0,0,NaN,NaN,NaN,NaN
0,0,0,0,NaN,NaN,NaN,NaN
0,0,0,0,NaN,NaN,NaN,NaN
0,0,0,0,NaN,NaN,NaN,NaN
0,0,0,0,NaN,NaN,NaN,NaN
0,0,0,0,NaN,NaN,NaN,NaN
0,0,0,0,NaN,NaN,NaN,NaN
0,0,0,0,NaN,NaN,NaN,NaN
0,0,0,0,NaN,NaN,NaN,NaN
0,0,0,0,NaN,NaN,NaN,NaN
0,0,0,0,NaN,NaN,NaN,NaN
0,0,0,0,NaN,NaN,NaN,NaN
0,0,0,0,NaN,NaN,NaN,NaN
0,0,0,0,NaN,NaN,NaN,NaN
0,0,0,0,NaN,NaN,NaN,NaN
0,0,0,0,NaN,NaN,NaN,NaN
0,0,0,0,NaN,NaN,NaN,NaN
0,0,0,0,NaN,NaN,NaN,NaN
0,0,0,0,NaN,NaN,NaN,NaN
0,0,0,0,4,NaN,NaN,NaN
0,0,0,0,NaN,NaN,NaN,NaN
0,0,0,0,NaN,NaN,NaN,NaN
0,0,0,0,NaN,NaN,NaN,NaN
0,0,0,0,NaN,NaN,NaN,NaN
0,0,0,0,NaN,NaN,NaN,NaN
0,0,0,0,NaN,NaN,NaN,NaN
0,0,0,0,NaN,NaN,NaN,NaN
0,0,0,0,NaN,NaN,NaN,NaN
0,0,0,0,NaN,NaN,NaN,NaN
0,0,0,0,NaN,NaN,NaN,NaN
0,0,0,0,NaN,NaN,NaN,NaN
0,0,0,0,NaN,NaN,NaN,NaN
0,0,0,0,NaN,NaN,NaN,NaN
0,0,0,0,NaN,NaN,NaN,NaN
0,0,0,0,NaN,NaN,NaN,NaN
0,0,0,0,NaN,NaN,NaN,NaN
0,0,0,0,NaN,NaN,NaN,NaN
0,0,0,0,NaN,NaN,NaN,NaN
0,0,0,0,NaN,NaN,NaN,NaN
0,0,0,0,NaN,NaN,NaN,NaN
0,0,0,0,NaN,NaN,NaN,NaN
0,0,0,0,9,NaN,NaN,NaN
0,0,0,0,NaN,NaN,NaN,NaN
0,0,0,0,NaN,NaN,NaN,NaN
0,0,0,0,NaN,NaN,NaN,NaN
0,0,0,0,NaN,NaN,NaN,NaN
0,0,0,0,NaN,NaN,NaN,NaN
0,0,0,0,NaN,NaN,NaN,NaN
0,0,0,0,NaN,NaN,NaN,NaN
0,0,0,0,NaN,NaN,NaN,NaN
0,0,0,0,NaN,NaN,NaN,NaN
0,0,0,0,NaN,NaN,NaN,NaN
0,0,0,0,NaN,NaN,NaN,NaN
0,0,0,0,NaN,NaN,NaN,NaN
0,0,0,0,NaN,NaN,NaN,NaN
0,0,0,0,NaN,NaN,NaN,NaN
0,0,0,0,NaN,NaN,NaN,NaN
0,0,0,0,NaN,NaN,NaN,NaN
0,0,0,0,NaN,NaN,NaN,NaN
0,0,0,0,8,NaN,NaN,NaN
0,0,0,0,NaN,NaN,NaN,NaN
0,0,0,0,NaN,NaN,NaN,NaN
0,0,0,0,NaN,NaN,NaN,NaN
0,0,0,0,NaN,NaN,NaN,NaN
0,0,0,0,NaN,NaN,NaN,NaN
0,0,0,0,NaN,NaN,NaN,NaN
0,0,0,0,NaN,NaN,NaN,NaN
0,0,0,0,2,NaN,NaN,NaN
0,0,0,0,NaN,NaN,NaN,NaN
0,0,0,0,NaN,NaN,NaN,NaN
0,0,0,0,NaN,NaN,NaN,NaN
0,0,0,0,NaN,NaN,NaN,NaN
0,0,0,0,NaN,NaN,NaN,NaN
0,0,0,0,5,NaN,NaN,NaN
0,0,0,0,NaN,NaN,NaN,NaN
0,0,0,0,NaN,NaN,NaN,NaN
0,0,0,0,NaN,NaN,NaN,NaN
0,0,0,0,NaN,NaN,NaN,NaN
0,0,0,0,NaN,NaN,NaN,NaN
0,0,0,0,NaN,NaN,NaN,NaN
0,0,0,0,8,NaN,NaN,NaN
0,0,0,0,NaN,NaN,NaN,NaN
0,0,0,0,NaN,NaN,NaN,NaN
0,0,0,0,6,NaN,NaN,NaN
0,0,0,0,NaN,NaN,NaN,NaN
0,0,0,0,NaN,NaN,NaN,NaN
0,0,0,0,NaN,NaN,NaN,NaN
0,0,0,0,NaN,NaN,NaN,NaN
0,0,0,0,NaN,NaN,NaN,NaN
0,0,0,0,NaN,NaN,NaN,NaN
0,0,0,0,NaN,NaN,NaN,NaN
0,0,0,0,NaN,NaN,NaN,NaN
0,0,0,0,NaN,NaN,NaN,NaN
0,0,0,0,NaN,NaN,NaN,NaN
0,0,0,0,7,NaN,NaN,NaN
0,0,0,0,NaN,NaN,NaN,NaN
0,0,0,0,NaN,NaN,NaN,NaN
0,0,0,0,NaN,NaN,NaN,NaN
0,0,0,0,NaN,NaN,NaN,NaN
0,0,0,0,NaN,NaN,NaN,NaN
0,0,0,0,NaN,NaN,NaN,NaN
0,0,0,0,NaN,NaN,NaN,NaN
0,0,0,0,NaN,NaN,NaN,NaN
0,0,0,0,NaN,NaN,NaN,NaN
0,0,0,0,NaN,NaN,NaN,NaN
0,0,0,0,NaN,NaN,NaN,NaN
0,0,0,0,NaN,NaN,NaN,NaN
0,0,0,0,NaN,NaN,NaN,NaN
0,0,0,0,NaN,NaN,NaN,NaN
0,0,0,0,NaN,NaN,NaN,NaN
0,0,0,0,NaN,NaN,NaN,NaN
0,0,0,0,NaN,NaN,NaN,NaN
0,0,0,0,NaN,NaN,NaN,NaN
0,0,0,0,NaN,NaN,NaN,NaN
0,0,0,0,NaN,NaN,NaN,NaN
0,0,0,0,NaN,NaN,NaN,NaN
0,0,0,0,NaN,NaN,NaN,NaN
0,0,0,0,NaN,NaN,NaN,NaN
0,0,0,0,5,NaN,NaN,NaN
0,0,0,0,NaN,NaN,NaN,NaN
0,0,0,0,NaN,NaN,NaN,NaN
0,0,0,0,NaN,NaN,NaN,NaN
0,0,0,0,NaN,NaN,NaN,NaN
0,0,0,0,NaN,NaN,NaN,NaN
0,0,0,0,-1,NaN,NaN,NaN
0,0,0,0,NaN,NaN,NaN,NaN
0,0,0,0,NaN,NaN,NaN,NaN
0,0,0,0,NaN,NaN,NaN,NaN
0,0,0,0,NaN,NaN,NaN,NaN
0,0,0,0,NaN,NaN,NaN,NaN
0,0,0,0,NaN,NaN,NaN,NaN
0,0,0,0,NaN,NaN,NaN,NaN
0,0,0,0,9,NaN,NaN,NaN
0,0,0,0,NaN,NaN,NaN,NaN
0,0,0,0,NaN,NaN,NaN,NaN
0,0,0,0,NaN,NaN,NaN,NaN
0,0,0,0,NaN,NaN,NaN,NaN
0,0,0,0,NaN,NaN,NaN,NaN
0,0,0,0,NaN,NaN,NaN,NaN
0,0,0,0,NaN,NaN,NaN,NaN
0,0,0,0,NaN,NaN,NaN,NaN
0,0,0,0,NaN,NaN,NaN,NaN
0,0,0,0,NaN,NaN,NaN,NaN
0,0,0,0,NaN,NaN,NaN,NaN
0,0,0,0,NaN,NaN,NaN,NaN
0,0,0,0,NaN,NaN,NaN,NaN
0,0,0,0,NaN,NaN,NaN,NaN
0,0,0,0,NaN,NaN,NaN,NaN
0,0,0,0,NaN,NaN,NaN,NaN
0,0,0,0,NaN,NaN,NaN,NaN
0,0,0,0,NaN,NaN,NaN,NaN
0,0,0,0,NaN,NaN,NaN,NaN
0,0,0,0,NaN,NaN,NaN,NaN
0,0,0,0,NaN,NaN,NaN,NaN
0,0,0,0,NaN,NaN,NaN,NaN
0,0,0,0,NaN,NaN,NaN,NaN
0,0,0,0,NaN,NaN,NaN,NaN
0,0,0,0,NaN,NaN,NaN,NaN
0,0,0,0,NaN,NaN,NaN,NaN
0,0,0,0,NaN,NaN,NaN,NaN
0,0,0,0,NaN,NaN,NaN,NaN
0,0,0,0,NaN,NaN,NaN,NaN
0,0,0,0,NaN,NaN,NaN,NaN
0,0,0,0,NaN,NaN,NaN,NaN
0,0,0,0,NaN,NaN,NaN,NaN
0,0,0,0,NaN,NaN,NaN,NaN
0,0,0,0,NaN,NaN,NaN,NaN
0,0,0,0,1,NaN,NaN,NaN
0,0,0,0,NaN,NaN,NaN,NaN
0,0,0,0,NaN,NaN,NaN,NaN
0,0,0,0,NaN,NaN,NaN,NaN
0,0,0,0,NaN,NaN,NaN,NaN
0,0,0,0,NaN,NaN,NaN,NaN
0,0,0,0,NaN,NaN,NaN,NaN
0,0,0,0,NaN,NaN,NaN,NaN
0,0,0,0,NaN,NaN,NaN,NaN
0,0,0,0,NaN,NaN,NaN,NaN
0,0,0,0,NaN,NaN,NaN,NaN
0,0,0,0,NaN,NaN,NaN,NaN
0,0,0,0,NaN,NaN,NaN,NaN
0,0,0,0,NaN,NaN,NaN,NaN
0,0,0,0,NaN,NaN,NaN,NaN
0,0,0,0,NaN,NaN,NaN,NaN
0,0,0,0,NaN,NaN,NaN,NaN
0,0,0,0,NaN,NaN,NaN,NaN
0,0,0,0,NaN,NaN,NaN,NaN
0,0,0,0,NaN,NaN,NaN,NaN
0,0,0,0,NaN,NaN,NaN,NaN
0,0,0,0,NaN,NaN,NaN,NaN
0,0,0,0,NaN,NaN,NaN,NaN
0,0,0,0,NaN,NaN,NaN,NaN
0,0,0,0,NaN,NaN,NaN,NaN
0,0,0,0,NaN,NaN,NaN,NaN
0,0,0,0,NaN,NaN,NaN,NaN
0,0,0,0,NaN,NaN,NaN,NaN
0,0,0,0,NaN,NaN,NaN,NaN
0,0,0,0,NaN,NaN,NaN,NaN
0,0,0,0,NaN,NaN,NaN,NaN
0,0,0,0,NaN,NaN,NaN,NaN
0,0,0,0,NaN,NaN,NaN,NaN
0,0,0,0,NaN,NaN,NaN,NaN
0,0,0,0,NaN,NaN,NaN,NaN
0,0,0,0,NaN,NaN,NaN,NaN
0,0,0,0,NaN,NaN,NaN,NaN
0,0,0,0,NaN,NaN,NaN,NaN
0,0,0,0,NaN,NaN,NaN,NaN
0,0,0,0,NaN,NaN,NaN,NaN
0,0,0,0,NaN,NaN,NaN,NaN
0,0,0,0,NaN,NaN,NaN,NaN
0,0,0,0,NaN,NaN,NaN,NaN
0,0,0,0,NaN,NaN,NaN,NaN
0,0,0,0,NaN,NaN,NaN,NaN
0,0,0,0,2,NaN,NaN,NaN
0,0,0,0,NaN,NaN,NaN,NaN
0,0,0,0,NaN,NaN,NaN,NaN
0,0,0,0,NaN,NaN,NaN,NaN
0,0,0,0,NaN,NaN,NaN,NaN
0,0,0,0,NaN,NaN,NaN,NaN
0,0,0,0,NaN,NaN,NaN,NaN
0,0,0,0,NaN,NaN,NaN,NaN
0,0,0,0,NaN,NaN,NaN,NaN
0,0,0,0,NaN,NaN,NaN,NaN
0,0,0,0,NaN,NaN,NaN,NaN
0,0,0,0,NaN,NaN,NaN,NaN
0,0,0,0,NaN,NaN,NaN,NaN
0,0,0,0,NaN,NaN,NaN,NaN
0,0,0,0,NaN,NaN,NaN,NaN
0,0,0,0,NaN,NaN,NaN,NaN
0,0,0,0,NaN,NaN,NaN,NaN
0,0,0,0,NaN,NaN,NaN,NaN
0,0,0,0,NaN,NaN,NaN,NaN
0,0,0,0,NaN,NaN,NaN,NaN
0,0,0,0,NaN,NaN,NaN,NaN
0,0,0,0,NaN,NaN,NaN,NaN
0,0,0,0,NaN,NaN,NaN,NaN
0,0,0,0,NaN,NaN,NaN,NaN
0,0,0,0,NaN,NaN,NaN,NaN
0,0,0,0,NaN,NaN,NaN,NaN
0,0,0,0,NaN,NaN,NaN,NaN
0,0,0,0,NaN,NaN,NaN,NaN
0,0,0,0,NaN,NaN,NaN,NaN
0,0,0,0,NaN,NaN,NaN,NaN
0,0,0,0,NaN,NaN,NaN,NaN
0,0,0,0,0,NaN,NaN,NaN
0,0,0,0,NaN,NaN,NaN,NaN
0,0,0,0,NaN,NaN,NaN,NaN
0,0,0,0,NaN,NaN,NaN,NaN
0,0,0,0,NaN,NaN,NaN,NaN
0,0,0,0,NaN,NaN,NaN,NaN
0,0,0,0,NaN,NaN,NaN,NaN
0,0,0,0,NaN,NaN,NaN,NaN
0,0,0,0,NaN,NaN,NaN,NaN
0,0,0,0,NaN,NaN,NaN,NaN
0,0,0,0,NaN,NaN,NaN,NaN
0,0,0,0,NaN,NaN,NaN,NaN
0,0,0,0,NaN,NaN,NaN,NaN
0,0,0,0,NaN,NaN,NaN,NaN
0,0,0,0,13,NaN,NaN,NaN
0,0,0,0,NaN,NaN,NaN,NaN
0,0,0,0,NaN,NaN,NaN,NaN
0,0,0,0,NaN,NaN,NaN,NaN
0,0,0,0,NaN,NaN,NaN,NaN
0,0,0,0,NaN,NaN,NaN,NaN
0,0,0,0,NaN,NaN,NaN,NaN
0,0,0,0,NaN,NaN,NaN,NaN
0,0,0,0,NaN,NaN,NaN,NaN
0,0,0,0,NaN,NaN,NaN,NaN
0,0,0,0,NaN,NaN,NaN,NaN
0,0,0,0,NaN,NaN,NaN,NaN
0,0,0,0,NaN,NaN,NaN,NaN
0,0,0,0,NaN,NaN,NaN,NaN
0,0,0,0,NaN,NaN,NaN,NaN
0,0,0,0,NaN,NaN,NaN,NaN
0,0,0,0,NaN,NaN,NaN,NaN
0,0,0,0,NaN,NaN,NaN,NaN
0,0,0,0,NaN,NaN,NaN,NaN
0,0,0,0,NaN,NaN,NaN,NaN
0,0,0,0,NaN,NaN,NaN,NaN
0,0,0,0,NaN,NaN,NaN,NaN
0,0,0,0,NaN,NaN,NaN,NaN
0,0,0,0,NaN,NaN,NaN,NaN
0,0,0,0,NaN,NaN,NaN,NaN
0,0,0,0,NaN,NaN,NaN,NaN
0,0,0,0,NaN,NaN,NaN,NaN
0,0,0,0,NaN,NaN,NaN,NaN
0,0,0,0,NaN,NaN,NaN,NaN
0,0,0,0,NaN,NaN,NaN,NaN
0,0,0,0,NaN,NaN,NaN,NaN
0,0,0,0,NaN,NaN,NaN,NaN
0,0,0,0,NaN,NaN,NaN,NaN
0,0,0,0,29,NaN,NaN,NaN
0,0,0,0,NaN,NaN,NaN,NaN
0,0,0,0,NaN,NaN,NaN,NaN
0,0,0,0,NaN,NaN,NaN,NaN
0,0,0,0,NaN,NaN,NaN,NaN
0,0,0,0,NaN,NaN,NaN,NaN
0,0,0,0,NaN,NaN,NaN,NaN
0,0,0,0,1,NaN,NaN,NaN
0,0,0,0,NaN,NaN,NaN,NaN
0,0,0,0,NaN,NaN,NaN,NaN
0,0,0,0,NaN,NaN,NaN,NaN
0,0,0,0,NaN,NaN,NaN,NaN
0,0,0,0,NaN,NaN,NaN,NaN
0,0,0,0,NaN,NaN,NaN,NaN
0,0,0,0,NaN,NaN,NaN,NaN
0,0,0,0,NaN,NaN,NaN,NaN
0,0,0,0,NaN,NaN,NaN,NaN
0,0,0,0,NaN,NaN,NaN,NaN
0,0,0,0,NaN,NaN,NaN,NaN
0,0,0,0,NaN,NaN,NaN,NaN
0,0,0,0,NaN,NaN,NaN,NaN
0,0,0,0,NaN,NaN,NaN,NaN
0,0,0,0,NaN,NaN,NaN,NaN
0,0,0,0,NaN,NaN,NaN,NaN
0,0,0,0,NaN,NaN,NaN,NaN
0,0,0,0,NaN,NaN,NaN,NaN
0,0,0,0,NaN,NaN,NaN,NaN
0,0,0,0,NaN,NaN,NaN,NaN
0,0,0,0,NaN,NaN,NaN,NaN
0,0,0,0,NaN,NaN,NaN,NaN
0,0,0,0,NaN,NaN,NaN,NaN
0,0,0,0,NaN,NaN,NaN,NaN
0,0,0,0,NaN,NaN,NaN,NaN
0,0,0,0,NaN,NaN,NaN,NaN
0,0,0,0,NaN,NaN,NaN,NaN
0,0,0,0,NaN,NaN,NaN,NaN
0,0,0,0,NaN,NaN,NaN,NaN
0,0,0,0,NaN,NaN,NaN,NaN
0,0,0,0,NaN,NaN,NaN,NaN
0,0,0,0,NaN,NaN,NaN,NaN
0,0,0,0,NaN,NaN,NaN,NaN
0,0,0,0,NaN,NaN,NaN,NaN
0,0,0,0,NaN,NaN,NaN,NaN
0,0,0,0,5,NaN,NaN,NaN
0,0,0,0,NaN,NaN,NaN,NaN
0,0,0,0,NaN,NaN,NaN,NaN
0,0,0,0,NaN,NaN,NaN,NaN
0,0,0,0,NaN,NaN,NaN,NaN
0,0,0,0,NaN,NaN,NaN,NaN
0,0,0,0,NaN,NaN,NaN,NaN
0,0,0,0,NaN,NaN,NaN,NaN
0,0,0,0,5,NaN,NaN,NaN
0,0,0,0,NaN,NaN,NaN,NaN
0,0,0,0,NaN,NaN,NaN,NaN
0,0,0,0,NaN,NaN,NaN,NaN
0,0,0,0,NaN,NaN,NaN,NaN
0,0,0,0,NaN,NaN,NaN,NaN
0,0,0,0,NaN,NaN,NaN,NaN
0,0,0,0,NaN,NaN,NaN,NaN
0,0,0,0,NaN,NaN,NaN,NaN
0,0,0,0,NaN,NaN,NaN,NaN
0,0,0,0,NaN,NaN,NaN,NaN
0,0,0,0,NaN,NaN,NaN,NaN
0,0,0,0,NaN,NaN,NaN,NaN
0,0,0,0,NaN,NaN,NaN,NaN
0,0,0,0,NaN,NaN,NaN,NaN
0,0,0,0,NaN,NaN,NaN,NaN
0,0,0,0,3,NaN,NaN,NaN
0,0,0,0,NaN,NaN,NaN,NaN
0,0,0,0,NaN,NaN,NaN,NaN
0,0,0,0,NaN,NaN,NaN,NaN
0,0,0,0,NaN,NaN,NaN,NaN
0,0,0,0,NaN,NaN,NaN,NaN
0,0,0,0,NaN,NaN,NaN,NaN
0,0,0,0,NaN,NaN,NaN,NaN
0,0,0,0,NaN,NaN,NaN,NaN
0,0,0,0,NaN,NaN,NaN,NaN
0,0,0,0,NaN,NaN,NaN,NaN
0,0,0,0,NaN,NaN,NaN,NaN
0,0,0,0,4,NaN,NaN,NaN
0,0,0,0,NaN,NaN,NaN,NaN
0,0,0,0,NaN,NaN,NaN,NaN
0,0,0,0,NaN,NaN,NaN,NaN
0,0,0,0,NaN,NaN,NaN,NaN
0,0,0,0,NaN,NaN,NaN,NaN
0,0,0,0,NaN,NaN,NaN,NaN
0,0,0,0,NaN,NaN,NaN,NaN
0,0,0,0,NaN,NaN,NaN,NaN
0,0,0,0,NaN,NaN,NaN,NaN
0,0,0,0,NaN,NaN,NaN,NaN
0,0,0,0,NaN,NaN,NaN,NaN
0,0,0,0,NaN,NaN,NaN,NaN
0,0,0,0,NaN,NaN,NaN,NaN
0,0,0,0,NaN,NaN,NaN,NaN
0,0,0,0,NaN,NaN,NaN,NaN
0,0,0,0,NaN,NaN,NaN,NaN
0,0,0,0,NaN,NaN,NaN,NaN
0,0,0,0,NaN,NaN,NaN,NaN
0,0,0,0,NaN,NaN,NaN,NaN
0,0,0,0,NaN,NaN,NaN,NaN
0,0,0,0,NaN,NaN,NaN,NaN
0,0,0,0,NaN,NaN,NaN,NaN
0,0,0,0,NaN,NaN,NaN,NaN
0,0,0,0,NaN,NaN,NaN,NaN
0,0,0,0,NaN,NaN,NaN,NaN
0,0,0,0,NaN,NaN,NaN,NaN
0,0,0,0,NaN,NaN,NaN,NaN
0,0,0,0,NaN,NaN,NaN,NaN
0,0,0,0,NaN,NaN,NaN,NaN
0,0,0,0,NaN,NaN,NaN,NaN
0,0,0,0,NaN,NaN,NaN,NaN
0,0,0,0,NaN,NaN,NaN,NaN
0,0,0,0,NaN,NaN,NaN,NaN
0,0,0,0,NaN,NaN,NaN,NaN
0,0,0,0,NaN,NaN,NaN,NaN
0,0,0,0,NaN,NaN,NaN,NaN
0,0,0,0,NaN,NaN,NaN,NaN
0,0,0,0,NaN,NaN,NaN,NaN
0,0,0,0,NaN,NaN,NaN,NaN
0,0,0,0,NaN,NaN,NaN,NaN
0,0,0,0,NaN,NaN,NaN,NaN
0,0,0,0,NaN,NaN,NaN,NaN
0,0,0,0,NaN,NaN,NaN,NaN
0,0,0,0,NaN,NaN,NaN,NaN
0,0,0,0,NaN,NaN,NaN,NaN
0,0,0,0,NaN,NaN,NaN,NaN
0,0,0,0,NaN,NaN,NaN,NaN
0,0,0,0,NaN,NaN,NaN,NaN
0,0,0,0,NaN,NaN,NaN,NaN
0,0,0,0,NaN,NaN,NaN,NaN
0,0,0,0,NaN,NaN,NaN,NaN
0,0,0,0,NaN,NaN,NaN,NaN
0,0,0,0,NaN,NaN,NaN,NaN
0,0,0,0,NaN,NaN,NaN,NaN
0,0,0,0,2,NaN,NaN,NaN
0,0,0,0,NaN,NaN,NaN,NaN
0,0,0,0,NaN,NaN,NaN,NaN
0,0,0,0,NaN,NaN,NaN,NaN
0,0,0,0,NaN,NaN,NaN,NaN
0,0,0,0,NaN,NaN,NaN,NaN
0,0,0,0,NaN,NaN,NaN,NaN
0,0,0,0,NaN,NaN,NaN,NaN
0,0,0,0,NaN,NaN,NaN,NaN
0,0,0,0,NaN,NaN,NaN,NaN
0,0,0,0,NaN,NaN,NaN,NaN
0,0,0,0,NaN,NaN,NaN,NaN
0,0,0,0,NaN,NaN,NaN,NaN
0,0,0,0,NaN,NaN,NaN,NaN
0,0,0,0,NaN,NaN,NaN,NaN
0,0,0,0,NaN,NaN,NaN,NaN
0,0,0,0,NaN,NaN,NaN,NaN
0,0,0,0,NaN,NaN,NaN,NaN
0,0,0,0,NaN,NaN,NaN,NaN
0,0,0,0,NaN,NaN,NaN,NaN
0,0,0,0,NaN,NaN,NaN,NaN
0,0,0,0,NaN,NaN,NaN,NaN
0,0,0,0,NaN,NaN,NaN,NaN
0,0,0,0,NaN,NaN,NaN,NaN
0,0,0,0,NaN,NaN,NaN,NaN
0,0,0,0,NaN,NaN,NaN,NaN
0,0,0,0,NaN,NaN,NaN,NaN
0,0,0,0,7,NaN,NaN,NaN
0,0,0,0,NaN,NaN,NaN,NaN
0,0,0,0,NaN,NaN,NaN,NaN
0,0,0,0,NaN,NaN,NaN,NaN
0,0,0,0,NaN,NaN,NaN,NaN
0,0,0,0,NaN,NaN,NaN,NaN
0,0,0,0,NaN,NaN,NaN,NaN
0,0,0,0,3,NaN,NaN,NaN
0,0,0,0,NaN,NaN,NaN,NaN
0,0,0,0,NaN,NaN,NaN,NaN
0,0,0,0,NaN,NaN,NaN,NaN
0,0,0,0,NaN,NaN,NaN,NaN
0,0,0,0,NaN,NaN,NaN,NaN
0,0,0,0,NaN,NaN,NaN,NaN
0,0,0,0,NaN,NaN,NaN,NaN
0,0,0,0,8,NaN,NaN,NaN
0,0,0,0,NaN,NaN,NaN,NaN
0,0,0,0,NaN,NaN,NaN,NaN
0,0,0,0,NaN,NaN,NaN,NaN
0,0,0,0,NaN,NaN,NaN,NaN
0,0,0,0,NaN,NaN,NaN,NaN
0,0,0,0,NaN,NaN,NaN,NaN
0,0,0,0,NaN,NaN,NaN,NaN
0,0,0,0,NaN,NaN,NaN,NaN
0,0,0,0,5,NaN,NaN,NaN
0,0,0,0,NaN,NaN,NaN,NaN
0,0,0,0,NaN,NaN,NaN,NaN
0,0,0,0,NaN,NaN,NaN,NaN
0,0,0,0,NaN,NaN,NaN,NaN
0,0,0,0,NaN,NaN,NaN,NaN
0,0,0,0,NaN,NaN,NaN,NaN
0,0,0,0,NaN,NaN,NaN,NaN
0,0,0,0,NaN,NaN,NaN,NaN
0,0,0,0,NaN,NaN,NaN,NaN
0,0,0,0,NaN,NaN,NaN,NaN
0,0,0,0,NaN,NaN,NaN,NaN
0,0,0,0,NaN,NaN,NaN,NaN
0,0,0,0,NaN,NaN,NaN,NaN
0,0,0,0,NaN,NaN,NaN,NaN
0,0,0,0,NaN,NaN,NaN,NaN
0,0,0,0,NaN,NaN,NaN,NaN
0,0,0,0,NaN,NaN,NaN,NaN
0,0,0,0,NaN,NaN,NaN,NaN
0,0,0,0,NaN,NaN,NaN,NaN
0,0,0,0,NaN,NaN,NaN,NaN
0,0,0,0,NaN,NaN,NaN,NaN
0,0,0,0,NaN,NaN,NaN,NaN
0,0,0,0,NaN,NaN,NaN,NaN
0,0,0,0,NaN,NaN,NaN,NaN
0,0,0,0,NaN,NaN,NaN,NaN
0,0,0,0,NaN,NaN,NaN,NaN
0,0,0,0,NaN,NaN,NaN,NaN
0,0,0,0,NaN,NaN,NaN,NaN
0,0,0,0,NaN,NaN,NaN,NaN
0,0,0,0,NaN,NaN,NaN,NaN
0,0,0,0,NaN,NaN,NaN,NaN
0,0,0,0,NaN,NaN,NaN,NaN
0,0,0,0,NaN,NaN,NaN,NaN
0,0,0,0,NaN,NaN,NaN,NaN
0,0,0,0,NaN,NaN,NaN,NaN
0,0,0,0,NaN,NaN,NaN,NaN
0,0,0,0,NaN,NaN,NaN,NaN
0,0,0,0,9,NaN,NaN,NaN
0,0,0,0,NaN,NaN,NaN,NaN
0,0,0,0,NaN,NaN,NaN,NaN
0,0,0,0,NaN,NaN,NaN,NaN
0,0,0,0,NaN,NaN,NaN,NaN
0,0,0,0,NaN,NaN,NaN,NaN
0,0,0,0,NaN,NaN,NaN,NaN
0,0,0,0,NaN,NaN,NaN,NaN
0,0,0,0,NaN,NaN,NaN,NaN
0,0,0,0,NaN,NaN,NaN,NaN
0,0,0,0,NaN,NaN,NaN,NaN
0,0,0,0,NaN,NaN,NaN,NaN
0,0,0,0,NaN,NaN,NaN,NaN
0,0,0,0,NaN,NaN,NaN,NaN
0,0,0,0,NaN,NaN,NaN,NaN
0,0,0,0,NaN,NaN,NaN,NaN
0,0,0,0,NaN,NaN,NaN,NaN
0,0,0,0,NaN,NaN,NaN,NaN
0,0,0,0,NaN,NaN,NaN,NaN
0,0,0,0,NaN,NaN,NaN,NaN
0,0,0,0,NaN,NaN,NaN,NaN
0,0,0,0,NaN,NaN,NaN,NaN
0,0,0,0,NaN,NaN,NaN,NaN
0,0,0,0,NaN,NaN,NaN,NaN
0,0,0,0,NaN,NaN,NaN,NaN
0,0,0,0,NaN,NaN,NaN,NaN
0,0,0,0,NaN,NaN,NaN,NaN
0,0,0,0,NaN,NaN,NaN,NaN
0,0,0,0,NaN,NaN,NaN,NaN
0,0,0,0,NaN,NaN,NaN,NaN
0,0,0,0,NaN,NaN,NaN,NaN
0,0,0,0,NaN,NaN,NaN,NaN
0,0,0,0,NaN,NaN,NaN,NaN
0,0,0,0,NaN,NaN,NaN,NaN
0,0,0,0,0,NaN,NaN,NaN
0,0,0,0,NaN,NaN,NaN,NaN
0,0,0,0,NaN,NaN,NaN,NaN
0,0,0,0,NaN,NaN,NaN,NaN
0,0,0,0,NaN,NaN,NaN,NaN
0,0,0,0,NaN,NaN,NaN,NaN
0,0,0,0,NaN,NaN,NaN,NaN
0,0,0,0,NaN,NaN,NaN,NaN
0,0,0,0,NaN,NaN,NaN,NaN
0,0,0,0,NaN,NaN,NaN,NaN
0,0,0,0,NaN,NaN,NaN,NaN
0,0,0,0,5,NaN,NaN,NaN
0,0,0,0,9,NaN,NaN,NaN
0,0,0,0,NaN,NaN,NaN,NaN
0,0,0,0,NaN,NaN,NaN,NaN
0,0,0,0,NaN,NaN,NaN,NaN
0,0,0,0,NaN,NaN,NaN,NaN
0,0,0,0,NaN,NaN,NaN,NaN
0,0,0,0,NaN,NaN,NaN,NaN
0,0,0,0,NaN,NaN,NaN,NaN
0,0,0,0,NaN,NaN,NaN,NaN
0,0,0,0,NaN,NaN,NaN,NaN
0,0,0,0,NaN,NaN,NaN,NaN
0,0,0,0,NaN,NaN,NaN,NaN
0,0,0,0,NaN,NaN,NaN,NaN
0,0,0,0,NaN,NaN,NaN,NaN
0,0,0,0,NaN,NaN,NaN,NaN
0,0,0,0,NaN,NaN,NaN,NaN
0,0,0,0,NaN,NaN,NaN,NaN
0,0,0,0,NaN,NaN,NaN,NaN
0,0,0,0,NaN,NaN,NaN,NaN
0,0,0,0,NaN,NaN,NaN,NaN
0,0,0,0,NaN,NaN,NaN,NaN
0,0,0,0,NaN,NaN,NaN,NaN
0,0,0,0,NaN,NaN,NaN,NaN
0,0,0,0,NaN,NaN,NaN,NaN
0,0,0,0,NaN,NaN,NaN,NaN
0,0,0,0,NaN,NaN,NaN,NaN
0,0,0,0,NaN,NaN,NaN,NaN
0,0,0,0,NaN,NaN,NaN,NaN
0,0,0,0,9,NaN,NaN,NaN
0,0,0,0,NaN,NaN,NaN,NaN
0,0,0,0,NaN,NaN,NaN,NaN
0,0,0,0,NaN,NaN,NaN,NaN
0,0,0,0,NaN,NaN,NaN,NaN
0,0,0,0,NaN,NaN,NaN,NaN
0,0,0,0,NaN,NaN,NaN,NaN
0,0,0,0,NaN,NaN,NaN,NaN
0,0,0,0,NaN,NaN,NaN,NaN
0,0,0,0,NaN,NaN,NaN,NaN
0,0,0,0,NaN,NaN,NaN,NaN
0,0,0,0,NaN,NaN,NaN,NaN
0,0,0,0,NaN,NaN,NaN,NaN
0,0,0,0,NaN,NaN,NaN,NaN
0,0,0,0,NaN,NaN,NaN,NaN
0,0,0,0,NaN,NaN,NaN,NaN
0,0,0,0,NaN,NaN,NaN,NaN
0,0,0,0,NaN,NaN,NaN,NaN
0,0,0,0,NaN,NaN,NaN,NaN
0,0,0,0,NaN,NaN,NaN,NaN
0,0,0,0,NaN,NaN,NaN,NaN
0,0,0,0,NaN,NaN,NaN,NaN
0,0,0,0,NaN,NaN,NaN,NaN
0,0,0,0,NaN,NaN,NaN,NaN
0,0,0,0,NaN,NaN,NaN,NaN
0,0,0,0,NaN,NaN,NaN,NaN
0,0,0,0,NaN,NaN,NaN,NaN
0,0,0,0,NaN,NaN,NaN,NaN
0,0,0,0,NaN,NaN,NaN,NaN
0,0,0,0,NaN,NaN,NaN,NaN
0,0,0,0,NaN,NaN,NaN,NaN
0,0,0,0,NaN,NaN,NaN,NaN
0,0,0,0,6,NaN,NaN,NaN
0,0,0,0,NaN,NaN,NaN,NaN
0,0,0,0,NaN,NaN,NaN,NaN
0,0,0,0,NaN,NaN,NaN,NaN
0,0,0,0,NaN,NaN,NaN,NaN
0,0,0,0,NaN,NaN,NaN,NaN
0,0,0,0,NaN,NaN,NaN,NaN
0,0,0,0,NaN,NaN,NaN,NaN
0,0,0,0,NaN,NaN,NaN,NaN
0,0,0,0,NaN,NaN,NaN,NaN
0,0,0,0,NaN,NaN,NaN,NaN
0,0,0,0,NaN,NaN,NaN,NaN
0,0,0,0,NaN,NaN,NaN,NaN
0,0,0,0,NaN,NaN,NaN,NaN
0,0,0,0,NaN,NaN,NaN,NaN
0,0,0,0,NaN,NaN,NaN,NaN
0,0,0,0,NaN,NaN,NaN,NaN
0,0,0,0,NaN,NaN,NaN,NaN
0,0,0,0,NaN,NaN,NaN,NaN
0,0,0,0,NaN,NaN,NaN,NaN
0,0,0,0,NaN,NaN,NaN,NaN
0,0,0,0,NaN,NaN,NaN,NaN
0,0,0,0,NaN,NaN,NaN,NaN
0,0,0,0,NaN,NaN,NaN,NaN
0,0,0,0,NaN,NaN,NaN,NaN
0,0,0,0,NaN,NaN,NaN,NaN
0,0,0,0,NaN,NaN,NaN,NaN
0,0,0,0,NaN,NaN,NaN,NaN
0,0,0,0,NaN,NaN,NaN,NaN
0,0,0,0,NaN,NaN,NaN,NaN
0,0,0,0,NaN,NaN,NaN,NaN
0,0,0,0,NaN,NaN,NaN,NaN
0,0,0,0,NaN,NaN,NaN,NaN
0,0,0,0,NaN,NaN,NaN,NaN
0,0,0,0,NaN,NaN,NaN,NaN
0,0,0,0,NaN,NaN,NaN,NaN
0,0,0,0,NaN,NaN,NaN,NaN
0,0,0,0,NaN,NaN,NaN,NaN
0,0,0,0,NaN,NaN,NaN,NaN
0,0,0,0,NaN,NaN,NaN,NaN
0,0,0,0,NaN,NaN,NaN,NaN
0,0,0,0,NaN,NaN,NaN,NaN
0,0,0,0,NaN,NaN,NaN,NaN
0,0,0,0,NaN,NaN,NaN,NaN
0,0,0,0,NaN,NaN,NaN,NaN
0,0,0,0,NaN,NaN,NaN,NaN
0,0,0,0,NaN,NaN,NaN,NaN
0,0,0,0,NaN,NaN,NaN,NaN
0,0,0,0,NaN,NaN,NaN,NaN
0,0,0,0,NaN,NaN,NaN,NaN
0,0,0,0,NaN,NaN,NaN,NaN
0,0,0,0,NaN,NaN,NaN,NaN
0,0,0,0,NaN,NaN,NaN,NaN
0,0,0,0,NaN,NaN,NaN,NaN
0,0,0,0,NaN,NaN,NaN,NaN
0,0,0,0,NaN,NaN,NaN,NaN
0,0,0,0,5,NaN,NaN,NaN
0,0,0,0,NaN,NaN,NaN,NaN
0,0,0,0,NaN,NaN,NaN,NaN
0,0,0,0,NaN,NaN,NaN,NaN
0,0,0,0,NaN,NaN,NaN,NaN
0,0,0,0,NaN,NaN,NaN,NaN
0,0,0,0,NaN,NaN,NaN,NaN
0,0,0,0,NaN,NaN,NaN,NaN
0,0,0,0,NaN,NaN,NaN,NaN
0,0,0,0,NaN,NaN,NaN,NaN
0,0,0,0,NaN,NaN,NaN,NaN
0,0,0,0,NaN,NaN,NaN,NaN
0,0,0,0,NaN,NaN,NaN,NaN
0,0,0,0,NaN,NaN,NaN,NaN
0,0,0,0,NaN,NaN,NaN,NaN
0,0,0,0,NaN,NaN,NaN,NaN
0,0,0,0,2,NaN,NaN,NaN
0,0,0,0,NaN,NaN,NaN,NaN
0,0,0,0,NaN,NaN,NaN,NaN
0,0,0,0,NaN,NaN,NaN,NaN
0,0,0,0,NaN,NaN,NaN,NaN
0,0,0,0,NaN,NaN,NaN,NaN
0,0,0,0,NaN,NaN,NaN,NaN
0,0,0,0,NaN,NaN,NaN,NaN
0,0,0,0,NaN,NaN,NaN,NaN
0,0,0,0,NaN,NaN,NaN,NaN
0,0,0,0,NaN,NaN,NaN,NaN
0,0,0,0,NaN,NaN,NaN,NaN
0,0,0,0,NaN,NaN,NaN,NaN
0,0,0,0,NaN,NaN,NaN,NaN
0,0,0,0,NaN,NaN,NaN,NaN
0,0,0,0,NaN,NaN,NaN,NaN
0,0,0,0,NaN,NaN,NaN,NaN
0,0,0,0,NaN,NaN,NaN,NaN
0,0,0,0,NaN,NaN,NaN,NaN
0,0,0,0,NaN,NaN,NaN,NaN
0,0,0,0,NaN,NaN,NaN,NaN
0,0,0,0,NaN,NaN,NaN,NaN
0,0,0,0,NaN,NaN,NaN,NaN
0,0,0,0,NaN,NaN,NaN,NaN
0,0,0,0,NaN,NaN,NaN,NaN
0,0,0,0,NaN,NaN,NaN,NaN
0,0,0,0,NaN,NaN,NaN,NaN
0,0,0,0,NaN,NaN,NaN,NaN
0,0,0,0,NaN,NaN,NaN,NaN
0,0,0,0,NaN,NaN,NaN,NaN
0,0,0,0,NaN,NaN,NaN,NaN
0,0,0,0,NaN,NaN,NaN,NaN
0,0,0,0,NaN,NaN,NaN,NaN
0,0,0,0,NaN,NaN,NaN,NaN
0,0,0,0,NaN,NaN,NaN,NaN
0,0,0,0,NaN,NaN,NaN,NaN
0,0,0,0,NaN,NaN,NaN,NaN
0,0,0,0,NaN,NaN,NaN,NaN
0,0,0,0,NaN,NaN,NaN,NaN
0,0,0,0,4,NaN,NaN,NaN
0,0,0,0,NaN,NaN,NaN,NaN
0,0,0,0,NaN,NaN,NaN,NaN
0,0,0,0,NaN,NaN,NaN,NaN
0,0,0,0,NaN,NaN,NaN,NaN
0,0,0,0,NaN,NaN,NaN,NaN
0,0,0,0,NaN,NaN,NaN,NaN
0,0,0,0,NaN,NaN,NaN,NaN
0,0,0,0,NaN,NaN,NaN,NaN
0,0,0,0,NaN,NaN,NaN,NaN
0,0,0,0,NaN,NaN,NaN,NaN
0,0,0,0,NaN,NaN,NaN,NaN
0,0,0,0,NaN,NaN,NaN,NaN
0,0,0,0,NaN,NaN,NaN,NaN
0,0,0,0,NaN,NaN,NaN,NaN
0,0,0,0,NaN,NaN,NaN,NaN
0,0,0,0,NaN,NaN,NaN,NaN
0,0,0,0,NaN,NaN,NaN,NaN
0,0,0,0,NaN,NaN,NaN,NaN
0,0,0,0,NaN,NaN,NaN,NaN
0,0,0,0,NaN,NaN,NaN,NaN
0,0,0,0,NaN,NaN,NaN,NaN
0,0,0,0,NaN,NaN,NaN,NaN
0,0,0,0,NaN,NaN,NaN,NaN
0,0,0,0,NaN,NaN,NaN,NaN
0,0,0,0,NaN,NaN,NaN,NaN
0,0,0,0,NaN,NaN,NaN,NaN
0,0,0,0,1,NaN,NaN,NaN
0,0,0,0,NaN,NaN,NaN,NaN
0,0,0,0,NaN,NaN,NaN,NaN
0,0,0,0,NaN,NaN,NaN,NaN
0,0,0,0,NaN,NaN,NaN,NaN
0,0,0,0,NaN,NaN,NaN,NaN
0,0,0,0,NaN,NaN,NaN,NaN
0,0,0,0,NaN,NaN,NaN,NaN
0,0,0,0,NaN,NaN,NaN,NaN
0,0,0,0,NaN,NaN,NaN,NaN
0,0,0,0,NaN,NaN,NaN,NaN
0,0,0,0,NaN,NaN,NaN,NaN
0,0,0,0,NaN,NaN,NaN,NaN
0,0,0,0,NaN,NaN,NaN,NaN
0,0,0,0,NaN,NaN,NaN,NaN
0,0,0,0,NaN,NaN,NaN,NaN
0,0,0,0,NaN,NaN,NaN,NaN
0,0,0,0,2,NaN,NaN,NaN
0,0,0,0,NaN,NaN,NaN,NaN
0,0,0,0,NaN,NaN,NaN,NaN
0,0,0,0,NaN,NaN,NaN,NaN
0,0,0,0,NaN,NaN,NaN,NaN
0,0,0,0,NaN,NaN,NaN,NaN
0,0,0,0,NaN,NaN,NaN,NaN
0,0,0,0,NaN,NaN,NaN,NaN
0,0,0,0,NaN,NaN,NaN,NaN
0,0,0,0,NaN,NaN,NaN,NaN
0,0,0,0,NaN,NaN,NaN,NaN
0,0,0,0,NaN,NaN,NaN,NaN
0,0,0,0,NaN,NaN,NaN,NaN
0,0,0,0,NaN,NaN,NaN,NaN
0,0,0,0,NaN,NaN,NaN,NaN
0,0,0,0,NaN,NaN,NaN,NaN
0,0,0,0,NaN,NaN,NaN,NaN
0,0,0,0,NaN,NaN,NaN,NaN
0,0,0,0,NaN,NaN,NaN,NaN
0,0,0,0,NaN,NaN,NaN,NaN
0,0,0,0,NaN,NaN,NaN,NaN
0,0,0,0,5,NaN,NaN,NaN
0,0,0,0,NaN,NaN,NaN,NaN
0,0,0,0,NaN,NaN,NaN,NaN
0,0,0,0,NaN,NaN,NaN,NaN
0,0,0,0,NaN,NaN,NaN,NaN
0,0,0,0,NaN,NaN,NaN,NaN
0,0,0,0,NaN,NaN,NaN,NaN
0,0,0,0,NaN,NaN,NaN,NaN
0,0,0,0,4,NaN,NaN,NaN
0,0,0,0,NaN,NaN,NaN,NaN
0,0,0,0,NaN,NaN,NaN,NaN
0,0,0,0,NaN,NaN,NaN,NaN
0,0,0,0,NaN,NaN,NaN,NaN
0,0,0,0,NaN,NaN,NaN,NaN
0,0,0,0,NaN,NaN,NaN,NaN
0,0,0,0,NaN,NaN,NaN,NaN
0,0,0,0,NaN,NaN,NaN,NaN
0,0,0,0,NaN,NaN,NaN,NaN
0,0,0,0,NaN,NaN,NaN,NaN
0,0,0,0,NaN,NaN,NaN,NaN
0,0,0,0,NaN,NaN,NaN,NaN
0,0,0,0,NaN,NaN,NaN,NaN
0,0,0,0,7,NaN,NaN,NaN
0,0,0,0,NaN,NaN,NaN,NaN
0,0,0,0,NaN,NaN,NaN,NaN
0,0,0,0,NaN,NaN,NaN,NaN
0,0,0,0,NaN,NaN,NaN,NaN
0,0,0,0,NaN,NaN,NaN,NaN
0,0,0,0,NaN,NaN,NaN,NaN
0,0,0,0,NaN,NaN,NaN,NaN
0,0,0,0,NaN,NaN,NaN,NaN
0,0,0,0,NaN,NaN,NaN,NaN
0,0,0,0,NaN,NaN,NaN,NaN
0,0,0,0,NaN,NaN,NaN,NaN
0,0,0,0,NaN,NaN,NaN,NaN
0,0,0,0,NaN,NaN,NaN,NaN
0,0,0,0,NaN,NaN,NaN,NaN
0,0,0,0,NaN,NaN,NaN,NaN
0,0,0,0,NaN,NaN,NaN,NaN
0,0,0,0,NaN,NaN,NaN,NaN
0,0,0,0,NaN,NaN,NaN,NaN
0,0,0,0,NaN,NaN,NaN,NaN
0,0,0,0,NaN,NaN,NaN,NaN
0,0,0,0,3,NaN,NaN,NaN
0,0,0,0,NaN,NaN,NaN,NaN
0,0,0,0,NaN,NaN,NaN,NaN
0,0,0,0,2,NaN,NaN,NaN
0,0,0,0,NaN,NaN,NaN,NaN
0,0,0,0,NaN,NaN,NaN,NaN
0,0,0,0,NaN,NaN,NaN,NaN
0,0,0,0,NaN,NaN,NaN,NaN
0,0,0,0,NaN,NaN,NaN,NaN
0,0,0,0,NaN,NaN,NaN,NaN
0,0,0,0,NaN,NaN,NaN,NaN
0,0,0,0,NaN,NaN,NaN,NaN
0,0,0,0,NaN,NaN,NaN,NaN
0,0,0,0,NaN,NaN,NaN,NaN
0,0,0,0,NaN,NaN,NaN,NaN
0,0,0,0,NaN,NaN,NaN,NaN
0,0,0,0,NaN,NaN,NaN,NaN
0,0,0,0,NaN,NaN,NaN,NaN
0,0,0,0,NaN,NaN,NaN,NaN
0,0,0,0,NaN,NaN,NaN,NaN
0,0,0,0,NaN,NaN,NaN,NaN
0,0,0,0,NaN,NaN,NaN,NaN
0,0,0,0,NaN,NaN,NaN,NaN
0,0,0,0,NaN,NaN,NaN,NaN
0,0,0,0,NaN,NaN,NaN,NaN
0,0,0,0,NaN,NaN,NaN,NaN
0,0,0,0,5,NaN,NaN,NaN
0,0,0,0,NaN,NaN,NaN,NaN
0,0,0,0,NaN,NaN,NaN,NaN
0,0,0,0,NaN,NaN,NaN,NaN
0,0,0,0,NaN,NaN,NaN,NaN
0,0,0,0,NaN,NaN,NaN,NaN
0,0,0,0,NaN,NaN,NaN,NaN
0,0,0,0,NaN,NaN,NaN,NaN
0,0,0,0,NaN,NaN,NaN,NaN
0,0,0,0,NaN,NaN,NaN,NaN
0,0,0,0,NaN,NaN,NaN,NaN
0,0,0,0,NaN,NaN,NaN,NaN
0,0,0,0,NaN,NaN,NaN,NaN
0,0,0,0,NaN,NaN,NaN,NaN
0,0,0,0,NaN,NaN,NaN,NaN
0,0,0,0,NaN,NaN,NaN,NaN
0,0,0,0,NaN,NaN,NaN,NaN
0,0,0,0,NaN,NaN,NaN,NaN
0,0,0,0,NaN,NaN,NaN,NaN
0,0,0,0,NaN,NaN,NaN,NaN
0,0,0,0,NaN,NaN,NaN,NaN
0,0,0,0,NaN,NaN,NaN,NaN
0,0,0,0,NaN,NaN,NaN,NaN
0,0,0,0,NaN,NaN,NaN,NaN
0,0,0,0,NaN,NaN,NaN,NaN
0,0,0,0,NaN,NaN,NaN,NaN
0,0,0,0,NaN,NaN,NaN,NaN
0,0,0,0,NaN,NaN,NaN,NaN
0,0,0,0,NaN,NaN,NaN,NaN
0,0,0,0,NaN,NaN,NaN,NaN
0,0,0,0,NaN,NaN,NaN,NaN
0,0,0,0,NaN,NaN,NaN,NaN
0,0,0,0,NaN,NaN,NaN,NaN
0,0,0,0,NaN,NaN,NaN,NaN
0,0,0,0,NaN,NaN,NaN,NaN
0,0,0,0,NaN,NaN,NaN,NaN
0,0,0,0,NaN,NaN,NaN,NaN
0,0,0,0,NaN,NaN,NaN,NaN
0,0,0,0,NaN,NaN,NaN,NaN
0,0,0,0,NaN,NaN,NaN,NaN
0,0,0,0,NaN,NaN,NaN,NaN
0,0,0,0,NaN,NaN,NaN,NaN
0,0,0,0,NaN,NaN,NaN,NaN
0,0,0,0,NaN,NaN,NaN,NaN
0,0,0,0,NaN,NaN,NaN,NaN
0,0,0,0,NaN,NaN,NaN,NaN
0,0,0,0,NaN,NaN,NaN,NaN
0,0,0,0,3,NaN,NaN,NaN
0,0,0,0,NaN,NaN,NaN,NaN
0,0,0,0,NaN,NaN,NaN,NaN
0,0,0,0,NaN,NaN,NaN,NaN
0,0,0,0,3,NaN,NaN,NaN
0,0,0,0,NaN,NaN,NaN,NaN
0,0,0,0,NaN,NaN,NaN,NaN
0,0,0,0,NaN,NaN,NaN,NaN
0,0,0,0,NaN,NaN,NaN,NaN
0,0,0,0,NaN,NaN,NaN,NaN
0,0,0,0,NaN,NaN,NaN,NaN
0,0,0,0,NaN,NaN,NaN,NaN
0,0,0,0,NaN,NaN,NaN,NaN
0,0,0,0,NaN,NaN,NaN,NaN
0,0,0,0,NaN,NaN,NaN,NaN
0,0,0,0,NaN,NaN,NaN,NaN
0,0,0,0,NaN,NaN,NaN,NaN
0,0,0,0,NaN,NaN,NaN,NaN
0,0,0,0,NaN,NaN,NaN,NaN
0,0,0,0,NaN,NaN,NaN,NaN
0,0,0,0,NaN,NaN,NaN,NaN
0,0,0,0,NaN,NaN,NaN,NaN
0,0,0,0,NaN,NaN,NaN,NaN
0,0,0,0,NaN,NaN,NaN,NaN
0,0,0,0,3,NaN,NaN,NaN
0,0,0,0,NaN,NaN,NaN,NaN
0,0,0,0,NaN,NaN,NaN,NaN
0,0,0,0,NaN,NaN,NaN,NaN
0,0,0,0,NaN,NaN,NaN,NaN
0,0,0,0,NaN,NaN,NaN,NaN
0,0,0,0,8,NaN,NaN,NaN
0,0,0,0,NaN,NaN,NaN,NaN
0,0,0,0,NaN,NaN,NaN,NaN
0,0,0,0,NaN,NaN,NaN,NaN
0,0,0,0,NaN,NaN,NaN,NaN
0,0,0,0,NaN,NaN,NaN,NaN
0,0,0,0,NaN,NaN,NaN,NaN
0,0,0,0,NaN,NaN,NaN,NaN
0,0,0,0,NaN,NaN,NaN,NaN
0,0,0,0,NaN,NaN,NaN,NaN
0,0,0,0,NaN,NaN,NaN,NaN
0,0,0,0,NaN,NaN,NaN,NaN
0,0,0,0,NaN,NaN,NaN,NaN
0,0,0,0,NaN,NaN,NaN,NaN
0,0,0,0,NaN,NaN,NaN,NaN
0,0,0,0,NaN,NaN,NaN,NaN
0,0,0,0,NaN,NaN,NaN,NaN
0,0,0,0,NaN,NaN,NaN,NaN
0,0,0,0,NaN,NaN,NaN,NaN
0,0,0,0,NaN,NaN,NaN,NaN
0,0,0,0,NaN,NaN,NaN,NaN
0,0,0,0,NaN,NaN,NaN,NaN
0,0,0,0,NaN,NaN,NaN,NaN
0,0,0,0,NaN,NaN,NaN,NaN
0,0,0,0,NaN,NaN,NaN,NaN
0,0,0,0,NaN,NaN,NaN,NaN
0,0,0,0,NaN,NaN,NaN,NaN
0,0,0,0,NaN,NaN,NaN,NaN
0,0,0,0,NaN,NaN,NaN,NaN
0,0,0,0,NaN,NaN,NaN,NaN
0,0,0,0,NaN,NaN,NaN,NaN
0,0,0,0,NaN,NaN,NaN,NaN
0,0,0,0,NaN,NaN,NaN,NaN
0,0,0,0,NaN,NaN,NaN,NaN
0,0,0,0,NaN,NaN,NaN,NaN
0,0,0,0,NaN,NaN,NaN,NaN
0,0,0,0,NaN,NaN,NaN,NaN
0,0,0,0,NaN,NaN,NaN,NaN
0,0,0,0,NaN,NaN,NaN,NaN
0,0,0,0,NaN,NaN,NaN,NaN
0,0,0,0,NaN,NaN,NaN,NaN
0,0,0,0,NaN,NaN,NaN,NaN
0,0,0,0,NaN,NaN,NaN,NaN
0,0,0,0,NaN,NaN,NaN,NaN
0,0,0,0,NaN,NaN,NaN,NaN
0,0,0,0,NaN,NaN,NaN,NaN
0,0,0,0,NaN,NaN,NaN,NaN
0,0,0,0,NaN,NaN,NaN,NaN
0,0,0,0,NaN,NaN,NaN,NaN
0,0,0,0,NaN,NaN,NaN,NaN
0,0,0,0,NaN,NaN,NaN,NaN
0,0,0,0,NaN,NaN,NaN,NaN
0,0,0,0,NaN,NaN,NaN,NaN
0,0,0,0,NaN,NaN,NaN,NaN
0,0,0,0,NaN,NaN,NaN,NaN
0,0,0,0,NaN,NaN,NaN,NaN
0,0,0,0,NaN,NaN,NaN,NaN
0,0,0,0,NaN,NaN,NaN,NaN
0,0,0,0,NaN,NaN,NaN,NaN
0,0,0,0,NaN,NaN,NaN,NaN
0,0,0,0,NaN,NaN,NaN,NaN
0,0,0,0,NaN,NaN,NaN,NaN
0,0,0,0,NaN,NaN,NaN,NaN
0,0,0,0,NaN,NaN,NaN,NaN
0,0,0,0,NaN,NaN,NaN,NaN
0,0,0,0,NaN,NaN,NaN,NaN
0,0,0,0,NaN,NaN,NaN,NaN
0,0,0,0,NaN,NaN,NaN,NaN
0,0,0,0,NaN,NaN,NaN,NaN
0,0,0,0,NaN,NaN,NaN,NaN
0,0,0,0,3,NaN,NaN,NaN
0,0,0,0,NaN,NaN,NaN,NaN
0,0,0,0,NaN,NaN,NaN,NaN
0,0,0,0,NaN,NaN,NaN,NaN
0,0,0,0,NaN,NaN,NaN,NaN
0,0,0,0,1,NaN,NaN,NaN
0,0,0,0,NaN,NaN,NaN,NaN
0,0,0,0,NaN,NaN,NaN,NaN
0,0,0,0,NaN,NaN,NaN,NaN
0,0,0,0,NaN,NaN,NaN,NaN
0,0,0,0,NaN,NaN,NaN,NaN
0,0,0,0,NaN,NaN,NaN,NaN
0,0,0,0,NaN,NaN,NaN,NaN
0,0,0,0,NaN,NaN,NaN,NaN
0,0,0,0,NaN,NaN,NaN,NaN
0,0,0,0,NaN,NaN,NaN,NaN
0,0,0,0,NaN,NaN,NaN,NaN
0,0,0,0,NaN,NaN,NaN,NaN
0,0,0,0,NaN,NaN,NaN,NaN
0,0,0,0,NaN,NaN,NaN,NaN
0,0,0,0,NaN,NaN,NaN,NaN
0,0,0,0,NaN,NaN,NaN,NaN
0,0,0,0,NaN,NaN,NaN,NaN
0,0,0,0,NaN,NaN,NaN,NaN
0,0,0,0,NaN,NaN,NaN,NaN
0,0,0,0,NaN,NaN,NaN,NaN
0,0,0,0,NaN,NaN,NaN,NaN
0,0,0,0,NaN,NaN,NaN,NaN
0,0,0,0,NaN,NaN,NaN,NaN
0,0,0,0,NaN,NaN,NaN,NaN
0,0,0,0,NaN,NaN,NaN,NaN
0,0,0,0,NaN,NaN,NaN,NaN
0,0,0,0,NaN,NaN,NaN,NaN
0,0,0,0,NaN,NaN,NaN,NaN
0,0,0,0,NaN,NaN,NaN,NaN
0,0,0,0,NaN,NaN,NaN,NaN
0,0,0,0,NaN,NaN,NaN,NaN
0,0,0,0,1,NaN,NaN,NaN
0,0,0,0,NaN,NaN,NaN,NaN
0,0,0,0,NaN,NaN,NaN,NaN
0,0,0,0,NaN,NaN,NaN,NaN
0,0,0,0,NaN,NaN,NaN,NaN
0,0,0,0,NaN,NaN,NaN,NaN
0,0,0,0,NaN,NaN,NaN,NaN
0,0,0,0,NaN,NaN,NaN,NaN
0,0,0,0,NaN,NaN,NaN,NaN
0,0,0,0,NaN,NaN,NaN,NaN
0,0,0,0,NaN,NaN,NaN,NaN
0,0,0,0,NaN,NaN,NaN,NaN
0,0,0,0,NaN,NaN,NaN,NaN
0,0,0,0,NaN,NaN,NaN,NaN
0,0,0,0,NaN,NaN,NaN,NaN
0,0,0,0,NaN,NaN,NaN,NaN
0,0,0,0,NaN,NaN,NaN,NaN
0,0,0,0,NaN,NaN,NaN,NaN
0,0,0,0,NaN,NaN,NaN,NaN
0,0,0,0,NaN,NaN,NaN,NaN
0,0,0,0,NaN,NaN,NaN,NaN
0,0,0,0,NaN,NaN,NaN,NaN
0,0,0,0,NaN,NaN,NaN,NaN
0,0,0,0,NaN,NaN,NaN,NaN
0,0,0,0,2,NaN,NaN,NaN
0,0,0,0,NaN,NaN,NaN,NaN
0,0,0,0,NaN,NaN,NaN,NaN
0,0,0,0,NaN,NaN,NaN,NaN
0,0,0,0,2,NaN,NaN,NaN
0,0,0,0,NaN,NaN,NaN,NaN
0,0,0,0,NaN,NaN,NaN,NaN
0,0,0,0,NaN,NaN,NaN,NaN
0,0,0,0,NaN,NaN,NaN,NaN
0,0,0,0,NaN,NaN,NaN,NaN
0,0,0,0,NaN,NaN,NaN,NaN
0,0,0,0,NaN,NaN,NaN,NaN
0,0,0,0,NaN,NaN,NaN,NaN
0,0,0,0,NaN,NaN,NaN,NaN
0,0,0,0,NaN,NaN,NaN,NaN
0,0,0,0,NaN,NaN,NaN,NaN
0,0,0,0,NaN,NaN,NaN,NaN
0,0,0,0,NaN,NaN,NaN,NaN
0,0,0,0,NaN,NaN,NaN,NaN
0,0,0,0,NaN,NaN,NaN,NaN
0,0,0,0,6,NaN,NaN,NaN
0,0,0,0,NaN,NaN,NaN,NaN
0,0,0,0,NaN,NaN,NaN,NaN
0,0,0,0,NaN,NaN,NaN,NaN
0,0,0,0,NaN,NaN,NaN,NaN
0,0,0,0,NaN,NaN,NaN,NaN
0,0,0,0,NaN,NaN,NaN,NaN
0,0,0,0,NaN,NaN,NaN,NaN
0,0,0,0,3,NaN,NaN,NaN
0,0,0,0,NaN,NaN,NaN,NaN
0,0,0,0,NaN,NaN,NaN,NaN
0,0,0,0,NaN,NaN,NaN,NaN
0,0,0,0,NaN,NaN,NaN,NaN
0,0,0,0,NaN,NaN,NaN,NaN
0,0,0,0,NaN,NaN,NaN,NaN
0,0,0,0,NaN,NaN,NaN,NaN
0,0,0,0,NaN,NaN,NaN,NaN
0,0,0,0,NaN,NaN,NaN,NaN
0,0,0,0,NaN,NaN,NaN,NaN
0,0,0,0,NaN,NaN,NaN,NaN
0,0,0,0,NaN,NaN,NaN,NaN
0,0,0,0,NaN,NaN,NaN,NaN
0,0,0,0,NaN,NaN,NaN,NaN
0,0,0,0,NaN,NaN,NaN,NaN
0,0,0,0,NaN,NaN,NaN,NaN
0,0,0,0,NaN,NaN,NaN,NaN
0,0,0,0,NaN,NaN,NaN,NaN
0,0,0,0,NaN,NaN,NaN,NaN
0,0,0,0,NaN,NaN,NaN,NaN
0,0,0,0,NaN,NaN,NaN,NaN
0,0,0,0,NaN,NaN,NaN,NaN
0,0,0,0,NaN,NaN,NaN,NaN
0,0,0,0,NaN,NaN,NaN,NaN
0,0,0,0,NaN,NaN,NaN,NaN
0,0,0,0,NaN,NaN,NaN,NaN
0,0,0,0,NaN,NaN,NaN,NaN
0,0,0,0,NaN,NaN,NaN,NaN
0,0,0,0,NaN,NaN,NaN,NaN
0,0,0,0,NaN,NaN,NaN,NaN
0,0,0,0,NaN,NaN,NaN,NaN
0,0,0,0,NaN,NaN,NaN,NaN
0,0,0,0,NaN,NaN,NaN,NaN
0,0,0,0,NaN,NaN,NaN,NaN
0,0,0,0,NaN,NaN,NaN,NaN
0,0,0,0,NaN,NaN,NaN,NaN
0,0,0,0,NaN,NaN,NaN,NaN
0,0,0,0,NaN,NaN,NaN,NaN
0,0,0,0,NaN,NaN,NaN,NaN
0,0,0,0,NaN,NaN,NaN,NaN
0,0,0,0,NaN,NaN,NaN,NaN
0,0,0,0,NaN,NaN,NaN,NaN
0,0,0,0,NaN,NaN,NaN,NaN
0,0,0,0,NaN,NaN,NaN,NaN
0,0,0,0,NaN,NaN,NaN,NaN
0,0,0,0,NaN,NaN,NaN,NaN
0,0,0,0,NaN,NaN,NaN,NaN
0,0,0,0,NaN,NaN,NaN,NaN
0,0,0,0,NaN,NaN,NaN,NaN
0,0,0,0,NaN,NaN,NaN,NaN
0,0,0,0,NaN,NaN,NaN,NaN
0,0,0,0,NaN,NaN,NaN,NaN
0,0,0,0,NaN,NaN,NaN,NaN
0,0,0,0,NaN,NaN,NaN,NaN
0,0,0,0,NaN,NaN,NaN,NaN
0,0,0,0,2,NaN,NaN,NaN
0,0,0,0,NaN,NaN,NaN,NaN
0,0,0,0,NaN,NaN,NaN,NaN
0,0,0,0,NaN,NaN,NaN,NaN
0,0,0,0,NaN,NaN,NaN,NaN
0,0,0,0,NaN,NaN,NaN,NaN
0,0,0,0,8,NaN,NaN,NaN
0,0,0,0,NaN,NaN,NaN,NaN
0,0,0,0,NaN,NaN,NaN,NaN
0,0,0,0,NaN,NaN,NaN,NaN
0,0,0,0,NaN,NaN,NaN,NaN
0,0,0,0,NaN,NaN,NaN,NaN
0,0,0,0,NaN,NaN,NaN,NaN
0,0,0,0,NaN,NaN,NaN,NaN
0,0,0,0,NaN,NaN,NaN,NaN
0,0,0,0,NaN,NaN,NaN,NaN
0,0,0,0,NaN,NaN,NaN,NaN
0,0,0,0,NaN,NaN,NaN,NaN
0,0,0,0,NaN,NaN,NaN,NaN
0,0,0,0,NaN,NaN,NaN,NaN
0,0,0,0,NaN,NaN,NaN,NaN
0,0,0,0,NaN,NaN,NaN,NaN
0,0,0,0,NaN,NaN,NaN,NaN
0,0,0,0,NaN,NaN,NaN,NaN
0,0,0,0,NaN,NaN,NaN,NaN
0,0,0,0,NaN,NaN,NaN,NaN
0,0,0,0,NaN,NaN,NaN,NaN
0,0,0,0,NaN,NaN,NaN,NaN
0,0,0,0,NaN,NaN,NaN,NaN
0,0,0,0,NaN,NaN,NaN,NaN
0,0,0,0,NaN,NaN,NaN,NaN
0,0,0,0,6,NaN,NaN,NaN
0,0,0,0,NaN,NaN,NaN,NaN
0,0,0,0,NaN,NaN,NaN,NaN
0,0,0,0,NaN,NaN,NaN,NaN
0,0,0,0,NaN,NaN,NaN,NaN
0,0,0,0,NaN,NaN,NaN,NaN
0,0,0,0,NaN,NaN,NaN,NaN
0,0,0,0,NaN,NaN,NaN,NaN
0,0,0,0,NaN,NaN,NaN,NaN
0,0,0,0,NaN,NaN,NaN,NaN
0,0,0,0,NaN,NaN,NaN,NaN
0,0,0,0,NaN,NaN,NaN,NaN
0,0,0,0,NaN,NaN,NaN,NaN
0,0,0,0,NaN,NaN,NaN,NaN
0,0,0,0,NaN,NaN,NaN,NaN
0,0,0,0,NaN,NaN,NaN,NaN
0,0,0,0,NaN,NaN,NaN,NaN
0,0,0,0,NaN,NaN,NaN,NaN
0,0,0,0,NaN,NaN,NaN,NaN
0,0,0,0,NaN,NaN,NaN,NaN
0,0,0,0,NaN,NaN,NaN,NaN
0,0,0,0,NaN,NaN,NaN,NaN
0,0,0,0,NaN,NaN,NaN,NaN
0,0,0,0,NaN,NaN,NaN,NaN
0,0,0,0,8,NaN,NaN,NaN
0,0,0,0,NaN,NaN,NaN,NaN
0,0,0,0,NaN,NaN,NaN,NaN
0,0,0,0,NaN,NaN,NaN,NaN
0,0,0,0,NaN,NaN,NaN,NaN
0,0,0,0,NaN,NaN,NaN,NaN
0,0,0,0,NaN,NaN,NaN,NaN
0,0,0,0,NaN,NaN,NaN,NaN
0,0,0,0,NaN,NaN,NaN,NaN
0,0,0,0,NaN,NaN,NaN,NaN
0,0,0,0,NaN,NaN,NaN,NaN
0,0,0,0,NaN,NaN,NaN,NaN
0,0,0,0,NaN,NaN,NaN,NaN
0,0,0,0,NaN,NaN,NaN,NaN
0,0,0,0,NaN,NaN,NaN,NaN
0,0,0,0,NaN,NaN,NaN,NaN
0,0,0,0,NaN,NaN,NaN,NaN
0,0,0,0,NaN,NaN,NaN,NaN
0,0,0,0,NaN,NaN,NaN,NaN
0,0,0,0,NaN,NaN,NaN,NaN
0,0,0,0,NaN,NaN,NaN,NaN
0,0,0,0,NaN,NaN,NaN,NaN
0,0,0,0,9,NaN,NaN,NaN
0,0,0,0,NaN,NaN,NaN,NaN
0,0,0,0,NaN,NaN,NaN,NaN
0,0,0,0,NaN,NaN,NaN,NaN
0,0,0,0,NaN,NaN,NaN,NaN
0,0,0,0,NaN,NaN,NaN,NaN
0,0,0,0,NaN,NaN,NaN,NaN
0,0,0,0,NaN,NaN,NaN,NaN
0,0,0,0,NaN,NaN,NaN,NaN
0,0,0,0,NaN,NaN,NaN,NaN
0,0,0,0,3,NaN,NaN,NaN
0,0,0,0,NaN,NaN,NaN,NaN
0,0,0,0,NaN,NaN,NaN,NaN
0,0,0,0,NaN,NaN,NaN,NaN
0,0,0,0,NaN,NaN,NaN,NaN
0,0,0,0,NaN,NaN,NaN,NaN
0,0,0,0,NaN,NaN,NaN,NaN
0,0,0,0,NaN,NaN,NaN,NaN
0,0,0,0,NaN,NaN,NaN,NaN
0,0,0,0,NaN,NaN,NaN,NaN
0,0,0,0,NaN,NaN,NaN,NaN
0,0,0,0,NaN,NaN,NaN,NaN
0,0,0,0,NaN,NaN,NaN,NaN
0,0,0,0,NaN,NaN,NaN,NaN
0,0,0,0,NaN,NaN,NaN,NaN
0,0,0,0,NaN,NaN,NaN,NaN
0,0,0,0,NaN,NaN,NaN,NaN
0,0,0,0,9,NaN,NaN,NaN
0,0,0,0,NaN,NaN,NaN,NaN
0,0,0,0,NaN,NaN,NaN,NaN
0,0,0,0,NaN,NaN,NaN,NaN
0,0,0,0,NaN,NaN,NaN,NaN
0,0,0,0,NaN,NaN,NaN,NaN
0,0,0,0,NaN,NaN,NaN,NaN
0,0,0,0,8,NaN,NaN,NaN
0,0,0,0,NaN,NaN,NaN,NaN
0,0,0,0,NaN,NaN,NaN,NaN
0,0,0,0,NaN,NaN,NaN,NaN
0,0,0,0,NaN,NaN,NaN,NaN
0,0,0,0,NaN,NaN,NaN,NaN
0,0,0,0,NaN,NaN,NaN,NaN
0,0,0,0,NaN,NaN,NaN,NaN
0,0,0,0,NaN,NaN,NaN,NaN
0,0,0,0,NaN,NaN,NaN,NaN
0,0,0,0,NaN,NaN,NaN,NaN
0,0,0,0,NaN,NaN,NaN,NaN
0,0,0,0,NaN,NaN,NaN,NaN
0,0,0,0,NaN,NaN,NaN,NaN
0,0,0,0,NaN,NaN,NaN,NaN
0,0,0,0,NaN,NaN,NaN,NaN
0,0,0,0,NaN,NaN,NaN,NaN
0,0,0,0,NaN,NaN,NaN,NaN
0,0,0,0,NaN,NaN,NaN,NaN
0,0,0,0,NaN,NaN,NaN,NaN
0,0,0,0,NaN,NaN,NaN,NaN
0,0,0,0,NaN,NaN,NaN,NaN
0,0,0,0,NaN,NaN,NaN,NaN
0,0,0,0,NaN,NaN,NaN,NaN
0,0,0,0,NaN,NaN,NaN,NaN
0,0,0,0,NaN,NaN,NaN,NaN
0,0,0,0,NaN,NaN,NaN,NaN
0,0,0,0,NaN,NaN,NaN,NaN
0,0,0,0,NaN,NaN,NaN,NaN
0,0,0,0,NaN,NaN,NaN,NaN
0,0,0,0,NaN,NaN,NaN,NaN
0,0,0,0,NaN,NaN,NaN,NaN
0,0,0,0,NaN,NaN,NaN,NaN
0,0,0,0,NaN,NaN,NaN,NaN
0,0,0,0,NaN,NaN,NaN,NaN
0,0,0,0,NaN,NaN,NaN,NaN
0,0,0,0,NaN,NaN,NaN,NaN
0,0,0,0,NaN,NaN,NaN,NaN
0,0,0,0,NaN,NaN,NaN,NaN
0,0,0,0,NaN,NaN,NaN,NaN
0,0,0,0,NaN,NaN,NaN,NaN
0,0,0,0,NaN,NaN,NaN,NaN
0,0,0,0,NaN,NaN,NaN,NaN
0,0,0,0,NaN,NaN,NaN,NaN
0,0,0,0,NaN,NaN,NaN,NaN
0,0,0,0,NaN,NaN,NaN,NaN
0,0,0,0,9,NaN,NaN,NaN
0,0,0,0,NaN,NaN,NaN,NaN
0,0,0,0,NaN,NaN,NaN,NaN
0,0,0,0,NaN,NaN,NaN,NaN
0,0,0,0,8,NaN,NaN,NaN
0,0,0,0,NaN,NaN,NaN,NaN
0,0,0,0,NaN,NaN,NaN,NaN
0,0,0,0,NaN,NaN,NaN,NaN
0,0,0,0,NaN,NaN,NaN,NaN
0,0,0,0,NaN,NaN,NaN,NaN
0,0,0,0,NaN,NaN,NaN,NaN
0,0,0,0,NaN,NaN,NaN,NaN
0,0,0,0,NaN,NaN,NaN,NaN
0,0,0,0,NaN,NaN,NaN,NaN
0,0,0,0,NaN,NaN,NaN,NaN
0,0,0,0,NaN,NaN,NaN,NaN
0,0,0,0,6,NaN,NaN,NaN
0,0,0,0,NaN,NaN,NaN,NaN
0,0,0,0,NaN,NaN,NaN,NaN
0,0,0,0,NaN,NaN,NaN,NaN
0,0,0,0,NaN,NaN,NaN,NaN
0,0,0,0,NaN,NaN,NaN,NaN
0,0,0,0,NaN,NaN,NaN,NaN
0,0,0,0,NaN,NaN,NaN,NaN
0,0,0,0,NaN,NaN,NaN,NaN
0,0,0,0,NaN,NaN,NaN,NaN
0,0,0,0,NaN,NaN,NaN,NaN
0,0,0,0,NaN,NaN,NaN,NaN
0,0,0,0,NaN,NaN,NaN,NaN
0,0,0,0,NaN,NaN,NaN,NaN
0,0,0,0,NaN,NaN,NaN,NaN
0,0,0,0,NaN,NaN,NaN,NaN
0,0,0,0,NaN,NaN,NaN,NaN
0,0,0,0,7,NaN,NaN,NaN
0,0,0,0,NaN,NaN,NaN,NaN
0,0,0,0,NaN,NaN,NaN,NaN
0,0,0,0,NaN,NaN,NaN,NaN
0,0,0,0,NaN,NaN,NaN,NaN
0,0,0,0,NaN,NaN,NaN,NaN
0,0,0,0,NaN,NaN,NaN,NaN
0,0,0,0,NaN,NaN,NaN,NaN
0,0,0,0,NaN,NaN,NaN,NaN
0,0,0,0,NaN,NaN,NaN,NaN
0,0,0,0,NaN,NaN,NaN,NaN
0,0,0,0,NaN,NaN,NaN,NaN
0,0,0,0,NaN,NaN,NaN,NaN
0,0,0,0,NaN,NaN,NaN,NaN
0,0,0,0,NaN,NaN,NaN,NaN
0,0,0,0,NaN,NaN,NaN,NaN
0,0,0,0,1,NaN,NaN,NaN
0,0,0,0,NaN,NaN,NaN,NaN
0,0,0,0,NaN,NaN,NaN,NaN
0,0,0,0,NaN,NaN,NaN,NaN
0,0,0,0,7,NaN,NaN,NaN
0,0,0,0,NaN,NaN,NaN,NaN
0,0,0,0,NaN,NaN,NaN,NaN
0,0,0,0,NaN,NaN,NaN,NaN
0,0,0,0,NaN,NaN,NaN,NaN
0,0,0,0,NaN,NaN,NaN,NaN
0,0,0,0,NaN,NaN,NaN,NaN
0,0,0,0,NaN,NaN,NaN,NaN
0,0,0,0,NaN,NaN,NaN,NaN
0,0,0,0,NaN,NaN,NaN,NaN
0,0,0,0,NaN,NaN,NaN,NaN
0,0,0,0,NaN,NaN,NaN,NaN
0,0,0,0,NaN,NaN,NaN,NaN
0,0,0,0,NaN,NaN,NaN,NaN
0,0,0,0,NaN,NaN,NaN,NaN
0,0,0,0,NaN,NaN,NaN,NaN
0,0,0,0,NaN,NaN,NaN,NaN
0,0,0,0,NaN,NaN,NaN,NaN
0,0,0,0,NaN,NaN,NaN,NaN
0,0,0,0,NaN,NaN,NaN,NaN
0,0,0,0,NaN,NaN,NaN,NaN
0,0,0,0,NaN,NaN,NaN,NaN
0,0,0,0,NaN,NaN,NaN,NaN
0,0,0,0,NaN,NaN,NaN,NaN
0,0,0,0,NaN,NaN,NaN,NaN
0,0,0,0,NaN,NaN,NaN,NaN
0,0,0,0,3,NaN,NaN,NaN
0,0,0,0,NaN,NaN,NaN,NaN
0,0,0,0,NaN,NaN,NaN,NaN
0,0,0,0,NaN,NaN,NaN,NaN
0,0,0,0,NaN,NaN,NaN,NaN
0,0,0,0,NaN,NaN,NaN,NaN
0,0,0,0,NaN,NaN,NaN,NaN
0,0,0,0,NaN,NaN,NaN,NaN
0,0,0,0,NaN,NaN,NaN,NaN
0,0,0,0,NaN,NaN,NaN,NaN
0,0,0,0,NaN,NaN,NaN,NaN
0,0,0,0,NaN,NaN,NaN,NaN
0,0,0,0,NaN,NaN,NaN,NaN
0,0,0,0,NaN,NaN,NaN,NaN
0,0,0,0,NaN,NaN,NaN,NaN
0,0,0,0,NaN,NaN,NaN,NaN
0,0,0,0,NaN,NaN,NaN,NaN
0,0,0,0,NaN,NaN,NaN,NaN
0,0,0,0,NaN,NaN,NaN,NaN
0,0,0,0,NaN,NaN,NaN,NaN
0,0,0,0,NaN,NaN,NaN,NaN
0,0,0,0,NaN,NaN,NaN,NaN
0,0,0,0,NaN,NaN,NaN,NaN
0,0,0,0,NaN,NaN,NaN,NaN
0,0,0,0,NaN,NaN,NaN,NaN
0,0,0,0,NaN,NaN,NaN,NaN
0,0,0,0,NaN,NaN,NaN,NaN
0,0,0,0,NaN,NaN,NaN,NaN
0,0,0,0,NaN,NaN,NaN,NaN
0,0,0,0,NaN,NaN,NaN,NaN
0,0,0,0,NaN,NaN,NaN,NaN
