0,-0.408,0.334,1.844,1.22,NaN,NaN,NaN
0.4049,-0.408,0.335,1.844,NaN,NaN,NaN,NaN
0.45993,-0.408,0.335,1.844,NaN,1,-1,1
0.51523,-0.408,0.335,1.844,NaN,NaN,NaN,NaN
0.56495,-0.408,0.335,1.844,NaN,NaN,NaN,NaN
0.61997,-0.408,0.335,1.844,NaN,NaN,NaN,NaN
0.66997,-0.408,-0.335,1.844,0,-0.47038,0.38606,0.2025
0.72504,-0.408,0.335,1.844,0.01,-0.47043,0.38612,0.20242
0.77501,-0.408,0.335,1.844,0.02,-0.47041,0.38606,0.2025
0.83001,-0.408,0.335,1.844,0.03,-0.47039,0.38605,0.2025
0.88008,-0.408,0.335,1.844,0.04,-0.47038,0.38606,0.20249
0.93506,-0.408,0.335,1.844,0.05,NaN,NaN,NaN
0.98507,-0.408,0.335,1.844,0.06,-0.47041,0.38611,0.20242
1.04,-0.408,0.335,1.844,0.07,-0.47043,0.38614,0.20241
1.0901,-0.408,0.335,1.844,0.08,-0.47043,0.38614,0.20242
1.1451,-0.408,0.335,1.844,0.09,-0.47041,0.38606,0.20249
1.1951,-0.408,0.335,1.844,0.1,-0.47037,0.38605,0.2025
1.2501,-0.409,0.336,1.843,0.11,-0.4704,0.38606,0.20249
1.3001,-0.409,0.336,1.843,0.12,-0.47039,0.38606,0.20252
1.3551,-0.409,0.336,1.843,0.13,-0.47042,0.38611,0.20243
1.4051,-0.409,0.336,1.843,0.14,-0.47041,0.38612,0.20242
1.4602,-0.409,0.336,1.843,0.15,-0.4704,0.38606,0.20251
1.5156,-0.409,0.336,1.843,0.16,-0.47041,0.38612,0.20243
1.5652,-0.409,0.336,1.842,0.17,-0.47044,0.38612,0.20242
1.6202,-0.409,0.336,1.842,0.18,-0.47042,0.38612,0.20243
1.6702,-0.409,0.336,1.842,0.19,-0.4704,0.38606,0.2025
1.7253,-0.409,0.336,1.842,0.2,-0.47039,0.38605,0.20251
1.7752,-0.409,0.336,1.842,0.21,-0.47043,0.38613,0.20241
1.8303,-0.409,0.335,1.841,0.22,-0.47043,0.38612,0.20243
1.8803,-0.409,0.335,1.841,0.23,-0.47037,0.38604,0.20249
1.9353,-0.409,0.335,1.841,0.24,-0.47042,0.38612,0.20241
1.9853,-0.409,0.335,1.841,0.25,-0.47036,0.38606,0.2025
2.0403,-0.409,0.335,1.841,0.26,-0.4704,0.38614,0.20241
2.0903,-0.409,0.335,1.841,0.27,-0.47042,0.38613,0.20242
2.1453,-0.408,0.335,1.841,0.28,-0.47039,0.38605,0.20251
2.1953,-0.408,0.335,1.841,0.29,-0.47042,0.38612,0.20242
2.2504,-0.408,0.335,1.841,0.3,-0.47039,0.38605,0.20249
2.3003,-0.408,0.335,1.841,0.31,-0.4704,0.38607,0.20251
2.3554,-0.408,0.335,1.841,0.32,-0.4704,0.38605,0.2025
2.4054,-0.408,0.335,1.843,0.33,-0.47042,0.38612,0.20241
2.4604,-0.408,0.335,1.843,0.34,-0.47039,0.38605,0.20251
2.5159,-0.408,0.335,1.843,0.35,-0.47039,0.38605,0.2025
2.5654,-0.408,0.335,1.843,0.36,-0.47043,0.38613,0.20241
2.6204,-0.408,0.335,1.843,0.37,-0.47045,0.38614,0.20243
2.6705,-0.408,0.335,1.843,0.38,-0.47041,0.38607,0.20252
2.7255,-0.408,0.335,1.844,0.39,-0.47039,0.38607,0.20251
2.7755,-0.408,0.335,1.844,0.4,-0.47041,0.38611,0.20241
2.8306,-0.408,0.335,1.844,0.41,-0.47043,0.38612,0.20242
2.8805,-0.408,0.335,1.844,0.42,-0.47043,0.38613,0.20242
2.9355,-0.408,0.335,1.844,0.43,-0.47042,0.38613,0.20243
2.9856,-0.408,0.334,1.846,0.44,-0.4704,0.38606,0.2025
3.0405,-0.408,0.334,1.846,0.45,-0.4704,0.38608,0.20252
3.0905,-0.408,0.334,1.846,0.46,-0.47042,0.38613,0.20241
3.1456,-0.408,0.334,1.846,0.47,-0.47042,0.38612,0.20242
3.1955,-0.408,0.334,1.846,0.48,-0.47041,0.38606,0.20251
3.2506,-0.408,0.334,1.846,0.49,-0.47042,0.38607,0.20252
3.3006,-0.408,0.334,1.846,0.5,-0.47042,0.38613,0.20242
3.3556,-0.408,0.334,1.846,0.51,-0.47042,0.38612,0.20243
3.4057,-0.408,0.334,1.846,0.52,-0.47042,0.38614,0.20242
3.4607,-0.408,0.334,1.846,0.53,-0.47041,0.38612,0.20242
3.5161,-0.408,0.334,1.846,0.54,-0.47038,0.38606,0.2025
3.5657,-0.408,0.333,1.846,0.55,-0.47038,0.38608,0.20249
3.6207,-0.408,0.333,1.846,0.56,-0.47039,0.38607,0.2025
3.6707,-0.408,0.333,1.846,0.57,-0.47041,0.38615,0.20242
3.7257,-0.408,0.333,1.846,0.58,-0.47039,0.38606,0.20249
3.7757,-0.408,0.333,1.846,0.59,-0.47036,0.38605,0.2025
3.8308,-0.408,0.333,1.846,0.6,-0.47039,0.38605,0.20249
3.8808,-0.408,0.333,1.845,0.61,-0.47045,0.38613,0.20242
3.9358,-0.408,0.333,1.845,0.62,-0.47044,0.38613,0.20242
3.9858,-0.408,0.333,1.845,0.63,-0.47039,0.38606,0.20251
4.0407,-0.408,0.333,1.845,0.64,-0.47038,0.38605,0.20252
4.0908,-0.408,0.333,1.845,0.65,-0.4704,0.38606,0.2025
4.1458,-0.408,0.334,1.844,0.66,-0.4704,0.38605,0.20251
4.1958,-0.408,0.334,1.844,0.67,-0.4704,0.38606,0.20249
4.2508,-0.408,0.334,1.844,0.68,-0.4704,0.38608,0.2025
4.3009,-0.408,0.334,1.844,0.69,-0.47043,0.38611,0.20243
4.3559,-0.408,0.334,1.844,0.7,-0.47043,0.38613,0.20242
4.4058,-0.408,0.334,1.844,0.71,-0.47039,0.38606,0.2025
4.4609,-0.408,0.335,1.845,0.72,-0.47043,0.38612,0.20243
4.5163,-0.408,0.335,1.845,0.73,-0.47043,0.38613,0.20242
4.5659,-0.408,0.335,1.845,0.74,-0.47044,0.38614,0.20242
4.6209,-0.408,0.335,1.845,0.75,-0.4704,0.38605,0.20251
4.6709,-0.408,0.335,1.845,0.76,-0.47044,0.38614,0.20242
4.726,-0.409,0.335,1.845,0.77,-0.4704,0.38607,0.2025
4.776,-0.409,0.335,1.845,0.78,-0.47043,0.38613,0.20242
4.831,-0.409,0.335,1.845,0.79,-0.47038,0.38607,0.2025
4.881,-0.409,0.335,1.845,0.8,-0.47043,0.38613,0.20242
4.936,-0.409,0.335,1.845,0.81,-0.47041,0.38612,0.20241
4.9861,-0.409,0.335,1.845,0.82,-0.47039,0.38606,0.2025
5.041,-0.408,0.335,1.848,0.83,-0.47043,0.38611,0.20242
5.091,-0.408,0.335,1.848,0.84,-0.47041,0.38612,0.20242
5.146,-0.408,0.335,1.848,0.85,-0.47044,0.38612,0.20242
5.1961,-0.408,0.335,1.848,0.86,-0.47041,0.38611,0.20241
5.2511,-0.408,0.335,1.848,0.87,-0.47043,0.38612,0.20242
5.3011,-0.409,0.335,1.848,0.88,-0.47041,0.38611,0.20244
5.3561,-0.409,0.335,1.848,0.89,-0.47043,0.38612,0.20242
5.4061,-0.409,0.335,1.848,0.9,-0.47043,0.38613,0.20241
5.4611,-0.409,0.335,1.848,0.91,-0.4704,0.38612,0.20241
5.5165,-0.409,0.335,1.848,0.92,-0.47041,0.38612,0.20242
5.5662,-0.408,0.335,1.849,0.93,-0.47038,0.38606,0.2025
5.6212,-0.408,0.335,1.849,0.94,-0.47039,0.38606,0.2025
5.6712,-0.408,0.335,1.849,0.95,-0.4704,0.38605,0.2025
5.7262,-0.408,0.335,1.849,0.96,-0.47039,0.38605,0.2025
5.7762,-0.408,0.335,1.849,0.97,-0.47039,0.38607,0.2025
5.8313,-0.408,0.335,1.849,0.98,-0.47038,0.38606,0.2025
5.8813,-0.407,0.335,1.851,0.99,-0.47044,0.38612,0.20242
5.9363,-0.407,0.335,1.851,1,-0.47039,0.38606,0.20248
5.9863,-0.407,0.335,1.851,1.01,-0.47045,0.38613,0.20243
6.0413,-0.407,0.335,1.851,1.02,-0.47043,0.38614,0.20242
6.0913,-0.407,0.335,1.851,1.03,-0.47045,0.38614,0.20242
6.1463,-0.407,0.334,1.848,1.04,-0.4704,0.38605,0.2025
6.1963,-0.407,0.334,1.848,1.05,-0.4704,0.38606,0.2025
6.2513,-0.407,0.334,1.848,1.06,-0.47043,0.38613,0.20243
6.3013,-0.407,0.334,1.848,1.07,-0.47041,0.38605,0.20251
6.3563,-0.407,0.334,1.848,1.08,-0.47039,0.38605,0.2025
6.4064,-0.407,0.334,1.848,1.09,-0.47039,0.38606,0.20249
6.4614,-0.406,0.335,1.85,1.1,-0.47043,0.38612,0.20242
6.5165,-0.406,0.335,1.85,1.11,-0.47042,0.38613,0.20241
6.5664,-0.406,0.335,1.85,1.12,-0.4704,0.38607,0.2025
6.6214,-0.406,0.335,1.85,1.13,-0.47044,0.38612,0.2024
6.6714,-0.406,0.335,1.85,1.14,-0.47038,0.38604,0.2025
6.7264,-0.407,0.335,1.846,1.15,-0.47045,0.38611,0.20242
6.7765,-0.407,0.335,1.846,1.16,-0.47039,0.38606,0.20249
6.8315,-0.407,0.335,1.846,1.17,-0.47042,0.38612,0.20242
6.8815,-0.407,0.335,1.846,1.18,-0.47041,0.38612,0.20241
6.9365,-0.407,0.335,1.846,1.19,-0.47044,0.38612,0.20242
6.9865,-0.407,0.335,1.846,1.2,-0.47044,0.38613,0.20241
7.0415,-0.407,0.335,1.846,1.21,-0.47039,0.38605,0.20251
7.0915,-0.407,0.335,1.846,1.22,-0.47042,0.38613,0.20241
7.1465,-0.407,0.335,1.846,1.23,-0.47042,0.38614,0.20243
7.1966,-0.407,0.335,1.846,1.24,-0.47043,0.38612,0.20242
7.2515,-0.407,0.335,1.846,1.25,-0.47038,0.38607,0.2025
7.3016,-0.408,0.334,1.84,1.26,-0.4704,0.38605,0.20251
7.3566,-0.408,0.334,1.84,1.27,-0.47039,0.38605,0.20251
7.4066,-0.408,0.334,1.84,1.28,-0.47043,0.38613,0.20244
7.4617,-0.408,0.334,1.84,1.29,-0.4704,0.38606,0.2025
7.5165,-0.408,0.334,1.84,1.3,-0.4704,0.38606,0.2025
7.5666,-0.408,0.334,1.84,1.31,-0.4704,0.38606,0.2025
7.6217,-0.408,0.334,1.839,1.32,-0.47045,0.38612,0.20244
7.6717,-0.408,0.334,1.839,1.33,-0.47039,0.38606,0.20249
7.7267,-0.408,0.334,1.839,1.34,-0.47044,0.38613,0.20242
7.7767,-0.408,0.334,1.839,1.35,-0.47039,0.38604,0.20249
7.8317,-0.408,0.334,1.839,1.36,-0.47042,0.38612,0.2024
7.8818,-0.408,0.335,1.837,1.37,-0.47042,0.38612,0.20242
7.9367,-0.408,0.335,1.837,1.38,-0.47038,0.38605,0.20248
7.9868,-0.408,0.335,1.837,1.39,-0.47039,0.38606,0.20249
8.0417,-0.408,0.335,1.837,1.4,-0.4704,0.38606,0.20248
8.0917,-0.408,0.335,1.837,1.41,-0.47041,0.38612,0.20241
8.1468,-0.408,0.335,1.837,1.42,-0.47043,0.38612,0.20241
8.1968,-0.409,0.335,1.839,1.43,-0.47043,0.38612,0.20241
8.2518,-0.409,0.335,1.839,1.44,-0.47044,0.38613,0.20241
8.3018,-0.409,0.335,1.839,1.45,-0.47043,0.38612,0.20242
8.3568,-0.409,0.335,1.839,1.46,-0.47043,0.38614,0.2024
8.4069,-0.409,0.335,1.839,1.47,-0.47043,0.38613,0.20242
8.4618,-0.409,0.336,1.838,1.48,-0.47042,0.38614,0.20241
8.5164,-0.409,0.336,1.838,1.49,-0.4704,0.38605,0.2025
8.5669,-0.409,0.336,1.838,1.5,-0.47042,0.38612,0.20242
8.6219,-0.409,0.336,1.838,1.51,-0.47042,0.38615,0.20242
8.6719,-0.409,0.336,1.838,1.52,-0.47038,0.38606,0.20249
8.7269,-0.409,0.336,1.838,1.53,-0.4704,0.38606,0.2025
8.777,-0.409,0.336,1.838,1.54,-0.47038,0.38606,0.2025
8.832,-0.409,0.336,1.838,1.55,-0.47042,0.38613,0.20242
8.882,-0.409,0.336,1.838,1.56,-0.4704,0.38605,0.20249
8.937,-0.409,0.336,1.838,1.57,-0.47043,0.38613,0.20242
8.987,-0.409,0.336,1.838,1.58,-0.47043,0.38614,0.20242
9.042,-0.41,0.336,1.842,1.59,-0.47039,0.38606,0.20251
9.092,-0.41,0.336,1.842,1.6,-0.47039,0.38605,0.2025
9.147,-0.41,0.336,1.842,1.61,-0.47043,0.38613,0.20242
9.197,-0.41,0.336,1.842,1.62,-0.47044,0.3861,0.20243
9.252,-0.41,0.336,1.842,1.63,-0.47039,0.38608,0.2025
9.3021,-0.41,0.336,1.842,1.64,-0.4704,0.38607,0.2025
9.3571,-0.411,0.335,1.842,1.65,-0.4704,0.38606,0.2025
9.4071,-0.411,0.335,1.842,1.66,-0.4704,0.38605,0.20251
9.4621,-0.411,0.335,1.842,1.67,-0.47042,0.38613,0.20241
9.5172,-0.411,0.335,1.842,1.68,-0.47041,0.38615,0.20241
9.5671,-0.411,0.335,1.842,1.69,-0.4704,0.38606,0.2025
9.6222,-0.411,0.335,1.843,1.7,-0.47042,0.38614,0.20241
9.6722,-0.411,0.335,1.843,1.71,-0.47044,0.38612,0.20241
9.7272,-0.411,0.335,1.843,1.72,-0.47043,0.38614,0.20243
9.7772,-0.411,0.335,1.843,1.73,-0.47042,0.38612,0.20242
9.8322,-0.411,0.335,1.843,1.74,-0.47042,0.38613,0.20242
9.8824,-0.411,-0.334,1.842,1.75,-0.47043,0.38611,0.20242
9.9373,-0.411,0.334,1.842,1.76,-0.47039,0.38605,0.20249
9.9873,-0.411,0.334,1.842,1.77,-0.47044,0.38614,0.20242
10.042,-0.411,0.334,1.842,1.78,-0.47042,0.38611,0.20241
10.092,-0.411,0.334,1.842,1.79,-0.47043,0.38611,0.20242
10.147,-0.411,0.334,1.842,1.8,-0.47043,0.38614,0.20242
10.197,-0.411,0.334,1.84,1.81,-0.47042,0.38611,0.20242
10.252,-0.411,0.334,1.84,1.82,-0.47039,0.38606,0.2025
10.302,-0.411,0.334,1.84,1.83,-0.47041,0.38605,0.20248
10.357,-0.411,0.334,1.84,1.84,-0.47042,0.38611,0.20242
10.407,-0.411,0.334,1.84,1.85,-0.47039,0.38606,0.2025
10.457,-0.41,-0.334,1.838,1.86,-0.47038,0.38606,0.2025
10.507,-0.41,0.334,1.838,1.87,-0.47044,0.38615,0.20242
10.557,-0.41,0.334,1.838,1.88,-0.47044,0.38613,0.20242
10.607,-0.41,0.334,1.838,1.89,-0.4704,0.38606,0.20249
10.657,-0.41,0.334,1.838,1.9,-0.47042,0.38612,0.20242
10.707,-0.41,0.334,1.838,1.91,-0.47039,0.38605,0.2025
10.757,-0.412,0.334,1.838,1.92,-0.47042,0.38612,0.20242
10.808,-0.412,0.334,1.838,1.93,-0.47039,0.38605,0.2025
10.857,-0.412,0.334,1.838,1.94,-0.47038,0.38606,0.20249
10.908,-0.412,0.334,1.838,1.95,-0.47044,0.38612,0.20242
10.958,-0.412,0.334,1.838,1.96,-0.47043,0.38612,0.20241
11.008,-0.412,0.334,1.838,1.97,-0.47042,0.38612,0.20242
11.057,-0.393,0.334,1.826,1.98,-0.4704,0.38607,0.20249
11.108,-0.393,0.334,1.826,1.99,-0.47043,0.38613,0.20242
11.158,-0.393,0.334,1.826,2,-0.47039,0.38607,0.20249
11.208,-0.393,0.334,1.826,2.01,-0.4704,0.38606,0.20249
11.258,-0.393,0.334,1.826,2.02,-0.47043,0.38612,0.20242
11.308,-0.393,0.334,1.826,2.03,-0.47043,0.38613,0.2024
11.358,-0.395,0.333,1.824,2.04,-0.47041,0.38613,0.20241
11.408,-0.395,0.333,1.824,2.05,-0.47044,0.38612,0.20241
11.458,-0.395,0.333,1.824,2.06,-0.47043,0.38613,0.20241
11.508,-0.395,0.333,1.824,2.07,-0.47038,0.38605,0.20249
11.558,-0.395,0.333,1.824,2.08,-0.47041,0.38615,0.20242
11.608,-0.395,0.333,1.824,2.09,-0.47044,0.38613,0.20241
11.658,-0.407,0.332,1.848,2.1,-0.47042,0.38613,0.20241
11.708,-0.407,0.332,1.848,2.11,-0.4704,0.38604,0.20249
11.758,-0.407,0.332,1.848,2.12,-0.47041,0.38612,0.20242
11.808,-0.407,0.332,1.848,2.13,-0.4704,0.38607,0.20249
11.858,-0.407,0.332,1.848,2.14,-0.47039,0.38607,0.2025
11.908,-0.414,0.332,1.851,2.15,-0.47044,0.38611,0.20243
11.958,-0.414,0.332,1.851,2.16,-0.47042,0.38615,0.20242
12.008,-0.414,0.332,1.851,2.17,-0.47044,0.38612,0.20242
12.058,-0.414,0.332,1.851,2.18,-0.47039,0.38607,0.2025
12.108,-0.414,0.332,1.851,2.19,-0.4704,0.38606,0.2025
12.158,-0.414,0.332,1.851,2.2,-0.47042,0.38613,0.20241
12.208,-0.464,0.329,1.882,2.21,-0.4704,0.38606,0.20251
12.258,-0.464,0.329,1.882,2.22,-0.47041,0.38607,0.20251
12.308,-0.464,0.329,1.882,2.23,-0.47044,0.38611,0.20242
12.358,-0.464,0.329,1.882,2.24,-0.4704,0.38607,0.20251
12.408,-0.464,0.329,1.882,2.25,-0.47039,0.38605,0.2025
12.458,-0.464,0.329,1.882,2.26,-0.47038,0.38606,0.20249
12.508,-0.486,0.323,1.887,2.27,-0.47043,0.38613,0.20242
12.558,-0.486,0.323,1.887,2.28,-0.47043,0.38613,0.20241
12.608,-0.486,0.323,1.887,2.29,-0.47041,0.38613,0.20242
12.658,-0.486,0.323,1.887,2.3,-0.47039,0.38606,0.2025
12.708,-0.486,0.323,1.887,2.31,-0.47042,0.38615,0.20241
12.758,-0.486,0.323,1.887,2.32,-0.47038,0.38606,0.20247
12.808,-0.504,0.313,1.883,2.33,-0.47043,0.38612,0.20242
12.858,-0.504,0.313,1.883,2.34,-0.4704,0.38607,0.2025
12.908,-0.504,0.313,1.883,2.35,-0.47041,0.38611,0.20242
12.958,-0.504,0.313,1.883,2.36,-0.47042,0.38613,0.20241
13.008,-0.504,0.313,1.883,2.37,-0.47037,0.38606,0.2025
13.058,-0.538,0.306,1.863,2.38,-0.47042,0.38611,0.20241
13.108,-0.538,0.306,1.863,2.39,-0.47041,0.38613,0.20241
13.158,-0.538,0.306,1.863,2.4,-0.47039,0.38607,0.20249
13.208,-0.538,0.306,1.863,2.41,-0.47041,0.38611,0.2024
13.258,-0.538,0.306,1.863,2.42,-0.47039,0.38607,0.20252
13.308,-0.538,0.306,1.863,2.43,-0.47044,0.38615,0.20241
13.358,-0.54,0.286,1.861,2.44,-0.47043,0.38612,0.20241
13.408,-0.54,0.286,1.861,2.45,-0.47042,0.38611,0.20241
13.458,-0.54,0.286,1.861,2.46,-0.47043,0.38613,0.20241
13.508,-0.54,0.286,1.861,2.47,-0.47038,0.38605,0.20249
13.558,-0.54,0.286,1.861,2.48,-0.47044,0.38613,0.20241
13.608,-0.54,0.286,1.861,2.49,-0.47044,0.38613,0.2024
13.658,-0.547,0.26,1.882,2.5,-0.47042,0.38612,0.20243
13.708,-0.547,0.26,1.882,2.51,-0.47038,0.38607,0.20247
13.758,-0.547,0.26,1.882,2.52,-0.47038,0.38606,0.20249
13.808,-0.547,0.26,1.882,2.53,-0.47038,0.38605,0.20249
13.858,-0.547,0.26,1.882,2.54,-0.47038,0.38606,0.20249
13.908,-0.547,0.26,1.882,2.55,-0.47044,0.38611,0.20244
13.958,-0.552,0.23,1.9,2.56,-0.47041,0.38605,0.2025
14.008,-0.552,0.23,1.9,2.57,-0.47042,0.38613,0.20242
14.058,-0.552,0.23,1.9,2.58,-0.47037,0.38606,0.2025
14.108,-0.552,0.23,1.9,2.59,-0.47044,0.38613,0.20241
14.158,-0.552,0.23,1.9,2.6,-0.47041,0.38613,0.20242
14.208,-0.546,0.189,1.963,2.61,-0.4704,0.38607,0.20249
14.258,-0.546,0.189,1.963,2.62,-0.47043,0.38612,0.20243
14.308,-0.546,0.189,1.963,2.63,-0.47042,0.38612,0.20243
14.358,-0.546,0.189,1.963,2.64,-0.47042,0.38614,0.20241
14.408,-0.546,0.189,1.963,2.65,-0.47041,0.38612,0.20241
14.458,-0.546,0.189,1.963,2.66,-0.47042,0.38612,0.2024
14.508,-0.545,0.153,1.986,2.67,-0.47042,0.38612,0.20242
14.558,-0.545,0.153,1.986,2.68,-0.47042,0.38612,0.20241
14.608,-0.545,0.153,1.986,2.69,-0.47042,0.38613,0.20242
14.658,-0.545,0.153,1.986,2.7,-0.47042,0.38611,0.20241
14.708,-0.545,0.153,1.986,2.71,-0.47042,0.38613,0.20243
14.758,-0.545,0.153,1.986,2.72,-0.47041,0.38613,0.20241
14.808,-0.532,0.12,1.994,2.73,-0.4704,0.38611,0.2024
14.858,-0.532,0.12,1.994,2.74,-0.47042,0.38613,0.20241
14.908,-0.532,0.12,1.994,2.75,-0.47042,0.38612,0.20242
14.958,-0.532,0.12,1.994,2.76,-0.47044,0.38614,0.20241
15.008,-0.532,0.12,1.994,2.77,-0.47042,0.38613,0.20242
15.058,-0.532,0.12,1.994,2.78,-0.47038,0.38606,0.20251
15.108,-0.499,0.088,2.002,2.79,-0.47043,0.38612,0.20242
15.158,-0.499,0.088,2.002,2.8,-0.4704,0.38606,0.20249
15.209,-0.499,0.088,2.002,2.81,-0.47041,0.38606,0.2025
15.259,-0.499,0.088,2.002,2.82,-0.47037,0.38608,0.20251
15.309,-0.499,0.088,2.002,2.83,-0.47038,0.38606,0.20249
15.359,-0.455,0.056,1.987,2.84,-0.47043,0.38613,0.20242
15.409,-0.455,0.056,1.987,2.85,-0.47043,0.38613,0.20241
15.459,-0.455,0.056,1.987,2.86,-0.47042,0.38613,0.20242
15.509,-0.455,0.056,1.987,2.87,-0.47039,0.38606,0.2025
15.559,-0.455,0.056,1.987,2.88,-0.47041,0.38614,0.20241
15.614,-0.455,0.056,1.987,2.89,-0.47042,0.38613,0.20241
15.664,-0.42,0.031,1.969,2.9,-0.47042,0.38611,0.20242
15.719,-0.42,0.031,1.969,2.91,-0.47039,0.38607,0.2025
15.769,-0.42,0.031,1.969,2.92,-0.47042,0.38611,0.20241
15.824,-0.42,0.031,1.969,2.93,-0.47041,0.38612,0.20242
15.874,-0.42,0.031,1.969,2.94,-0.47043,0.38613,0.20241
15.929,-0.391,0.006,1.962,2.95,-0.47038,0.38604,0.20249
15.979,-0.391,0.006,1.962,2.96,-0.47043,0.38611,0.20241
16.034,-0.391,0.006,1.962,2.97,-0.47039,0.38613,0.2024
16.084,-0.391,0.006,1.962,2.98,-0.47042,0.38612,0.20241
16.139,-0.391,0.006,1.962,2.99,-0.47044,0.38613,0.20242
16.189,-0.391,0.006,1.962,3,-0.47043,0.38613,0.20241
16.244,-0.388,-0.011,1.946,3.01,-0.47042,0.38612,0.20242
16.294,-0.388,-0.011,1.946,3.02,-0.4704,0.38613,0.2024
16.349,-0.388,-0.011,1.946,3.03,-0.47043,0.38612,0.20241
16.399,-0.388,-0.011,1.946,3.04,-0.47042,0.38612,0.20242
16.454,-0.388,-0.011,1.946,3.05,-0.47039,0.38606,0.2025
16.504,-0.388,-0.011,1.946,3.06,-0.47042,0.38613,0.20243
16.559,-0.408,-0.028,1.937,3.07,-0.47044,0.38614,0.20243
16.614,-0.408,-0.028,1.937,3.08,-0.47043,0.38612,0.20241
16.664,-0.408,-0.028,1.937,3.09,-0.47043,0.38612,0.20241
16.719,-0.408,-0.028,1.937,3.1,-0.47041,0.38606,0.20249
16.769,-0.408,-0.028,1.937,3.11,-0.47039,0.38607,0.2025
16.824,-0.422,-0.047,1.945,3.12,-0.4704,0.38605,0.20249
16.874,-0.422,-0.047,1.945,3.13,-0.47039,0.38605,0.2025
16.929,-0.422,-0.047,1.945,3.14,-0.4704,0.38606,0.20249
16.979,-0.422,-0.047,1.945,3.15,-0.47042,0.38613,0.20241
17.034,-0.422,-0.047,1.945,3.16,-0.47044,0.38613,0.20242
17.084,-0.443,-0.07,1.994,3.17,-0.47045,0.38613,0.20242
17.139,-0.443,-0.07,1.994,3.18,-0.47041,0.38607,0.2025
17.189,-0.443,-0.07,1.994,3.19,-0.47043,0.38614,0.20242
17.244,-0.443,-0.07,1.994,3.2,-0.47042,0.38614,0.20241
17.294,-0.443,-0.07,1.994,3.21,-0.47042,0.38613,0.20243
17.349,-0.443,-0.07,1.994,3.22,-0.47043,0.38613,0.20241
17.399,-0.454,-0.091,2.007,3.23,-0.47043,0.38614,0.20241
17.454,-0.454,-0.091,2.007,3.24,-0.47044,0.38614,0.2024
17.504,-0.454,-0.091,2.007,3.25,-0.47038,0.38605,0.20249
17.559,-0.454,-0.091,2.007,3.26,-0.47038,0.38606,0.20249
17.614,-0.454,-0.091,2.007,3.27,-0.47043,0.38612,0.20241
17.664,-0.445,-0.103,1.983,3.28,-0.47042,0.38614,0.20241
17.719,-0.445,-0.103,1.983,3.29,-0.47041,0.38613,0.20241
17.769,-0.445,-0.103,1.983,3.3,-0.47038,0.38606,0.20249
17.824,-0.445,-0.103,1.983,3.31,-0.47038,0.38606,0.2025
17.874,-0.445,-0.103,1.983,3.32,-0.47042,0.38613,0.20241
17.929,-0.445,-0.103,1.983,3.33,-0.47042,0.38614,0.20242
17.979,-0.438,-0.103,2.017,3.34,-0.47041,0.38613,0.20243
18.034,-0.438,-0.103,2.017,3.35,-0.47043,0.38612,0.20242
18.084,-0.438,-0.103,2.017,3.36,-0.47039,0.38606,0.20251
18.139,-0.438,-0.103,2.017,3.37,-0.47044,0.38614,0.20242
18.189,-0.438,-0.103,2.017,3.38,-0.47043,0.38613,0.20242
18.244,-0.42,-0.076,1.961,3.39,-0.47041,0.38612,0.20241
18.294,-0.42,-0.076,1.961,3.4,-0.47039,0.38605,0.20249
18.349,-0.42,-0.076,1.961,3.41,-0.47042,0.38612,0.20241
18.399,-0.42,-0.076,1.961,3.42,-0.4704,0.38605,0.20251
18.454,-0.42,-0.076,1.961,3.43,-0.47042,0.38613,0.20242
18.504,-0.42,-0.076,1.961,3.44,-0.47042,0.38614,0.20242
18.559,-0.39,-0.043,1.934,3.45,-0.47043,0.38612,0.20241
18.615,-0.39,-0.043,1.934,3.46,-0.4704,0.38606,0.2025
18.664,-0.39,-0.043,1.934,3.47,-0.47041,0.38614,0.2024
18.719,-0.39,-0.043,1.934,3.48,-0.47037,0.38607,0.20249
18.769,-0.39,-0.043,1.934,3.49,-0.47043,0.38614,0.20241
18.824,-0.376,-0.005,1.964,3.5,-0.47042,0.38613,0.20241
18.874,-0.376,-0.005,1.964,3.51,-0.47044,0.38613,0.20242
18.929,-0.376,-0.005,1.964,3.52,-0.47041,0.38614,0.20241
18.979,-0.376,-0.005,1.964,3.53,-0.47039,0.38607,0.20249
19.034,-0.376,-0.005,1.964,3.54,-0.47043,0.38612,0.20241
19.084,-0.376,-0.005,1.964,3.55,-0.47042,0.38612,0.2024
19.139,-0.32,0.051,1.9,3.56,-0.47042,0.38613,0.20239
19.189,-0.32,0.051,1.9,3.57,-0.47043,0.38614,0.20241
19.244,-0.32,0.051,1.9,3.58,-0.47042,0.38613,0.20242
19.294,-0.32,0.051,1.9,3.59,-0.47042,0.38612,0.20241
19.35,-0.32,0.051,1.9,3.6,-0.47043,0.38614,0.20241
19.399,-0.244,0.113,1.893,3.61,-0.47042,0.38615,0.20241
19.455,-0.244,0.113,1.893,3.62,-0.47043,0.38612,0.20242
19.505,-0.244,0.113,1.893,3.63,-0.47042,0.38613,0.20242
19.56,-0.244,0.113,1.893,3.64,-0.4704,0.38607,0.2025
19.615,-0.244,0.113,1.893,3.65,-0.4704,0.38614,0.20241
19.665,-0.244,0.113,1.893,3.66,-0.47039,0.38606,0.2025
19.72,-0.142,0.19,1.914,3.67,-0.47043,0.38613,0.20241
19.77,-0.142,0.19,1.914,3.68,-0.47041,0.38608,0.2025
19.825,-0.142,0.19,1.914,3.69,-0.47045,0.38613,0.20242
19.875,-0.142,0.19,1.914,3.7,-0.47042,0.38613,0.2024
19.93,-0.142,0.19,1.914,3.71,-0.47042,0.38614,0.20242
19.98,0.006,0.272,1.882,3.72,-0.4704,0.38606,0.2025
20.035,0.006,0.272,1.882,3.73,-0.47043,0.38613,0.20243
20.085,0.006,0.272,1.882,3.74,-0.4704,0.38607,0.2025
20.14,0.006,0.272,1.882,3.75,-0.47041,0.38613,0.20242
20.19,0.006,0.272,1.882,3.76,-0.47039,0.38607,0.20249
20.245,0.006,0.272,1.882,3.77,-0.47039,0.38606,0.20249
20.295,0.146,0.353,1.942,3.78,-0.47039,0.38607,0.20249
20.35,0.146,0.353,1.942,3.79,-0.47043,0.38614,0.20241
20.4,0.146,0.353,1.942,3.8,-0.47039,0.38606,0.20248
20.455,0.146,0.353,1.942,3.81,-0.47041,0.38607,0.20249
20.505,0.146,0.353,1.942,3.82,-0.47043,0.38613,0.20241
20.56,0.289,0.417,1.946,3.83,-0.4704,0.38608,0.20251
20.615,0.289,0.417,1.946,3.84,-0.47041,0.38612,0.20241
20.665,0.289,0.417,1.946,3.85,-0.47038,0.38606,0.20248
20.72,0.289,0.417,1.946,3.86,-0.47043,0.38614,0.2024
20.77,0.289,0.417,1.946,3.87,-0.4704,0.38605,0.20248
20.825,0.416,0.461,1.93,3.88,-0.47041,0.38613,0.20241
20.875,0.416,0.461,1.93,3.89,-0.4704,0.38608,0.20248
20.93,0.416,0.461,1.93,3.9,-0.47038,0.38607,0.20248
20.98,0.416,0.461,1.93,3.91,-0.47041,0.38613,0.20241
21.035,0.416,0.461,1.93,3.92,-0.47039,0.38606,0.20249
21.085,0.416,0.461,1.93,3.93,-0.47041,0.38611,0.20242
21.14,0.503,0.481,1.977,3.94,-0.47042,0.38612,0.2024
21.19,0.503,0.481,1.977,3.95,-0.4704,0.38612,0.20242
21.245,0.503,0.481,1.977,3.96,-0.47042,0.38613,0.20242
21.295,0.503,0.481,1.977,3.97,-0.47038,0.38607,0.20248
21.35,0.503,0.481,1.977,3.98,-0.47039,0.38605,0.2025
21.4,0.539,0.465,1.972,3.99,-0.47042,0.38612,0.20241
21.455,0.539,0.465,1.972,4,-0.47042,0.38613,0.2024
21.505,0.539,0.465,1.972,4.01,-0.47043,0.38614,0.20242
21.56,0.539,0.465,1.972,4.02,-0.47043,0.38613,0.20242
21.615,0.539,0.465,1.972,4.03,-0.47043,0.38613,0.2024
21.665,0.539,0.465,1.972,4.04,-0.47043,0.38612,0.20242
21.72,0.509,0.434,1.981,4.05,-0.47043,0.38613,0.20241
21.77,0.509,0.434,1.981,4.06,-0.47043,0.38612,0.20241
21.825,0.509,0.434,1.981,4.07,-0.47044,0.38613,0.20241
21.875,0.509,0.434,1.981,4.08,-0.47042,0.38612,0.20242
21.93,0.509,0.434,1.981,4.09,-0.47042,0.38613,0.20242
21.98,0.413,0.388,1.984,4.1,-0.4704,0.38605,0.20248
22.035,0.413,0.388,1.984,4.11,-0.47042,0.38613,0.20241
22.085,0.413,0.388,1.984,4.12,-0.47042,0.38613,0.20242
22.14,0.413,0.388,1.984,4.13,-0.47041,0.38614,0.20241
22.19,0.413,0.388,1.984,4.14,-0.47042,0.38613,0.20241
22.245,0.413,0.388,1.984,4.15,-0.47043,0.38614,0.20241
22.295,0.278,0.342,1.966,4.16,-0.47041,0.38613,0.20241
22.35,0.278,0.342,1.966,4.17,-0.47041,0.38613,0.20241
22.4,0.278,0.342,1.966,4.18,-0.47043,0.38614,0.20241
22.455,0.278,0.342,1.966,4.19,-0.4704,0.38607,0.20249
22.505,0.278,0.342,1.966,4.2,-0.47042,0.38613,0.20241
22.56,0.134,0.313,1.941,4.21,-0.47042,0.38614,0.20241
22.616,0.134,0.313,1.941,4.22,-0.47043,0.38614,0.20241
22.665,0.134,0.313,1.941,4.23,-0.47043,0.38613,0.2024
22.72,0.134,0.313,1.941,4.24,-0.47043,0.38613,0.20242
22.77,0.134,0.313,1.941,4.25,-0.47038,0.38606,0.20249
22.825,0.134,0.313,1.941,4.26,-0.47043,0.38614,0.20241
22.875,0.009,0.292,1.962,4.27,-0.47042,0.38613,0.20241
22.93,0.009,0.292,1.962,4.28,-0.47039,0.38607,0.20248
22.98,0.009,0.292,1.962,4.29,-0.47042,0.38612,0.20241
23.035,0.009,0.292,1.962,4.3,-0.47041,0.38613,0.20241
23.085,0.009,0.292,1.962,4.31,-0.47043,0.38614,0.20242
23.14,-0.074,0.297,1.995,4.32,-0.47042,0.38615,0.20241
23.19,-0.074,0.297,1.995,4.33,-0.47041,0.38614,0.2024
23.245,-0.074,0.297,1.995,4.34,-0.47041,0.38606,0.20249
23.295,-0.074,0.297,1.995,4.35,-0.47042,0.38612,0.20242
23.35,-0.074,0.297,1.995,4.36,-0.47043,0.38614,0.20241
23.4,-0.074,0.297,1.995,4.37,-0.47042,0.38614,0.20241
23.455,-0.11,0.315,2.004,4.38,-0.47038,0.38607,0.20249
23.505,-0.11,0.315,2.004,4.39,-0.47044,0.38613,0.20241
23.56,-0.11,0.315,2.004,4.4,-0.47044,0.38615,0.20241
23.616,-0.11,0.315,2.004,4.41,-0.47039,0.38608,0.20248
23.666,-0.11,0.315,2.004,4.42,-0.47042,0.38614,0.20241
23.721,-0.102,0.355,2.014,4.43,-0.47038,0.38606,0.2025
23.771,-0.102,0.355,2.014,4.44,-0.47043,0.38614,0.2024
23.826,-0.102,0.355,2.014,4.45,-0.4704,0.38607,0.2025
23.876,-0.102,0.355,2.014,4.46,-0.47042,0.38613,0.20241
23.931,-0.102,0.355,2.014,4.47,-0.47043,0.38613,0.20242
23.981,-0.102,0.355,2.014,4.48,-0.47044,0.38614,0.2024
24.036,-0.039,0.423,2.025,4.49,-0.47039,0.38607,0.2025
24.086,-0.039,0.423,2.025,4.5,-0.47044,0.38614,0.20241
24.141,-0.039,0.423,2.025,4.51,-0.47041,0.38614,0.20241
24.191,-0.039,0.423,2.025,4.52,-0.47041,0.38613,0.2024
24.246,-0.039,0.423,2.025,4.53,-0.47037,0.38607,0.20249
24.296,0.085,0.51,1.942,4.54,-0.47042,0.38613,0.2024
24.351,0.085,0.51,1.942,4.55,-0.47041,0.38612,0.20241
24.401,0.085,0.51,1.942,4.56,-0.47042,0.38613,0.20239
24.456,0.085,0.51,1.942,4.57,-0.47042,0.38612,0.20241
24.506,0.085,0.51,1.942,4.58,-0.47042,0.38613,0.20241
24.561,0.085,0.51,1.942,4.59,-0.47043,0.38613,0.20242
24.616,0.209,0.628,1.912,4.6,-0.47043,0.38613,0.20241
24.666,0.209,0.628,1.912,4.61,-0.47044,0.38613,0.20241
24.721,0.209,0.628,1.912,4.62,-0.47038,0.38608,0.20249
24.771,0.209,0.628,1.912,4.63,-0.47042,0.38614,0.20241
24.826,0.209,0.628,1.912,4.64,-0.47039,0.38606,0.2025
24.876,0.348,0.752,1.876,4.65,-0.47041,0.38613,0.20241
24.931,0.348,0.752,1.876,4.66,-0.47039,0.38607,0.2025
24.981,0.348,0.752,1.876,4.67,-0.4704,0.38607,0.20248
25.036,0.348,0.752,1.876,4.68,-0.47039,0.38608,0.20249
25.086,0.348,0.752,1.876,4.69,-0.47043,0.38613,0.20241
25.141,0.348,0.752,1.876,4.7,-0.47042,0.38612,0.2024
25.191,0.451,0.852,1.842,4.71,-0.47045,0.38614,0.20241
25.246,0.451,0.852,1.842,4.72,-0.47039,0.38607,0.20249
25.296,0.451,0.852,1.842,4.73,-0.47044,0.38612,0.20243
25.351,0.451,0.852,1.842,4.74,-0.47043,0.38612,0.2024
25.401,0.451,0.852,1.842,4.75,-0.47045,0.38614,0.2024
25.456,0.476,0.908,1.9,4.76,-0.47043,0.38613,0.2024
25.506,0.476,0.908,1.9,4.77,-0.4704,0.38608,0.20248
25.561,0.476,0.908,1.9,4.78,-0.47038,0.38605,0.20249
25.615,0.476,0.908,1.9,4.79,-0.47044,0.38613,0.2024
25.666,0.476,0.908,1.9,4.8,-0.47043,0.38613,0.2024
25.721,0.452,0.91,1.925,4.81,-0.47043,0.38614,0.20242
25.771,0.452,0.91,1.925,4.82,-0.47039,0.38607,0.20248
25.826,0.452,0.91,1.925,4.83,-0.47044,0.38611,0.20242
25.876,0.452,0.91,1.925,4.84,-0.47043,0.38613,0.20239
25.931,0.452,0.91,1.925,4.85,-0.47041,0.38612,0.20241
25.981,0.452,0.91,1.925,4.86,-0.4704,0.38612,0.20241
26.036,0.452,0.91,1.925,4.87,-0.47042,0.38612,0.2024
26.086,0.452,0.91,1.925,4.88,-0.47037,0.38607,0.20247
26.141,0.452,0.91,1.925,4.89,-0.47042,0.38612,0.20241
26.191,0.452,0.91,1.925,4.9,-0.47041,0.38613,0.20241
26.246,0.452,0.91,1.925,4.91,-0.47042,0.38613,0.20241
26.296,0.452,0.91,1.925,4.92,-0.47041,0.38615,0.2024
26.351,0.452,0.91,1.925,4.93,-0.47043,0.38613,0.20241
26.401,0.452,0.91,1.925,4.94,-0.47042,0.38612,0.20241
26.456,0.452,0.91,1.925,4.95,-0.4704,0.38607,0.20249
26.506,0.452,0.91,1.925,4.96,-0.4704,0.38608,0.20249
26.561,0.452,0.91,1.925,4.97,-0.47043,0.38611,0.20242
26.616,0.124,0.815,1.948,4.98,-0.47044,0.38613,0.20241
26.666,0.124,0.815,1.948,4.99,-0.47039,0.38607,0.20249
26.721,0.124,0.815,1.948,5,-0.47044,0.38613,0.20242
26.771,0.124,0.815,1.948,5.01,-0.47039,0.38606,0.20249
26.826,0.124,0.815,1.948,5.02,-0.47042,0.38612,0.20242
26.876,-0.108,0.784,1.939,5.03,-0.47039,0.38606,0.2025
26.931,-0.108,0.784,1.939,5.04,-0.47039,0.38606,0.20249
26.981,-0.108,0.784,1.939,5.05,-0.47042,0.38611,0.20241
27.036,-0.108,0.784,1.939,5.06,-0.47043,0.38613,0.20242
27.086,-0.108,0.784,1.939,5.07,-0.47043,0.38614,0.20241
27.141,-0.108,0.784,1.939,5.08,-0.4704,0.38613,0.20242
27.191,-0.335,0.784,1.921,5.09,-0.47045,0.38613,0.2024
27.246,-0.335,0.784,1.921,5.1,-0.47041,0.38614,0.2024
27.296,-0.335,0.784,1.921,5.11,-0.47041,0.38613,0.2024
27.351,-0.335,0.784,1.921,5.12,-0.47041,0.38612,0.20241
27.401,-0.335,0.784,1.921,5.13,-0.47041,0.38601,0.2025
27.456,-0.526,0.81,1.88,5.14,-0.47038,0.38609,0.20249
27.506,-0.526,0.81,1.88,5.15,-0.47041,0.38614,0.20241
27.561,-0.526,0.81,1.88,5.16,-0.47041,0.38612,0.2024
27.616,-0.526,0.81,1.88,5.17,-0.47039,0.38606,0.20249
27.666,-0.526,0.81,1.88,5.18,-0.47037,0.38606,0.20249
27.721,-0.526,0.81,1.88,5.19,-0.47039,0.38603,0.20249
27.771,-0.63,0.841,1.86,5.2,-0.47041,0.38612,0.20241
27.821,-0.63,0.841,1.86,5.21,-0.47042,0.38613,0.20242
27.872,-0.63,0.841,1.86,5.22,-0.47038,0.38607,0.20248
27.927,-0.63,0.841,1.86,5.23,-0.47042,0.38612,0.20242
27.977,-0.63,0.841,1.86,5.24,-0.47043,0.38614,0.20242
28.027,-0.68,0.864,1.843,5.25,-0.47042,0.38613,0.20241
28.077,-0.68,0.864,1.843,5.26,-0.47041,0.38615,0.20241
28.127,-0.68,0.864,1.843,5.27,-0.47042,0.38612,0.20242
28.177,-0.68,0.864,1.843,5.28,-0.47039,0.38608,0.20249
28.227,-0.68,0.864,1.843,5.29,-0.4704,0.38613,0.20241
28.277,-0.68,0.864,1.843,5.3,-0.47042,0.38613,0.20242
28.327,-0.652,0.878,1.806,5.31,-0.47041,0.38614,0.20242
28.377,-0.652,0.878,1.806,5.32,-0.4704,0.38606,0.20251
28.427,-0.652,0.878,1.806,5.33,-0.47037,0.38609,0.2025
28.477,-0.652,0.878,1.806,5.34,-0.47038,0.38607,0.2025
28.527,-0.652,0.878,1.806,5.35,-0.47037,0.38614,0.2024
28.577,-0.652,0.878,1.806,5.36,-0.47042,0.38612,0.20239
28.627,-0.557,0.878,1.785,5.37,-0.47042,0.38615,0.20241
28.677,-0.557,0.878,1.785,5.38,-0.47042,0.38613,0.20242
28.727,-0.557,0.878,1.785,5.39,-0.47042,0.38613,0.20239
28.777,-0.557,0.878,1.785,5.4,-0.47042,0.38613,0.20241
28.827,-0.557,0.878,1.785,5.41,-0.47042,0.38613,0.20241
28.877,-0.557,0.878,1.785,5.42,-0.47041,0.38614,0.2024
28.927,-0.557,0.878,1.785,5.43,-0.47039,0.38612,0.20241
28.977,-0.557,0.878,1.785,5.44,-0.47042,0.38616,0.20241
29.027,-0.557,0.878,1.785,5.45,-0.47043,0.38613,0.2024
29.077,-0.557,0.878,1.785,5.46,-0.47041,0.38611,0.20241
29.127,-0.557,0.878,1.785,5.47,-0.47042,0.3861,0.20241
29.177,-0.359,0.865,1.821,5.48,-0.47044,0.38612,0.20241
29.227,-0.359,0.865,1.821,5.49,-0.47041,0.38616,0.20242
29.277,-0.359,0.865,1.821,5.5,-0.47042,0.38611,0.20241
29.327,-0.359,0.865,1.821,5.51,-0.47041,0.38613,0.20241
29.377,-0.359,0.865,1.821,5.52,-0.4704,0.38614,0.20241
29.427,-0.359,0.865,1.821,5.53,-0.47042,0.38612,0.20241
29.477,-0.359,0.865,1.821,5.54,-0.47042,0.38612,0.20242
29.527,-0.359,0.865,1.821,5.55,-0.47041,0.38617,0.20241
29.577,-0.359,0.865,1.821,5.56,-0.47038,0.38604,0.20247
29.627,-0.359,0.865,1.821,5.57,-0.47041,0.38611,0.20242
29.677,-0.359,0.865,1.821,5.58,-0.47041,0.38615,0.2024
29.727,-0.359,0.865,1.821,5.59,-0.47044,0.38614,0.20242
29.777,-0.359,0.865,1.821,5.6,-0.47043,0.38613,0.20241
29.827,-0.359,0.865,1.821,5.61,-0.47039,0.38607,0.2025
29.877,-0.359,0.865,1.821,5.62,-0.47042,0.3861,0.20244
29.927,-0.359,0.865,1.821,5.63,-0.4704,0.3861,0.2024
29.977,-0.359,0.865,1.821,5.64,-0.47043,0.38615,0.20244
30.027,-0.359,0.865,1.821,5.65,-0.47042,0.38615,0.20242
30.077,-0.062,0.826,1.771,5.66,-0.4704,0.38613,0.2024
30.127,-0.062,0.826,1.771,5.67,-0.4704,0.38616,0.20241
30.177,-0.062,0.826,1.771,5.68,-0.47038,0.38602,0.2025
30.227,-0.062,0.826,1.771,5.69,-0.47042,0.38613,0.20242
30.277,-0.062,0.826,1.771,5.7,-0.47038,0.38606,0.20247
30.327,0.244,0.766,1.804,5.71,-0.47036,0.3861,0.20248
30.377,0.244,0.766,1.804,5.72,-0.4704,0.38615,0.2024
30.427,0.244,0.766,1.804,5.73,-0.4704,0.3861,0.20241
30.477,0.244,0.766,1.804,5.74,-0.47042,0.38611,0.2024
30.527,0.244,0.766,1.804,5.75,-0.47042,0.38613,0.20242
30.577,0.244,0.766,1.804,5.76,-0.47042,0.38614,0.20242
30.627,0.527,0.679,1.809,5.77,-0.47039,0.38616,0.20241
30.677,0.527,0.679,1.809,5.78,-0.47039,0.38615,0.20241
30.727,0.527,0.679,1.809,5.79,-0.4704,0.38611,0.20241
30.777,0.527,0.679,1.809,5.8,-0.47039,0.38612,0.20241
30.827,0.527,0.679,1.809,5.81,-0.47042,0.38614,0.20241
30.877,0.527,0.679,1.809,5.82,-0.47039,0.38617,0.20242
30.927,0.716,0.561,1.758,5.83,-0.47036,0.38616,0.20239
30.977,0.716,0.561,1.758,5.84,-0.47041,0.38614,0.2024
31.027,0.716,0.561,1.758,5.85,-0.47037,0.38614,0.20241
31.077,0.716,0.561,1.758,5.86,-0.47039,0.38612,0.20239
31.127,0.716,0.561,1.758,5.87,-0.47041,0.38614,0.20241
31.177,0.716,0.561,1.758,5.88,-0.47037,0.38608,0.20248
31.227,0.796,0.429,1.816,5.89,-0.47034,0.3861,0.20249
31.277,0.796,0.429,1.816,5.9,-0.47037,0.38614,0.20242
31.327,0.796,0.429,1.816,5.91,-0.47043,0.38612,0.20242
31.377,0.796,0.429,1.816,5.92,-0.47032,0.38608,0.2025
31.427,0.796,0.429,1.816,5.93,-0.47038,0.38612,0.2024
31.477,0.81,0.277,1.781,5.94,-0.47039,0.38615,0.20241
31.527,0.81,0.277,1.781,5.95,-0.47037,0.38615,0.20242
31.577,0.81,0.277,1.781,5.96,-0.47036,0.38618,0.20242
31.627,0.81,0.277,1.781,5.97,-0.47037,0.38608,0.20248
31.677,0.81,0.277,1.781,5.98,-0.47039,0.38614,0.20238
31.727,0.81,0.277,1.781,5.99,-0.47036,0.38611,0.2024
31.777,0.808,0.114,1.822,6,-0.47038,0.38614,0.2024
31.827,0.808,0.114,1.822,6.01,-0.47042,0.38612,0.20238
31.877,0.808,0.114,1.822,6.02,-0.4704,0.3861,0.2024
31.927,0.808,0.114,1.822,6.03,-0.47035,0.38613,0.20241
31.977,0.808,0.114,1.822,6.04,-0.47035,0.38614,0.20238
32.027,0.808,0.114,1.822,6.05,-0.47041,0.38612,0.2024
32.077,0.786,-0.038,1.865,6.06,-0.47044,0.38609,0.20239
32.127,0.786,-0.038,1.865,6.07,-0.47037,0.38616,0.20241
32.177,0.786,-0.038,1.865,6.08,-0.47032,0.38611,0.20247
32.227,0.786,-0.038,1.865,6.09,-0.47036,0.38611,0.20241
32.277,0.786,-0.038,1.865,6.1,-0.47045,0.3861,0.2024
32.328,0.786,-0.038,1.865,6.11,-0.4704,0.38612,0.2024
32.378,0.743,-0.184,1.864,6.12,-0.47035,0.38609,0.20237
32.428,0.743,-0.184,1.864,6.13,-0.47035,0.38605,0.20246
32.478,0.743,-0.184,1.864,6.14,-0.47043,0.38613,0.2024
32.528,0.743,-0.184,1.864,6.15,-0.47042,0.38607,0.20238
32.578,0.743,-0.184,1.864,6.16,-0.47046,0.38611,0.20238
32.628,0.682,-0.315,1.909,6.17,-0.47038,0.38614,0.20239
32.678,0.682,-0.315,1.909,6.18,-0.47038,0.38611,0.20239
32.728,0.682,-0.315,1.909,6.19,-0.47041,0.38612,0.20238
32.778,0.682,-0.315,1.909,6.2,-0.47047,0.38609,0.20239
32.828,0.682,-0.315,1.909,6.21,-0.47042,0.38601,0.20245
32.878,0.682,-0.315,1.909,6.22,-0.47035,0.38603,0.20246
32.928,0.594,-0.419,1.913,6.23,-0.47039,0.38607,0.20247
32.978,0.594,-0.419,1.913,6.24,-0.47039,0.38608,0.20248
33.028,0.594,-0.419,1.913,6.25,-0.47039,0.38605,0.20245
33.078,0.594,-0.419,1.913,6.26,-0.47042,0.38604,0.20244
33.128,0.594,-0.419,1.913,6.27,-0.47046,0.38606,0.20245
33.178,0.594,-0.419,1.913,6.28,-0.47044,0.38611,0.20238
33.233,0.505,-0.489,1.914,6.29,-0.47039,0.38605,0.20248
33.283,0.505,-0.489,1.914,6.3,-0.47041,0.38614,0.20239
33.338,0.505,-0.489,1.914,6.31,-0.47044,0.38611,0.20239
33.388,0.505,-0.489,1.914,6.32,-0.47049,0.38606,0.20237
33.443,0.505,-0.489,1.914,6.33,-0.47044,0.38609,0.20237
33.493,0.423,-0.528,1.936,6.34,-0.47043,0.38608,0.20236
33.548,0.423,-0.528,1.936,6.35,-0.47043,0.38614,0.20235
33.598,0.423,-0.528,1.936,6.36,-0.47047,0.38615,0.20234
33.653,0.423,-0.528,1.936,6.37,-0.47042,0.38615,0.20235
33.703,0.423,-0.528,1.936,6.38,-0.47039,0.38625,0.20237
33.758,0.423,-0.528,1.936,6.39,-0.47033,0.3863,0.20239
33.813,0.358,-0.55,1.954,6.4,-0.47035,0.38625,0.20238
33.863,0.358,-0.55,1.954,6.41,-0.4704,0.3863,0.20235
33.918,0.358,-0.55,1.954,6.42,-0.47043,0.38639,0.20234
33.968,0.358,-0.55,1.954,6.43,-0.47039,0.38639,0.20233
34.023,0.358,-0.55,1.954,6.44,-0.47032,0.38638,0.20235
34.073,0.311,-0.57,1.967,6.45,-0.47028,0.38645,0.20236
34.128,0.311,-0.57,1.967,6.46,-0.47025,0.38644,0.20235
34.178,0.311,-0.57,1.967,6.47,-0.47027,0.38635,0.20235
34.233,0.311,-0.57,1.967,6.48,-0.47026,0.38637,0.20242
34.283,0.311,-0.57,1.967,6.49,-0.47017,0.38648,0.20243
34.338,0.311,-0.57,1.967,6.5,-0.47015,0.38645,0.20235
34.388,0.275,-0.602,1.979,6.51,-0.47016,0.38643,0.20244
34.443,0.275,-0.602,1.979,6.52,-0.47024,0.38661,0.20235
34.493,0.275,-0.602,1.979,6.53,-0.47027,0.38658,0.20234
34.548,0.275,-0.602,1.979,6.54,-0.47026,0.38661,0.20233
34.598,0.275,-0.602,1.979,6.55,-0.4702,0.38664,0.20231
34.653,0.246,-0.651,1.987,6.56,-0.47012,0.38659,0.20231
34.703,0.246,-0.651,1.987,6.57,-0.47011,0.38666,0.20234
34.758,0.246,-0.651,1.987,6.58,-0.47016,0.38669,0.20234
34.813,0.246,-0.651,1.987,6.59,-0.47023,0.38664,0.20233
34.863,0.246,-0.651,1.987,6.6,-0.47022,0.38657,0.20239
34.918,0.246,-0.651,1.987,6.61,-0.47022,0.3866,0.20234
34.968,0.246,-0.651,1.987,6.62,-0.47019,0.38657,0.20232
35.023,0.246,-0.651,1.987,6.63,-0.47031,0.38655,0.20235
35.073,0.246,-0.651,1.987,6.64,-0.47041,0.38649,0.20239
35.128,0.246,-0.651,1.987,6.65,-0.47039,0.38632,0.20238
35.178,0.246,-0.651,1.987,6.66,-0.47041,0.38628,0.20244
35.233,0.227,-0.714,1.972,6.67,-0.4705,0.38637,0.20257
35.283,0.227,-0.714,1.972,6.68,-0.47052,0.38627,0.20255
35.338,0.227,-0.714,1.972,6.69,-0.47057,0.38608,0.20269
35.388,0.227,-0.714,1.972,6.7,-0.47071,0.38603,0.20271
35.443,0.227,-0.714,1.972,6.71,-0.47085,0.38611,0.20264
35.493,0.227,-0.714,1.972,6.72,-0.47078,0.38596,0.20271
35.548,0.227,-0.714,1.972,6.73,-0.4709,0.38607,0.20264
35.598,0.227,-0.714,1.972,6.74,-0.47094,0.38603,0.20272
35.653,0.227,-0.714,1.972,6.75,-0.47093,0.38605,0.20264
35.703,0.227,-0.714,1.972,6.76,-0.47087,0.38607,0.20262
35.758,0.227,-0.714,1.972,6.77,-0.47088,0.38612,0.20253
35.814,0.218,-0.782,1.944,6.78,-0.47086,0.38612,0.20263
35.863,0.218,-0.782,1.944,6.79,-0.47084,0.38618,0.20248
35.918,0.218,-0.782,1.944,6.8,-0.47086,0.3862,0.20246
35.968,0.218,-0.782,1.944,6.81,-0.47094,0.38623,0.20255
36.023,0.218,-0.782,1.944,6.82,-0.47089,0.38627,0.2026
36.073,0.218,-0.782,1.944,6.83,-0.47082,0.38615,0.20262
36.128,0.217,-0.855,1.903,6.84,-0.47083,0.38612,0.20278
36.178,0.217,-0.855,1.903,6.85,-0.47086,0.38609,0.203
36.233,0.217,-0.855,1.903,6.86,-0.4708,0.38598,0.20312
36.283,0.217,-0.855,1.903,6.87,-0.47081,0.38587,0.20328
36.338,0.217,-0.855,1.903,6.88,-0.4708,0.38588,0.2034
36.388,0.217,-0.855,1.903,6.89,-0.47083,0.38581,0.20351
36.443,0.217,-0.855,1.903,6.9,-0.47083,0.38575,0.20363
36.493,0.217,-0.855,1.903,6.91,-0.47093,0.38569,0.20371
36.548,0.217,-0.855,1.903,6.92,-0.47101,0.38565,0.20377
36.598,0.217,-0.855,1.903,6.93,-0.47114,0.38563,0.2038
36.654,0.212,-0.91,1.857,6.94,-0.47126,0.38563,0.20383
36.704,0.212,-0.91,1.857,6.95,-0.47137,0.38554,0.20387
36.759,0.212,-0.91,1.857,6.96,-0.4715,0.3855,0.20387
36.814,0.212,-0.91,1.857,6.97,-0.47171,0.38552,0.2039
36.864,0.212,-0.91,1.857,6.98,-0.47186,0.38544,0.2039
36.919,0.212,-0.91,1.857,6.99,-0.47202,0.38541,0.20399
36.969,0.185,-0.925,1.861,7,-0.47228,0.3855,0.20397
37.024,0.185,-0.925,1.861,7.01,-0.47249,0.38546,0.20383
37.074,0.185,-0.925,1.861,7.02,-0.47274,0.38543,0.20374
37.129,0.185,-0.925,1.861,7.03,-0.47303,0.38566,0.20384
37.179,0.185,-0.925,1.861,7.04,-0.47313,0.38568,0.20394
37.234,0.185,-0.925,1.861,7.05,-0.47339,0.38569,0.20405
37.284,0.185,-0.925,1.861,7.06,-0.4736,0.38599,0.20409
37.339,0.185,-0.925,1.861,7.07,-0.47372,0.38602,0.20434
37.389,0.185,-0.925,1.861,7.08,-0.47387,0.38605,0.20446
37.444,0.185,-0.925,1.861,7.09,-0.47411,0.38621,0.20463
37.494,0.185,-0.925,1.861,7.1,-0.4743,0.38631,0.20473
37.549,0.138,-0.912,1.876,7.11,-0.47453,0.38626,0.20485
37.599,0.138,-0.912,1.876,7.12,-0.47489,0.38622,0.205
37.654,0.138,-0.912,1.876,7.13,-0.47521,0.38624,0.20517
37.704,0.138,-0.912,1.876,7.14,-0.47466,0.38571,0.20611
37.759,0.138,-0.912,1.876,7.15,-0.47483,0.38548,0.20633
37.814,0.085,-0.862,1.902,7.16,-0.47643,0.38592,0.20631
37.864,0.085,-0.862,1.902,7.17,-0.47703,0.38601,0.20637
37.919,0.085,-0.862,1.902,7.18,-0.47817,0.38588,0.20606
37.969,0.085,-0.862,1.902,7.19,-0.47864,0.38584,0.20612
38.024,0.085,-0.862,1.902,7.2,-0.47929,0.38591,0.20617
38.074,0.085,-0.862,1.902,7.21,-0.47978,0.38595,0.20626
38.129,0.037,-0.779,1.966,7.22,-0.47985,0.38588,0.20672
38.179,0.037,-0.779,1.966,7.23,-0.4804,0.38603,0.2069
38.234,0.037,-0.779,1.966,7.24,-0.48102,0.38612,0.20687
38.284,0.037,-0.779,1.966,7.25,-0.48197,0.38615,0.20679
38.339,0.037,-0.779,1.966,7.26,-0.48243,0.38632,0.20709
38.389,0.012,-0.679,1.969,7.27,-0.48321,0.38641,0.2071
38.444,0.012,-0.679,1.969,7.28,-0.48371,0.38634,0.20743
38.494,0.012,-0.679,1.969,7.29,-0.48459,0.38645,0.20776
38.549,0.012,-0.679,1.969,7.3,-0.48531,0.3865,0.20803
38.599,0.012,-0.679,1.969,7.31,-0.486,0.38632,0.2083
38.654,0.012,-0.679,1.969,7.32,-0.48678,0.38627,0.2086
38.704,-0.009,-0.547,1.977,7.33,-0.48756,0.38621,0.20903
38.759,-0.009,-0.547,1.977,7.34,-0.48866,0.386,0.20973
38.814,-0.009,-0.547,1.977,7.35,-0.48963,0.3859,0.21014
38.864,-0.009,-0.547,1.977,7.36,-0.49065,0.38582,0.21051
38.919,-0.009,-0.547,1.977,7.37,-0.49164,0.38559,0.21084
38.969,-0.009,-0.547,1.977,7.38,-0.49191,0.38515,0.2117
39.024,-0.009,-0.547,1.977,7.39,-0.49459,0.38548,0.21151
39.074,-0.009,-0.547,1.977,7.4,-0.49423,0.38488,0.21265
39.129,-0.009,-0.547,1.977,7.41,-0.49649,0.3849,0.21221
39.179,-0.009,-0.547,1.977,7.42,-0.49785,0.38438,0.21344
39.234,-0.009,-0.547,1.977,7.43,-0.49876,0.38412,0.21405
39.284,-0.061,-0.346,2.007,7.44,-0.50053,0.38393,0.21485
39.339,-0.061,-0.346,2.007,7.45,-0.50181,0.38371,0.21546
39.389,-0.061,-0.346,2.007,7.46,-0.50301,0.38348,0.21609
39.444,-0.061,-0.346,2.007,7.47,-0.50426,0.38322,0.21674
39.494,-0.061,-0.346,2.007,7.48,-0.50552,0.38298,0.21757
39.549,-0.061,-0.346,2.007,7.49,-0.50689,0.38277,0.2182
39.599,-0.061,-0.346,2.007,7.5,-0.50849,0.38261,0.21895
39.654,-0.061,-0.346,2.007,7.51,-0.50975,0.38233,0.21971
39.704,-0.061,-0.346,2.007,7.52,-0.51082,0.3821,0.22086
39.759,-0.061,-0.346,2.007,7.53,-0.51197,0.38186,0.22174
39.815,-0.061,-0.346,2.007,7.54,-0.51331,0.38135,0.22278
39.864,-0.061,-0.346,2.007,7.55,-0.51462,0.38093,0.22364
39.919,-0.061,-0.346,2.007,7.56,-0.51567,0.38066,0.2244
39.969,-0.061,-0.346,2.007,7.57,-0.51689,0.38039,0.2253
40.024,-0.061,-0.346,2.007,7.58,-0.51788,0.38,0.22619
40.074,-0.061,-0.346,2.007,7.59,-0.51941,0.37978,0.22734
40.129,-0.061,-0.346,2.007,7.6,-0.52037,0.37946,0.22827
40.179,-0.061,-0.346,2.007,7.61,-0.52075,0.37895,0.22949
40.234,-0.061,-0.346,2.007,7.62,-0.52302,0.37898,0.23017
40.284,-0.061,-0.346,2.007,7.63,-0.5245,0.37872,0.23108
40.339,-0.061,-0.346,2.007,7.64,-0.52573,0.37832,0.23198
40.389,-0.061,-0.346,2.007,7.65,-0.52703,0.37805,0.23274
40.444,-0.061,-0.346,2.007,7.66,-0.5284,0.37779,0.23374
40.494,-0.061,-0.346,2.007,7.67,-0.52964,0.3775,0.23452
40.549,-0.061,-0.346,2.007,7.68,-0.53017,0.37697,0.23562
40.599,-0.061,-0.346,2.007,7.69,-0.53214,0.37689,0.2366
40.654,-0.061,-0.346,2.007,7.7,-0.53361,0.3767,0.23741
40.704,-0.061,-0.346,2.007,7.71,-0.53466,0.37646,0.2382
40.759,-0.061,-0.346,2.007,7.72,-0.53588,0.37615,0.2391
40.815,-0.061,-0.346,2.007,7.73,-0.53718,0.37583,0.24005
40.864,-0.061,-0.346,2.007,7.74,-0.53847,0.37542,0.24092
40.92,-0.061,-0.346,2.007,7.75,-0.53967,0.37496,0.24168
40.97,-0.061,-0.346,2.007,7.76,-0.54102,0.37465,0.2425
41.025,-0.061,-0.346,2.007,7.77,-0.54256,0.37447,0.24353
41.074,-0.061,-0.346,2.007,7.78,-0.54368,0.37404,0.24416
41.129,-0.061,-0.346,2.007,7.79,-0.54492,0.37373,0.24502
41.18,-0.061,-0.346,2.007,7.8,-0.54618,0.3734,0.2461
41.235,-0.061,-0.346,2.007,7.81,-0.54661,0.37289,0.24694
41.285,-0.061,-0.346,2.007,7.82,-0.54836,0.37249,0.24769
41.34,-0.061,-0.346,2.007,7.83,-0.54958,0.37217,0.24845
41.39,-0.061,-0.346,2.007,7.84,-0.55065,0.3718,0.24913
41.445,-0.061,-0.346,2.007,7.85,-0.55164,0.37126,0.24982
41.495,-0.061,-0.346,2.007,7.86,-0.55275,0.3708,0.25064
41.55,-0.061,-0.346,2.007,7.87,-0.55371,0.37036,0.25146
41.6,-0.061,-0.346,2.007,7.88,-0.55461,0.36972,0.2523
41.655,-0.061,-0.346,2.007,7.89,-0.55607,0.36959,0.25264
41.705,-0.061,-0.346,2.007,7.9,-0.55721,0.36864,0.2538
41.76,-0.061,-0.346,2.007,7.91,-0.55824,0.36806,0.25449
41.815,-0.061,-0.346,2.007,7.92,-0.55924,0.36748,0.25509
41.865,-0.061,-0.346,2.007,7.93,-0.56,0.36684,0.25571
41.92,-0.061,-0.346,2.007,7.94,-0.5609,0.36627,0.25629
41.97,-0.061,-0.346,2.007,7.95,-0.56195,0.36568,0.25699
42.025,-0.061,-0.346,2.007,7.96,-0.56288,0.36513,0.25747
42.075,-0.061,-0.346,2.007,7.97,-0.56391,0.36437,0.25808
42.13,-0.095,0.215,1.948,7.98,-0.56435,0.3639,0.25859
42.18,-0.095,0.215,1.948,7.99,-0.56619,0.3635,0.25923
42.235,-0.095,0.215,1.948,8,-0.56727,0.36284,0.25973
42.285,-0.095,0.215,1.948,8.01,-0.56821,0.36217,0.26032
42.34,-0.095,0.215,1.948,8.02,-0.56912,0.36162,0.26086
42.39,-0.095,0.215,1.948,8.03,-0.57003,0.36101,0.26139
42.445,-0.095,0.215,1.948,8.04,-0.57088,0.36037,0.26196
42.495,-0.095,0.215,1.948,8.05,-0.57165,0.35976,0.26256
42.55,-0.095,0.215,1.948,8.06,-0.57214,0.35909,0.26313
42.6,-0.095,0.215,1.948,8.07,-0.57351,0.35844,0.26389
42.655,-0.095,0.215,1.948,8.08,-0.57443,0.35795,0.26445
42.705,-0.095,0.215,1.948,8.09,-0.57526,0.35742,0.26517
42.76,-0.095,0.215,1.948,8.1,-0.57599,0.3569,0.26585
42.815,-0.095,0.215,1.948,8.11,-0.57669,0.35637,0.26663
42.865,-0.095,0.215,1.948,8.12,-0.57749,0.35596,0.26754
42.92,-0.095,0.215,1.948,8.13,-0.57801,0.3555,0.26831
42.97,-0.095,0.215,1.948,8.14,-0.57861,0.35493,0.26919
43.025,-0.138,0.786,1.949,8.15,-0.57987,0.35454,0.2703
43.075,-0.138,0.786,1.949,8.16,-0.58055,0.35413,0.27132
43.13,-0.138,0.786,1.949,8.17,-0.58117,0.35362,0.27218
43.18,-0.138,0.786,1.949,8.18,-0.58157,0.35298,0.27322
43.235,-0.138,0.786,1.949,8.19,-0.58175,0.35243,0.27447
43.285,-0.167,1.317,1.895,8.2,-0.58223,0.35174,0.27578
43.34,-0.167,1.317,1.895,8.21,-0.58286,0.35122,0.27668
43.39,-0.167,1.317,1.895,8.22,-0.58395,0.35074,0.27794
43.445,-0.167,1.317,1.895,8.23,-0.58442,0.35002,0.27919
43.495,-0.167,1.317,1.895,8.24,-0.58497,0.34933,0.28037
43.55,-0.167,1.317,1.895,8.25,-0.58564,0.3487,0.28155
43.6,-0.164,1.764,1.824,8.26,-0.58599,0.34791,0.2828
43.655,-0.164,1.764,1.824,8.27,-0.5871,0.34702,0.28432
43.705,-0.164,1.764,1.824,8.28,-0.58757,0.34613,0.28555
43.76,-0.164,1.764,1.824,8.29,-0.5882,0.34552,0.28669
43.815,-0.164,1.764,1.824,8.3,-0.58871,0.34473,0.28777
43.865,-0.171,1.82,1.815,8.31,-0.58935,0.34395,0.28893
43.92,-0.171,1.82,1.815,8.32,-0.58979,0.34307,0.29021
43.97,-0.171,1.82,1.815,8.33,-0.59086,0.3423,0.29167
44.025,-0.171,1.82,1.815,8.34,-0.59142,0.34143,0.29282
44.075,-0.171,1.82,1.815,8.35,-0.59196,0.34059,0.29407
44.13,-0.171,1.82,1.815,8.36,-0.59258,0.33981,0.29519
44.18,-0.164,1.829,1.766,8.37,-0.59332,0.33916,0.29632
44.235,-0.164,1.829,1.766,8.38,-0.59367,0.33828,0.2975
44.285,-0.164,1.829,1.766,8.39,-0.59453,0.33731,0.29913
44.34,-0.164,1.829,1.766,8.4,-0.59521,0.33658,0.3003
44.39,-0.164,1.829,1.766,8.41,-0.59574,0.33568,0.30143
44.445,-0.164,1.834,1.769,8.42,-0.59632,0.33484,0.30274
44.495,-0.164,1.834,1.769,8.43,-0.59706,0.33411,0.30384
44.55,-0.164,1.834,1.769,8.44,-0.59728,0.33328,0.30512
44.6,-0.164,1.834,1.769,8.45,-0.59825,0.33233,0.3065
44.655,-0.164,1.834,1.769,8.46,-0.59874,0.33163,0.30767
44.705,-0.164,1.834,1.769,8.47,-0.59925,0.33093,0.30886
44.76,-0.205,1.77,1.566,8.48,-0.59957,0.33,0.31012
44.815,-0.205,1.77,1.566,8.49,-0.59978,0.32911,0.3113
44.865,-0.205,1.77,1.566,8.5,-0.60016,0.32839,0.31238
44.92,-0.205,1.77,1.566,8.51,-0.6005,0.32717,0.31393
44.97,-0.205,1.77,1.566,8.52,-0.60109,0.32629,0.31509
45.025,-0.205,1.77,1.566,8.53,-0.60113,0.32579,0.31594
45.075,-0.205,1.77,1.566,8.54,-0.60103,0.32491,0.31693
45.13,-0.205,1.77,1.566,8.55,-0.60217,0.32397,0.31836
45.18,-0.205,1.77,1.566,8.56,-0.60258,0.32307,0.31947
45.235,-0.205,1.77,1.566,8.57,-0.60279,0.32219,0.32046
45.286,-0.205,1.77,1.566,8.58,-0.60326,0.32124,0.32178
45.34,-0.28,1.595,1.573,8.59,-0.60345,0.32022,0.32292
45.39,-0.28,1.595,1.573,8.6,-0.60368,0.31935,0.324
45.441,-0.28,1.595,1.573,8.61,-0.604,0.31839,0.32502
45.491,-0.28,1.595,1.573,8.62,-0.60333,0.31731,0.32573
45.541,-0.28,1.595,1.573,8.63,-0.60472,0.31745,0.32663
45.591,-0.368,1.416,1.582,8.64,-0.60488,0.31567,0.32765
45.641,-0.368,1.416,1.582,8.65,-0.60499,0.31451,0.32849
45.691,-0.368,1.416,1.582,8.66,-0.60541,0.31345,0.32928
45.741,-0.368,1.416,1.582,8.67,-0.60584,0.31246,0.33017
45.791,-0.368,1.416,1.582,8.68,-0.60615,0.31133,0.33081
45.841,-0.368,1.416,1.582,8.69,-0.60619,0.31012,0.33143
45.891,-0.456,1.227,1.8,8.7,-0.60648,0.30918,0.33199
45.941,-0.456,1.227,1.8,8.71,-0.60668,0.30804,0.33251
45.991,-0.456,1.227,1.8,8.72,-0.60695,0.30669,0.33303
46.041,-0.456,1.227,1.8,8.73,-0.60729,0.30568,0.33345
46.091,-0.456,1.227,1.8,8.74,-0.60755,0.30466,0.33383
46.141,-0.456,1.227,1.8,8.75,-0.60871,0.30351,0.33436
46.191,-0.603,0.964,1.802,8.76,-0.60932,0.30339,0.33472
46.241,-0.603,0.964,1.802,8.77,-0.60965,0.30151,0.33506
46.291,-0.603,0.964,1.802,8.78,-0.61001,0.30029,0.33541
46.341,-0.603,0.964,1.802,8.79,-0.61063,0.29926,0.33552
46.391,-0.603,0.964,1.802,8.8,-0.61104,0.29817,0.3358
46.441,-0.603,0.964,1.802,8.81,-0.61146,0.29702,0.33617
46.491,-0.781,0.697,1.839,8.82,-0.61169,0.29571,0.33642
46.541,-0.781,0.697,1.839,8.83,-0.61208,0.29456,0.33674
46.591,-0.781,0.697,1.839,8.84,-0.6124,0.29341,0.33701
46.641,-0.781,0.697,1.839,8.85,-0.61272,0.2922,0.33727
46.691,-0.781,0.697,1.839,8.86,-0.6131,0.29106,0.33759
46.741,-0.934,0.455,1.869,8.87,-0.61349,0.28998,0.33795
46.791,-0.934,0.455,1.869,8.88,-0.61381,0.28885,0.33823
46.841,-0.934,0.455,1.869,8.89,-0.61424,0.28765,0.33853
46.891,-0.934,0.455,1.869,8.9,-0.61451,0.28659,0.33879
46.941,-0.934,0.455,1.869,8.91,-0.61489,0.28527,0.33924
46.991,-0.934,0.455,1.869,8.92,-0.61527,0.28409,0.33962
47.041,-1.044,0.258,1.87,8.93,-0.61571,0.28298,0.34011
47.091,-1.044,0.258,1.87,8.94,-0.61586,0.28177,0.34055
47.141,-1.044,0.258,1.87,8.95,-0.61597,0.28049,0.34115
47.191,-1.044,0.258,1.87,8.96,-0.61608,0.27931,0.34171
47.241,-1.044,0.258,1.87,8.97,-0.61631,0.27811,0.34226
47.291,-1.044,0.258,1.87,8.98,-0.61649,0.27674,0.34317
47.341,-1.119,0.115,1.919,8.99,-0.61674,0.27546,0.34383
47.391,-1.119,0.115,1.919,9,-0.61699,0.27431,0.34444
47.441,-1.119,0.115,1.919,9.01,-0.61721,0.2731,0.34517
47.491,-1.119,0.115,1.919,9.02,-0.61742,0.27184,0.34581
47.541,-1.119,0.115,1.919,9.03,-0.61778,0.27057,0.34656
47.591,-1.119,0.115,1.919,9.04,-0.61792,0.26921,0.34747
47.641,-1.121,0.021,1.876,9.05,-0.61811,0.26799,0.34813
47.691,-1.121,0.021,1.876,9.06,-0.61765,0.26655,0.34917
47.741,-1.121,0.021,1.876,9.07,-0.61889,0.26532,0.35032
47.791,-1.121,0.021,1.876,9.08,-0.61906,0.26404,0.35113
47.841,-1.121,0.021,1.876,9.09,-0.61952,0.2627,0.35196
47.891,-1.097,-0.029,1.883,9.1,-0.61981,0.26147,0.35282
47.941,-1.097,-0.029,1.883,9.11,-0.62006,0.26013,0.35369
47.991,-1.097,-0.029,1.883,9.12,-0.62016,0.25873,0.35478
48.041,-1.097,-0.029,1.883,9.13,-0.62089,0.25738,0.35596
48.091,-1.097,-0.029,1.883,9.14,-0.62134,0.25611,0.35695
48.141,-1.097,-0.029,1.883,9.15,-0.62167,0.25474,0.35789
48.191,-1.054,-0.051,1.915,9.16,-0.62227,0.25348,0.35829
48.241,-1.054,-0.051,1.915,9.17,-0.62261,0.25211,0.35977
48.291,-1.054,-0.051,1.915,9.18,-0.62297,0.25082,0.36073
48.341,-1.054,-0.051,1.915,9.19,-0.62321,0.24937,0.3617
48.391,-1.054,-0.051,1.915,9.2,-0.62324,0.24776,0.36271
48.441,-1.054,-0.051,1.915,9.21,-0.6238,0.24669,0.36349
48.491,-0.992,-0.063,1.915,9.22,-0.62474,0.2456,0.36426
48.541,-0.992,-0.063,1.915,9.23,-0.62456,0.24405,0.36553
48.591,-0.992,-0.063,1.915,9.24,-0.62541,0.24269,0.36678
48.641,-0.992,-0.063,1.915,9.25,-0.62603,0.24145,0.36779
48.691,-0.992,-0.063,1.915,9.26,-0.62663,0.2403,0.36865
48.741,-0.992,-0.063,1.915,9.27,-0.62708,0.2389,0.36974
48.791,-0.933,-0.085,1.952,9.28,-0.62754,0.2376,0.37075
48.841,-0.933,-0.085,1.952,9.29,-0.62774,0.23614,0.37186
48.891,-0.933,-0.085,1.952,9.3,-0.62758,0.23451,0.37317
48.941,-0.933,-0.085,1.952,9.31,-0.62805,0.23343,0.37421
48.991,-0.933,-0.085,1.952,9.32,-0.62978,0.23221,0.37565
49.041,-0.844,-0.144,1.899,9.33,-0.6304,0.231,0.37683
49.091,-0.844,-0.144,1.899,9.34,-0.63096,0.22965,0.37805
49.141,-0.844,-0.144,1.899,9.35,-0.63146,0.22854,0.37936
49.191,-0.844,-0.144,1.899,9.36,-0.6317,0.22695,0.38077
49.241,-0.844,-0.144,1.899,9.37,-0.63201,0.22552,0.3827
49.291,-0.844,-0.144,1.899,9.38,-0.63251,0.22435,0.38414
49.341,-0.764,-0.244,1.873,9.39,-0.63295,0.22308,0.38577
49.391,-0.764,-0.244,1.873,9.4,-0.6332,0.22165,0.38732
49.441,-0.764,-0.244,1.873,9.41,-0.63334,0.21998,0.38912
49.491,-0.764,-0.244,1.873,9.42,-0.63411,0.21881,0.39092
49.541,-0.764,-0.244,1.873,9.43,-0.63447,0.21754,0.39253
49.591,-0.764,-0.244,1.873,9.44,-0.63488,0.21636,0.39424
49.641,-0.68,-0.383,1.897,9.45,-0.635,0.21497,0.3961
49.692,-0.68,-0.383,1.897,9.46,-0.63557,0.21359,0.39817
49.742,-0.68,-0.383,1.897,9.47,-0.6352,0.21215,0.39983
49.792,-0.68,-0.383,1.897,9.48,-0.636,0.21092,0.40182
49.842,-0.68,-0.383,1.897,9.49,-0.63631,0.20973,0.4037
49.892,-0.68,-0.383,1.897,9.5,-0.63634,0.20812,0.40591
49.942,-0.592,-0.528,1.837,9.51,-0.63705,0.20695,0.40807
49.992,-0.592,-0.528,1.837,9.52,-0.63731,0.20573,0.40997
50.042,-0.592,-0.528,1.837,9.53,-0.63729,0.20443,0.41184
50.092,-0.592,-0.528,1.837,9.54,-0.63745,0.20303,0.41423
50.142,-0.592,-0.528,1.837,9.55,-0.63795,0.20204,0.4163
50.192,-0.537,-0.664,1.826,9.56,-0.63797,0.20056,0.41846
50.242,-0.537,-0.664,1.826,9.57,-0.63808,0.19905,0.42098
50.292,-0.537,-0.664,1.826,9.58,-0.63828,0.19796,0.42309
50.342,-0.537,-0.664,1.826,9.59,-0.63846,0.19688,0.4251
50.392,-0.537,-0.664,1.826,9.6,-0.63769,0.19521,0.42736
50.442,-0.537,-0.664,1.826,9.61,-0.63833,0.19421,0.4299
50.492,-0.488,-0.787,1.782,9.62,-0.63832,0.19305,0.43212
50.542,-0.488,-0.787,1.782,9.63,-0.63796,0.19157,0.43445
50.592,-0.488,-0.787,1.782,9.64,-0.63814,0.19041,0.43696
50.642,-0.488,-0.787,1.782,9.65,-0.63787,0.18932,0.4392
50.692,-0.488,-0.787,1.782,9.66,-0.63763,0.18794,0.4416
50.742,-0.488,-0.787,1.782,9.67,-0.63694,0.18671,0.44392
50.792,-0.451,-0.888,1.681,9.68,-0.63755,0.18562,0.44655
50.842,-0.451,-0.888,1.681,9.69,-0.63715,0.18416,0.44888
50.892,-0.451,-0.888,1.681,9.7,-0.63709,0.18304,0.45144
50.942,-0.451,-0.888,1.681,9.71,-0.63668,0.1817,0.45382
50.992,-0.451,-0.888,1.681,9.72,-0.63663,0.18091,0.45586
51.047,-0.451,-0.888,1.681,9.73,-0.6363,0.1791,0.45879
51.097,-0.437,-0.979,1.686,9.74,-0.63592,0.17788,0.46125
51.152,-0.437,-0.979,1.686,9.75,-0.63556,0.17675,0.46348
51.202,-0.437,-0.979,1.686,9.76,-0.63514,0.17535,0.46585
51.257,-0.437,-0.979,1.686,9.77,-0.6348,0.174,0.46859
51.312,-0.437,-0.979,1.686,9.78,-0.63454,0.173,0.47092
51.362,-0.423,-1.054,1.689,9.79,-0.63381,0.17168,0.47343
51.417,-0.423,-1.054,1.689,9.8,-0.63344,0.17073,0.4755
51.467,-0.423,-1.054,1.689,9.81,-0.63296,0.16936,0.4783
51.522,-0.423,-1.054,1.689,9.82,-0.63238,0.16836,0.48064
51.572,-0.423,-1.054,1.689,9.83,-0.63148,0.16701,0.48319
51.627,-0.423,-1.054,1.689,9.84,-0.63092,0.16573,0.48593
51.677,-0.403,-1.121,1.737,9.85,-0.63016,0.16457,0.4884
51.732,-0.403,-1.121,1.737,9.86,-0.62936,0.16355,0.49057
51.782,-0.403,-1.121,1.737,9.87,-0.62868,0.1624,0.49331
51.837,-0.403,-1.121,1.737,9.88,-0.62766,0.16105,0.49599
51.887,-0.403,-1.121,1.737,9.89,-0.62681,0.15998,0.49837
51.942,-0.381,-1.181,1.794,9.9,-0.62561,0.15845,0.50128
51.992,-0.381,-1.181,1.794,9.91,-0.62438,0.15738,0.50374
52.047,-0.381,-1.181,1.794,9.92,-0.62357,0.15624,0.50625
52.097,-0.381,-1.181,1.794,9.93,-0.62244,0.15501,0.5086
52.152,-0.381,-1.181,1.794,9.94,-0.6216,0.15381,0.51129
52.202,-0.345,-1.239,1.822,9.95,-0.62062,0.15274,0.51379
52.257,-0.345,-1.239,1.822,9.96,-0.61925,0.15152,0.51622
52.312,-0.345,-1.239,1.822,9.97,-0.61792,0.15037,0.51878
52.362,-0.345,-1.239,1.822,9.98,-0.61669,0.149,0.52134
52.417,-0.345,-1.239,1.822,9.99,-0.61538,0.14787,0.5238
52.467,-0.345,-1.239,1.822,10,-0.61428,0.14669,0.52616
52.522,-0.299,-1.297,1.87,10.01,-0.61292,0.14563,0.52857
52.572,-0.299,-1.297,1.87,10.02,-0.61096,0.14419,0.531
52.627,-0.299,-1.297,1.87,10.03,-0.61019,0.14304,0.53341
52.677,-0.299,-1.297,1.87,10.04,-0.60908,0.14219,0.53583
52.732,-0.299,-1.297,1.87,10.05,-0.60743,0.1407,0.53826
52.782,-0.252,-1.34,1.851,10.06,-0.60607,0.1397,0.54032
52.837,-0.252,-1.34,1.851,10.07,-0.60395,0.1383,0.54294
52.887,-0.252,-1.34,1.851,10.08,-0.60317,0.13741,0.54509
52.942,-0.252,-1.34,1.851,10.09,-0.60149,0.13613,0.54751
52.992,-0.252,-1.34,1.851,10.1,-0.60006,0.13534,0.5499
53.047,-0.252,-1.34,1.851,10.11,-0.59824,0.1341,0.55206
53.097,-0.206,-1.36,1.837,10.12,-0.59681,0.13307,0.55405
53.152,-0.206,-1.36,1.837,10.13,-0.59501,0.13183,0.55663
53.202,-0.206,-1.36,1.837,10.14,-0.59337,0.13086,0.55865
53.257,-0.206,-1.36,1.837,10.15,-0.59137,0.12967,0.56076
53.313,-0.206,-1.36,1.837,10.16,-0.59,0.12867,0.56307
53.362,-0.154,-1.349,1.87,10.17,-0.58835,0.12761,0.56516
53.417,-0.154,-1.349,1.87,10.18,-0.58637,0.12647,0.56723
53.467,-0.154,-1.349,1.87,10.19,-0.58469,0.12541,0.56914
53.522,-0.154,-1.349,1.87,10.2,-0.58295,0.12439,0.57142
53.572,-0.154,-1.349,1.87,10.21,-0.5812,0.12333,0.57339
53.627,-0.154,-1.349,1.87,10.22,-0.57937,0.12224,0.57528
53.677,-0.109,-1.288,1.823,10.23,-0.57747,0.12133,0.57753
53.732,-0.109,-1.288,1.823,10.24,-0.57563,0.12023,0.57937
53.782,-0.109,-1.288,1.823,10.25,-0.5739,0.11916,0.58115
53.837,-0.109,-1.288,1.823,10.26,-0.57191,0.11801,0.583
53.887,-0.109,-1.288,1.823,10.27,-0.56942,0.1169,0.58489
53.942,-0.037,-1.185,1.814,10.28,-0.5682,0.11615,0.5869
53.992,-0.037,-1.185,1.814,10.29,-0.56648,0.11497,0.58868
54.047,-0.037,-1.185,1.814,10.3,-0.56401,0.11366,0.59057
54.097,-0.037,-1.185,1.814,10.31,-0.56259,0.11284,0.5924
54.152,-0.037,-1.185,1.814,10.32,-0.56074,0.11189,0.59419
54.202,-0.037,-1.185,1.814,10.33,-0.55873,0.11086,0.59605
54.257,0.018,-1.038,1.877,10.34,-0.55684,0.10981,0.59784
54.313,0.018,-1.038,1.877,10.35,-0.55484,0.1088,0.59962
54.363,0.018,-1.038,1.877,10.36,-0.55281,0.10771,0.60151
54.418,0.018,-1.038,1.877,10.37,-0.55083,0.10673,0.60296
54.468,0.018,-1.038,1.877,10.38,-0.54882,0.10571,0.60463
54.523,0.078,-0.846,1.869,10.39,-0.54696,0.10474,0.60655
54.573,0.078,-0.846,1.869,10.4,-0.54488,0.10372,0.60825
54.628,0.078,-0.846,1.869,10.41,-0.54296,0.10276,0.60992
54.678,0.078,-0.846,1.869,10.42,-0.54112,0.10172,0.61164
54.733,0.078,-0.846,1.869,10.43,-0.53881,0.10067,0.61319
54.783,0.078,-0.846,1.869,10.44,-0.53713,0.099821,0.61499
54.838,0.146,-0.615,1.908,10.45,-0.53524,0.098796,0.61653
54.888,0.146,-0.615,1.908,10.46,-0.53321,0.097804,0.61801
54.943,0.146,-0.615,1.908,10.47,-0.53091,0.096828,0.61978
54.993,0.146,-0.615,1.908,10.48,-0.52922,0.095974,0.6213
55.048,0.146,-0.615,1.908,10.49,-0.52728,0.095095,0.62283
55.098,0.197,-0.367,1.953,10.5,-0.52526,0.094051,0.62451
55.153,0.197,-0.367,1.953,10.51,-0.5233,0.093241,0.62598
55.203,0.197,-0.367,1.953,10.52,-0.52135,0.092338,0.62747
55.258,0.197,-0.367,1.953,10.53,-0.51944,0.09154,0.62902
55.313,0.197,-0.367,1.953,10.54,-0.51772,0.090681,0.63065
55.363,0.197,-0.367,1.953,10.55,-0.51569,0.089871,0.63214
55.418,0.274,-0.103,1.925,10.56,-0.51385,0.088978,0.63356
55.468,0.274,-0.103,1.925,10.57,-0.51175,0.088019,0.63506
55.523,0.274,-0.103,1.925,10.58,-0.50995,0.087294,0.63657
55.573,0.274,-0.103,1.925,10.59,-0.50822,0.08658,0.63791
55.628,0.274,-0.103,1.925,10.6,-0.50636,0.085694,0.63929
55.678,0.349,0.147,1.913,10.61,-0.50442,0.084968,0.64045
55.733,0.349,0.147,1.913,10.62,-0.50254,0.084077,0.64171
55.783,0.349,0.147,1.913,10.63,-0.5009,0.083377,0.64332
55.838,0.349,0.147,1.913,10.64,-0.4991,0.082571,0.64465
55.888,0.349,0.147,1.913,10.65,-0.49733,0.08186,0.64584
55.943,0.349,0.147,1.913,10.66,-0.49543,0.081215,0.64678
55.993,0.432,0.368,1.897,10.67,-0.49328,0.080102,0.64843
56.048,0.432,0.368,1.897,10.68,-0.49203,0.079539,0.64971
56.098,0.432,0.368,1.897,10.69,-0.49046,0.078924,0.65089
56.153,0.432,0.368,1.897,10.7,-0.48871,0.078177,0.65206
56.203,0.432,0.368,1.897,10.71,-0.48708,0.077243,0.65362
56.258,0.487,0.544,1.907,10.72,-0.48526,0.07651,0.65473
56.313,0.487,0.544,1.907,10.73,-0.48358,0.075842,0.65586
56.363,0.487,0.544,1.907,10.74,-0.48196,0.075121,0.65709
56.418,0.487,0.544,1.907,10.75,-0.48024,0.074382,0.65827
56.468,0.487,0.544,1.907,10.76,-0.47868,0.073727,0.65933
56.523,0.487,0.544,1.907,10.77,-0.47703,0.073006,0.66043
56.573,0.487,0.544,1.907,10.78,-0.47534,0.072257,0.66156
56.628,0.487,0.544,1.907,10.79,-0.47379,0.071586,0.66265
56.678,0.487,0.544,1.907,10.8,-0.47204,0.07075,0.66381
56.733,0.487,0.544,1.907,10.81,-0.47055,0.070078,0.6648
56.783,0.487,0.544,1.907,10.82,-0.46943,0.069471,0.66571
56.838,0.537,0.69,1.87,10.83,-0.468,0.068743,0.66662
56.888,0.537,0.69,1.87,10.84,-0.46653,0.067995,0.66743
56.943,0.537,0.69,1.87,10.85,-0.46518,0.067268,0.66832
56.993,0.537,0.69,1.87,10.86,-0.46391,0.066612,0.66907
57.048,0.537,0.69,1.87,10.87,-0.46282,0.065955,0.67037
57.098,0.52,0.781,1.848,10.88,-0.46171,0.065152,0.67119
57.153,0.52,0.781,1.848,10.89,-0.46047,0.064398,0.67197
57.203,0.52,0.781,1.848,10.9,-0.45928,0.063738,0.67264
57.258,0.52,0.781,1.848,10.91,-0.45824,0.063048,0.67328
57.314,0.52,0.781,1.848,10.92,-0.45739,0.062255,0.67395
57.363,0.52,0.781,1.848,10.93,-0.45638,0.061521,0.67453
57.418,0.385,0.831,1.82,10.94,-0.45552,0.060914,0.67522
57.468,0.385,0.831,1.82,10.95,-0.4546,0.060209,0.67573
57.523,0.385,0.831,1.82,10.96,-0.45369,0.059452,0.67624
57.573,0.385,0.831,1.82,10.97,-0.45268,0.058716,0.67665
57.628,0.385,0.831,1.82,10.98,-0.45189,0.058077,0.67711
57.678,0.239,0.883,1.792,10.99,-0.45106,0.057372,0.67754
57.733,0.239,0.883,1.792,11,-0.45033,0.056719,0.67794
57.783,0.239,0.883,1.792,11.01,-0.44988,0.05615,0.67853
57.838,0.239,0.883,1.792,11.02,-0.44921,0.055415,0.67889
57.888,0.239,0.883,1.792,11.03,-0.44849,0.054686,0.67919
57.943,0.239,0.883,1.792,11.04,-0.44785,0.054007,0.67946
57.993,0.024,0.903,1.795,11.05,-0.44722,0.053328,0.67974
58.048,0.024,0.903,1.795,11.06,-0.44666,0.052627,0.68
58.098,0.024,0.903,1.795,11.07,-0.44616,0.05196,0.68027
58.153,0.024,0.903,1.795,11.08,-0.44567,0.051231,0.68054
58.203,0.024,0.903,1.795,11.09,-0.44521,0.050598,0.68078
58.258,-0.188,0.931,1.819,11.1,-0.44487,0.049968,0.68103
58.314,-0.188,0.931,1.819,11.11,-0.44456,0.049306,0.6813
58.363,-0.188,0.931,1.819,11.12,-0.44422,0.048649,0.68154
58.418,-0.188,0.931,1.819,11.13,-0.44397,0.048057,0.68181
58.468,-0.188,0.931,1.819,11.14,-0.44379,0.047495,0.682
58.523,-0.188,0.931,1.819,11.15,-0.44363,0.046953,0.68218
58.573,-0.347,0.964,1.855,11.16,-0.44349,0.04637,0.68239
58.629,-0.347,0.964,1.855,11.17,-0.44339,0.04584,0.68254
58.678,-0.347,0.964,1.855,11.18,-0.44332,0.045354,0.68269
58.734,-0.347,0.964,1.855,11.19,-0.44327,0.044835,0.68285
58.784,-0.347,0.964,1.855,11.2,-0.44327,0.044287,0.68299
58.839,-0.514,0.984,1.857,11.21,-0.44333,0.043777,0.68316
58.889,-0.514,0.984,1.857,11.22,-0.44342,0.043232,0.68329
58.944,-0.514,0.984,1.857,11.23,-0.44353,0.042716,0.68341
58.994,-0.514,0.984,1.857,11.24,-0.44369,0.042175,0.68351
59.049,-0.514,0.984,1.857,11.25,-0.44388,0.04165,0.6836
59.099,-0.514,0.984,1.857,11.26,-0.44409,0.041143,0.68365
59.154,-0.644,0.984,1.868,11.27,-0.44438,0.040644,0.68369
59.204,-0.644,0.984,1.868,11.28,-0.44467,0.040138,0.68375
59.259,-0.644,0.984,1.868,11.29,-0.44501,0.039599,0.68379
59.314,-0.644,0.984,1.868,11.3,-0.44539,0.039111,0.68379
59.364,-0.644,0.984,1.868,11.31,-0.44578,0.038604,0.68379
59.419,-0.712,0.961,1.838,11.32,-0.44621,0.038074,0.68376
59.469,-0.712,0.961,1.838,11.33,-0.44668,0.037593,0.68373
59.524,-0.712,0.961,1.838,11.34,-0.44729,0.037097,0.68376
59.574,-0.712,0.961,1.838,11.35,-0.44783,0.036527,0.6837
59.629,-0.712,0.961,1.838,11.36,-0.44839,0.036038,0.68363
59.679,-0.712,0.961,1.838,11.37,-0.44902,0.035554,0.68358
59.734,-0.723,0.893,1.866,11.38,-0.44967,0.035042,0.68349
59.784,-0.723,0.893,1.866,11.39,-0.45029,0.034501,0.68335
59.839,-0.723,0.893,1.866,11.4,-0.45094,0.033977,0.68324
59.889,-0.723,0.893,1.866,11.41,-0.45166,0.033481,0.68314
59.944,-0.723,0.893,1.866,11.42,-0.45235,0.032969,0.68302
59.994,-0.665,0.779,1.875,11.43,-0.45257,0.03235,0.68288
60.049,-0.665,0.779,1.875,11.44,-0.45326,0.03187,0.68271
60.099,-0.665,0.779,1.875,11.45,-0.45419,0.031389,0.68253
60.154,-0.665,0.779,1.875,11.46,-0.45507,0.030911,0.68235
60.204,-0.665,0.779,1.875,11.47,-0.45597,0.030467,0.68219
60.259,-0.665,0.779,1.875,11.48,-0.45686,0.03,0.68207
60.314,-0.548,0.62,1.89,11.49,-0.4576,0.029397,0.682
60.364,-0.548,0.62,1.89,11.5,-0.4584,0.028881,0.68183
60.419,-0.548,0.62,1.89,11.51,-0.45964,0.028675,0.68149
60.469,-0.548,0.62,1.89,11.52,-0.46057,0.028258,0.68129
60.524,-0.548,0.62,1.89,11.53,-0.46111,0.027714,0.68118
60.574,-0.397,0.411,1.929,11.54,-0.4622,0.027251,0.68107
60.629,-0.397,0.411,1.929,11.55,-0.46311,0.026794,0.68089
60.679,-0.397,0.411,1.929,11.56,-0.46432,0.026345,0.68066
60.734,-0.397,0.411,1.929,11.57,-0.46531,0.025899,0.68049
60.784,-0.397,0.411,1.929,11.58,-0.46628,0.025494,0.68031
60.839,-0.733,0.661,1.58,11.59,-0.46726,0.025046,0.68011
60.889,-0.733,0.661,1.58,11.6,-0.46823,0.024564,0.67995
60.944,-0.733,0.661,1.58,11.61,-0.46925,0.024139,0.67976
60.994,-0.733,0.661,1.58,11.62,-0.47027,0.023666,0.67957
61.049,-0.733,0.661,1.58,11.63,-0.47127,0.0232,0.67939
61.099,-0.733,0.661,1.58,11.64,-0.47235,0.022777,0.67921
61.154,-0.533,0.399,1.557,11.65,-0.47341,0.02242,0.67907
61.204,-0.533,0.399,1.557,11.66,-0.47447,0.022015,0.67891
61.259,-0.533,0.399,1.557,11.67,-0.47547,0.021524,0.67874
61.314,-0.533,0.399,1.557,11.68,-0.47651,0.021085,0.67863
61.364,-0.533,0.399,1.557,11.69,-0.47757,0.020688,0.67851
61.419,-0.334,0.137,1.55,11.7,-0.47862,0.02027,0.67841
61.469,-0.334,0.137,1.55,11.71,-0.47964,0.019857,0.67832
61.524,-0.334,0.137,1.55,11.72,-0.48069,0.019541,0.67824
61.574,-0.334,0.137,1.55,11.73,-0.48179,0.019185,0.67818
61.629,-0.334,0.137,1.55,11.74,-0.48282,0.018667,0.6781
61.679,-0.334,0.137,1.55,11.75,-0.48391,0.018267,0.67803
61.734,-0.142,-0.08,1.494,11.76,-0.48496,0.017871,0.67799
61.784,-0.142,-0.08,1.494,11.77,-0.4859,0.017429,0.6779
61.839,-0.142,-0.08,1.494,11.78,-0.48695,0.016875,0.67788
61.889,-0.142,-0.08,1.494,11.79,-0.48807,0.016371,0.67785
61.944,-0.142,-0.08,1.494,11.8,-0.48921,0.015904,0.67782
61.994,0.538,-0.738,1.737,11.81,-0.49028,0.015367,0.67789
62.049,0.538,-0.738,1.737,11.82,-0.49134,0.01491,0.67785
62.099,0.538,-0.738,1.737,11.83,-0.49238,0.014467,0.67784
62.154,0.538,-0.738,1.737,11.84,-0.49348,0.013911,0.67786
62.204,0.538,-0.738,1.737,11.85,-0.49464,0.013333,0.67801
62.259,0.538,-0.738,1.737,11.86,-0.49573,0.012789,0.6781
62.314,0.691,-0.85,1.683,11.87,-0.49695,0.012111,0.67831
62.364,0.691,-0.85,1.683,11.88,-0.49796,0.011447,0.67838
62.419,0.691,-0.85,1.683,11.89,-0.49895,0.010822,0.67844
62.469,0.691,-0.85,1.683,11.9,-0.49998,0.010177,0.67854
62.524,0.691,-0.85,1.683,11.91,-0.50092,0.009506,0.67862
62.574,0.834,-0.922,1.615,11.92,-0.50184,0.008854,0.67872
62.629,0.834,-0.922,1.615,11.93,-0.50282,0.008282,0.67878
62.679,0.834,-0.922,1.615,11.94,-0.50365,0.007608,0.67881
62.734,0.834,-0.922,1.615,11.95,-0.50449,0.006915,0.67887
62.784,0.834,-0.922,1.615,11.96,-0.50542,0.006324,0.67898
62.839,0.834,-0.922,1.615,11.97,-0.50631,0.005735,0.67907
62.889,0.958,-0.996,1.64,11.98,-0.50711,0.005199,0.67917
62.944,0.958,-0.996,1.64,11.99,-0.50798,0.004575,0.67929
62.994,0.958,-0.996,1.64,12,-0.50879,0.003898,0.67943
63.049,0.958,-0.996,1.64,12.01,-0.50957,0.003281,0.67955
63.099,0.958,-0.996,1.64,12.02,-0.51035,0.002673,0.67968
63.154,1.071,-1.054,1.685,12.03,-0.51114,0.002078,0.67984
63.204,1.071,-1.054,1.685,12.04,-0.51188,0.00141,0.67997
63.259,1.071,-1.054,1.685,12.05,-0.51261,0.000764,0.68014
63.313,1.071,-1.054,1.685,12.06,-0.51333,0.000142,0.68033
63.36,1.071,-1.054,1.685,12.07,-0.514,-0.00052,0.68054
63.413,1.071,-1.054,1.685,12.08,-0.51442,-0.001362,0.68085
63.46,1.139,-1.101,1.716,12.09,-0.51531,-0.001938,0.6811
63.513,1.139,-1.101,1.716,12.1,-0.51613,-0.002544,0.6813
63.56,1.139,-1.101,1.716,12.11,-0.5168,-0.003285,0.68152
63.613,1.139,-1.101,1.716,12.12,-0.51768,-0.004148,0.68199
63.66,1.139,-1.101,1.716,12.13,-0.5183,-0.004901,0.68227
63.715,1.176,1.122,1.738,12.14,-0.51875,-0.005711,0.68242
63.765,1.176,-1.122,1.738,12.15,-0.51927,-0.006507,0.68274
63.816,1.176,-1.122,1.738,12.16,-0.51989,-0.007195,0.68307
63.865,1.176,-1.122,1.738,12.17,-0.52051,-0.007983,0.68328
63.916,1.176,-1.122,1.738,12.18,-0.52072,-0.009072,0.68374
63.965,1.176,-1.122,1.738,12.19,-0.52123,-0.009934,0.68403
64.016,1.176,-1.122,1.738,12.2,-0.52243,-0.010659,0.68442
64.065,1.176,-1.122,1.738,12.21,-0.52301,-0.01145,0.68466
64.116,1.176,-1.122,1.738,12.22,-0.52355,-0.012366,0.68498
64.165,1.176,-1.122,1.738,12.23,-0.52413,-0.013226,0.68528
64.216,1.176,-1.122,1.738,12.24,-0.52463,-0.014045,0.68555
64.265,1.176,-1.122,1.738,12.25,-0.52501,-0.01493,0.68596
64.316,1.138,-1.076,1.752,12.26,-0.52558,-0.015665,0.68616
64.365,1.138,-1.076,1.752,12.27,-0.52607,-0.016492,0.68644
64.416,1.138,-1.076,1.752,12.28,-0.52658,-0.017394,0.68683
64.465,1.138,-1.076,1.752,12.29,-0.527,-0.018311,0.68713
64.516,1.138,-1.076,1.752,12.3,-0.52741,-0.019205,0.68748
64.565,1.138,-1.076,1.752,12.31,-0.5278,-0.020036,0.68778
64.616,1.08,-1.008,1.754,12.32,-0.52818,-0.020978,0.6881
64.665,1.08,-1.008,1.754,12.33,-0.52852,-0.021962,0.68851
64.716,1.08,-1.008,1.754,12.34,-0.52875,-0.022811,0.68879
64.765,1.08,-1.008,1.754,12.35,-0.52899,-0.02382,0.68924
64.816,1.08,-1.008,1.754,12.36,-0.5294,-0.02464,0.68956
64.865,1.08,-1.008,1.754,12.37,-0.52968,-0.025532,0.68997
64.916,0.981,-0.926,1.789,12.38,-0.5297,-0.026675,0.69046
64.965,0.981,-0.926,1.789,12.39,-0.52979,-0.027622,0.69093
65.016,0.981,-0.926,1.789,12.4,-0.53044,-0.028399,0.69138
65.065,0.981,-0.926,1.789,12.41,-0.53072,-0.02931,0.69186
65.116,0.981,-0.926,1.789,12.42,-0.53116,-0.030222,0.69266
65.165,0.835,-0.823,1.739,12.43,-0.53139,-0.031146,0.69325
65.216,0.835,-0.823,1.739,12.44,-0.5316,-0.03217,0.69393
65.265,0.835,-0.823,1.739,12.45,-0.53175,-0.033044,0.69455
65.316,0.835,-0.823,1.739,12.46,-0.53179,-0.033903,0.69518
65.365,0.835,-0.823,1.739,12.47,-0.53182,-0.034841,0.69584
65.416,0.835,-0.823,1.739,12.48,-0.53178,-0.035808,0.69659
65.465,0.676,-0.712,1.867,12.49,-0.53183,-0.036704,0.6973
65.516,0.676,-0.712,1.867,12.5,-0.53182,-0.037674,0.69801
65.565,0.676,-0.712,1.867,12.51,-0.53182,-0.038594,0.69872
65.616,0.676,-0.712,1.867,12.52,-0.53161,-0.039572,0.69965
65.665,0.676,-0.712,1.867,12.53,-0.53195,-0.040371,0.70042
65.716,0.676,-0.712,1.867,12.54,-0.53139,-0.041537,0.70127
65.765,0.459,-0.614,1.934,12.55,-0.53216,-0.042308,0.70241
65.816,0.459,-0.614,1.934,12.56,-0.53228,-0.043127,0.70334
65.865,0.459,-0.614,1.934,12.57,-0.53234,-0.044067,0.70431
65.916,0.459,-0.614,1.934,12.58,-0.53227,-0.044937,0.70516
65.965,0.459,-0.614,1.934,12.59,-0.53205,-0.045783,0.706
66.016,0.459,-0.614,1.934,12.6,-0.53193,-0.046587,0.70692
66.065,0.217,-0.504,1.932,12.61,-0.53185,-0.047405,0.70785
66.116,0.217,-0.504,1.932,12.62,-0.53177,-0.048147,0.70874
66.165,0.217,-0.504,1.932,12.63,-0.53164,-0.048921,0.70963
66.216,0.217,-0.504,1.932,12.64,-0.53151,-0.049882,0.7106
66.265,0.217,-0.504,1.932,12.65,-0.53178,-0.050651,0.71196
66.316,0.025,-0.442,1.778,12.66,-0.53181,-0.051438,0.71302
66.365,0.025,-0.442,1.778,12.67,-0.53186,-0.052233,0.7141
66.416,0.025,-0.442,1.778,12.68,-0.53177,-0.053026,0.71509
66.465,0.025,-0.442,1.778,12.69,-0.53163,-0.053842,0.71606
66.516,0.025,-0.442,1.778,12.7,-0.53146,-0.054618,0.71702
66.565,0.025,-0.442,1.778,12.71,-0.53126,-0.055425,0.71798
66.616,-0.212,-0.317,1.742,12.72,-0.53116,-0.056154,0.71891
66.665,-0.212,-0.317,1.742,12.73,-0.5312,-0.056686,0.71967
66.716,-0.212,-0.317,1.742,12.74,-0.53122,-0.057511,0.72117
66.765,-0.212,-0.317,1.742,12.75,-0.53102,-0.058099,0.72217
66.816,-0.212,-0.317,1.742,12.76,-0.53089,-0.058621,0.72311
66.865,-0.212,-0.317,1.742,12.77,-0.53073,-0.059045,0.72412
66.916,-0.43,-0.177,1.702,12.78,-0.53053,-0.059504,0.72507
66.965,-0.43,-0.177,1.702,12.79,-0.53038,-0.059893,0.72601
67.016,-0.43,-0.177,1.702,12.8,-0.53014,-0.060221,0.72693
67.065,-0.43,-0.177,1.702,12.81,-0.52953,-0.060831,0.72796
67.116,-0.43,-0.177,1.702,12.82,-0.52969,-0.060905,0.72878
67.165,-0.43,-0.177,1.702,12.83,-0.52974,-0.061257,0.72988
67.216,-0.625,-0.045,1.672,12.84,-0.52952,-0.061523,0.73078
67.265,-0.625,-0.045,1.672,12.85,-0.52916,-0.061816,0.73166
67.316,-0.625,-0.045,1.672,12.86,-0.52883,-0.062091,0.73262
67.365,-0.625,-0.045,1.672,12.87,-0.5285,-0.062336,0.73349
67.416,-0.625,-0.045,1.672,12.88,-0.52802,-0.062584,0.73441
67.465,-0.838,0.136,1.746,12.89,-0.52789,-0.06271,0.73533
67.516,-0.838,0.136,1.746,12.9,-0.52774,-0.062838,0.73636
67.565,-0.838,0.136,1.746,12.91,-0.52739,-0.062972,0.7373
67.616,-0.838,0.136,1.746,12.92,-0.52695,-0.063078,0.73826
67.665,-0.838,0.136,1.746,12.93,-0.52659,-0.063162,0.73921
67.716,-0.838,0.136,1.746,12.94,-0.52629,-0.063248,0.74011
67.766,-0.99,0.246,1.69,12.95,-0.52616,-0.06306,0.74118
67.816,-0.99,0.246,1.69,12.96,-0.5258,-0.062945,0.74202
67.866,-0.99,0.246,1.69,12.97,-0.52537,-0.062787,0.74285
67.916,-0.99,0.246,1.69,12.98,-0.52493,-0.062502,0.74364
67.966,-0.99,0.246,1.69,12.99,-0.52442,-0.062136,0.74439
68.016,-0.99,0.246,1.69,13,-0.52395,-0.061739,0.74516
68.066,-1.104,0.358,1.668,13.01,-0.52352,-0.061317,0.74596
68.116,-1.104,0.358,1.668,13.02,-0.52318,-0.060736,0.74664
68.166,-1.104,0.358,1.668,13.03,-0.52279,-0.060147,0.74741
68.216,-1.104,0.358,1.668,13.04,-0.52228,-0.059656,0.74816
68.266,-1.104,0.358,1.668,13.05,-0.52179,-0.058986,0.74898
68.316,-1.104,0.358,1.668,13.06,-0.52137,-0.058296,0.74955
68.366,-1.163,0.448,1.625,13.07,-0.52091,-0.057592,0.75013
68.416,-1.163,0.448,1.625,13.08,-0.52068,-0.056881,0.7514
68.466,-1.163,0.448,1.625,13.09,-0.5202,-0.056089,0.75218
68.516,-1.163,0.448,1.625,13.1,-0.51963,-0.05535,0.75291
68.566,-1.163,0.448,1.625,13.11,-0.51903,-0.054519,0.75363
68.616,-1.19,0.51,1.667,13.12,-0.51817,-0.053707,0.75442
68.666,-1.19,0.51,1.667,13.13,-0.51749,-0.052912,0.75516
68.716,-1.19,0.51,1.667,13.14,-0.51681,-0.05197,0.75585
68.766,-1.19,0.51,1.667,13.15,-0.51617,-0.050979,0.75658
68.816,-1.19,0.51,1.667,13.16,-0.51582,-0.049931,0.75739
68.866,-1.19,0.51,1.667,13.17,-0.51533,-0.048818,0.75818
68.916,-1.162,0.532,1.675,13.18,-0.5147,-0.047768,0.75901
68.966,-1.162,0.532,1.675,13.19,-0.51401,-0.046672,0.75977
69.016,-1.162,0.532,1.675,13.2,-0.51325,-0.045412,0.76052
69.066,-1.162,0.532,1.675,13.21,-0.51247,-0.044243,0.76123
69.121,-1.162,0.532,1.675,13.22,-0.51169,-0.043002,0.76195
69.171,-1.162,0.532,1.675,13.23,-0.51102,-0.041684,0.76274
69.226,-1.108,0.507,1.678,13.24,-0.51027,-0.040287,0.76347
69.276,-1.108,0.507,1.678,13.25,-0.50945,-0.038958,0.76418
69.331,-1.108,0.507,1.678,13.26,-0.50867,-0.037563,0.76494
69.381,-1.108,0.507,1.678,13.27,-0.5078,-0.03615,0.76565
69.436,-1.108,0.507,1.678,13.28,-0.50702,-0.034769,0.76662
69.486,-1.047,0.47,1.736,13.29,-0.50635,-0.033248,0.76743
69.541,-1.047,0.47,1.736,13.3,-0.50556,-0.03174,0.76819
69.591,-1.047,0.47,1.736,13.31,-0.50465,-0.03032,0.76893
69.646,-1.047,0.47,1.736,13.32,-0.50369,-0.028823,0.76965
69.696,-1.047,0.47,1.736,13.33,-0.50273,-0.027362,0.7704
69.751,-1.047,0.47,1.736,13.34,-0.50183,-0.025833,0.77114
69.801,-0.977,0.436,1.793,13.35,-0.50116,-0.02431,0.77206
69.856,-0.977,0.436,1.793,13.36,-0.50025,-0.022802,0.7728
69.911,-0.977,0.436,1.793,13.37,-0.49921,-0.021251,0.77352
69.961,-0.977,0.436,1.793,13.38,-0.49831,-0.019808,0.77448
70.016,-0.977,0.436,1.793,13.39,-0.49747,-0.018279,0.77528
70.066,-0.885,0.42,1.836,13.4,-0.49654,-0.016744,0.77604
70.121,-0.885,0.42,1.836,13.41,-0.49554,-0.015201,0.77679
70.171,-0.885,0.42,1.836,13.42,-0.49455,-0.013682,0.77747
70.226,-0.885,0.42,1.836,13.43,-0.49341,-0.012153,0.77813
70.276,-0.885,0.42,1.836,13.44,-0.49251,-0.010487,0.77884
70.331,-0.885,0.42,1.836,13.45,-0.49156,-0.008857,0.7795
70.381,-0.774,0.422,1.877,13.46,-0.49053,-0.007291,0.78015
70.436,-0.774,0.422,1.877,13.47,-0.48968,-0.005556,0.78086
70.486,-0.774,0.422,1.877,13.48,-0.48863,-0.003875,0.78148
70.541,-0.774,0.422,1.877,13.49,-0.48765,-0.00248,0.78224
70.591,-0.774,0.422,1.877,13.5,-0.48668,-0.000987,0.78279
70.646,-0.645,0.434,1.923,13.51,-0.48579,0.000835,0.78354
70.696,-0.645,0.434,1.923,13.52,-0.48472,0.002292,0.7841
70.751,-0.645,0.434,1.923,13.53,-0.48366,0.003839,0.78465
70.801,-0.645,0.434,1.923,13.54,-0.48265,0.005361,0.78516
70.856,-0.645,0.434,1.923,13.55,-0.48157,0.006912,0.7857
70.912,-0.645,0.434,1.923,13.56,-0.48049,0.008449,0.78626
70.961,-0.501,0.455,1.926,13.57,-0.47935,0.009869,0.7868
71.016,-0.501,0.455,1.926,13.58,-0.47837,0.01144,0.78744
71.066,-0.501,0.455,1.926,13.59,-0.4773,0.012901,0.78799
71.121,-0.501,0.455,1.926,13.6,-0.47631,0.014327,0.78859
71.171,-0.501,0.455,1.926,13.61,-0.47517,0.015529,0.78913
71.226,-0.358,0.482,1.926,13.62,-0.47401,0.01682,0.78961
71.276,-0.358,0.482,1.926,13.63,-0.47298,0.018148,0.79015
71.331,-0.358,0.482,1.926,13.64,-0.47188,0.019479,0.79061
71.381,-0.358,0.482,1.926,13.65,-0.47076,0.020769,0.79111
71.436,-0.358,0.482,1.926,13.66,-0.4696,0.02198,0.79159
71.486,-0.358,0.482,1.926,13.67,-0.46844,0.023263,0.79216
71.541,-0.215,0.514,1.908,13.68,-0.46734,0.024461,0.7927
71.591,-0.215,0.514,1.908,13.69,-0.46621,0.025657,0.79325
71.646,-0.215,0.514,1.908,13.7,-0.46508,0.026786,0.79382
71.696,-0.215,0.514,1.908,13.71,-0.46381,0.027858,0.79433
71.751,-0.215,0.514,1.908,13.72,-0.46273,0.028979,0.79494
71.801,-0.058,0.553,1.874,13.73,-0.46159,0.030057,0.79551
71.856,-0.058,0.553,1.874,13.74,-0.4603,0.031045,0.79598
71.912,-0.058,0.553,1.874,13.75,-0.45905,0.031991,0.79654
71.961,-0.058,0.553,1.874,13.76,-0.45788,0.032994,0.79722
72.016,-0.058,0.553,1.874,13.77,-0.45665,0.033869,0.79796
72.066,0.076,0.589,1.829,13.78,-0.45555,0.034812,0.79868
72.121,0.076,0.589,1.829,13.79,-0.45432,0.035649,0.79933
72.171,0.076,0.589,1.829,13.8,-0.45312,0.036409,0.80002
72.226,0.076,0.589,1.829,13.81,-0.45184,0.037211,0.80069
72.277,0.076,0.589,1.829,13.82,NaN,NaN,NaN
72.331,0.076,0.589,1.829,13.83,NaN,NaN,NaN
72.382,0.202,0.629,1.785,13.84,NaN,NaN,NaN
72.437,0.202,0.629,1.785,13.85,NaN,NaN,NaN
72.487,0.202,0.629,1.785,13.86,NaN,NaN,NaN
72.542,0.202,0.629,1.785,13.87,-0.44419,0.042257,0.80499
72.592,0.202,0.629,1.785,13.88,-0.44275,0.043168,0.80561
72.647,0.322,0.669,1.752,13.89,-0.44127,0.044063,0.80661
72.697,0.322,0.669,1.752,13.9,-0.44002,0.045221,0.80722
72.752,0.322,0.669,1.752,13.91,-0.43886,0.046378,0.808
72.802,0.322,0.669,1.752,13.92,-0.43751,0.047632,0.80875
72.857,0.322,0.669,1.752,13.93,-0.43614,0.048844,0.80943
72.912,0.322,0.669,1.752,13.94,-0.43479,0.050028,0.81025
72.962,0.426,0.71,1.729,13.95,-0.43356,0.051171,0.81107
73.017,0.426,0.71,1.729,13.96,-0.43212,0.052425,0.81177
73.067,0.426,0.71,1.729,13.97,-0.43064,0.053684,0.81248
73.122,0.426,0.71,1.729,13.98,-0.42925,0.054998,0.81321
73.172,0.426,0.71,1.729,13.99,-0.42771,0.056311,0.81391
73.227,0.577,0.786,1.691,14,-0.42619,0.057655,0.81463
73.277,0.577,0.786,1.691,14.01,-0.4247,0.058982,0.81536
73.332,0.577,0.786,1.691,14.02,-0.42332,0.060369,0.81618
73.382,0.577,0.786,1.691,14.03,-0.42176,0.06167,0.817
73.437,0.577,0.786,1.691,14.04,-0.42018,0.062971,0.81773
73.487,0.577,0.786,1.691,14.05,-0.41837,0.06425,0.81858
73.542,0.649,0.817,1.642,14.06,-0.41688,0.065702,0.81944
73.592,0.649,0.817,1.642,14.07,-0.41541,0.06711,0.82013
73.647,0.649,0.817,1.642,14.08,-0.41356,0.068394,0.82117
73.697,0.649,0.817,1.642,14.09,-0.41224,0.069881,0.82215
73.752,0.649,0.817,1.642,14.1,-0.41031,0.07117,0.82312
73.802,0.702,0.853,1.596,14.11,-0.40868,0.072633,0.82404
73.857,0.702,0.853,1.596,14.12,-0.40693,0.074108,0.82509
73.912,0.702,0.853,1.596,14.13,-0.40521,0.075599,0.82606
73.962,0.702,0.853,1.596,14.14,-0.40335,0.077117,0.82704
74.017,0.702,0.853,1.596,14.15,-0.40126,0.078594,0.82812
74.067,0.702,0.853,1.596,14.16,-0.39926,0.080213,0.82903
74.122,0.711,0.883,1.534,14.17,-0.39739,0.081922,0.83006
74.172,0.711,0.883,1.534,14.18,-0.39541,0.083645,0.83107
74.227,0.711,0.883,1.534,14.19,-0.3936,0.085437,0.83235
74.277,0.711,0.883,1.534,14.2,-0.39167,0.087242,0.83345
74.332,0.711,0.883,1.534,14.21,-0.38946,0.089044,0.83449
74.382,0.666,0.879,1.538,14.22,-0.38736,0.090949,0.83555
74.437,0.666,0.879,1.538,14.23,-0.38513,0.09288,0.83651
74.487,0.666,0.879,1.538,14.24,-0.38302,0.094889,0.83755
74.542,0.666,0.879,1.538,14.25,-0.38073,0.096839,0.83857
74.592,0.666,0.879,1.538,14.26,-0.37828,0.098875,0.83963
74.647,0.666,0.879,1.538,14.27,-0.37612,0.10099,0.84064
74.697,0.64,0.915,1.528,14.28,-0.37393,0.10316,0.84186
74.752,0.64,0.915,1.528,14.29,-0.37163,0.10531,0.8429
74.802,0.64,0.915,1.528,14.3,-0.36915,0.10737,0.84387
74.857,0.64,0.915,1.528,14.31,-0.36677,0.1096,0.84491
74.912,0.64,0.915,1.528,14.32,-0.36432,0.11172,0.84589
74.962,0.661,0.95,1.516,14.33,-0.36185,0.1139,0.84681
75.017,0.661,0.95,1.516,14.34,-0.3593,0.11624,0.84773
75.067,0.661,0.95,1.516,14.35,-0.35661,0.11848,0.84856
75.122,0.661,0.95,1.516,14.36,-0.35411,0.12085,0.84951
75.172,0.661,0.95,1.516,14.37,-0.35163,0.12305,0.85052
75.227,0.661,0.95,1.516,14.38,-0.34893,0.12537,0.85136
75.277,0.639,0.915,1.556,14.39,-0.3463,0.12775,0.8522
75.332,0.639,0.915,1.556,14.4,-0.34351,0.13,0.85301
75.382,0.639,0.915,1.556,14.41,-0.34075,0.13243,0.85384
75.437,0.639,0.915,1.556,14.42,-0.33801,0.13479,0.85454
75.487,0.639,0.915,1.556,14.43,-0.33505,0.13713,0.8552
75.542,0.627,0.822,1.597,14.44,-0.33219,0.13951,0.85593
75.592,0.627,0.822,1.597,14.45,-0.32921,0.14197,0.85648
75.647,0.627,0.822,1.597,14.46,-0.32617,0.14443,0.8571
75.697,0.627,0.822,1.597,14.47,-0.32291,0.14674,0.85767
75.752,0.627,0.822,1.597,14.48,-0.31975,0.14922,0.85813
75.802,0.627,0.822,1.597,14.49,-0.31687,0.15185,0.85867
75.857,0.658,0.659,1.664,14.5,-0.31376,0.15439,0.85918
75.913,0.658,0.659,1.664,14.51,-0.31079,0.15683,0.85979
75.962,0.658,0.659,1.664,14.52,-0.30735,0.15929,0.86012
76.017,0.658,0.659,1.664,14.53,-0.30433,0.16189,0.86059
76.067,0.658,0.659,1.664,14.54,-0.30077,0.16438,0.86087
76.122,0.636,0.406,1.773,14.55,-0.29749,0.16698,0.86106
76.172,0.636,0.406,1.773,14.56,-0.29392,0.16954,0.86123
76.227,0.636,0.406,1.773,14.57,-0.29067,0.17211,0.86147
76.277,0.636,0.406,1.773,14.58,-0.28711,0.17476,0.86166
76.332,0.636,0.406,1.773,14.59,-0.28365,0.17727,0.86184
76.382,0.672,0.179,1.807,14.6,-0.2801,0.18008,0.86188
76.437,0.672,0.179,1.807,14.61,-0.27649,0.1826,0.86194
76.487,0.672,0.179,1.807,14.62,-0.27276,0.18544,0.86195
76.542,0.672,0.179,1.807,14.63,-0.26914,0.18805,0.86191
76.592,0.672,0.179,1.807,14.64,-0.26552,0.19095,0.8619
76.647,0.672,0.179,1.807,14.65,-0.2618,0.19349,0.86185
76.697,0.671,-0.04,1.832,14.66,-0.25796,0.19631,0.86168
76.752,0.671,-0.04,1.832,14.67,-0.25423,0.19882,0.8617
76.802,0.671,-0.04,1.832,14.68,-0.25052,0.20167,0.86152
76.858,0.671,-0.04,1.832,14.69,-0.24658,0.20413,0.86137
76.913,0.671,-0.04,1.832,14.7,-0.24264,0.20685,0.86124
76.963,0.63,-0.234,1.849,14.71,-0.23873,0.2094,0.86104
77.017,0.63,-0.234,1.849,14.72,-0.23476,0.21191,0.86076
77.068,0.63,-0.234,1.849,14.73,-0.23079,0.21441,0.86071
77.123,0.63,-0.234,1.849,14.74,-0.22681,0.21704,0.86041
77.173,0.63,-0.234,1.849,14.75,-0.22262,0.21968,0.86024
77.228,0.63,-0.234,1.849,14.76,-0.21856,0.2223,0.85993
77.278,0.528,-0.38,1.839,14.77,-0.21452,0.22483,0.85966
77.333,0.528,-0.38,1.839,14.78,-0.21038,0.22737,0.85938
77.383,0.528,-0.38,1.839,14.79,-0.20605,0.22984,0.85906
77.438,0.528,-0.38,1.839,14.8,-0.20228,0.23253,0.85876
77.488,0.528,-0.38,1.839,14.81,-0.19791,0.23494,0.8585
77.543,0.359,-0.503,1.878,14.82,-0.19362,0.23744,0.85817
77.593,0.359,-0.503,1.878,14.83,-0.18921,0.23992,0.8578
77.648,0.359,-0.503,1.878,14.84,-0.18505,0.24256,0.85742
77.698,0.359,-0.503,1.878,14.85,-0.18085,0.24512,0.85694
77.753,0.359,-0.503,1.878,14.86,-0.17664,0.24759,0.85663
77.803,0.359,-0.503,1.878,14.87,-0.17206,0.25019,0.85622
77.858,0.149,-0.585,1.913,14.88,-0.16768,0.25262,0.85574
77.913,0.149,-0.585,1.913,14.89,-0.16332,0.25536,0.85536
77.963,0.149,-0.585,1.913,14.9,-0.15878,0.25769,0.85502
78.018,0.149,-0.585,1.913,14.91,-0.15428,0.26053,0.85454
78.068,0.149,-0.585,1.913,14.92,-0.1497,0.26309,0.85409
78.123,-0.089,-0.613,1.943,14.93,-0.14522,0.26586,0.85365
78.173,-0.089,-0.613,1.943,14.94,-0.14063,0.26843,0.85318
78.228,-0.089,-0.613,1.943,14.95,-0.13606,0.27115,0.85266
78.278,-0.089,-0.613,1.943,14.96,-0.13153,0.27387,0.85215
78.333,-0.089,-0.613,1.943,14.97,-0.12674,0.27653,0.85159
78.383,-0.089,-0.613,1.943,14.98,-0.12214,0.27926,0.85104
78.438,-0.316,-0.593,1.958,14.99,-0.11744,0.28192,0.85052
78.488,-0.316,-0.593,1.958,15,-0.11273,0.28456,0.85004
78.543,-0.316,-0.593,1.958,15.01,-0.10801,0.28723,0.84945
78.593,-0.316,-0.593,1.958,15.02,-0.10325,0.28988,0.84889
78.648,-0.316,-0.593,1.958,15.03,-0.098727,0.29254,0.84831
78.698,-0.524,-0.527,1.92,15.04,-0.093933,0.295,0.8478
78.753,-0.524,-0.527,1.92,15.05,-0.089049,0.29759,0.8472
78.803,-0.524,-0.527,1.92,15.06,-0.084247,0.30015,0.84652
78.858,-0.524,-0.527,1.92,15.07,-0.079667,0.3028,0.84588
78.913,-0.524,-0.527,1.92,15.08,-0.074944,0.30541,0.84524
78.963,-0.524,-0.527,1.92,15.09,-0.070127,0.30792,0.84468
79.018,-0.693,-0.432,1.887,15.1,-0.06521,0.31068,0.84385
79.068,-0.693,-0.432,1.887,15.11,-0.060431,0.31325,0.84318
79.123,-0.693,-0.432,1.887,15.12,-0.055684,0.31597,0.8424
79.173,-0.693,-0.432,1.887,15.13,-0.050827,0.31861,0.84171
79.228,-0.693,-0.432,1.887,15.14,-0.046167,0.32132,0.84114
79.278,-0.834,-0.331,1.835,15.15,-0.041039,0.32392,0.84021
79.333,-0.834,-0.331,1.835,15.16,-0.036239,0.32661,0.83942
79.383,-0.834,-0.331,1.835,15.17,-0.031379,0.32924,0.83871
79.438,-0.834,-0.331,1.835,15.18,-0.026472,0.33191,0.83792
79.488,-0.834,-0.331,1.835,15.19,-0.021491,0.33459,0.83714
79.543,-0.834,-0.331,1.835,15.2,-0.016515,0.33718,0.83635
79.593,-0.955,-0.233,1.806,15.21,-0.011523,0.33989,0.83557
79.648,-0.955,-0.233,1.806,15.22,-0.006504,0.34238,0.83467
79.698,-0.955,-0.233,1.806,15.23,-0.001391,0.34497,0.83387
79.753,-0.955,-0.233,1.806,15.24,0.003502,0.34774,0.83305
79.803,-0.955,-0.233,1.806,15.25,0.008549,0.35037,0.83217
79.858,-1.037,-0.147,1.774,15.26,0.013654,0.35309,0.8313
79.912,-1.037,-0.147,1.774,15.27,0.018752,0.35563,0.83036
79.963,-1.037,-0.147,1.774,15.28,0.023884,0.35831,0.82943
80.018,-1.037,-0.147,1.774,15.29,0.028931,0.36097,0.82857
80.068,-1.037,-0.147,1.774,15.3,0.034066,0.36349,0.82767
80.123,-1.116,-0.074,1.784,15.31,0.039163,0.36629,0.82678
80.173,-1.116,-0.074,1.784,15.32,0.04442,0.36881,0.82583
80.228,-1.116,-0.074,1.784,15.33,0.049585,0.37141,0.82487
80.278,-1.116,-0.074,1.784,15.34,0.054774,0.37419,0.82383
80.333,-1.116,-0.074,1.784,15.35,0.059953,0.37679,0.82278
80.383,-1.116,-0.074,1.784,15.36,0.065121,0.37945,0.82174
80.438,-1.156,-0.003,1.795,15.37,0.070363,0.38208,0.82074
80.488,-1.156,-0.003,1.795,15.38,0.075517,0.38473,0.81975
80.543,-1.156,-0.003,1.795,15.39,0.080772,0.38726,0.81888
80.593,-1.156,-0.003,1.795,15.4,0.085914,0.38995,0.81783
80.648,-1.156,-0.003,1.795,15.41,0.09111,0.39248,0.81677
80.698,-1.156,-0.003,1.795,15.42,0.096421,0.39506,0.81568
80.753,-1.169,0.076,1.801,15.43,0.10171,0.39747,0.81469
80.803,-1.169,0.076,1.801,15.44,0.10702,0.39993,0.81374
80.858,-1.169,0.076,1.801,15.45,0.11227,0.40252,0.81265
80.913,-1.169,0.076,1.801,15.46,0.11763,0.40491,0.81162
80.963,-1.169,0.076,1.801,15.47,0.12296,0.4072,0.81065
81.018,-1.179,0.164,1.879,15.48,NaN,NaN,NaN
81.068,-1.179,0.164,1.879,15.49,NaN,NaN,NaN
81.123,-1.179,0.164,1.879,15.5,NaN,NaN,NaN
81.173,-1.179,0.164,1.879,15.51,NaN,NaN,NaN
81.228,-1.179,0.164,1.879,15.52,NaN,NaN,NaN
81.278,-1.153,0.266,1.903,15.53,NaN,NaN,NaN
81.333,-1.153,0.266,1.903,15.54,NaN,NaN,NaN
81.383,-1.153,0.266,1.903,15.55,NaN,NaN,NaN
81.438,-1.153,0.266,1.903,15.56,NaN,NaN,NaN
81.488,-1.153,0.266,1.903,15.57,NaN,NaN,NaN
81.544,-1.153,0.266,1.903,15.58,NaN,NaN,NaN
81.594,-1.116,0.374,1.955,15.59,NaN,NaN,NaN
81.649,-1.116,0.374,1.955,15.6,NaN,NaN,NaN
81.699,-1.116,0.374,1.955,15.61,NaN,NaN,NaN
81.754,-1.116,0.374,1.955,15.62,NaN,NaN,NaN
81.804,-1.116,0.374,1.955,15.63,NaN,NaN,NaN
81.859,-1.06,0.485,1.998,15.64,NaN,NaN,NaN
81.912,-1.06,0.485,1.998,15.65,NaN,NaN,NaN
81.959,-1.06,0.485,1.998,15.66,NaN,NaN,NaN
82.013,-1.06,0.485,1.998,15.67,NaN,NaN,NaN
82.064,-1.06,0.485,1.998,15.68,NaN,NaN,NaN
82.115,-1.06,0.485,1.998,15.69,NaN,NaN,NaN
82.164,-0.97,0.572,2.01,15.7,NaN,NaN,NaN
82.215,-0.97,0.572,2.01,15.71,NaN,NaN,NaN
82.264,-0.97,0.572,2.01,15.72,NaN,NaN,NaN
82.315,-0.97,0.572,2.01,15.73,NaN,NaN,NaN
82.364,-0.97,0.572,2.01,15.74,NaN,NaN,NaN
82.415,-0.97,0.572,2.01,15.75,NaN,NaN,NaN
82.464,-0.868,0.634,2.014,15.76,NaN,NaN,NaN
82.515,-0.868,0.634,2.014,15.77,NaN,NaN,NaN
82.564,-0.868,0.634,2.014,15.78,NaN,NaN,NaN
82.615,-0.868,0.634,2.014,15.79,NaN,NaN,NaN
82.664,-0.868,0.634,2.014,15.8,NaN,NaN,NaN
82.715,-0.76,0.664,2.056,15.81,0.30559,0.48001,0.7769
82.764,-0.76,0.664,2.056,15.82,0.31065,0.48201,0.77575
82.815,-0.76,0.664,2.056,15.83,0.31571,0.48399,0.77471
82.864,-0.76,0.664,2.056,15.84,0.32077,0.48588,0.7737
82.915,-0.76,0.664,2.056,15.85,0.32578,0.48775,0.77265
82.964,-0.76,0.664,2.056,15.86,0.33072,0.48965,0.77151
83.015,-0.76,0.664,2.056,15.87,0.33553,0.49151,0.77042
83.064,-0.76,0.664,2.056,15.88,0.34037,0.49344,0.76927
83.115,-0.76,0.664,2.056,15.89,0.34531,0.49527,0.76828
83.164,-0.76,0.664,2.056,15.9,0.34994,0.497,0.76726
83.215,-0.76,0.664,2.056,15.91,0.35464,0.49879,0.76618
83.264,-0.76,0.664,2.056,15.92,0.35909,0.50069,0.76499
83.315,-0.527,0.666,2.038,15.93,0.36384,0.50243,0.76398
83.364,-0.527,0.666,2.038,15.94,0.36829,0.50406,0.76302
83.415,-0.527,0.666,2.038,15.95,0.37269,0.50591,0.76211
83.464,-0.527,0.666,2.038,15.96,0.37704,0.50755,0.7611
83.515,-0.527,0.666,2.038,15.97,0.38134,0.50899,0.76028
83.564,-0.527,0.666,2.038,15.98,0.3856,0.51044,0.75961
83.615,-0.409,0.654,2.029,15.99,0.3898,0.51189,0.75877
83.664,-0.409,0.654,2.029,16,0.3941,0.51313,0.75795
83.715,-0.409,0.654,2.029,16.01,0.39812,0.51458,0.75746
83.764,-0.409,0.654,2.029,16.02,0.40217,0.51569,0.7569
83.815,-0.409,0.654,2.029,16.03,0.40623,0.51685,0.75652
83.864,-0.409,0.654,2.029,16.04,0.41023,0.51787,0.75617
83.915,-0.294,0.625,1.975,16.05,0.41422,0.5187,0.75587
83.964,-0.294,0.625,1.975,16.06,0.41806,0.5197,0.7557
84.015,-0.294,0.625,1.975,16.07,0.42196,0.52068,0.7552
84.064,-0.294,0.625,1.975,16.08,0.42573,0.52158,0.75494
84.115,-0.294,0.625,1.975,16.09,0.42928,0.52235,0.75477
84.164,-0.167,0.569,1.935,16.1,0.43295,0.52327,0.75464
84.215,-0.167,0.569,1.935,16.11,0.43642,0.52396,0.75457
84.264,-0.167,0.569,1.935,16.12,0.43986,0.52458,0.75444
84.315,-0.167,0.569,1.935,16.13,0.44323,0.52526,0.75439
84.364,-0.167,0.569,1.935,16.14,0.44646,0.52604,0.75432
84.415,-0.167,0.569,1.935,16.15,0.44971,0.52659,0.75425
84.464,-0.038,0.47,1.948,16.16,0.45288,0.52736,0.75414
84.515,-0.038,0.47,1.948,16.17,0.45593,0.52798,0.75405
84.564,-0.038,0.47,1.948,16.18,0.45887,0.52866,0.75405
84.615,-0.038,0.47,1.948,16.19,0.46177,0.52932,0.75409
84.664,-0.038,0.47,1.948,16.2,0.46448,0.52999,0.7541
84.715,-0.038,0.47,1.948,16.21,0.46725,0.53056,0.75407
84.764,0.086,0.327,1.936,16.22,0.4699,0.53117,0.75405
84.815,0.086,0.327,1.936,16.23,0.47242,0.53181,0.75406
84.864,0.086,0.327,1.936,16.24,0.47485,0.53208,0.75434
84.915,0.086,0.327,1.936,16.25,0.47714,0.53253,0.75423
84.964,0.086,0.327,1.936,16.26,0.47944,0.53281,0.7545
85.015,0.086,0.327,1.936,16.27,0.48167,0.53302,0.7547
85.064,0.214,0.154,1.918,16.28,0.48379,0.53318,0.75491
85.115,0.214,0.154,1.918,16.29,0.48569,0.53327,0.75509
85.164,0.214,0.154,1.918,16.3,0.48761,0.53337,0.75534
85.215,0.214,0.154,1.918,16.31,0.48949,0.53338,0.75552
85.264,0.214,0.154,1.918,16.32,0.4912,0.53337,0.75576
85.315,0.335,-0.018,1.836,16.33,0.49272,0.5334,0.75598
85.364,0.335,-0.018,1.836,16.34,0.49429,0.5334,0.75619
85.415,0.335,-0.018,1.836,16.35,0.49583,0.53321,0.75634
85.464,0.335,-0.018,1.836,16.36,0.49726,0.53283,0.75659
85.515,0.335,-0.018,1.836,16.37,0.49862,0.53252,0.75689
85.564,0.335,-0.018,1.836,16.38,0.49985,0.5322,0.75714
85.615,0.41,-0.198,1.794,16.39,0.50113,0.53167,0.75739
85.664,0.41,-0.198,1.794,16.4,0.50212,0.53141,0.75762
85.715,0.41,-0.198,1.794,16.41,0.50309,0.53088,0.75784
85.764,0.41,-0.198,1.794,16.42,0.50396,0.53037,0.758
85.815,0.41,-0.198,1.794,16.43,0.50481,0.52977,0.7581
85.864,0.41,-0.198,1.794,16.44,0.50559,0.52921,0.75824
85.915,0.462,-0.343,1.772,16.45,0.50629,0.52856,0.75839
85.964,0.462,-0.343,1.772,16.46,0.50689,0.52792,0.75854
86.015,0.462,-0.343,1.772,16.47,0.50757,0.52721,0.75864
86.064,0.462,-0.343,1.772,16.48,0.50809,0.52673,0.75867
86.115,0.462,-0.343,1.772,16.49,0.50845,0.52578,0.75893
86.164,0.462,-0.343,1.772,16.5,0.50885,0.5249,0.75912
86.215,0.469,-0.408,1.698,16.51,0.50916,0.52416,0.75922
86.265,0.469,-0.408,1.698,16.52,0.50939,0.5234,0.75929
86.315,0.469,-0.408,1.698,16.53,0.50958,0.52264,0.75935
86.365,0.469,-0.408,1.698,16.54,0.50963,0.52183,0.75941
86.415,0.469,-0.408,1.698,16.55,0.50963,0.52099,0.75946
86.465,0.422,-0.449,1.689,16.56,0.50954,0.52014,0.7595
86.515,0.422,-0.449,1.689,16.57,0.50942,0.5192,0.7596
86.565,0.422,-0.449,1.689,16.58,0.50916,0.51817,0.75964
86.615,0.422,-0.449,1.689,16.59,0.50883,0.51713,0.75968
86.665,0.422,-0.449,1.689,16.6,0.50838,0.51593,0.75971
86.715,0.422,-0.449,1.689,16.61,0.50793,0.51486,0.75964
86.765,0.372,-0.407,1.656,16.62,0.50725,0.51348,0.75984
86.815,0.372,-0.407,1.656,16.63,0.50645,0.5124,0.75989
86.865,0.372,-0.407,1.656,16.64,0.50555,0.51123,0.75999
86.915,0.372,-0.407,1.656,16.65,0.50455,0.50988,0.76005
86.965,0.372,-0.407,1.656,16.66,0.50354,0.50868,0.76009
87.015,0.372,-0.407,1.656,16.67,0.50231,0.50748,0.7601
87.065,0.328,-0.311,1.597,16.68,0.50097,0.50617,0.76012
87.115,0.328,-0.311,1.597,16.69,0.49942,0.50478,0.76012
87.165,0.328,-0.311,1.597,16.7,0.49786,0.50337,0.76014
87.215,0.328,-0.311,1.597,16.71,0.49617,0.50203,0.76017
87.265,0.328,-0.311,1.597,16.72,0.49436,0.50065,0.76016
87.315,0.328,-0.311,1.597,16.73,0.4924,0.49922,0.76021
87.365,0.289,-0.209,1.626,16.74,0.49038,0.49787,0.76034
87.42,0.289,-0.209,1.626,16.75,0.48821,0.49651,0.76044
87.47,0.289,-0.209,1.626,16.76,0.48596,0.49501,0.76055
87.525,0.289,-0.209,1.626,16.77,0.48355,0.49367,0.76069
87.575,0.289,-0.209,1.626,16.78,0.48124,0.49204,0.76092
87.63,0.258,-0.045,1.619,16.79,0.47888,0.4904,0.76114
87.68,0.258,-0.045,1.619,16.8,0.47635,0.48892,0.7615
87.735,0.258,-0.045,1.619,16.81,0.4737,0.48748,0.76183
87.785,0.258,-0.045,1.619,16.82,0.47097,0.48596,0.76216
87.84,0.258,-0.045,1.619,16.83,0.46819,0.48448,0.7625
87.89,0.258,-0.045,1.619,16.84,0.46541,0.48285,0.76304
87.945,0.232,0.101,1.657,16.85,0.46252,0.48114,0.76362
87.995,0.232,0.101,1.657,16.86,0.45958,0.47968,0.76389
88.05,0.232,0.101,1.657,16.87,0.4564,0.47831,0.76443
88.1,0.232,0.101,1.657,16.88,0.45323,0.47667,0.76498
88.155,0.232,0.101,1.657,16.89,0.45001,0.47507,0.76555
88.21,0.181,0.239,1.722,16.9,0.4467,0.47342,0.7661
88.26,0.181,0.239,1.722,16.91,0.44327,0.47184,0.76666
88.315,0.181,0.239,1.722,16.92,0.43977,0.47018,0.76713
88.365,0.181,0.239,1.722,16.93,0.4361,0.4684,0.76782
88.42,0.181,0.239,1.722,16.94,0.43234,0.46667,0.76836
88.47,0.181,0.239,1.722,16.95,0.42855,0.46509,0.76883
88.525,0.116,0.351,1.767,16.96,0.42464,0.46335,0.76941
88.575,0.116,0.351,1.767,16.97,0.42054,0.46161,0.76999
88.63,0.116,0.351,1.767,16.98,0.41638,0.45966,0.77054
88.68,0.116,0.351,1.767,16.99,0.41212,0.45799,0.77113
88.735,0.116,0.351,1.767,17,0.40771,0.45615,0.77169
88.785,0.033,0.422,1.853,17.01,0.40334,0.45441,0.7722
88.84,0.033,0.422,1.853,17.02,0.39877,0.45265,0.7726
88.89,0.033,0.422,1.853,17.03,0.39404,0.45083,0.77317
88.945,0.033,0.422,1.853,17.04,0.38934,0.44893,0.77371
88.995,0.033,0.422,1.853,17.05,0.38453,0.44703,0.77414
89.05,-0.076,0.486,1.884,17.06,0.37962,0.44514,0.77455
89.1,-0.076,0.486,1.884,17.07,0.37457,0.44338,0.77492
89.155,-0.076,0.486,1.884,17.08,0.36942,0.4415,0.77534
89.211,-0.076,0.486,1.884,17.09,0.3642,0.43943,0.77581
89.26,-0.076,0.486,1.884,17.1,0.3589,0.43755,0.77626
89.315,-0.076,0.486,1.884,17.11,0.35361,0.43557,0.77662
89.365,-0.187,0.541,1.882,17.12,0.34813,0.43374,0.77704
89.42,-0.187,0.541,1.882,17.13,0.34268,0.43171,0.77731
89.47,-0.187,0.541,1.882,17.14,0.33716,0.42984,0.77765
89.525,-0.187,0.541,1.882,17.15,0.33163,0.42797,0.77796
89.575,-0.187,0.541,1.882,17.16,0.32595,0.42596,0.77832
89.63,-0.296,0.602,1.897,17.17,NaN,NaN,NaN
89.68,-0.296,0.602,1.897,17.18,NaN,NaN,NaN
89.735,-0.296,0.602,1.897,17.19,NaN,NaN,NaN
89.785,-0.296,0.602,1.897,17.2,NaN,NaN,NaN
89.84,-0.296,0.602,1.897,17.21,NaN,NaN,NaN
89.89,-0.296,0.602,1.897,17.22,0.29135,0.4151,0.78015
89.945,-0.401,0.665,1.927,17.23,NaN,NaN,NaN
89.995,-0.401,0.665,1.927,17.24,0.27966,0.41153,0.78083
90.05,-0.401,0.665,1.927,17.25,NaN,NaN,NaN
90.1,-0.401,0.665,1.927,17.26,0.26787,0.40773,0.78136
90.155,-0.401,0.665,1.927,17.27,NaN,NaN,NaN
90.211,-0.492,0.732,1.91,17.28,0.25564,0.40416,0.78178
90.26,-0.492,0.732,1.91,17.29,NaN,NaN,NaN
90.315,-0.492,0.732,1.91,17.3,0.24335,0.40059,0.78245
90.365,-0.492,0.732,1.91,17.31,NaN,NaN,NaN
90.42,-0.492,0.732,1.91,17.32,0.23082,0.39685,0.78281
90.47,-0.492,0.732,1.91,17.33,NaN,NaN,NaN
90.525,-0.576,0.796,1.909,17.34,0.21859,0.3929,0.78334
90.576,-0.576,0.796,1.909,17.35,NaN,NaN,NaN
90.631,-0.576,0.796,1.909,17.36,0.20543,0.38954,0.78372
90.68,-0.576,0.796,1.909,17.37,NaN,NaN,NaN
90.735,-0.576,0.796,1.909,17.38,0.19283,0.3858,0.78429
90.786,-0.639,0.846,1.845,17.39,NaN,NaN,NaN
90.841,-0.639,0.846,1.845,17.4,0.18017,0.38215,0.78458
90.891,-0.639,0.846,1.845,17.41,0.17374,0.38021,0.78485
90.946,-0.639,0.846,1.845,17.42,0.16737,0.37847,0.78504
90.996,-0.639,0.846,1.845,17.43,0.16126,0.37666,0.78514
91.051,-0.639,0.846,1.845,17.44,0.15474,0.37504,0.78535
91.101,-0.699,0.87,1.789,17.45,0.14863,0.37308,0.78557
91.156,-0.699,0.87,1.789,17.46,0.14236,0.37131,0.7858
91.211,-0.699,0.87,1.789,17.47,0.13563,0.36984,0.78612
91.261,-0.699,0.87,1.789,17.48,0.12951,0.3681,0.78634
91.316,-0.699,0.87,1.789,17.49,0.12346,0.36623,0.78657
91.366,-0.758,0.866,1.755,17.5,0.11707,0.36477,0.78692
91.421,-0.758,0.866,1.755,17.51,0.11103,0.36323,0.78705
91.471,-0.758,0.866,1.755,17.52,0.10514,0.36178,0.78724
91.526,-0.758,0.866,1.755,17.53,0.099329,0.36017,0.78764
91.576,-0.758,0.866,1.755,17.54,0.093517,0.35877,0.78796
91.631,-0.758,0.866,1.755,17.55,0.087903,0.35757,0.78826
91.681,-0.798,0.82,1.683,17.56,0.082149,0.35641,0.78853
91.736,-0.798,0.82,1.683,17.57,0.076668,0.35534,0.78881
91.786,-0.798,0.82,1.683,17.58,0.071296,0.35402,0.78909
91.841,-0.798,0.82,1.683,17.59,0.066066,0.35304,0.78943
91.891,-0.798,0.82,1.683,17.6,0.060711,0.35211,0.78961
91.946,-0.849,0.721,1.67,17.61,0.055548,0.35119,0.78986
91.996,-0.849,0.721,1.67,17.62,0.050359,0.3503,0.79015
92.051,-0.849,0.721,1.67,17.63,0.045046,0.34952,0.79038
92.101,-0.849,0.721,1.67,17.64,0.039575,0.3488,0.79068
92.156,-0.849,0.721,1.67,17.65,0.03464,0.3478,0.79088
92.211,-0.849,0.721,1.67,17.66,0.029202,0.34702,0.79118
92.261,-0.875,0.57,1.663,17.67,0.024093,0.34618,0.7914
92.316,-0.875,0.57,1.663,17.68,0.019034,0.34534,0.7916
92.366,-0.875,0.57,1.663,17.69,0.014015,0.34438,0.7918
92.421,-0.875,0.57,1.663,17.7,0.008806,0.34363,0.7922
92.471,-0.875,0.57,1.663,17.71,0.003653,0.34297,0.79258
92.526,-0.881,0.372,1.653,17.72,-0.001269,0.34194,0.79285
92.576,-0.881,0.372,1.653,17.73,-0.00633,0.34104,0.79308
92.631,-0.881,0.372,1.653,17.74,-0.011398,0.34044,0.79335
92.681,-0.881,0.372,1.653,17.75,-0.016215,0.33942,0.79358
92.736,-0.881,0.372,1.653,17.76,-0.021047,0.33856,0.79378
92.786,-0.881,0.372,1.653,17.77,-0.025941,0.33793,0.79407
92.841,-0.87,0.147,1.664,17.78,-0.030754,0.33721,0.79438
92.891,-0.87,0.147,1.664,17.79,-0.035167,0.3363,0.7946
92.946,-0.87,0.147,1.664,17.8,-0.039887,0.3356,0.79484
92.996,-0.87,0.147,1.664,17.81,-0.044437,0.33506,0.79498
93.051,-0.87,0.147,1.664,17.82,-0.048825,0.3346,0.79508
93.101,-0.83,-0.071,1.683,17.83,-0.053202,0.33405,0.79514
93.156,-0.83,-0.071,1.683,17.84,-0.057394,0.33363,0.79517
93.211,-0.83,-0.071,1.683,17.85,-0.06161,0.33331,0.79527
93.261,-0.83,-0.071,1.683,17.86,-0.06573,0.33299,0.79534
93.316,-0.83,-0.071,1.683,17.87,-0.069609,0.33272,0.79537
93.366,-0.756,-0.275,1.695,17.88,-0.073594,0.33248,0.79535
93.421,-0.756,-0.275,1.695,17.89,-0.077551,0.33227,0.79546
93.471,-0.756,-0.275,1.695,17.9,-0.081247,0.33222,0.79552
93.526,-0.756,-0.275,1.695,17.91,-0.084933,0.33217,0.79552
93.576,-0.756,-0.275,1.695,17.92,-0.088548,0.33205,0.79545
93.631,-0.756,-0.275,1.695,17.93,-0.092062,0.33204,0.79537
93.681,-0.656,-0.446,1.704,17.94,-0.095523,0.33203,0.79542
93.736,-0.656,-0.446,1.704,17.95,-0.099012,0.33204,0.79531
93.786,-0.656,-0.446,1.704,17.96,-0.10249,0.33218,0.79515
93.841,-0.656,-0.446,1.704,17.97,-0.1058,0.33215,0.79503
93.891,-0.656,-0.446,1.704,17.98,-0.10903,0.33213,0.79492
93.946,-0.545,-0.59,1.712,17.99,-0.11221,0.33218,0.79482
93.996,-0.545,-0.59,1.712,18,-0.11537,0.33223,0.79464
94.051,-0.545,-0.59,1.712,18.01,-0.11846,0.33228,0.79458
94.101,-0.545,-0.59,1.712,18.02,-0.12144,0.33233,0.79458
94.156,-0.545,-0.59,1.712,18.03,-0.12438,0.33232,0.79458
94.212,-0.545,-0.59,1.712,18.04,-0.12724,0.33242,0.79436
94.261,-0.422,-0.703,1.711,18.05,-0.13006,0.33241,0.79424
94.316,-0.422,-0.703,1.711,18.06,-0.13291,0.33244,0.79408
94.366,-0.422,-0.703,1.711,18.07,-0.13568,0.33263,0.79395
94.421,-0.422,-0.703,1.711,18.08,-0.13834,0.33274,0.79382
94.471,-0.422,-0.703,1.711,18.09,-0.141,0.33287,0.7936
94.526,-0.316,-0.769,1.699,18.1,-0.14349,0.33295,0.79347
94.576,-0.316,-0.769,1.699,18.11,-0.14596,0.33308,0.79334
94.631,-0.316,-0.769,1.699,18.12,-0.14847,0.33325,0.79321
94.681,-0.316,-0.769,1.699,18.13,-0.15085,0.33354,0.79305
94.736,-0.316,-0.769,1.699,18.14,-0.15308,0.33382,0.79279
94.786,-0.316,-0.769,1.699,18.15,-0.15553,0.33416,0.7924
94.841,-0.316,-0.769,1.699,18.16,-0.15764,0.33446,0.79207
94.891,-0.316,-0.769,1.699,18.17,-0.15978,0.33476,0.79177
94.946,-0.316,-0.769,1.699,18.18,-0.16189,0.3351,0.7915
94.996,-0.316,-0.769,1.699,18.19,-0.1641,0.33547,0.79126
95.051,-0.316,-0.769,1.699,18.2,-0.16634,0.33598,0.79087
95.101,-0.207,-0.764,1.672,18.21,-0.16829,0.3363,0.79042
95.156,-0.207,-0.764,1.672,18.22,NaN,NaN,NaN
95.212,-0.207,-0.764,1.672,18.23,NaN,NaN,NaN
95.261,-0.207,-0.764,1.672,18.24,NaN,NaN,NaN
95.316,-0.207,-0.764,1.672,18.25,NaN,NaN,NaN
95.366,-0.207,-0.764,1.672,18.26,NaN,NaN,NaN
95.421,-0.114,-0.707,1.662,18.27,NaN,NaN,NaN
95.472,-0.114,-0.707,1.662,18.28,NaN,NaN,NaN
95.527,-0.114,-0.707,1.662,18.29,NaN,NaN,NaN
95.577,-0.114,-0.707,1.662,18.3,NaN,NaN,NaN
95.632,-0.114,-0.707,1.662,18.31,NaN,NaN,NaN
95.682,-0.029,-0.608,1.623,18.32,NaN,NaN,NaN
95.737,-0.029,-0.608,1.623,18.33,-0.19105,0.33952,0.78588
95.787,-0.029,-0.608,1.623,18.34,NaN,NaN,NaN
95.842,-0.029,-0.608,1.623,18.35,-0.19417,0.34004,0.78517
95.892,-0.029,-0.608,1.623,18.36,NaN,NaN,NaN
95.947,-0.029,-0.608,1.623,18.37,-0.19715,0.34066,0.78427
95.997,0.051,-0.496,1.616,18.38,NaN,NaN,NaN
96.052,0.051,-0.496,1.616,18.39,-0.19973,0.34109,0.78358
96.102,0.051,-0.496,1.616,18.4,NaN,NaN,NaN
96.157,0.051,-0.496,1.616,18.41,-0.20234,0.34164,0.78275
96.212,0.051,-0.496,1.616,18.42,NaN,NaN,NaN
96.262,0.137,-0.381,1.589,18.43,-0.20464,0.34226,0.7819
96.317,0.137,-0.381,1.589,18.44,NaN,NaN,NaN
96.367,0.137,-0.381,1.589,18.45,-0.20678,0.34297,0.78097
96.422,0.137,-0.381,1.589,18.46,NaN,NaN,NaN
96.472,0.137,-0.381,1.589,18.47,-0.20865,0.34405,0.78009
96.527,0.137,-0.381,1.589,18.48,NaN,NaN,NaN
96.577,0.225,-0.264,1.579,18.49,-0.21038,0.34525,0.7791
96.632,0.225,-0.264,1.579,18.5,NaN,NaN,NaN
96.682,0.225,-0.264,1.579,18.51,-0.21164,0.34659,0.77797
96.737,0.225,-0.264,1.579,18.52,NaN,NaN,NaN
96.787,0.225,-0.264,1.579,18.53,-0.21279,0.3482,0.77688
96.842,0.291,-0.144,1.589,18.54,NaN,NaN,NaN
96.892,0.291,-0.144,1.589,18.55,-0.21363,0.34989,0.77581
96.947,0.291,-0.144,1.589,18.56,NaN,NaN,NaN
96.997,0.291,-0.144,1.589,18.57,-0.21432,0.35163,0.77463
97.052,0.291,-0.144,1.589,18.58,NaN,NaN,NaN
97.102,0.291,-0.144,1.589,18.59,-0.21477,0.35355,0.77342
97.157,0.416,-0.002,1.571,18.6,NaN,NaN,NaN
97.212,0.416,-0.002,1.571,18.61,-0.21493,0.35549,0.7722
97.262,0.416,-0.002,1.571,18.62,NaN,NaN,NaN
97.317,0.416,-0.002,1.571,18.63,-0.21459,0.35759,0.77091
97.367,0.416,-0.002,1.571,18.64,NaN,NaN,NaN
97.422,0.541,0.137,1.61,18.65,-0.21411,0.3596,0.76956
97.472,0.541,0.137,1.61,18.66,NaN,NaN,NaN
97.527,0.541,0.137,1.61,18.67,-0.21359,0.36184,0.76818
97.577,0.541,0.137,1.61,18.68,NaN,NaN,NaN
97.632,0.541,0.137,1.61,18.69,-0.2127,0.36402,0.76691
97.682,0.688,-0.276,1.64,18.7,NaN,NaN,NaN
97.737,0.688,0.276,1.64,18.71,-0.21161,0.36654,0.76567
97.787,0.688,0.276,1.64,18.72,NaN,NaN,NaN
97.842,0.688,0.276,1.64,18.73,-0.21019,0.36899,0.76443
97.892,0.688,0.276,1.64,18.74,NaN,NaN,NaN
97.947,0.688,0.276,1.64,18.75,-0.20826,0.3715,0.76319
97.997,0.892,0.417,1.683,18.76,NaN,NaN,NaN
98.052,0.892,0.417,1.683,18.77,-0.20641,0.37421,0.76204
98.102,0.892,0.417,1.683,18.78,NaN,NaN,NaN
98.157,0.892,0.417,1.683,18.79,-0.20415,0.37707,0.76079
98.212,0.892,0.417,1.683,18.8,NaN,NaN,NaN
98.262,1.062,0.551,1.703,18.81,-0.20167,0.38012,0.75963
98.317,1.062,0.551,1.703,18.82,NaN,NaN,NaN
98.367,1.062,0.551,1.703,18.83,-0.19888,0.38354,0.75814
98.422,1.062,0.551,1.703,18.84,NaN,NaN,NaN
98.472,1.062,0.551,1.703,18.85,-0.19579,0.38706,0.75684
98.527,1.062,0.551,1.703,18.86,NaN,NaN,NaN
98.577,1.225,0.662,1.726,18.87,-0.19248,0.39083,0.7554
98.632,1.225,0.662,1.726,18.88,NaN,NaN,NaN
98.682,1.225,0.662,1.726,18.89,-0.1887,0.39466,0.75395
98.737,1.225,0.662,1.726,18.9,NaN,NaN,NaN
98.787,1.225,0.662,1.726,18.91,-0.18474,0.39898,0.75226
98.842,1.365,0.767,1.752,18.92,NaN,NaN,NaN
98.892,1.365,0.767,1.752,18.93,-0.18049,0.40326,0.75076
98.947,1.365,0.767,1.752,18.94,NaN,NaN,NaN
98.997,1.365,0.767,1.752,18.95,-0.17589,0.40786,0.74909
99.052,1.365,0.767,1.752,18.96,NaN,NaN,NaN
99.102,1.365,0.767,1.752,18.97,-0.17107,0.41262,0.7475
99.157,1.466,0.853,1.777,18.98,NaN,NaN,NaN
99.212,1.466,0.853,1.777,18.99,-0.166,0.41758,0.74575
99.262,1.466,0.853,1.777,19,NaN,NaN,NaN
99.317,1.466,0.853,1.777,19.01,-0.1605,0.42274,0.74387
99.367,1.466,0.853,1.777,19.02,NaN,NaN,NaN
99.422,1.509,0.918,1.793,19.03,-0.15483,0.42796,0.74224
99.472,1.509,0.918,1.793,19.04,NaN,NaN,NaN
99.527,1.509,0.918,1.793,19.05,-0.14863,0.43343,0.74022
99.577,1.509,0.918,1.793,19.06,NaN,NaN,NaN
99.632,1.509,0.918,1.793,19.07,-0.14229,0.43902,0.7384
99.682,1.509,0.918,1.793,19.08,NaN,NaN,NaN
99.737,1.485,0.974,1.819,19.09,-0.1356,0.44471,0.73633
99.787,1.485,0.974,1.819,19.1,NaN,NaN,NaN
99.842,1.485,0.974,1.819,19.11,-0.12884,0.4507,0.73441
99.892,1.485,0.974,1.819,19.12,NaN,NaN,NaN
99.947,1.485,0.974,1.819,19.13,-0.12175,0.45677,0.73255
99.998,1.411,1.028,1.802,19.14,NaN,NaN,NaN
100.05,1.411,1.028,1.802,19.15,-0.11427,0.463,0.73036
100.1,1.411,1.028,1.802,19.16,NaN,NaN,NaN
100.16,1.411,1.028,1.802,19.17,-0.10682,0.46932,0.72843
100.21,1.411,1.028,1.802,19.18,NaN,NaN,NaN
100.26,1.411,1.028,1.802,19.19,-0.098902,0.47573,0.72636
100.32,1.28,1.08,1.807,19.2,NaN,NaN,NaN
100.37,1.28,1.08,1.807,19.21,-0.090893,0.48251,0.72442
100.42,1.28,1.08,1.807,19.22,NaN,NaN,NaN
100.47,1.28,1.08,1.807,19.23,-0.082624,0.48941,0.72229
100.52,1.28,1.08,1.807,19.24,NaN,NaN,NaN
100.57,1.153,1.138,1.841,19.25,-0.074052,0.49632,0.72004
100.62,1.153,1.138,1.841,19.26,NaN,NaN,NaN
100.67,1.153,1.138,1.841,19.27,-0.065259,0.50341,0.71788
100.72,1.153,1.138,1.841,19.28,-0.060702,0.50704,0.71674
100.77,1.153,1.138,1.841,19.29,-0.056193,0.51077,0.71562
100.82,1.153,1.138,1.841,19.3,NaN,NaN,NaN
100.87,0.991,1.213,1.831,19.31,NaN,NaN,NaN
100.92,0.991,1.213,1.831,19.32,NaN,NaN,NaN
100.97,0.991,1.213,1.831,19.33,NaN,NaN,NaN
101.02,0.991,1.213,1.831,19.34,NaN,NaN,NaN
101.07,0.991,1.213,1.831,19.35,NaN,NaN,NaN
101.12,0.991,1.213,1.831,19.36,NaN,NaN,NaN
101.17,0.799,1.276,1.861,19.37,NaN,NaN,NaN
101.22,0.799,1.276,1.861,19.38,NaN,NaN,NaN
101.27,0.799,1.276,1.861,19.39,NaN,NaN,NaN
101.32,0.799,1.276,1.861,19.4,NaN,NaN,NaN
101.37,0.799,1.276,1.861,19.41,NaN,NaN,NaN
101.42,0.799,1.276,1.861,19.42,NaN,NaN,NaN
101.47,0.568,1.294,1.858,19.43,NaN,NaN,NaN
101.52,0.568,1.294,1.858,19.44,0.016872,0.56961,0.69765
101.57,0.568,1.294,1.858,19.45,0.02208,0.57369,0.6965
101.62,0.568,1.294,1.858,19.46,0.027324,0.57778,0.69536
101.67,0.568,1.294,1.858,19.47,0.032669,0.58205,0.6942
101.72,0.256,1.265,1.835,19.48,0.037986,0.58619,0.69307
101.77,0.256,1.265,1.835,19.49,0.043358,0.59044,0.69184
101.82,0.256,1.265,1.835,19.5,0.048685,0.59473,0.69066
101.87,0.256,1.265,1.835,19.51,0.054009,0.59899,0.68941
101.92,0.256,1.265,1.835,19.52,0.059388,0.60334,0.68873
101.97,0.256,1.265,1.835,19.53,0.064669,0.60772,0.6875
102.02,0.256,1.265,1.835,19.54,0.070037,0.61204,0.68628
102.07,0.256,1.265,1.835,19.55,0.075452,0.61617,0.68485
102.12,0.256,1.265,1.835,19.56,0.080756,0.62041,0.68404
102.17,0.256,1.265,1.835,19.57,0.085951,0.62469,0.68286
102.22,0.256,1.265,1.835,19.58,0.091262,0.62903,0.68171
102.27,0.256,1.265,1.835,19.59,0.096505,0.63326,0.68076
102.32,-0.364,0.952,1.835,19.6,0.10212,0.63722,0.67989
102.37,-0.364,0.952,1.835,19.61,0.10709,0.64182,0.67866
102.42,-0.364,0.952,1.835,19.62,0.11219,0.64619,0.67755
102.47,-0.364,0.952,1.835,19.63,0.11746,0.65036,0.67637
102.52,-0.364,0.952,1.835,19.64,0.12264,0.65463,0.67534
102.57,-0.364,0.952,1.835,19.65,0.12797,0.65885,0.67423
102.62,-0.615,0.708,1.846,19.66,0.1337,0.66286,0.67336
102.67,-0.615,0.708,1.846,19.67,0.13853,0.66749,0.67248
102.72,-0.615,0.708,1.846,19.68,0.14382,0.67183,0.67135
102.77,-0.615,0.708,1.846,19.69,0.14921,0.67625,0.67031
102.82,-0.615,0.708,1.846,19.7,0.15453,0.68062,0.66939
102.87,-0.78,0.445,1.929,19.71,0.1599,0.68503,0.66843
102.92,-0.78,0.445,1.929,19.72,0.16495,0.68963,0.66762
102.97,-0.78,0.445,1.929,19.73,0.17026,0.69403,0.66646
103.02,-0.78,0.445,1.929,19.74,0.17576,0.69842,0.66555
103.07,-0.78,0.445,1.929,19.75,0.18119,0.70288,0.6645
103.12,-0.78,0.445,1.929,19.76,0.1864,0.70731,0.66362
103.17,-0.841,0.181,1.935,19.77,0.19171,0.71193,0.66262
103.22,-0.841,0.181,1.935,19.78,0.1969,0.71645,0.66175
103.27,-0.841,0.181,1.935,19.79,0.20218,0.72079,0.66077
103.32,-0.841,0.181,1.935,19.8,0.20757,0.72523,0.65996
103.37,-0.841,0.181,1.935,19.81,0.21279,0.72973,0.65897
103.42,-0.841,0.181,1.935,19.82,0.2178,0.73419,0.65817
103.47,-0.81,-0.056,1.938,19.83,0.22308,0.73868,0.65726
103.52,-0.81,-0.056,1.938,19.84,0.22835,0.74305,0.65618
103.57,-0.81,-0.056,1.938,19.85,0.23331,0.74755,0.65531
103.62,-0.81,-0.056,1.938,19.86,0.23825,0.7519,0.65455
103.67,-0.81,-0.056,1.938,19.87,0.24339,0.75618,0.65373
103.72,-0.81,-0.056,1.938,19.88,0.24845,0.76076,0.65278
103.77,-0.677,-0.266,1.94,19.89,0.25342,0.76524,0.65195
103.82,-0.677,-0.266,1.94,19.9,0.2584,0.76934,0.65122
103.87,-0.677,-0.266,1.94,19.91,0.26336,0.77349,0.65036
103.92,-0.677,-0.266,1.94,19.92,0.26827,0.77778,0.64961
103.97,-0.677,-0.266,1.94,19.93,0.27323,0.78202,0.64902
104.02,-0.412,-0.472,1.832,19.94,0.27833,0.78626,0.64781
104.07,-0.412,-0.472,1.832,19.95,0.28305,0.79055,0.64718
104.12,-0.412,-0.472,1.832,19.96,0.28786,0.79489,0.64629
104.17,-0.412,-0.472,1.832,19.97,0.29276,0.79903,0.64559
104.22,-0.412,-0.472,1.832,19.98,0.2974,0.80328,0.64488
104.27,-0.412,-0.472,1.832,19.99,0.30213,0.80754,0.64415
104.32,-0.12,-0.659,1.885,20,0.30687,0.81166,0.6435
104.37,-0.12,-0.659,1.885,20.01,0.31159,0.81591,0.64271
104.42,-0.12,-0.659,1.885,20.02,0.31623,0.82001,0.64204
104.47,-0.12,-0.659,1.885,20.03,0.3209,0.82427,0.64125
104.52,-0.12,-0.659,1.885,20.04,0.32552,0.82844,0.64061
104.57,-0.12,-0.659,1.885,20.05,0.33012,0.83257,0.63993
104.62,0.188,-0.812,1.868,20.06,0.3347,0.83661,0.63935
104.67,0.188,-0.812,1.868,20.07,0.33952,0.84067,0.63863
104.72,0.188,-0.812,1.868,20.08,0.34411,0.84485,0.63794
104.77,0.188,-0.812,1.868,20.09,0.3485,0.84917,0.63733
104.82,0.188,-0.812,1.868,20.1,0.353,0.85325,0.63674
104.87,0.188,-0.812,1.868,20.11,0.35765,0.85718,0.63612
104.92,0.484,-0.91,1.861,20.12,0.36191,0.86144,0.63552
104.97,0.484,-0.91,1.861,20.13,0.36626,0.86561,0.63489
105.02,0.484,-0.91,1.861,20.14,0.37069,0.86957,0.6343
105.07,0.484,-0.91,1.861,20.15,0.37493,0.87345,0.63382
105.12,0.484,-0.91,1.861,20.16,0.37905,0.87738,0.63332
105.17,0.658,-0.947,1.85,20.17,0.38318,0.88111,0.63275
105.22,0.658,-0.947,1.85,20.18,0.38723,0.88469,0.63224
105.27,0.658,-0.947,1.85,20.19,0.39114,0.88802,0.63203
105.32,0.658,-0.947,1.85,20.2,0.39472,0.89157,0.63177
105.37,0.658,-0.947,1.85,20.21,0.39832,0.89491,0.63133
105.42,0.658,-0.947,1.85,20.22,0.40187,0.89811,0.63099
105.47,0.814,-0.935,1.83,20.23,0.40526,0.90109,0.63065
105.52,0.814,-0.935,1.83,20.24,0.40857,0.90412,0.63037
105.57,0.814,-0.935,1.83,20.25,0.41187,0.90701,0.63002
105.62,0.814,-0.935,1.83,20.26,0.41502,0.91001,0.62973
105.67,0.814,-0.935,1.83,20.27,0.4182,0.91326,0.62913
105.72,0.814,-0.935,1.83,20.28,0.42123,0.91557,0.62891
105.77,0.895,-0.888,1.844,20.29,0.42418,0.91803,0.62857
105.82,0.895,-0.888,1.844,20.3,0.42703,0.92073,0.62818
105.87,0.895,-0.888,1.844,20.31,0.42999,0.92331,0.62768
105.92,0.895,-0.888,1.844,20.32,0.43262,0.92621,0.62714
105.97,0.895,-0.888,1.844,20.33,0.43529,0.92873,0.62683
106.02,0.895,-0.888,1.844,20.34,0.43793,0.93137,0.62638
106.07,0.915,-0.808,1.846,20.35,0.44038,0.93401,0.62611
106.12,0.915,-0.808,1.846,20.36,0.44304,0.93708,0.62541
106.17,0.915,-0.808,1.846,20.37,0.44544,0.93959,0.62501
106.23,0.915,-0.808,1.846,20.38,0.44786,0.94145,0.62476
106.28,0.915,-0.808,1.846,20.39,0.45002,0.94384,0.62421
106.33,0.92,-0.676,1.887,20.4,0.45223,0.94664,0.62369
106.38,0.92,-0.676,1.887,20.41,0.45422,0.94844,0.62346
106.43,0.92,-0.676,1.887,20.42,0.45626,0.95017,0.62322
106.48,0.92,-0.676,1.887,20.43,0.4582,0.95215,0.62257
106.54,0.92,-0.676,1.887,20.44,0.45972,0.95505,0.62211
106.59,0.92,-0.676,1.887,20.45,0.46132,0.95709,0.62176
106.64,0.878,-0.471,1.847,20.46,0.46281,0.95815,0.62167
106.69,0.878,-0.471,1.847,20.47,0.46429,0.9596,0.6213
106.75,0.878,-0.471,1.847,20.48,0.4654,0.96215,0.62069
106.8,0.878,-0.471,1.847,20.49,0.46638,0.96385,0.62048
106.85,0.878,-0.471,1.847,20.5,0.46724,0.96455,0.62038
106.91,0.84,-0.205,1.848,20.51,0.46803,0.96572,0.62016
106.96,0.84,-0.205,1.848,20.52,0.46872,0.96691,0.61996
107.01,0.84,-0.205,1.848,20.53,0.46931,0.96828,0.61962
107.06,0.84,-0.205,1.848,20.54,0.46995,0.96944,0.61929
107.12,0.84,-0.205,1.848,20.55,0.47029,0.96973,0.61911
107.17,0.84,-0.205,1.848,20.56,0.47048,0.97037,0.61894
107.22,0.793,0.091,1.849,20.57,0.47052,0.97105,0.61884
107.27,0.793,0.091,1.849,20.58,0.47048,0.97156,0.6187
107.33,0.793,0.091,1.849,20.59,0.47029,0.97202,0.61855
107.38,0.793,0.091,1.849,20.6,0.46999,0.97238,0.6184
107.43,0.793,0.091,1.849,20.61,0.46954,0.97265,0.61823
107.48,0.726,0.381,1.862,20.62,0.46896,0.97289,0.61808
107.54,0.726,0.381,1.862,20.63,0.46831,0.9731,0.61787
107.59,0.726,0.381,1.862,20.64,0.46743,0.97319,0.61774
107.64,0.726,0.381,1.862,20.65,0.46661,0.97311,0.61762
107.69,0.726,0.381,1.862,20.66,0.46535,0.97293,0.6176
107.75,0.726,0.381,1.862,20.67,0.46408,0.97318,0.6173
107.8,0.66,0.64,1.846,20.68,0.46279,0.97365,0.61682
107.85,0.66,0.64,1.846,20.69,0.46125,0.97321,0.61682
107.91,0.66,0.64,1.846,20.7,0.45941,0.97262,0.61693
107.96,0.66,0.64,1.846,20.71,0.45759,0.97225,0.61679
108.01,0.66,0.64,1.846,20.72,0.4559,0.97161,0.61648
108.06,0.514,0.796,1.87,20.73,0.45375,0.97091,0.61636
108.12,0.514,0.796,1.87,20.74,0.45154,0.9702,0.61621
108.17,0.514,0.796,1.87,20.75,0.44899,0.96933,0.61638
108.22,0.514,0.796,1.87,20.76,NaN,NaN,NaN
108.27,0.514,0.796,1.87,20.77,NaN,NaN,NaN
108.33,0.514,0.796,1.87,20.78,NaN,NaN,NaN
108.38,0.514,0.796,1.87,20.79,0.43831,0.96508,0.61541
108.43,0.514,0.796,1.87,20.8,0.43545,0.96352,0.61538
108.48,0.514,0.796,1.87,20.81,0.43242,0.96233,0.61524
108.54,0.514,0.796,1.87,20.82,0.42917,0.96094,0.61514
108.59,0.514,0.796,1.87,20.83,0.42613,0.9592,0.61523
108.64,0.514,0.796,1.87,20.84,0.42259,0.95818,0.61464
108.69,0.514,0.796,1.87,20.85,0.41924,0.9562,0.61468
108.75,0.514,0.796,1.87,20.86,0.4157,0.9549,0.61432
108.8,0.514,0.796,1.87,20.87,0.41205,0.95298,0.61433
108.85,0.514,0.796,1.87,20.88,0.40825,0.95117,0.61423
108.91,0.514,0.796,1.87,20.89,0.40421,0.94985,0.61395
108.96,0.514,0.796,1.87,20.9,0.40026,0.94799,0.61376
109.01,0.514,0.796,1.87,20.91,0.3963,0.94608,0.61356
109.06,0.514,0.796,1.87,20.92,0.39223,0.94397,0.61324
109.12,0.514,0.796,1.87,20.93,0.3878,0.94202,0.61301
109.17,0.514,0.796,1.87,20.94,0.38353,0.94003,0.6128
109.22,0.514,0.796,1.87,20.95,0.37908,0.93794,0.61265
109.27,0.514,0.796,1.87,20.96,0.37462,0.93583,0.61225
109.33,0.514,0.796,1.87,20.97,0.37015,0.93342,0.61221
109.38,0.514,0.796,1.87,20.98,0.36523,0.93142,0.61196
109.43,0.514,0.796,1.87,20.99,0.36035,0.92943,0.61173
109.48,0.514,0.796,1.87,21,0.35546,0.92707,0.61152
109.54,0.514,0.796,1.87,21.01,0.35059,0.92476,0.61116
109.59,0.514,0.796,1.87,21.02,0.34525,0.92265,0.61103
109.64,0.514,0.796,1.87,21.03,0.34003,0.9206,0.61077
109.69,0.514,0.796,1.87,21.04,0.33498,0.91838,0.61048
109.75,0.514,0.796,1.87,21.05,0.32964,0.91609,0.60995
109.8,0.514,0.796,1.87,21.06,0.32428,0.91377,0.60971
109.85,0.514,0.796,1.87,21.07,0.3188,0.91161,0.60941
109.91,0.514,0.796,1.87,21.08,0.31333,0.90932,0.60941
109.96,0.514,0.796,1.87,21.09,0.30762,0.90706,0.60898
110.01,0.514,0.796,1.87,21.1,0.30184,0.90483,0.60877
110.06,0.514,0.796,1.87,21.11,0.29611,0.90254,0.60873
110.12,0.514,0.796,1.87,21.12,0.29023,0.90029,0.60855
110.17,0.514,0.796,1.87,21.13,0.28423,0.89804,0.60816
110.22,0.514,0.796,1.87,21.14,0.2782,0.89562,0.60806
110.27,0.514,0.796,1.87,21.15,0.2721,0.89328,0.60781
110.33,0.514,0.796,1.87,21.16,0.26603,0.8909,0.6076
110.38,0.514,0.796,1.87,21.17,0.25994,0.88849,0.60751
110.43,0.514,0.796,1.87,21.18,0.25375,0.88604,0.6074
110.48,0.514,0.796,1.87,21.19,0.24718,0.88393,0.6071
110.54,0.514,0.796,1.87,21.2,0.24077,0.88178,0.60713
110.59,0.514,0.796,1.87,21.21,0.23454,0.87921,0.6071
110.64,0.514,0.796,1.87,21.22,0.22798,0.87696,0.60692
110.69,0.514,0.796,1.87,21.23,0.22143,0.87486,0.60694
110.75,0.514,0.796,1.87,21.24,0.21501,0.87258,0.60683
110.8,0.514,0.796,1.87,21.25,0.20823,0.87037,0.60683
110.85,0.514,0.796,1.87,21.26,0.20172,0.86814,0.60692
110.91,0.514,0.796,1.87,21.27,0.19496,0.866,0.60694
110.96,0.514,0.796,1.87,21.28,0.18838,0.86375,0.60686
111.01,0.514,0.796,1.87,21.29,0.18172,0.86139,0.6069
111.06,0.514,0.796,1.87,21.3,0.17493,0.85916,0.60721
111.12,0.514,0.796,1.87,21.31,0.16824,0.85701,0.60724
111.17,0.514,0.796,1.87,21.32,0.16112,0.85496,0.60743
111.22,0.514,0.796,1.87,21.33,0.15429,0.85278,0.60758
111.27,0.514,0.796,1.87,21.34,0.1473,0.85065,0.60786
111.33,0.514,0.796,1.87,21.35,0.14039,0.84857,0.6079
111.38,0.514,0.796,1.87,21.36,0.13339,0.84647,0.60815
111.43,0.514,0.796,1.87,21.37,0.12636,0.84419,0.60841
111.48,0.514,0.796,1.87,21.38,0.11903,0.8423,0.60852
111.54,0.514,0.796,1.87,21.39,0.11187,0.84032,0.60868
111.59,0.514,0.796,1.87,21.4,0.10451,0.83823,0.60924
111.64,0.514,0.796,1.87,21.41,0.097192,0.83617,0.6095
111.69,0.514,0.796,1.87,21.42,0.089763,0.83433,0.60972
111.75,0.514,0.796,1.87,21.43,0.082386,0.83235,0.60997
111.8,0.465,0.897,1.869,21.44,0.074905,0.83055,0.61013
111.86,0.465,0.897,1.869,21.45,0.067411,0.82868,0.61058
111.91,0.465,0.897,1.869,21.46,0.060105,0.82671,0.61091
111.96,0.465,0.897,1.869,21.47,0.052549,0.82495,0.61122
112.02,0.465,0.897,1.869,21.48,0.045126,0.82331,0.61159
112.06,0.465,0.897,1.869,21.49,0.03774,0.82154,0.61204
112.12,0.465,0.897,1.869,21.5,0.030167,0.81982,0.6124
112.17,0.465,0.897,1.869,21.51,0.022734,0.81822,0.61289
112.23,0.465,0.897,1.869,21.52,0.015319,0.81674,0.61328
112.28,0.465,0.897,1.869,21.53,0.007987,0.81532,0.61394
112.33,0.465,0.897,1.869,21.54,0.000599,0.81391,0.61435
112.38,0.465,0.897,1.869,21.55,-0.006724,0.81261,0.61501
112.44,0.465,0.897,1.869,21.56,-0.013791,0.81134,0.61538
112.49,0.465,0.897,1.869,21.57,-0.021023,0.81026,0.61588
112.54,0.465,0.897,1.869,21.58,-0.028198,0.80923,0.61647
112.59,0.465,0.897,1.869,21.59,-0.035471,0.80807,0.61733
112.65,0.465,0.897,1.869,21.6,-0.042512,0.80719,0.61761
112.7,0.465,0.897,1.869,21.61,-0.049709,0.80629,0.61816
112.75,0.465,0.897,1.869,21.62,-0.056995,0.80531,0.61899
112.8,0.465,0.897,1.869,21.63,-0.064097,0.80461,0.61939
112.86,0.465,0.897,1.869,21.64,-0.071239,0.80378,0.61996
112.91,0.465,0.897,1.869,21.65,-0.078468,0.80276,0.6209
112.96,0.465,0.897,1.869,21.66,-0.085548,0.80225,0.62128
113.02,0.465,0.897,1.869,21.67,-0.092726,0.80145,0.62199
113.07,0.465,0.897,1.869,21.68,-0.099903,0.80059,0.62277
113.12,0.465,0.897,1.869,21.69,-0.10727,0.79996,0.62339
113.17,0.465,0.897,1.869,21.7,-0.1143,0.79939,0.62406
113.23,0.42,0.566,1.778,21.71,-0.12149,0.79866,0.62479
113.28,0.42,0.566,1.778,21.72,-0.12826,0.79767,0.6255
113.33,0.42,0.566,1.778,21.73,-0.13522,0.79704,0.62615
113.38,0.42,0.566,1.778,21.74,-0.14225,0.79652,0.62661
113.44,0.42,0.566,1.778,21.75,-0.14968,0.79608,0.62763
113.49,0.42,0.566,1.778,21.76,-0.15703,0.79586,0.62835
113.54,0.377,0.46,1.824,21.77,-0.1642,0.79547,0.62936
113.59,0.377,0.46,1.824,21.78,-0.17089,0.79492,0.63015
113.65,0.377,0.46,1.824,21.79,-0.17818,0.79474,0.63088
113.7,0.377,0.46,1.824,21.8,-0.18476,0.79432,0.63157
113.75,0.377,0.46,1.824,21.81,-0.19198,0.79426,0.63253
113.8,0.415,0.366,1.82,21.82,-0.199,0.79401,0.63353
113.86,0.415,0.366,1.82,21.83,-0.20563,0.79393,0.63391
113.91,0.415,0.366,1.82,21.84,-0.21246,0.79371,0.63502
113.96,0.415,0.366,1.82,21.85,-0.21902,0.79354,0.63596
114.02,0.415,0.366,1.82,21.86,-0.22579,0.79356,0.63694
114.07,0.415,0.366,1.82,21.87,-0.2326,0.79355,0.63789
114.12,0.374,0.239,1.809,21.88,-0.2389,0.79354,0.63878
114.17,0.374,0.239,1.809,21.89,-0.24556,0.7938,0.63973
114.23,0.374,0.239,1.809,21.9,-0.25216,0.79391,0.6407
114.28,0.374,0.239,1.809,21.91,-0.2585,0.79417,0.64181
114.33,0.374,0.239,1.809,21.92,-0.26476,0.79439,0.64291
114.38,0.355,0.485,1.946,21.93,-0.27104,0.79459,0.64399
114.44,0.355,0.485,1.946,21.94,-0.27767,0.79497,0.64503
114.49,0.355,0.485,1.946,21.95,-0.28399,0.79545,0.64618
114.54,0.355,0.485,1.946,21.96,-0.29033,0.79594,0.64726
114.59,0.355,0.485,1.946,21.97,-0.29653,0.79612,0.64861
114.65,0.355,0.485,1.946,21.98,-0.30294,0.79666,0.64973
114.7,0.355,0.485,1.946,21.99,-0.30947,0.79746,0.6509
114.75,0.355,0.485,1.946,22,-0.3157,0.7981,0.65198
114.8,0.355,0.485,1.946,22.01,-0.32186,0.79849,0.65318
114.86,0.355,0.485,1.946,22.02,-0.32799,0.79903,0.6546
114.91,0.355,0.485,1.946,22.03,-0.33415,0.79977,0.65577
114.96,0.318,0.425,1.984,22.04,-0.34009,0.80041,0.65713
115.02,0.318,0.425,1.984,22.05,-0.34594,0.80111,0.65811
115.07,0.318,0.425,1.984,22.06,-0.35211,0.80182,0.65967
115.12,0.318,0.425,1.984,22.07,-0.35798,0.80235,0.66108
115.17,0.318,0.425,1.984,22.08,-0.36341,0.80285,0.66224
115.23,0.318,0.425,1.984,22.09,-0.36979,0.80381,0.66372
115.28,0.318,0.425,1.984,22.1,-0.37578,0.80477,0.66501
115.33,0.318,0.425,1.984,22.11,-0.38162,0.80548,0.66642
115.38,0.318,0.425,1.984,22.12,-0.38744,0.80642,0.66766
115.44,0.318,0.425,1.984,22.13,-0.39332,0.80729,0.66936
115.49,0.318,0.425,1.984,22.14,-0.39915,0.8083,0.67041
115.54,0.318,0.425,1.984,22.15,-0.40483,0.80915,0.67139
115.59,0.318,0.425,1.984,22.16,-0.41064,0.8101,0.67297
115.65,0.318,0.425,1.984,22.17,-0.41643,0.81099,0.67444
115.7,0.318,0.425,1.984,22.18,-0.42188,0.81167,0.67602
115.75,0.318,0.425,1.984,22.19,-0.42774,0.81318,0.67695
115.8,0.318,0.425,1.984,22.2,-0.43355,0.81425,0.67858
115.86,0.318,0.425,1.984,22.21,-0.43918,0.81543,0.67976
115.91,0.318,0.425,1.984,22.22,-0.44486,0.81644,0.68122
115.96,0.318,0.425,1.984,22.23,-0.45026,0.81752,0.68281
116.02,0.318,0.425,1.984,22.24,-0.4558,0.81878,0.6839
116.07,0.318,0.425,1.984,22.25,-0.46142,0.8199,0.68523
116.12,0.318,0.425,1.984,22.26,-0.46688,0.82109,0.6866
116.17,0.318,0.425,1.984,22.27,NaN,NaN,NaN
116.23,0.318,0.425,1.984,22.28,NaN,NaN,NaN
116.28,0.318,0.425,1.984,22.29,NaN,NaN,NaN
116.33,0.318,0.425,1.984,22.3,NaN,NaN,NaN
116.38,0.318,0.425,1.984,22.31,NaN,NaN,NaN
116.44,0.318,0.425,1.984,22.32,NaN,NaN,NaN
116.49,0.318,0.425,1.984,22.33,NaN,NaN,NaN
116.54,0.318,0.425,1.984,22.34,NaN,NaN,NaN
116.59,0.318,0.425,1.984,22.35,NaN,NaN,NaN
116.65,0.318,0.425,1.984,22.36,NaN,NaN,NaN
116.7,0.318,0.425,1.984,22.37,NaN,NaN,NaN
116.75,0.318,0.425,1.984,22.38,NaN,NaN,NaN
116.8,0.318,0.425,1.984,22.39,NaN,NaN,NaN
116.86,0.318,0.425,1.984,22.4,NaN,NaN,NaN
116.91,0.318,0.425,1.984,22.41,NaN,NaN,NaN
116.96,0.318,0.425,1.984,22.42,NaN,NaN,NaN
117.02,0.318,0.425,1.984,22.43,NaN,NaN,NaN
117.07,0.318,0.425,1.984,22.44,NaN,NaN,NaN
117.12,0.318,0.425,1.984,22.45,NaN,NaN,NaN
117.17,0.318,0.425,1.984,22.46,NaN,NaN,NaN
117.23,0.318,0.425,1.984,22.47,NaN,NaN,NaN
117.28,0.318,0.425,1.984,22.48,NaN,NaN,NaN
117.33,0.318,0.425,1.984,22.49,NaN,NaN,NaN
117.38,0.318,0.425,1.984,22.5,NaN,NaN,NaN
117.44,0.318,0.425,1.984,22.51,NaN,NaN,NaN
117.49,0.318,0.425,1.984,22.52,NaN,NaN,NaN
117.54,0.318,0.425,1.984,22.53,NaN,NaN,NaN
117.59,0.318,0.425,1.984,22.54,NaN,NaN,NaN
117.65,0.318,0.425,1.984,22.55,NaN,NaN,NaN
117.7,0.318,0.425,1.984,22.56,NaN,NaN,NaN
117.75,0.318,0.425,1.984,22.57,NaN,NaN,NaN
117.8,0.318,0.425,1.984,22.58,-0.62871,0.86491,0.73163
117.86,0.318,0.425,1.984,22.59,-0.63326,0.86628,0.73318
117.91,0.318,0.425,1.984,22.6,-0.63777,0.86763,0.73472
117.96,0.318,0.425,1.984,22.61,-0.64213,0.86905,0.73624
118.02,0.318,0.425,1.984,22.62,-0.64648,0.87039,0.73766
118.07,0.318,0.425,1.984,22.63,-0.65097,0.87173,0.73953
118.12,0.318,0.425,1.984,22.64,-0.65504,0.87296,0.74104
118.17,0.318,0.425,1.984,22.65,-0.65954,0.87437,0.74261
118.23,0.318,0.425,1.984,22.66,-0.66383,0.87573,0.74405
118.28,0.318,0.425,1.984,22.67,-0.66827,0.87715,0.74582
118.33,0.318,0.425,1.984,22.68,-0.67254,0.87847,0.74751
118.38,0.318,0.425,1.984,22.69,-0.67665,0.87972,0.74907
118.44,0.318,0.425,1.984,22.7,-0.68056,0.88091,0.75052
118.49,0.318,0.425,1.984,22.71,-0.68506,0.88244,0.75157
118.54,0.318,0.425,1.984,22.72,-0.68908,0.88358,0.75362
118.59,0.318,0.425,1.984,22.73,-0.69311,0.88478,0.75532
118.65,0.318,0.425,1.984,22.74,-0.69732,0.88633,0.75642
118.7,0.318,0.425,1.984,22.75,-0.70115,0.88729,0.75841
118.75,0.318,0.425,1.984,22.76,-0.70408,0.88813,0.76001
118.8,0.318,0.425,1.984,22.77,-0.70869,0.88972,0.76152
118.86,0.318,0.425,1.984,22.78,-0.71272,0.89087,0.76311
118.91,0.318,0.425,1.984,22.79,-0.71672,0.89208,0.76426
118.96,0.318,0.425,1.984,22.8,-0.72025,0.89311,0.76653
119.02,0.214,0.263,1.99,22.81,-0.72354,0.89431,0.76808
119.07,0.214,0.263,1.99,22.82,-0.72711,0.89574,0.76941
119.12,0.214,0.263,1.99,22.83,-0.73063,0.8975,0.7713
119.17,0.214,0.263,1.99,22.84,-0.73357,0.89771,0.77312
119.23,0.214,0.263,1.99,22.85,-0.73698,0.89882,0.77435
119.28,0.117,0.094,1.955,22.86,-0.74004,0.90041,0.7762
119.33,0.117,0.094,1.955,22.87,-0.74282,0.90064,0.77819
119.38,0.117,0.094,1.955,22.88,-0.74596,0.90176,0.77939
119.43,0.117,0.094,1.955,22.89,-0.74897,0.90299,0.78143
119.48,0.117,0.094,1.955,22.9,-0.75139,0.90347,0.78319
119.53,0.117,0.094,1.955,22.91,-0.75392,0.90421,0.78468
119.58,0.002,-0.066,1.924,22.92,-0.75679,0.90539,0.78609
119.63,0.002,-0.066,1.924,22.93,-0.75951,0.90689,0.78788
119.68,0.002,-0.066,1.924,22.94,-0.76173,0.90723,0.7896
119.73,0.002,-0.066,1.924,22.95,-0.76379,0.90803,0.79099
119.78,0.002,-0.066,1.924,22.96,-0.76656,0.90907,0.7923
119.83,0.002,-0.066,1.924,22.97,-0.7687,0.90976,0.79428
119.88,-0.06,-0.184,1.865,22.98,-0.77045,0.91033,0.79612
119.93,-0.06,-0.184,1.865,22.99,-0.77285,0.91152,0.79737
119.98,-0.06,-0.184,1.865,23,-0.775,0.9122,0.79853
120.03,-0.06,-0.184,1.865,23.01,-0.7769,0.91306,0.80034
120.08,-0.06,-0.184,1.865,23.02,-0.7783,0.91339,0.80241
120.13,-0.06,-0.184,1.865,23.03,-0.77995,0.91408,0.80391
120.18,-0.078,-0.179,1.879,23.04,-0.78203,0.91499,0.80482
120.23,-0.078,-0.179,1.879,23.05,-0.78369,0.91565,0.80673
120.28,-0.078,-0.179,1.879,23.06,-0.78501,0.91625,0.80837
120.33,-0.078,-0.179,1.879,23.07,-0.78599,0.91671,0.81012
120.38,-0.078,-0.179,1.879,23.08,-0.78705,0.91683,0.8116
120.43,-0.105,-0.141,1.942,23.09,-0.78863,0.91846,0.81324
120.48,-0.105,-0.141,1.942,23.1,-0.78941,0.91865,0.81469
120.53,-0.105,-0.141,1.942,23.11,-0.79021,0.91911,0.81609
120.58,-0.105,-0.141,1.942,23.12,-0.79095,0.91965,0.81766
120.63,-0.105,-0.141,1.942,23.13,-0.79166,0.92023,0.81904
120.68,-0.105,-0.141,1.942,23.14,-0.79253,0.92093,0.81982
120.73,-0.112,-0.101,1.955,23.15,-0.79277,0.92129,0.82185
120.78,-0.112,-0.101,1.955,23.16,-0.79302,0.92187,0.82344
120.83,-0.112,-0.101,1.955,23.17,-0.79321,0.92234,0.82492
120.88,-0.112,-0.101,1.955,23.18,-0.79335,0.92287,0.8262
120.93,-0.112,-0.101,1.955,23.19,-0.7936,0.92347,0.8273
120.98,-0.112,-0.101,1.955,23.2,-0.79356,0.92373,0.82845
121.03,-0.139,-0.07,1.99,23.21,-0.7931,0.92391,0.83054
121.08,-0.139,-0.07,1.99,23.22,-0.79269,0.92419,0.83212
121.13,-0.139,-0.07,1.99,23.23,-0.79233,0.92459,0.83338
121.18,-0.139,-0.07,1.99,23.24,-0.79221,0.92495,0.83424
121.23,-0.139,-0.07,1.99,23.25,-0.79045,0.92481,0.83603
121.28,-0.139,-0.07,1.99,23.26,-0.78962,0.92481,0.83745
121.33,-0.128,-0.054,1.991,23.27,-0.78912,0.92539,0.83879
121.38,-0.128,-0.054,1.991,23.28,-0.78859,0.92638,0.83985
121.43,-0.128,-0.054,1.991,23.29,-0.78721,0.92588,0.84126
121.48,-0.128,-0.054,1.991,23.3,-0.78617,0.92616,0.84266
121.53,-0.128,-0.054,1.991,23.31,-0.78482,0.92644,0.84385
121.58,-0.096,-0.05,1.981,23.32,-0.78225,0.92605,0.8451
121.63,-0.096,-0.05,1.981,23.33,-0.78133,0.92652,0.84606
121.68,-0.096,-0.05,1.981,23.34,-0.77931,0.92606,0.84691
121.73,-0.096,-0.05,1.981,23.35,-0.77781,0.92655,0.84824
121.78,-0.096,-0.05,1.981,23.36,-0.77613,0.9267,0.84876
121.83,-0.096,-0.05,1.981,23.37,-0.77397,0.92674,0.85024
121.88,-0.066,-0.061,1.971,23.38,-0.77174,0.92663,0.8515
121.93,-0.066,-0.061,1.971,23.39,-0.77063,0.92718,0.85217
121.98,-0.066,-0.061,1.971,23.4,-0.76813,0.92711,0.85364
122.03,-0.066,-0.061,1.971,23.41,-0.76573,0.92712,0.85473
122.08,-0.066,-0.061,1.971,23.42,-0.76366,0.92745,0.85515
122.13,-0.066,-0.061,1.971,23.43,-0.7612,0.92774,0.85598
122.18,-0.066,-0.061,1.971,23.44,-0.75857,0.92738,0.85703
122.23,-0.066,-0.061,1.971,23.45,-0.75574,0.92751,0.85862
122.28,-0.066,-0.061,1.971,23.46,-0.7525,0.92777,0.85938
122.33,-0.066,-0.061,1.971,23.47,-0.74956,0.92726,0.85974
122.38,-0.066,-0.061,1.971,23.48,-0.74599,0.92678,0.86086
122.43,-0.066,-0.061,1.971,23.49,-0.74323,0.92718,0.86152
122.48,0.002,-0.103,1.942,23.5,-0.73958,0.92697,0.86288
122.53,0.002,-0.103,1.942,23.51,-0.7366,0.92698,0.86359
122.58,0.002,-0.103,1.942,23.52,-0.73373,0.92756,0.86461
122.63,0.002,-0.103,1.942,23.53,-0.73008,0.92661,0.86568
122.68,0.002,-0.103,1.942,23.54,-0.72648,0.92647,0.8664
122.73,0.024,-0.133,1.939,23.55,-0.72305,0.92675,0.86679
122.78,0.024,-0.133,1.939,23.56,-0.71913,0.92636,0.86773
122.83,0.024,-0.133,1.939,23.57,-0.71548,0.9266,0.86836
122.88,0.024,-0.133,1.939,23.58,-0.71151,0.92614,0.86912
122.93,0.024,-0.133,1.939,23.59,-0.70718,0.92581,0.87008
122.98,0.024,-0.133,1.939,23.6,-0.70346,0.92572,0.87093
123.03,0.051,-0.162,1.917,23.61,-0.69917,0.92542,0.87166
123.08,0.051,-0.162,1.917,23.62,-0.69517,0.92557,0.87225
123.13,0.051,-0.162,1.917,23.63,-0.69087,0.92609,0.87279
123.18,0.051,-0.162,1.917,23.64,-0.68619,0.92492,0.87362
123.23,0.051,-0.162,1.917,23.65,-0.68187,0.92528,0.87411
123.28,0.051,-0.162,1.917,23.66,-0.67721,0.92438,0.87486
123.33,0.073,-0.185,1.905,23.67,-0.6726,0.92421,0.87538
123.38,0.073,-0.185,1.905,23.68,-0.6679,0.92387,0.87596
123.43,0.073,-0.185,1.905,23.69,-0.66288,0.92323,0.87676
123.48,0.073,-0.185,1.905,23.7,-0.65846,0.9234,0.87727
123.53,0.073,-0.185,1.905,23.71,-0.65367,0.92302,0.87806
123.58,0.073,-0.185,1.905,23.72,-0.64839,0.92234,0.87882
123.63,0.081,-0.195,1.907,23.73,-0.64368,0.92326,0.87923
123.68,0.081,-0.195,1.907,23.74,-0.63761,0.9217,0.8799
123.73,0.081,-0.195,1.907,23.75,-0.63317,0.92153,0.8803
123.78,0.081,-0.195,1.907,23.76,-0.62776,0.92074,0.88103
123.83,0.081,-0.195,1.907,23.77,-0.62268,0.92069,0.88148
123.88,0.085,-0.187,1.903,23.78,-0.61723,0.92003,0.88216
123.93,0.085,-0.187,1.903,23.79,-0.61192,0.91968,0.88268
123.98,0.085,-0.187,1.903,23.8,-0.60653,0.91922,0.88326
124.03,0.085,-0.187,1.903,23.81,-0.60077,0.91831,0.88375
124.08,0.085,-0.187,1.903,23.82,-0.59536,0.91823,0.884
124.13,0.085,-0.187,1.903,23.83,-0.58979,0.91761,0.88453
124.18,0.079,-0.166,1.915,23.84,-0.58432,0.91733,0.88512
124.23,0.079,-0.166,1.915,23.85,-0.57873,0.9166,0.88568
124.28,0.079,-0.166,1.915,23.86,-0.57278,0.91627,0.88604
124.33,0.079,-0.166,1.915,23.87,-0.56717,0.9157,0.88622
124.38,0.079,-0.166,1.915,23.88,-0.56118,0.91497,0.88688
124.43,0.079,-0.166,1.915,23.89,-0.55502,0.91387,0.88742
124.48,0.07,-0.135,1.898,23.9,-0.54928,0.9136,0.88776
124.53,0.07,-0.135,1.898,23.91,-0.54323,0.91337,0.88812
124.58,0.07,-0.135,1.898,23.92,-0.53704,0.91244,0.88834
124.63,0.07,-0.135,1.898,23.93,-0.53098,0.91193,0.88876
124.68,0.07,-0.135,1.898,23.94,-0.52511,0.91122,0.88922
124.73,0.07,-0.135,1.898,23.95,-0.51874,0.9105,0.88957
124.78,0.064,-0.1,1.87,23.96,-0.51267,0.91038,0.88985
124.83,0.064,-0.1,1.87,23.97,-0.50607,0.90918,0.89014
124.88,0.064,-0.1,1.87,23.98,-0.49983,0.90846,0.89046
124.93,0.064,-0.1,1.87,23.99,-0.49365,0.90808,0.89072
124.98,0.064,-0.1,1.87,24,-0.48698,0.90712,0.89105
125.03,0.059,-0.076,1.855,24.01,-0.48073,0.90644,0.89126
125.08,0.059,-0.076,1.855,24.02,-0.47408,0.90547,0.8917
125.13,0.059,-0.076,1.855,24.03,-0.46786,0.90509,0.89188
125.18,0.059,-0.076,1.855,24.04,-0.46112,0.90412,0.89216
125.24,0.059,-0.076,1.855,24.05,-0.45469,0.9036,0.89231
125.29,0.059,-0.076,1.855,24.06,-0.44803,0.90283,0.89267
125.34,0.059,-0.061,1.83,24.07,-0.44127,0.90188,0.8929
125.39,0.059,-0.061,1.83,24.08,-0.43485,0.90143,0.89297
125.45,0.059,-0.061,1.83,24.09,-0.42808,0.90085,0.89331
125.5,0.059,-0.061,1.83,24.1,-0.42159,0.90064,0.89355
125.55,0.059,-0.061,1.83,24.11,-0.41469,0.89931,0.89383
125.61,0.057,0.054,1.829,24.12,-0.40808,0.89861,0.89394
125.66,0.057,-0.054,1.829,24.13,-0.40129,0.89808,0.89426
125.71,0.057,-0.054,1.829,24.14,-0.39441,0.89699,0.89438
125.76,0.057,-0.054,1.829,24.15,-0.38737,0.89618,0.89446
125.82,0.057,-0.054,1.829,24.16,-0.38052,0.89541,0.89481
125.87,0.057,-0.054,1.829,24.17,-0.37362,0.89468,0.89488
125.92,0.057,-0.053,1.827,24.18,-0.36656,0.89374,0.89519
125.97,0.057,-0.053,1.827,24.19,-0.35956,0.89308,0.89518
126.03,0.057,-0.053,1.827,24.2,-0.35242,0.89226,0.8955
126.08,0.057,-0.053,1.827,24.21,-0.3458,0.89177,0.89579
126.13,0.057,-0.053,1.827,24.22,-0.33868,0.89102,0.89604
126.18,0.054,-0.052,1.826,24.23,-0.33166,0.89028,0.89609
126.24,0.054,-0.052,1.826,24.24,-0.32441,0.88936,0.8963
126.29,0.054,-0.052,1.826,24.25,-0.31756,0.88882,0.89645
126.34,0.054,-0.052,1.826,24.26,-0.3104,0.88829,0.89652
126.39,0.054,-0.052,1.826,24.27,-0.30323,0.88728,0.89674
126.45,0.054,-0.052,1.826,24.28,-0.29597,0.88651,0.89682
126.5,0.054,-0.052,1.828,24.29,-0.28882,0.88587,0.89688
126.55,0.054,-0.052,1.828,24.3,-0.28166,0.88497,0.89712
126.61,0.054,-0.052,1.828,24.31,-0.27442,0.88423,0.89731
126.66,0.054,-0.052,1.828,24.32,-0.26716,0.88359,0.89736
126.71,0.054,-0.052,1.828,24.33,-0.26008,0.8828,0.89745
126.76,0.053,-0.051,1.829,24.34,-0.25294,0.88209,0.8977
126.82,0.053,-0.051,1.829,24.35,-0.24564,0.88134,0.89779
126.87,0.053,-0.051,1.829,24.36,-0.23845,0.88061,0.89786
126.92,0.053,-0.051,1.829,24.37,-0.23102,0.8799,0.89791
126.97,0.053,-0.051,1.829,24.38,-0.2237,0.87899,0.89799
127.03,0.053,-0.051,1.829,24.39,-0.21626,0.87833,0.8979
127.08,0.054,-0.05,1.829,24.4,-0.20905,0.87748,0.89798
127.13,0.054,-0.05,1.829,24.41,-0.20183,0.87678,0.89805
127.18,0.054,-0.05,1.829,24.42,-0.19461,0.87608,0.89803
127.24,0.054,-0.05,1.829,24.43,-0.18726,0.87531,0.89814
127.29,0.054,-0.05,1.829,24.44,-0.18,0.87443,0.89815
127.34,0.054,-0.05,1.832,24.45,-0.17277,0.87379,0.89815
127.39,0.054,-0.05,1.832,24.46,-0.16555,0.87303,0.89807
127.45,0.054,-0.05,1.832,24.47,-0.15817,0.87219,0.89807
127.5,0.054,-0.05,1.832,24.48,-0.15104,0.8717,0.89796
127.55,0.054,-0.05,1.832,24.49,-0.14375,0.87085,0.89803
127.61,0.054,-0.05,1.832,24.5,-0.13653,0.87004,0.89806
127.66,0.054,-0.05,1.834,24.51,-0.12915,0.8693,0.89793
127.71,0.054,-0.05,1.834,24.52,-0.12208,0.86858,0.89793
127.76,0.054,-0.05,1.834,24.53,-0.11477,0.86784,0.8979
127.82,0.054,-0.05,1.834,24.54,-0.10744,0.86699,0.89781
127.87,0.054,-0.05,1.834,24.55,-0.10019,0.86627,0.89786
127.92,0.054,-0.051,1.837,24.56,-0.092896,0.86541,0.89774
127.97,0.054,-0.051,1.837,24.57,-0.08572,0.86481,0.89778
128.03,0.054,-0.051,1.837,24.58,-0.078559,0.86392,0.89774
128.08,0.054,-0.051,1.837,24.59,-0.071325,0.8632,0.89758
128.13,0.054,-0.051,1.837,24.6,-0.064199,0.86239,0.89747
128.18,0.054,-0.051,1.837,24.61,-0.057031,0.86177,0.89747
128.24,0.054,-0.051,1.84,24.62,-0.0498,0.86084,0.89741
128.29,0.054,-0.051,1.84,24.63,-0.042596,0.8601,0.89733
128.34,0.054,-0.051,1.84,24.64,-0.035516,0.85934,0.89725
128.39,0.054,-0.051,1.84,24.65,-0.028494,0.85861,0.89707
128.45,0.054,-0.051,1.84,24.66,-0.021444,0.85778,0.89695
128.5,0.054,-0.052,1.841,24.67,-0.014244,0.85693,0.89676
128.55,0.054,-0.052,1.841,24.68,-0.00726,0.8562,0.89663
128.61,0.054,-0.052,1.841,24.69,-0.000224,0.85536,0.89648
128.66,0.054,-0.052,1.841,24.7,0.006767,0.85456,0.89643
128.71,0.054,-0.052,1.841,24.71,0.013948,0.85361,0.89622
128.76,0.054,-0.052,1.841,24.72,0.020687,0.85298,0.89612
128.82,0.054,-0.052,1.84,24.73,0.027838,0.85201,0.89586
128.87,0.054,-0.052,1.84,24.74,0.034578,0.85123,0.89565
128.92,0.054,-0.052,1.84,24.75,0.041392,0.85032,0.89554
128.97,0.054,-0.052,1.84,24.76,0.048083,0.84964,0.89528
129.03,0.054,-0.052,1.84,24.77,0.054933,0.84869,0.89512
129.08,0.054,-0.052,1.842,24.78,0.061743,0.84777,0.89496
129.13,0.054,-0.052,1.842,24.79,0.068581,0.84682,0.89464
129.18,0.054,-0.052,1.842,24.8,0.075186,0.84598,0.89446
129.24,0.054,-0.052,1.842,24.81,0.081793,0.845,0.89437
129.29,0.054,-0.052,1.842,24.82,0.088658,0.84398,0.8941
129.34,0.054,-0.052,1.842,24.83,0.09493,0.84332,0.89387
129.39,0.054,-0.052,1.842,24.84,0.10187,0.84221,0.89351
129.45,0.054,-0.052,1.842,24.85,0.10851,0.84122,0.89335
129.5,0.054,-0.052,1.842,24.86,0.11507,0.84025,0.89324
129.55,0.054,-0.052,1.842,24.87,0.12164,0.83926,0.89296
129.61,0.054,-0.052,1.842,24.88,0.12815,0.83828,0.89291
129.66,0.055,-0.052,1.841,24.89,0.13452,0.83729,0.89275
129.71,0.055,-0.052,1.841,24.9,0.141,0.83625,0.89244
129.76,0.055,-0.052,1.841,24.91,0.14733,0.83524,0.89226
129.82,0.055,-0.052,1.841,24.92,0.15357,0.83431,0.89216
129.87,0.055,-0.052,1.841,24.93,0.15992,0.83331,0.89196
129.92,0.055,-0.052,1.842,24.94,0.16615,0.83215,0.89182
129.97,0.055,-0.052,1.842,24.95,0.17241,0.83113,0.89164
130.03,0.055,-0.052,1.842,24.96,0.17874,0.8301,0.89148
130.08,0.055,-0.052,1.842,24.97,0.18498,0.82893,0.89138
130.13,0.055,-0.052,1.842,24.98,0.19111,0.82784,0.89124
130.18,0.055,-0.052,1.842,24.99,0.19731,0.82682,0.89099
130.24,0.055,-0.052,1.841,25,0.20329,0.82576,0.89081
130.29,0.055,-0.052,1.841,25.01,0.20953,0.82459,0.89056
130.34,0.055,-0.052,1.841,25.02,0.21547,0.82345,0.89039
130.39,0.055,-0.052,1.841,25.03,0.22144,0.82233,0.89029
130.45,0.055,-0.052,1.841,25.04,0.22761,0.82112,0.89024
130.5,0.055,-0.052,1.84,25.05,0.2335,0.82,0.89015
130.55,0.055,-0.052,1.84,25.06,0.23941,0.81885,0.88997
130.61,0.055,-0.052,1.84,25.07,0.24542,0.81772,0.8898
130.66,0.055,-0.052,1.84,25.08,0.25133,0.81656,0.88963
130.71,0.055,-0.052,1.84,25.09,0.25717,0.81546,0.88947
130.76,0.055,-0.052,1.84,25.1,0.26297,0.81434,0.8893
130.82,0.055,-0.053,1.841,25.11,0.26872,0.81319,0.88914
130.87,0.055,-0.053,1.841,25.12,0.27456,0.81192,0.88905
130.92,0.055,-0.053,1.841,25.13,0.28035,0.81076,0.88881
130.97,0.055,-0.053,1.841,25.14,0.28593,0.80966,0.88859
131.03,0.055,-0.053,1.841,25.15,0.29161,0.80844,0.88843
131.08,0.056,-0.052,1.84,25.16,0.29733,0.80727,0.88824
131.13,0.056,-0.052,1.84,25.17,0.30297,0.80613,0.88808
131.18,0.056,-0.052,1.84,25.18,0.3085,0.80487,0.88802
131.24,0.056,-0.052,1.84,25.19,0.31417,0.80366,0.88785
131.29,0.056,-0.052,1.84,25.2,0.31973,0.80254,0.88765
131.34,0.056,-0.052,1.84,25.21,0.32533,0.80126,0.88753
131.39,0.056,-0.052,1.839,25.22,0.33089,0.79997,0.88738
131.45,0.056,-0.052,1.839,25.23,0.33634,0.79867,0.88712
131.5,0.056,-0.052,1.839,25.24,0.3418,0.79752,0.88699
131.55,0.056,-0.052,1.839,25.25,0.34729,0.79625,0.88674
131.61,0.056,-0.052,1.839,25.26,0.35265,0.79499,0.88657
131.66,0.056,-0.052,1.839,25.27,0.358,0.79373,0.88637
131.71,0.056,-0.052,1.839,25.28,0.36334,0.79239,0.88617
131.76,0.056,-0.052,1.839,25.29,0.36873,0.79113,0.88604
131.82,0.056,-0.052,1.839,25.3,0.37415,0.78967,0.88597
131.87,0.056,-0.052,1.839,25.31,0.37947,0.78833,0.88566
131.92,0.056,-0.052,1.839,25.32,0.38471,0.78696,0.88559
131.97,0.056,-0.051,1.838,25.33,0.38999,0.78549,0.88552
132.03,0.056,-0.051,1.838,25.34,0.39524,0.78402,0.88537
132.08,0.056,-0.051,1.838,25.35,0.40052,0.78249,0.88528
132.13,0.056,-0.051,1.838,25.36,0.4057,0.78097,0.88516
132.18,0.056,-0.051,1.838,25.37,0.41108,0.77921,0.885
132.24,0.056,-0.052,1.839,25.38,0.41617,0.77763,0.88488
132.29,0.056,-0.052,1.839,25.39,0.42133,0.77608,0.88485
132.34,0.056,-0.052,1.839,25.4,0.42658,0.77429,0.8848
132.39,0.056,-0.052,1.839,25.41,0.43185,0.77257,0.8848
132.45,0.056,-0.052,1.839,25.42,0.43681,0.77096,0.88471
132.5,0.056,-0.052,1.839,25.43,0.4421,0.76919,0.8846
132.55,0.056,-0.052,1.839,25.44,0.4473,0.76739,0.8845
132.61,0.056,-0.052,1.839,25.45,0.45239,0.76563,0.88453
132.66,0.056,-0.052,1.839,25.46,0.45758,0.76385,0.88442
132.71,0.056,-0.052,1.839,25.47,0.46264,0.76207,0.88435
132.76,0.056,-0.052,1.839,25.48,0.46774,0.76035,0.88436
132.82,0.056,-0.052,1.84,25.49,0.47298,0.7583,0.8843
132.87,0.056,-0.052,1.84,25.5,0.47822,0.75652,0.88418
132.92,0.056,-0.052,1.84,25.51,0.48325,0.7548,0.88415
132.97,0.056,-0.052,1.84,25.52,0.48839,0.75287,0.88421
133.03,0.056,-0.052,1.84,25.53,0.4936,0.75086,0.88417
133.08,0.056,-0.052,1.84,25.54,0.49887,0.74892,0.88414
133.13,0.056,-0.052,1.84,25.55,0.50393,0.7471,0.88413
133.18,0.056,-0.052,1.84,25.56,0.50909,0.74509,0.88401
133.24,0.056,-0.052,1.84,25.57,0.51435,0.7431,0.88391
133.29,0.056,-0.052,1.84,25.58,0.51957,0.74103,0.88383
133.34,0.056,-0.052,1.84,25.59,0.52473,0.73908,0.88375
133.39,0.055,-0.052,1.839,25.6,0.52982,0.73697,0.88378
133.45,0.055,-0.052,1.839,25.61,0.53497,0.73486,0.88364
133.5,0.055,-0.052,1.839,25.62,0.54022,0.73279,0.88345
133.55,0.055,-0.052,1.839,25.63,0.54544,0.73056,0.8834
133.61,0.055,-0.052,1.839,25.64,0.55045,0.72844,0.88335
133.66,0.055,-0.052,1.839,25.65,0.55553,0.72608,0.88321
133.71,0.056,-0.052,1.838,25.66,0.5607,0.72361,0.88324
133.76,0.056,-0.052,1.838,25.67,0.56556,0.72125,0.88313
133.82,0.056,-0.052,1.838,25.68,0.57061,0.71869,0.88298
133.87,0.056,-0.052,1.838,25.69,0.57547,0.71609,0.88286
133.92,0.056,-0.052,1.838,25.7,0.58053,0.71321,0.88271
133.97,0.055,-0.052,1.838,25.71,0.58524,0.71059,0.88257
134.03,0.055,-0.052,1.838,25.72,0.59,0.70779,0.88258
134.08,0.055,-0.052,1.838,25.73,0.59483,0.70479,0.88236
134.13,0.055,-0.052,1.838,25.74,0.59962,0.70172,0.88223
134.18,0.055,-0.052,1.838,25.75,0.60424,0.69867,0.8822
134.24,0.055,-0.052,1.838,25.76,0.60882,0.69548,0.88206
134.29,0.055,-0.052,1.838,25.77,0.61352,0.69223,0.88187
134.34,0.055,-0.052,1.838,25.78,0.61812,0.68891,0.88163
134.39,0.055,-0.052,1.838,25.79,0.62257,0.68552,0.88148
134.45,0.055,-0.052,1.838,25.8,0.62695,0.68208,0.8813
134.5,0.055,-0.052,1.838,25.81,0.63126,0.67873,0.88108
134.55,0.055,-0.052,1.838,25.82,0.6355,0.67522,0.88087
134.61,0.055,-0.052,1.838,25.83,0.63972,0.67164,0.88056
134.66,0.055,-0.052,1.838,25.84,0.64381,0.66798,0.88021
134.71,0.055,-0.052,1.838,25.85,0.6479,0.66428,0.88002
134.76,0.055,-0.052,1.838,25.86,0.65184,0.66068,0.87963
134.82,0.055,-0.052,1.838,25.87,0.65582,0.65691,0.87933
0,0,0,0,25.88,0.65971,0.65323,0.87893
0,0,0,0,25.89,0.66355,0.64932,0.8786
0,0,0,0,25.9,0.66742,0.64542,0.87811
0,0,0,0,25.91,0.67107,0.64159,0.87768
0,0,0,0,25.92,0.67466,0.63769,0.87737
0,0,0,0,25.93,0.67832,0.6337,0.87683
0,0,0,0,25.94,0.68174,0.62966,0.87637
0,0,0,0,25.95,0.68515,0.62549,0.87606
0,0,0,0,25.96,0.68843,0.62137,0.87553
0,0,0,0,25.97,0.69187,0.61711,0.87506
0,0,0,0,25.98,0.69509,0.61281,0.87464
0,0,0,0,25.99,0.69832,0.60851,0.87407
0,0,0,0,26,0.70133,0.60416,0.87351
0,0,0,0,26.01,0.7044,0.5997,0.87307
0,0,0,0,26.02,0.70718,0.59522,0.87247
0,0,0,0,26.03,0.70999,0.59071,0.87208
0,0,0,0,26.04,0.71264,0.58621,0.87164
0,0,0,0,26.05,0.71539,0.58146,0.87114
0,0,0,0,26.06,0.71798,0.57673,0.87059
0,0,0,0,26.07,0.72045,0.57206,0.87016
0,0,0,0,26.08,0.72277,0.56731,0.86967
0,0,0,0,26.09,0.72522,0.56241,0.86919
0,0,0,0,26.1,0.72751,0.55748,0.86877
0,0,0,0,26.11,0.72968,0.55265,0.8683
0,0,0,0,26.12,0.73169,0.54771,0.86791
0,0,0,0,26.13,0.73379,0.54275,0.86737
0,0,0,0,26.14,0.73569,0.53769,0.86694
0,0,0,0,26.15,0.73761,0.53257,0.86658
0,0,0,0,26.16,0.73935,0.52748,0.86603
0,0,0,0,26.17,0.74109,0.52237,0.86551
0,0,0,0,26.18,0.74262,0.51726,0.86504
0,0,0,0,26.19,0.74406,0.51192,0.86469
0,0,0,0,26.2,0.74537,0.50664,0.86437
0,0,0,0,26.21,0.74631,0.50152,0.86391
0,0,0,0,26.22,0.7479,0.49578,0.86343
0,0,0,0,26.23,0.74894,0.49044,0.86299
0,0,0,0,26.24,0.74991,0.48499,0.86259
0,0,0,0,26.25,0.75088,0.47946,0.8622
0,0,0,0,26.26,0.75195,0.47387,0.86177
0,0,0,0,26.27,0.75272,0.46842,0.86137
0,0,0,0,26.28,0.7535,0.46293,0.86099
0,0,0,0,26.29,0.75434,0.45738,0.86051
0,0,0,0,26.3,0.75495,0.45182,0.86016
0,0,0,0,26.31,0.75564,0.44629,0.85979
0,0,0,0,26.32,0.75614,0.44075,0.85929
0,0,0,0,26.33,0.75656,0.43525,0.85891
0,0,0,0,26.34,0.75692,0.42975,0.85847
0,0,0,0,26.35,0.75735,0.4242,0.85798
0,0,0,0,26.36,0.75759,0.41872,0.85741
0,0,0,0,26.37,0.75774,0.41317,0.85693
0,0,0,0,26.38,0.75812,0.40746,0.85639
0,0,0,0,26.39,0.75833,0.40176,0.85592
0,0,0,0,26.4,0.75845,0.39613,0.85527
0,0,0,0,26.41,0.75842,0.39056,0.85468
0,0,0,0,26.42,0.7583,0.38499,0.85415
0,0,0,0,26.43,0.7582,0.37948,0.85358
0,0,0,0,26.44,0.75818,0.37387,0.85293
0,0,0,0,26.45,0.75815,0.36824,0.85217
0,0,0,0,26.46,0.75792,0.36274,0.85155
0,0,0,0,26.47,0.75763,0.35719,0.8509
0,0,0,0,26.48,0.7575,0.35161,0.85024
0,0,0,0,26.49,0.75728,0.34605,0.84963
0,0,0,0,26.5,0.75705,0.34052,0.84883
0,0,0,0,26.51,0.75682,0.33498,0.8481
0,0,0,0,26.52,0.75644,0.32959,0.84729
0,0,0,0,26.53,0.75612,0.32397,0.84663
0,0,0,0,26.54,0.75575,0.31842,0.8458
0,0,0,0,26.55,0.75536,0.31291,0.845
0,0,0,0,26.56,0.7549,0.30739,0.8443
0,0,0,0,26.57,0.75449,0.30191,0.84355
0,0,0,0,26.58,0.75421,0.2964,0.84266
0,0,0,0,26.59,0.75377,0.29085,0.84188
0,0,0,0,26.6,0.75324,0.28526,0.84113
0,0,0,0,26.61,0.75277,0.2798,0.84041
0,0,0,0,26.62,0.7523,0.27442,0.83961
0,0,0,0,26.63,0.75188,0.26885,0.83877
0,0,0,0,26.64,0.75151,0.2633,0.83787
0,0,0,0,26.65,0.75109,0.25779,0.83714
0,0,0,0,26.66,0.75071,0.25227,0.83631
0,0,0,0,26.67,0.75036,0.24669,0.8355
0,0,0,0,26.68,0.74984,0.2414,0.83466
0,0,0,0,26.69,0.74938,0.23593,0.83386
0,0,0,0,26.7,0.74896,0.23045,0.83304
0,0,0,0,26.71,0.74865,0.22487,0.83218
0,0,0,0,26.72,0.74809,0.21951,0.83131
0,0,0,0,26.73,0.74757,0.21416,0.83052
0,0,0,0,26.74,0.74705,0.20872,0.82965
0,0,0,0,26.75,0.74669,0.20312,0.82874
0,0,0,0,26.76,0.74606,0.19778,0.82792
0,0,0,0,26.77,0.74557,0.19239,0.82705
0,0,0,0,26.78,0.74504,0.18695,0.82622
0,0,0,0,26.79,0.74453,0.1815,0.82542
0,0,0,0,26.8,0.74414,0.17593,0.8245
0,0,0,0,26.81,0.74355,0.17052,0.82363
0,0,0,0,26.82,0.74293,0.16524,0.82278
0,0,0,0,26.83,0.7424,0.15979,0.82192
0,0,0,0,26.84,0.74197,0.15433,0.82099
0,0,0,0,26.85,0.74141,0.1489,0.82018
0,0,0,0,26.86,0.74079,0.14364,0.81937
0,0,0,0,26.87,0.74019,0.13825,0.81862
0,0,0,0,26.88,0.73964,0.13287,0.81787
0,0,0,0,26.89,0.73912,0.12751,0.81697
0,0,0,0,26.9,0.73859,0.12211,0.81617
0,0,0,0,26.91,0.73802,0.11682,0.81543
0,0,0,0,26.92,0.73748,0.11155,0.81466
0,0,0,0,26.93,0.73697,0.10616,0.81382
0,0,0,0,26.94,0.73645,0.10088,0.81308
0,0,0,0,26.95,0.7359,0.095502,0.81242
0,0,0,0,26.96,0.73536,0.090328,0.81167
0,0,0,0,26.97,0.73491,0.085002,0.81089
0,0,0,0,26.98,0.73441,0.07964,0.81017
0,0,0,0,26.99,0.73387,0.074323,0.80953
0,0,0,0,27,0.73346,0.068878,0.80884
0,0,0,0,27.01,0.7329,0.063682,0.80817
0,0,0,0,27.02,0.7323,0.058427,0.80741
0,0,0,0,27.03,0.73173,0.052955,0.80682
0,0,0,0,27.04,0.73112,0.047618,0.80619
0,0,0,0,27.05,0.73064,0.042206,0.80546
0,0,0,0,27.06,0.72995,0.036957,0.8048
0,0,0,0,27.07,0.72931,0.031654,0.80406
0,0,0,0,27.08,0.7287,0.026305,0.80344
0,0,0,0,27.09,0.72816,0.020908,0.80275
0,0,0,0,27.1,0.72744,0.015434,0.80224
0,0,0,0,27.11,0.72667,0.010242,0.80159
0,0,0,0,27.12,0.72588,0.0049,0.80102
0,0,0,0,27.13,0.72515,-0.000462,0.80037
0,0,0,0,27.14,0.72429,-0.005841,0.79983
0,0,0,0,27.15,0.72349,-0.011217,0.79924
0,0,0,0,27.16,0.72257,-0.016429,0.79858
0,0,0,0,27.17,0.72169,-0.021745,0.79792
0,0,0,0,27.18,0.72075,-0.027245,0.79735
0,0,0,0,27.19,0.7196,-0.032505,0.7967
0,0,0,0,27.2,0.7185,-0.037736,0.796
0,0,0,0,27.21,0.71751,-0.042934,0.7952
0,0,0,0,27.22,0.71631,-0.048114,0.79453
0,0,0,0,27.23,0.71484,-0.053215,0.7939
0,0,0,0,27.24,0.71363,-0.058378,0.79306
0,0,0,0,27.25,0.71226,-0.063429,0.7923
0,0,0,0,27.26,0.71085,-0.068448,0.7915
0,0,0,0,27.27,0.70949,-0.073549,0.79073
0,0,0,0,27.28,0.70809,-0.078688,0.78993
0,0,0,0,27.29,0.70656,-0.083719,0.78922
0,0,0,0,27.3,0.705,-0.08867,0.78844
0,0,0,0,27.31,0.70349,-0.093749,0.78772
0,0,0,0,27.32,0.7019,-0.098775,0.78682
0,0,0,0,27.33,0.70026,-0.10378,0.7861
0,0,0,0,27.34,0.69862,-0.10871,0.7854
0,0,0,0,27.35,0.69696,-0.11379,0.78476
0,0,0,0,27.36,0.69533,-0.11897,0.784
0,0,0,0,27.37,0.69359,-0.124,0.78335
0,0,0,0,27.38,0.69191,-0.12917,0.78273
0,0,0,0,27.39,0.69007,-0.13422,0.78218
0,0,0,0,27.4,0.6883,-0.13916,0.78156
0,0,0,0,27.41,0.68646,-0.1442,0.78092
0,0,0,0,27.42,0.68461,-0.14922,0.78034
0,0,0,0,27.43,0.68264,-0.15406,0.77979
0,0,0,0,27.44,0.68075,-0.15928,0.77931
0,0,0,0,27.45,0.6787,-0.16427,0.77879
0,0,0,0,27.46,0.67665,-0.16918,0.77829
0,0,0,0,27.47,0.67449,-0.17412,0.7778
0,0,0,0,27.48,0.67233,-0.17907,0.7774
0,0,0,0,27.49,0.67018,-0.18404,0.7768
0,0,0,0,27.5,0.66789,-0.18899,0.77629
0,0,0,0,27.51,0.66564,-0.19394,0.77581
0,0,0,0,27.52,0.66339,-0.19884,0.77523
0,0,0,0,27.53,0.6609,-0.2036,0.77478
0,0,0,0,27.54,0.65848,-0.20846,0.77426
0,0,0,0,27.55,0.65602,-0.21329,0.77378
0,0,0,0,27.56,0.65365,-0.21812,0.77323
0,0,0,0,27.57,0.65111,-0.22287,0.77285
0,0,0,0,27.58,0.64857,-0.22765,0.77239
0,0,0,0,27.59,0.64581,-0.23242,0.77193
0,0,0,0,27.6,0.64314,-0.23718,0.77147
0,0,0,0,27.61,0.64047,-0.24202,0.77106
0,0,0,0,27.62,0.63769,-0.24669,0.77054
0,0,0,0,27.63,0.63498,-0.25142,0.76997
0,0,0,0,27.64,0.63223,-0.2561,0.76943
0,0,0,0,27.65,0.6294,-0.26075,0.76894
0,0,0,0,27.66,0.62654,-0.26541,0.76844
0,0,0,0,27.67,0.62359,-0.27007,0.76798
0,0,0,0,27.68,0.62058,-0.27468,0.76742
0,0,0,0,27.69,0.61754,-0.27935,0.76686
0,0,0,0,27.7,0.61446,-0.28388,0.76629
0,0,0,0,27.71,0.61145,-0.28869,0.76583
0,0,0,0,27.72,0.60822,-0.29329,0.76524
0,0,0,0,27.73,0.605,-0.29782,0.76463
0,0,0,0,27.74,0.60176,-0.30225,0.76412
0,0,0,0,27.75,0.5985,-0.30679,0.76358
0,0,0,0,27.76,0.59513,-0.31137,0.76311
0,0,0,0,27.77,0.59171,-0.31588,0.7625
0,0,0,0,27.78,0.58837,-0.32043,0.76194
0,0,0,0,27.79,0.58495,-0.32491,0.76143
0,0,0,0,27.8,0.58157,-0.32943,0.76079
0,0,0,0,27.81,0.57805,-0.33401,0.76033
0,0,0,0,27.82,0.57454,-0.33845,0.75977
0,0,0,0,27.83,0.57103,-0.34284,0.75927
0,0,0,0,27.84,0.56747,-0.34724,0.75882
0,0,0,0,27.85,0.56392,-0.35161,0.75822
0,0,0,0,27.86,0.56023,-0.3561,0.75768
0,0,0,0,27.87,0.55667,-0.36053,0.75725
0,0,0,0,27.88,0.55304,-0.36497,0.75683
0,0,0,0,27.89,0.54945,-0.36935,0.75631
0,0,0,0,27.9,0.54568,-0.37365,0.75571
0,0,0,0,27.91,0.54214,-0.37778,0.75514
0,0,0,0,27.92,0.53835,-0.38193,0.75478
0,0,0,0,27.93,0.53467,-0.38605,0.75433
0,0,0,0,27.94,0.53101,-0.39012,0.75386
0,0,0,0,27.95,0.52736,-0.3941,0.75334
0,0,0,0,27.96,0.52375,-0.39804,0.75286
0,0,0,0,27.97,0.51997,-0.40176,0.75234
0,0,0,0,27.98,0.51638,-0.40547,0.75182
0,0,0,0,27.99,0.51275,-0.40919,0.75124
0,0,0,0,28,0.50908,-0.41286,0.75086
0,0,0,0,28.01,0.50534,-0.41643,0.75038
0,0,0,0,28.02,0.50168,-0.41998,0.74987
0,0,0,0,28.03,0.49788,-0.42331,0.74927
0,0,0,0,28.04,0.49413,-0.42671,0.74878
0,0,0,0,28.05,0.49047,-0.43016,0.74827
0,0,0,0,28.06,0.48679,-0.43347,0.7478
0,0,0,0,28.07,0.48325,-0.43675,0.74725
0,0,0,0,28.08,0.47951,-0.43995,0.74682
0,0,0,0,28.09,0.47585,-0.44313,0.74633
0,0,0,0,28.1,0.47219,-0.44632,0.74581
0,0,0,0,28.11,0.46859,-0.44929,0.74527
0,0,0,0,28.12,0.46498,-0.45227,0.74471
0,0,0,0,28.13,0.46145,-0.45517,0.7442
0,0,0,0,28.14,0.45782,-0.45802,0.74367
0,0,0,0,28.15,0.45431,-0.46083,0.74317
0,0,0,0,28.16,0.4508,-0.46355,0.74255
0,0,0,0,28.17,0.44722,-0.46613,0.74208
0,0,0,0,28.18,0.44367,-0.46875,0.74153
0,0,0,0,28.19,0.44021,-0.47121,0.74104
0,0,0,0,28.2,0.43671,-0.4736,0.74046
0,0,0,0,28.21,0.43328,-0.47589,0.73988
0,0,0,0,28.22,0.42986,-0.47808,0.73928
0,0,0,0,28.23,0.42644,-0.48014,0.73867
0,0,0,0,28.24,0.42308,-0.48215,0.73805
0,0,0,0,28.25,0.4197,-0.4842,0.73744
0,0,0,0,28.26,0.41633,-0.48607,0.73687
0,0,0,0,28.27,0.41297,-0.48796,0.73622
0,0,0,0,28.28,0.4098,-0.48967,0.73549
0,0,0,0,28.29,0.40647,-0.49126,0.73474
0,0,0,0,28.3,0.40333,-0.49291,0.73402
0,0,0,0,28.31,0.39994,-0.49429,0.73343
0,0,0,0,28.32,0.39671,-0.49567,0.73275
0,0,0,0,28.33,0.39357,-0.49708,0.73202
0,0,0,0,28.34,0.39037,-0.4983,0.73132
0,0,0,0,28.35,0.38722,-0.4993,0.7306
0,0,0,0,28.36,0.38401,-0.50045,0.72991
0,0,0,0,28.37,0.38096,-0.50136,0.72921
0,0,0,0,28.38,0.3779,-0.50221,0.72842
0,0,0,0,28.39,0.37489,-0.503,0.7276
0,0,0,0,28.4,0.37195,-0.50368,0.72682
0,0,0,0,28.41,0.36895,-0.5043,0.72605
0,0,0,0,28.42,0.3661,-0.50501,0.72527
0,0,0,0,28.43,0.36318,-0.50548,0.72448
0,0,0,0,28.44,0.36023,-0.50582,0.72361
0,0,0,0,28.45,0.35737,-0.50619,0.72282
0,0,0,0,28.46,0.3545,-0.50653,0.72199
0,0,0,0,28.47,0.35185,-0.5068,0.72111
0,0,0,0,28.48,0.34913,-0.50694,0.72024
0,0,0,0,28.49,0.34623,-0.50701,0.71948
0,0,0,0,28.5,0.34353,-0.50716,0.71861
0,0,0,0,28.51,0.34082,-0.50721,0.71777
0,0,0,0,28.52,0.33811,-0.50713,0.71692
0,0,0,0,28.53,0.33548,-0.50708,0.71605
0,0,0,0,28.54,0.33283,-0.50685,0.71516
0,0,0,0,28.55,0.33026,-0.50667,0.71431
0,0,0,0,28.56,0.32769,-0.50645,0.7134
0,0,0,0,28.57,0.32517,-0.50624,0.71256
0,0,0,0,28.58,0.32269,-0.50609,0.71174
0,0,0,0,28.59,0.32017,-0.50591,0.71096
0,0,0,0,28.6,0.31774,-0.50571,0.71018
0,0,0,0,28.61,0.31539,-0.50558,0.7094
0,0,0,0,28.62,0.31288,-0.5055,0.70869
0,0,0,0,28.63,0.31061,-0.5053,0.70786
0,0,0,0,28.64,0.30813,-0.50516,0.70704
0,0,0,0,28.65,0.30575,-0.50494,0.70624
0,0,0,0,28.66,0.30347,-0.50475,0.70547
0,0,0,0,28.67,0.30117,-0.50454,0.70467
0,0,0,0,28.68,0.2989,-0.50433,0.70388
0,0,0,0,28.69,0.29672,-0.5041,0.70313
0,0,0,0,28.7,0.29458,-0.50395,0.70238
0,0,0,0,28.71,0.29248,-0.50362,0.70153
0,0,0,0,28.72,0.29052,-0.50342,0.70072
0,0,0,0,28.73,0.28854,-0.50313,0.69993
0,0,0,0,28.74,0.2866,-0.5028,0.69913
0,0,0,0,28.75,0.28462,-0.50255,0.69833
0,0,0,0,28.76,0.28271,-0.50229,0.69753
0,0,0,0,28.77,0.28075,-0.50202,0.69669
0,0,0,0,28.78,0.27888,-0.50174,0.69577
0,0,0,0,28.79,0.27716,-0.50151,0.69476
0,0,0,0,28.8,0.27524,-0.50129,0.69382
0,0,0,0,28.81,0.27333,-0.50102,0.6929
0,0,0,0,28.82,0.27148,-0.50086,0.69203
0,0,0,0,28.83,0.26963,-0.50069,0.69112
0,0,0,0,28.84,0.26771,-0.50057,0.69018
0,0,0,0,28.85,0.2658,-0.50048,0.68917
0,0,0,0,28.86,0.26399,-0.5004,0.68817
0,0,0,0,28.87,0.26212,-0.50037,0.68717
0,0,0,0,28.88,0.26069,-0.50046,0.68601
0,0,0,0,28.89,0.25868,-0.5004,0.68516
0,0,0,0,28.9,0.25678,-0.50045,0.68419
0,0,0,0,28.91,0.25478,-0.50051,0.6832
0,0,0,0,28.92,0.2531,-0.50069,0.68228
0,0,0,0,28.93,0.25134,-0.50091,0.68139
0,0,0,0,28.94,0.24952,-0.50108,0.68051
0,0,0,0,28.95,0.24755,-0.50144,0.67973
0,0,0,0,28.96,0.24585,-0.50187,0.67892
0,0,0,0,28.97,0.24418,-0.50226,0.67811
0,0,0,0,28.98,0.24261,-0.50264,0.67725
0,0,0,0,28.99,0.24079,-0.5031,0.67648
0,0,0,0,29,0.23942,-0.50372,0.67574
0,0,0,0,29.01,0.23782,-0.50427,0.67504
0,0,0,0,29.02,0.23607,-0.50483,0.6744
0,0,0,0,29.03,0.23437,-0.50545,0.67373
0,0,0,0,29.04,0.23273,-0.50613,0.67317
0,0,0,0,29.05,0.23135,-0.50695,0.67263
0,0,0,0,29.06,0.22996,-0.50784,0.67214
0,0,0,0,29.07,0.22845,-0.50862,0.67167
0,0,0,0,29.08,0.22701,-0.50954,0.67119
0,0,0,0,29.09,0.22568,-0.5104,0.67062
0,0,0,0,29.1,0.22421,-0.51128,0.67012
0,0,0,0,29.11,0.22273,-0.51231,0.66973
0,0,0,0,29.12,0.22133,-0.51332,0.66925
0,0,0,0,29.13,0.21988,-0.51431,0.66882
0,0,0,0,29.14,0.21864,-0.51531,0.66827
0,0,0,0,29.15,0.2174,-0.51639,0.66787
0,0,0,0,29.16,0.21597,-0.51747,0.66751
0,0,0,0,29.17,0.21456,-0.51866,0.66716
0,0,0,0,29.18,0.21324,-0.51991,0.66679
0,0,0,0,29.19,0.21194,-0.52112,0.66644
0,0,0,0,29.2,0.21069,-0.52233,0.66613
0,0,0,0,29.21,0.20934,-0.52366,0.66584
0,0,0,0,29.22,0.20808,-0.52502,0.66554
0,0,0,0,29.23,0.20677,-0.52626,0.66521
0,0,0,0,29.24,0.20556,-0.52752,0.66494
0,0,0,0,29.25,0.20447,-0.52892,0.66468
0,0,0,0,29.26,0.2034,-0.53038,0.66447
0,0,0,0,29.27,0.20208,-0.5317,0.66435
0,0,0,0,29.28,0.20092,-0.5331,0.66419
0,0,0,0,29.29,0.19993,-0.53451,0.66396
0,0,0,0,29.3,0.19875,-0.53583,0.66383
0,0,0,0,29.31,0.19762,-0.53727,0.66371
0,0,0,0,29.32,0.19655,-0.53869,0.66361
0,0,0,0,29.33,0.19557,-0.54014,0.66354
0,0,0,0,29.34,0.19454,-0.54148,0.66348
0,0,0,0,29.35,0.19344,-0.54289,0.66342
0,0,0,0,29.36,0.19239,-0.54439,0.66344
0,0,0,0,29.37,0.19135,-0.54586,0.66353
0,0,0,0,29.38,0.19036,-0.54719,0.66358
0,0,0,0,29.39,0.18944,-0.5487,0.6636
0,0,0,0,29.4,0.1885,-0.55022,0.66364
0,0,0,0,29.41,0.1876,-0.5517,0.66371
0,0,0,0,29.42,0.18669,-0.55322,0.66382
0,0,0,0,29.43,0.18569,-0.55468,0.66409
0,0,0,0,29.44,0.18451,-0.55618,0.66448
0,0,0,0,29.45,0.18363,-0.55776,0.66469
0,0,0,0,29.46,0.18269,-0.55929,0.66489
0,0,0,0,29.47,0.18175,-0.56073,0.66514
0,0,0,0,29.48,0.18092,-0.56234,0.66544
0,0,0,0,29.49,0.17991,-0.56401,0.6657
0,0,0,0,29.5,0.17893,-0.56567,0.66589
0,0,0,0,29.51,0.17788,-0.56722,0.6661
0,0,0,0,29.52,0.17668,-0.56884,0.66656
0,0,0,0,29.53,0.17572,-0.57051,0.66687
0,0,0,0,29.54,0.17492,-0.5722,0.66712
0,0,0,0,29.55,0.17393,-0.57388,0.66752
0,0,0,0,29.56,0.17314,-0.57572,0.6679
0,0,0,0,29.57,0.17231,-0.57751,0.66816
0,0,0,0,29.58,0.1714,-0.57917,0.66846
0,0,0,0,29.59,0.17033,-0.58085,0.66895
0,0,0,0,29.6,0.16945,-0.58268,0.66943
0,0,0,0,29.61,0.16864,-0.58446,0.66985
0,0,0,0,29.62,0.16789,-0.58623,0.6702
0,0,0,0,29.63,0.16707,-0.58802,0.67065
0,0,0,0,29.64,0.16611,-0.58981,0.67112
0,0,0,0,29.65,0.16525,-0.59152,0.67151
0,0,0,0,29.66,0.16438,-0.59326,0.67188
0,0,0,0,29.67,0.16359,-0.59502,0.67231
0,0,0,0,29.68,0.16276,-0.59678,0.67273
0,0,0,0,29.69,0.16196,-0.59861,0.67312
0,0,0,0,29.7,0.16131,-0.60034,0.67358
0,0,0,0,29.71,0.16043,-0.60219,0.67409
0,0,0,0,29.72,0.15961,-0.60404,0.67454
0,0,0,0,29.73,0.15899,-0.60588,0.67503
0,0,0,0,29.74,0.15836,-0.60777,0.67559
0,0,0,0,29.75,0.15756,-0.60962,0.67622
0,0,0,0,29.76,0.15666,-0.61141,0.67683
0,0,0,0,29.77,0.15582,-0.61319,0.67743
0,0,0,0,29.78,0.15511,-0.61514,0.67808
0,0,0,0,29.79,0.1545,-0.61699,0.6787
0,0,0,0,29.8,0.15384,-0.61884,0.67934
0,0,0,0,29.81,0.15316,-0.62088,0.68009
0,0,0,0,29.82,0.15243,-0.62284,0.68082
0,0,0,0,29.83,0.15174,-0.62471,0.68151
0,0,0,0,29.84,0.15105,-0.62668,0.68239
0,0,0,0,29.85,0.15033,-0.6286,0.68323
0,0,0,0,29.86,0.14968,-0.63055,0.68396
0,0,0,0,29.87,0.14886,-0.63261,0.68495
0,0,0,0,29.88,0.14821,-0.63463,0.68581
0,0,0,0,29.89,0.1476,-0.63663,0.68658
0,0,0,0,29.9,0.147,-0.63867,0.68751
0,0,0,0,29.91,0.14616,-0.6407,0.68853
0,0,0,0,29.92,0.1453,-0.64276,0.68949
0,0,0,0,29.93,0.14493,-0.64485,0.69034
0,0,0,0,29.94,0.14435,-0.64688,0.69117
0,0,0,0,29.95,0.14374,-0.64903,0.69203
0,0,0,0,29.96,0.14289,-0.65122,0.69306
0,0,0,0,29.97,0.1422,-0.65321,0.69407
0,0,0,0,29.98,0.14155,-0.65533,0.69506
0,0,0,0,29.99,0.14087,-0.65765,0.69611
0,0,0,0,30,0.14028,-0.65978,0.69709
0,0,0,0,30.01,0.13986,-0.66192,0.69809
0,0,0,0,30.02,0.13943,-0.66424,0.69914
0,0,0,0,30.03,0.13881,-0.66638,0.70019
0,0,0,0,30.04,0.13787,-0.66868,0.70148
0,0,0,0,30.05,0.13721,-0.67098,0.70263
0,0,0,0,30.06,0.13668,-0.67315,0.70367
0,0,0,0,30.07,0.13608,-0.6755,0.70478
0,0,0,0,30.08,0.13556,-0.67773,0.70589
0,0,0,0,30.09,0.13498,-0.68002,0.70711
0,0,0,0,30.1,0.13456,-0.68247,0.70821
0,0,0,0,30.11,0.13381,-0.6847,0.70943
0,0,0,0,30.12,0.13325,-0.68705,0.71063
0,0,0,0,30.13,0.13277,-0.68948,0.71183
0,0,0,0,30.14,0.13225,-0.6919,0.713
0,0,0,0,30.15,0.13156,-0.69424,0.7142
0,0,0,0,30.16,0.13116,-0.69667,0.71545
0,0,0,0,30.17,0.13067,-0.69903,0.71675
0,0,0,0,30.18,0.12981,-0.70146,0.71804
0,0,0,0,30.19,0.12927,-0.70391,0.71927
0,0,0,0,30.2,0.12887,-0.7063,0.72052
0,0,0,0,30.21,0.12841,-0.70884,0.72185
0,0,0,0,30.22,0.1279,-0.71125,0.72313
0,0,0,0,30.23,0.12745,-0.71367,0.72444
0,0,0,0,30.24,0.1271,-0.71606,0.72575
0,0,0,0,30.25,0.1267,-0.71841,0.72715
0,0,0,0,30.26,0.12616,-0.72089,0.72864
0,0,0,0,30.27,0.12592,-0.72316,0.72996
0,0,0,0,30.28,0.12551,-0.72544,0.73131
0,0,0,0,30.29,0.12517,-0.72771,0.73264
0,0,0,0,30.3,0.12466,-0.72993,0.73414
0,0,0,0,30.31,0.12439,-0.73206,0.73553
0,0,0,0,30.32,0.12405,-0.7344,0.73691
0,0,0,0,30.33,0.1238,-0.73662,0.73828
0,0,0,0,30.34,0.12334,-0.73862,0.73975
0,0,0,0,30.35,0.12313,-0.74072,0.74115
0,0,0,0,30.36,0.12291,-0.74285,0.74248
0,0,0,0,30.37,0.12267,-0.74489,0.7438
0,0,0,0,30.38,0.12228,-0.74703,0.74525
0,0,0,0,30.39,0.1221,-0.74903,0.74668
0,0,0,0,30.4,0.12185,-0.75103,0.74813
0,0,0,0,30.41,0.12156,-0.75303,0.74951
0,0,0,0,30.42,0.12143,-0.75507,0.75087
0,0,0,0,30.43,0.12123,-0.75699,0.75222
0,0,0,0,30.44,0.12109,-0.7589,0.75351
0,0,0,0,30.45,0.12075,-0.76063,0.75488
0,0,0,0,30.46,0.12061,-0.76249,0.75622
0,0,0,0,30.47,0.12047,-0.76433,0.75755
0,0,0,0,30.48,0.12037,-0.76617,0.75886
0,0,0,0,30.49,0.1201,-0.76786,0.76013
0,0,0,0,30.5,0.11996,-0.76953,0.7614
0,0,0,0,30.51,0.11984,-0.77118,0.76267
0,0,0,0,30.52,0.1197,-0.7729,0.764
0,0,0,0,30.53,0.11952,-0.77456,0.76526
0,0,0,0,30.54,0.11941,-0.77607,0.7665
0,0,0,0,30.55,0.11936,-0.77752,0.76771
0,0,0,0,30.56,0.1193,-0.779,0.76894
0,0,0,0,30.57,0.11923,-0.78044,0.77019
0,0,0,0,30.58,0.11913,-0.78195,0.77141
0,0,0,0,30.59,0.11907,-0.78343,0.77268
0,0,0,0,30.6,0.11903,-0.78471,0.774
0,0,0,0,30.61,0.11903,-0.78617,0.77529
0,0,0,0,30.62,0.11899,-0.78758,0.77655
0,0,0,0,30.63,0.11899,-0.78886,0.77786
0,0,0,0,30.64,0.11905,-0.79031,0.77933
0,0,0,0,30.65,0.11911,-0.79194,0.78082
0,0,0,0,30.66,0.11903,-0.79367,0.78244
0,0,0,0,30.67,0.11902,-0.79539,0.784
0,0,0,0,30.68,0.11905,-0.79709,0.78549
0,0,0,0,30.69,0.11902,-0.79894,0.78705
0,0,0,0,30.7,0.119,-0.80076,0.78868
0,0,0,0,30.71,0.11908,-0.80268,0.79027
0,0,0,0,30.72,0.11915,-0.8044,0.79171
0,0,0,0,30.73,0.11916,-0.80597,0.79327
0,0,0,0,30.74,0.11923,-0.80754,0.79493
0,0,0,0,30.75,0.11925,-0.8092,0.79645
0,0,0,0,30.76,0.11925,-0.81075,0.7979
0,0,0,0,30.77,0.11933,-0.81214,0.79929
0,0,0,0,30.78,0.11965,-0.81352,0.80071
0,0,0,0,30.79,0.11972,-0.81498,0.80223
0,0,0,0,30.8,0.1198,-0.81623,0.80363
0,0,0,0,30.81,0.11993,-0.81747,0.80496
0,0,0,0,30.82,0.12016,-0.81861,0.80629
0,0,0,0,30.83,0.12044,-0.81986,0.80759
0,0,0,0,30.84,0.12055,-0.82129,0.80889
0,0,0,0,30.85,0.12075,-0.82232,0.81008
0,0,0,0,30.86,0.12097,-0.8234,0.81122
0,0,0,0,30.87,0.12109,-0.82447,0.81241
0,0,0,0,30.88,0.12121,-0.82563,0.81357
0,0,0,0,30.89,0.12151,-0.82693,0.81469
0,0,0,0,30.9,0.12172,-0.82818,0.81569
0,0,0,0,30.91,0.122,-0.82927,0.81662
0,0,0,0,30.92,0.12224,-0.83042,0.81757
0,0,0,0,30.93,0.12219,-0.83151,0.8187
0,0,0,0,30.94,0.12229,-0.83269,0.8197
0,0,0,0,30.95,0.12261,-0.83413,0.82059
0,0,0,0,30.96,0.12272,-0.83568,0.8217
0,0,0,0,30.97,0.12289,-0.837,0.82266
0,0,0,0,30.98,0.1232,-0.83827,0.8234
0,0,0,0,30.99,0.12348,-0.83966,0.82405
0,0,0,0,31,0.12367,-0.84114,0.82488
0,0,0,0,31.01,0.12381,-0.84251,0.82569
0,0,0,0,31.02,0.1237,-0.84391,0.82668
0,0,0,0,31.03,0.12382,-0.84543,0.82747
0,0,0,0,31.04,0.12413,-0.84713,0.82823
0,0,0,0,31.05,0.12442,-0.84878,0.82905
0,0,0,0,31.06,0.12458,-0.85033,0.82974
0,0,0,0,31.07,0.1247,-0.85186,0.83041
0,0,0,0,31.08,0.12484,-0.85354,0.83117
0,0,0,0,31.09,0.125,-0.85528,0.83192
0,0,0,0,31.1,0.12506,-0.85692,0.83264
0,0,0,0,31.11,0.12536,-0.85863,0.83335
0,0,0,0,31.12,0.12565,-0.86042,0.83397
0,0,0,0,31.13,0.12586,-0.86215,0.8345
0,0,0,0,31.14,0.12615,-0.86389,0.83509
0,0,0,0,31.15,0.12617,-0.86562,0.83583
0,0,0,0,31.16,0.12634,-0.86747,0.83652
0,0,0,0,31.17,0.12659,-0.86938,0.83712
0,0,0,0,31.18,0.1268,-0.8712,0.83765
0,0,0,0,31.19,0.12712,-0.87312,0.83819
0,0,0,0,31.2,0.12741,-0.87504,0.83877
0,0,0,0,31.21,0.12746,-0.87688,0.83932
0,0,0,0,31.22,0.12757,-0.87868,0.83981
0,0,0,0,31.23,0.12779,-0.88062,0.84028
0,0,0,0,31.24,0.12798,-0.8826,0.84077
0,0,0,0,31.25,0.12819,-0.88446,0.84126
0,0,0,0,31.26,0.12845,-0.88642,0.84173
0,0,0,0,31.27,0.12865,-0.88839,0.84214
0,0,0,0,31.28,0.12869,-0.89031,0.84265
0,0,0,0,31.29,0.12884,-0.89233,0.84303
0,0,0,0,31.3,0.12909,-0.89428,0.84338
0,0,0,0,31.31,0.12929,-0.89621,0.84376
0,0,0,0,31.32,0.1295,-0.89821,0.84417
0,0,0,0,31.33,0.12969,-0.90008,0.8446
0,0,0,0,31.34,0.12971,-0.90194,0.84507
0,0,0,0,31.35,0.12994,-0.90382,0.84518
0,0,0,0,31.36,0.13009,-0.90589,0.84556
0,0,0,0,31.37,0.13028,-0.90777,0.84596
0,0,0,0,31.38,0.1307,-0.90971,0.8463
0,0,0,0,31.39,0.13078,-0.9116,0.84666
0,0,0,0,31.4,0.13097,-0.91343,0.84694
0,0,0,0,31.41,0.13096,-0.91527,0.84718
0,0,0,0,31.42,0.1309,-0.91707,0.84761
0,0,0,0,31.43,0.131,-0.91895,0.84791
0,0,0,0,31.44,0.13115,-0.92083,0.84807
0,0,0,0,31.45,0.13129,-0.92265,0.8483
0,0,0,0,31.46,0.13159,-0.92475,0.8485
0,0,0,0,31.47,0.13177,-0.92668,0.84874
0,0,0,0,31.48,0.13181,-0.92847,0.84896
0,0,0,0,31.49,0.13212,-0.93035,0.8491
0,0,0,0,31.5,0.13214,-0.93231,0.84939
0,0,0,0,31.51,0.1322,-0.93427,0.84955
0,0,0,0,31.52,0.13235,-0.93611,0.84962
0,0,0,0,31.53,0.13235,-0.93805,0.84984
0,0,0,0,31.54,0.1325,-0.93985,0.84996
0,0,0,0,31.55,0.13272,-0.94157,0.85003
0,0,0,0,31.56,0.13284,-0.94317,0.85016
0,0,0,0,31.57,0.13299,-0.94468,0.85025
0,0,0,0,31.58,0.13306,-0.94597,0.85019
0,0,0,0,31.59,0.13315,-0.94705,0.85006
0,0,0,0,31.6,0.13325,-0.94799,0.84981
0,0,0,0,31.61,0.13332,-0.94873,0.84947
0,0,0,0,31.62,0.13348,-0.94948,0.84912
0,0,0,0,31.63,0.13355,-0.95009,0.8487
0,0,0,0,31.64,0.13364,-0.95066,0.84827
0,0,0,0,31.65,0.13348,-0.95126,0.84781
0,0,0,0,31.66,0.13325,-0.95193,0.84739
0,0,0,0,31.67,0.13304,-0.95242,0.84701
0,0,0,0,31.68,0.13287,-0.95291,0.84656
0,0,0,0,31.69,0.13265,-0.95343,0.84611
0,0,0,0,31.7,0.13236,-0.95397,0.84562
0,0,0,0,31.71,0.13208,-0.95448,0.84518
0,0,0,0,31.72,0.13173,-0.95497,0.84481
0,0,0,0,31.73,0.13136,-0.95544,0.84445
0,0,0,0,31.74,0.13098,-0.95585,0.8441
0,0,0,0,31.75,0.13061,-0.95626,0.84376
0,0,0,0,31.76,0.13024,-0.95662,0.8434
0,0,0,0,31.77,0.12957,-0.95684,0.84309
0,0,0,0,31.78,0.12907,-0.95718,0.84274
0,0,0,0,31.79,0.12873,-0.9575,0.84244
0,0,0,0,31.8,0.12833,-0.95768,0.84219
0,0,0,0,31.81,0.12788,-0.95779,0.84189
0,0,0,0,31.82,0.12738,-0.95786,0.84162
0,0,0,0,31.83,0.12691,-0.95789,0.84131
0,0,0,0,31.84,0.12624,-0.95772,0.84106
0,0,0,0,31.85,0.12561,-0.95753,0.84074
0,0,0,0,31.86,0.12497,-0.95728,0.84041
0,0,0,0,31.87,0.12427,-0.95703,0.84009
0,0,0,0,31.88,0.12355,-0.95669,0.83977
0,0,0,0,31.89,0.12272,-0.95615,0.83934
0,0,0,0,31.9,0.12193,-0.95565,0.83891
0,0,0,0,31.91,0.12108,-0.95505,0.83854
0,0,0,0,31.92,0.12016,-0.95444,0.83813
0,0,0,0,31.93,0.11919,-0.9538,0.83773
0,0,0,0,31.94,0.11829,-0.95317,0.83725
0,0,0,0,31.95,0.11724,-0.95244,0.83688
0,0,0,0,31.96,0.11609,-0.95169,0.83648
0,0,0,0,31.97,0.11495,-0.95077,0.83597
0,0,0,0,31.98,0.11393,-0.94993,0.83545
0,0,0,0,31.99,0.1129,-0.94912,0.83488
0,0,0,0,32,0.11165,-0.94817,0.83444
0,0,0,0,32.01,0.11033,-0.94719,0.83396
0,0,0,0,32.02,0.10909,-0.9462,0.83343
0,0,0,0,32.03,0.10778,-0.94518,0.83284
0,0,0,0,32.04,0.10637,-0.94411,0.83227
0,0,0,0,32.05,0.10487,-0.94282,0.83155
0,0,0,0,32.06,0.10348,-0.94169,0.8309
0,0,0,0,32.07,0.1018,-0.94047,0.83025
0,0,0,0,32.08,0.1001,-0.93929,0.82956
0,0,0,0,32.09,0.098525,-0.93806,0.82873
0,0,0,0,32.1,0.096725,-0.93661,0.82788
0,0,0,0,32.11,0.095009,-0.93521,0.82697
0,0,0,0,32.12,0.093156,-0.93383,0.82612
0,0,0,0,32.13,0.091231,-0.93251,0.82526
0,0,0,0,32.14,0.089352,-0.9312,0.82439
0,0,0,0,32.15,0.087444,-0.92983,0.8235
0,0,0,0,32.16,0.085444,-0.92831,0.82251
0,0,0,0,32.17,0.083487,-0.92692,0.82159
0,0,0,0,32.18,0.081351,-0.9255,0.82075
0,0,0,0,32.19,0.079394,-0.92424,0.81986
0,0,0,0,32.2,0.077364,-0.92297,0.81899
0,0,0,0,32.21,0.075236,-0.92163,0.81805
0,0,0,0,32.22,0.07325,-0.92017,0.81703
0,0,0,0,32.23,0.07129,-0.91882,0.81605
0,0,0,0,32.24,0.069223,-0.91763,0.81518
0,0,0,0,32.25,0.067051,-0.91629,0.81438
0,0,0,0,32.26,0.065041,-0.91505,0.81351
0,0,0,0,32.27,0.063096,-0.91381,0.81262
0,0,0,0,32.28,0.060947,-0.91253,0.8117
0,0,0,0,32.29,0.059017,-0.91129,0.8108
0,0,0,0,32.3,0.056941,-0.91007,0.80992
0,0,0,0,32.31,0.054842,-0.9089,0.80912
0,0,0,0,32.32,0.052696,-0.90763,0.80822
0,0,0,0,32.33,0.050578,-0.90645,0.80724
0,0,0,0,32.34,0.04849,-0.90524,0.80631
0,0,0,0,32.35,0.046497,-0.90413,0.80531
0,0,0,0,32.36,0.04448,-0.90298,0.80444
0,0,0,0,32.37,0.042283,-0.90184,0.80362
0,0,0,0,32.38,0.040167,-0.90056,0.80274
0,0,0,0,32.39,0.038286,-0.89941,0.80182
0,0,0,0,32.4,0.036316,-0.89816,0.80088
0,0,0,0,32.41,0.034236,-0.89679,0.79975
0,0,0,0,32.42,0.032264,-0.89551,0.79873
0,0,0,0,32.43,0.030336,-0.8942,0.79778
0,0,0,0,32.44,0.028323,-0.89289,0.79676
0,0,0,0,32.45,0.026288,-0.89157,0.79567
0,0,0,0,32.46,0.024241,-0.89024,0.79458
0,0,0,0,32.47,0.022204,-0.88901,0.79353
0,0,0,0,32.48,0.020187,-0.88765,0.79246
0,0,0,0,32.49,0.018167,-0.88634,0.79137
0,0,0,0,32.5,0.016283,-0.88521,0.79
0,0,0,0,32.51,0.014218,-0.88403,0.78893
0,0,0,0,32.52,0.012117,-0.88288,0.78807
0,0,0,0,32.53,0.009999,-0.88176,0.78717
0,0,0,0,32.54,0.007952,-0.88056,0.78616
0,0,0,0,32.55,0.005978,-0.87944,0.78516
0,0,0,0,32.56,0.004022,-0.87839,0.78419
0,0,0,0,32.57,0.002006,-0.8773,0.78317
0,0,0,0,32.58,0.000123,-0.87627,0.78214
0,0,0,0,32.59,-0.001848,-0.8752,0.78119
0,0,0,0,32.6,-0.003555,-0.87414,0.78015
0,0,0,0,32.61,-0.005534,-0.87297,0.77918
0,0,0,0,32.62,-0.007406,-0.87191,0.77834
0,0,0,0,32.63,-0.009197,-0.87083,0.77739
0,0,0,0,32.64,-0.010918,-0.86981,0.77654
0,0,0,0,32.65,-0.012648,-0.86869,0.77577
0,0,0,0,32.66,-0.014421,-0.8676,0.77498
0,0,0,0,32.67,-0.015996,-0.86658,0.77418
0,0,0,0,32.68,-0.017452,-0.86543,0.77337
0,0,0,0,32.69,-0.018982,-0.86425,0.77253
0,0,0,0,32.7,-0.020629,-0.86308,0.77171
0,0,0,0,32.71,-0.022068,-0.86204,0.77101
0,0,0,0,32.72,-0.023347,-0.86094,0.7703
0,0,0,0,32.73,-0.024708,-0.85982,0.76965
0,0,0,0,32.74,-0.026009,-0.85862,0.76897
0,0,0,0,32.75,-0.027332,-0.85743,0.76833
0,0,0,0,32.76,-0.028723,-0.85625,0.76771
0,0,0,0,32.77,-0.029812,-0.85514,0.76713
0,0,0,0,32.78,-0.030983,-0.85394,0.76654
0,0,0,0,32.79,-0.032166,-0.85258,0.76591
0,0,0,0,32.8,-0.033289,-0.85122,0.76535
0,0,0,0,32.81,-0.034482,-0.84991,0.76483
0,0,0,0,32.82,-0.035497,-0.84866,0.76438
0,0,0,0,32.83,-0.036404,-0.84744,0.76383
0,0,0,0,32.84,-0.037419,-0.84613,0.76332
0,0,0,0,32.85,-0.038479,-0.84459,0.7628
0,0,0,0,32.86,-0.039312,-0.84317,0.76231
0,0,0,0,32.87,-0.040305,-0.84177,0.76171
0,0,0,0,32.88,-0.04114,-0.84042,0.76108
0,0,0,0,32.89,-0.042061,-0.83901,0.7606
0,0,0,0,32.9,-0.042946,-0.83746,0.76004
0,0,0,0,32.91,-0.043823,-0.83599,0.75948
0,0,0,0,32.92,-0.044606,-0.83456,0.75897
0,0,0,0,32.93,-0.045505,-0.83307,0.7585
0,0,0,0,32.94,-0.046335,-0.83144,0.75798
0,0,0,0,32.95,-0.046773,-0.82974,0.75729
0,0,0,0,32.96,-0.047356,-0.82804,0.75671
0,0,0,0,32.97,-0.048125,-0.82627,0.75608
0,0,0,0,32.98,-0.049085,-0.82415,0.75556
0,0,0,0,32.99,-0.049941,-0.82215,0.75499
0,0,0,0,33,-0.050644,-0.82017,0.75435
0,0,0,0,33.01,-0.051292,-0.81788,0.7537
0,0,0,0,33.02,-0.05173,-0.81567,0.75297
0,0,0,0,33.03,-0.052391,-0.81341,0.75236
0,0,0,0,33.04,-0.053086,-0.81098,0.75173
0,0,0,0,33.05,-0.053473,-0.8087,0.75097
0,0,0,0,33.06,-0.053921,-0.80642,0.75038
0,0,0,0,33.07,-0.054529,-0.80402,0.74979
0,0,0,0,33.08,-0.055221,-0.80166,0.74923
0,0,0,0,33.09,-0.055942,-0.79917,0.74881
0,0,0,0,33.1,-0.056523,-0.79659,0.74831
0,0,0,0,33.11,-0.057039,-0.79417,0.74773
0,0,0,0,33.12,-0.05762,-0.79148,0.74718
0,0,0,0,33.13,-0.058127,-0.78904,0.74672
0,0,0,0,33.14,-0.05848,-0.78655,0.7463
0,0,0,0,33.15,-0.058752,-0.78411,0.74594
0,0,0,0,33.16,-0.059126,-0.7816,0.74558
0,0,0,0,33.17,-0.059713,-0.77902,0.74527
0,0,0,0,33.18,-0.060122,-0.77645,0.74502
0,0,0,0,33.19,-0.060518,-0.77385,0.74481
0,0,0,0,33.2,-0.060919,-0.77113,0.7446
0,0,0,0,33.21,-0.0614,-0.76838,0.7444
0,0,0,0,33.22,-0.061783,-0.76551,0.74414
0,0,0,0,33.23,-0.062134,-0.76274,0.74402
0,0,0,0,33.24,-0.062439,-0.75993,0.74392
0,0,0,0,33.25,-0.063048,-0.75689,0.74392
0,0,0,0,33.26,-0.06334,-0.75392,0.74384
0,0,0,0,33.27,-0.063562,-0.75087,0.74373
0,0,0,0,33.28,-0.063914,-0.74782,0.74377
0,0,0,0,33.29,-0.064111,-0.74451,0.74367
0,0,0,0,33.3,-0.064331,-0.7414,0.74371
0,0,0,0,33.31,-0.064427,-0.73819,0.74373
0,0,0,0,33.32,-0.064541,-0.73486,0.74367
0,0,0,0,33.33,-0.064617,-0.73144,0.74364
0,0,0,0,33.34,-0.064991,-0.72793,0.74368
0,0,0,0,33.35,-0.065076,-0.72441,0.74367
0,0,0,0,33.36,-0.065129,-0.72085,0.74366
0,0,0,0,33.37,-0.065271,-0.71721,0.74366
0,0,0,0,33.38,-0.065482,-0.71351,0.74362
0,0,0,0,33.39,-0.065638,-0.70974,0.74356
0,0,0,0,33.4,-0.065642,-0.70605,0.74349
0,0,0,0,33.41,-0.065712,-0.70229,0.74348
0,0,0,0,33.42,-0.06575,-0.69845,0.74348
0,0,0,0,33.43,-0.066042,-0.69445,0.74345
0,0,0,0,33.44,-0.066258,-0.69044,0.74337
0,0,0,0,33.45,-0.066211,-0.68643,0.7433
0,0,0,0,33.46,-0.066276,-0.68239,0.74327
0,0,0,0,33.47,-0.06636,-0.67832,0.74327
0,0,0,0,33.48,-0.066753,-0.67406,0.74331
0,0,0,0,33.49,-0.066914,-0.66988,0.74329
0,0,0,0,33.5,-0.06698,-0.66568,0.74321
0,0,0,0,33.51,-0.067136,-0.66141,0.74323
0,0,0,0,33.52,-0.067173,-0.65722,0.7432
0,0,0,0,33.53,-0.067247,-0.65283,0.7431
0,0,0,0,33.54,-0.067446,-0.64845,0.74305
0,0,0,0,33.55,-0.067723,-0.64406,0.74304
0,0,0,0,33.56,-0.067979,-0.6396,0.743
0,0,0,0,33.57,-0.068262,-0.63503,0.7429
0,0,0,0,33.58,-0.068332,-0.63061,0.74276
0,0,0,0,33.59,-0.068501,-0.62604,0.74274
0,0,0,0,33.6,-0.068871,-0.62139,0.74282
0,0,0,0,33.61,-0.069302,-0.61668,0.7428
0,0,0,0,33.62,-0.069674,-0.61197,0.74276
0,0,0,0,33.63,-0.069947,-0.60721,0.74268
0,0,0,0,33.64,-0.070152,-0.6026,0.74263
0,0,0,0,33.65,-0.070488,-0.59777,0.74258
0,0,0,0,33.66,-0.071249,-0.59281,0.74263
0,0,0,0,33.67,-0.071791,-0.58789,0.74263
0,0,0,0,33.68,-0.07235,-0.58302,0.74261
0,0,0,0,33.69,-0.07298,-0.57805,0.74258
0,0,0,0,33.7,-0.07347,-0.5731,0.74252
0,0,0,0,33.71,-0.073798,-0.56822,0.74256
0,0,0,0,33.72,-0.074391,-0.56326,0.74263
0,0,0,0,33.73,-0.075087,-0.5582,0.74268
0,0,0,0,33.74,-0.075699,-0.55322,0.74273
0,0,0,0,33.75,-0.076222,-0.54817,0.74279
0,0,0,0,33.76,-0.077148,-0.54299,0.7429
0,0,0,0,33.77,-0.077817,-0.5378,0.74292
0,0,0,0,33.78,-0.078636,-0.53252,0.74315
0,0,0,0,33.79,-0.079546,-0.52738,0.7434
0,0,0,0,33.8,-0.0804,-0.52225,0.7436
0,0,0,0,33.81,-0.081186,-0.51708,0.74379
0,0,0,0,33.82,-0.081873,-0.51189,0.74396
0,0,0,0,33.83,-0.082809,-0.5067,0.74424
0,0,0,0,33.84,-0.083872,-0.50145,0.74446
0,0,0,0,33.85,-0.085138,-0.49605,0.7448
0,0,0,0,33.86,-0.085975,-0.49079,0.74502
0,0,0,0,33.87,-0.086993,-0.48553,0.74535
0,0,0,0,33.88,-0.088177,-0.48008,0.74566
0,0,0,0,33.89,-0.089479,-0.47469,0.74593
0,0,0,0,33.9,-0.090594,-0.46938,0.74625
0,0,0,0,33.91,-0.091607,-0.46416,0.74663
0,0,0,0,33.92,-0.092917,-0.45872,0.74711
0,0,0,0,33.93,-0.094221,-0.45348,0.74751
0,0,0,0,33.94,-0.095415,-0.44823,0.74786
0,0,0,0,33.95,-0.096805,-0.44281,0.74825
0,0,0,0,33.96,-0.0984,-0.43739,0.74867
0,0,0,0,33.97,-0.10001,-0.43199,0.74912
0,0,0,0,33.98,-0.10119,-0.42669,0.74954
0,0,0,0,33.99,-0.10272,-0.42128,0.75001
0,0,0,0,34,-0.1045,-0.41591,0.75056
0,0,0,0,34.01,-0.10613,-0.41047,0.75104
0,0,0,0,34.02,-0.10738,-0.40507,0.75148
0,0,0,0,34.03,-0.10905,-0.39972,0.75194
0,0,0,0,34.04,-0.11095,-0.39425,0.75251
0,0,0,0,34.05,-0.11252,-0.38878,0.75298
0,0,0,0,34.06,-0.11405,-0.38339,0.75333
0,0,0,0,34.07,-0.11601,-0.37798,0.75375
0,0,0,0,34.08,-0.11802,-0.37246,0.75431
0,0,0,0,34.09,-0.11985,-0.36698,0.75479
0,0,0,0,34.1,-0.12168,-0.36156,0.75521
0,0,0,0,34.11,NaN,NaN,NaN
0,0,0,0,34.12,NaN,NaN,NaN
0,0,0,0,34.13,NaN,NaN,NaN
0,0,0,0,34.14,NaN,NaN,NaN
0,0,0,0,34.15,NaN,NaN,NaN
0,0,0,0,34.16,NaN,NaN,NaN
0,0,0,0,34.17,NaN,NaN,NaN
0,0,0,0,34.18,NaN,NaN,NaN
0,0,0,0,34.19,NaN,NaN,NaN
0,0,0,0,34.2,NaN,NaN,NaN
0,0,0,0,34.21,NaN,NaN,NaN
0,0,0,0,34.22,NaN,NaN,NaN
0,0,0,0,34.23,NaN,NaN,NaN
0,0,0,0,34.24,-0.15124,-0.28287,0.76094
0,0,0,0,34.25,NaN,NaN,NaN
0,0,0,0,34.26,-0.15593,-0.27148,0.76168
0,0,0,0,34.27,-0.15791,-0.26589,0.76188
0,0,0,0,34.28,-0.16038,-0.26013,0.76226
0,0,0,0,34.29,-0.1628,-0.2544,0.76276
0,0,0,0,34.3,-0.16508,-0.24872,0.76313
0,0,0,0,34.31,-0.16732,-0.24303,0.76342
0,0,0,0,34.32,-0.16955,-0.23736,0.76389
0,0,0,0,34.33,-0.1721,-0.23156,0.76432
0,0,0,0,34.34,-0.17437,-0.22586,0.76463
0,0,0,0,34.35,-0.1764,-0.22021,0.76493
0,0,0,0,34.36,-0.17894,-0.21439,0.7654
0,0,0,0,34.37,-0.18125,-0.20867,0.7658
0,0,0,0,34.38,-0.18335,-0.20295,0.76618
0,0,0,0,34.39,NaN,NaN,NaN
0,0,0,0,34.4,NaN,NaN,NaN
0,0,0,0,34.41,NaN,NaN,NaN
0,0,0,0,34.42,NaN,NaN,NaN
0,0,0,0,34.43,NaN,NaN,NaN
0,0,0,0,34.44,NaN,NaN,NaN
0,0,0,0,34.45,NaN,NaN,NaN
0,0,0,0,34.46,NaN,NaN,NaN
0,0,0,0,34.47,NaN,NaN,NaN
0,0,0,0,34.48,NaN,NaN,NaN
0,0,0,0,34.49,-0.20823,-0.13708,0.7708
0,0,0,0,34.5,NaN,NaN,NaN
0,0,0,0,34.51,-0.21249,-0.1244,0.77168
0,0,0,0,34.52,NaN,NaN,NaN
0,0,0,0,34.53,-0.21666,-0.11142,0.77258
0,0,0,0,34.54,-0.21856,-0.10505,0.77303
0,0,0,0,34.55,-0.22057,-0.098502,0.77357
0,0,0,0,34.56,-0.22269,-0.091715,0.77401
0,0,0,0,34.57,-0.22462,-0.08498,0.77459
0,0,0,0,34.58,-0.22641,-0.078317,0.77505
0,0,0,0,34.59,-0.22842,-0.071631,0.77551
0,0,0,0,34.6,-0.2303,-0.064883,0.77606
0,0,0,0,34.61,-0.23214,-0.058034,0.77653
0,0,0,0,34.62,-0.23423,-0.051089,0.77706
0,0,0,0,34.63,-0.23596,-0.044316,0.7776
0,0,0,0,34.64,-0.2377,-0.037441,0.77813
0,0,0,0,34.65,-0.23965,-0.030528,0.77878
0,0,0,0,34.66,-0.24155,-0.023599,0.77945
0,0,0,0,34.67,-0.24327,-0.016623,0.78
0,0,0,0,34.68,-0.24516,-0.009502,0.78059
0,0,0,0,34.69,-0.24687,-0.002481,0.78137
0,0,0,0,34.7,-0.24847,0.004581,0.78204
0,0,0,0,34.71,-0.25003,0.01166,0.78271
0,0,0,0,34.72,-0.25164,0.018756,0.78335
0,0,0,0,34.73,-0.25322,0.025856,0.78406
0,0,0,0,34.74,-0.25484,0.033088,0.78481
0,0,0,0,34.75,-0.25633,0.040371,0.78552
0,0,0,0,34.76,-0.2578,0.047665,0.78619
0,0,0,0,34.77,-0.25909,0.055002,0.78677
0,0,0,0,34.78,-0.2606,0.062414,0.78757
0,0,0,0,34.79,-0.26203,0.069848,0.7883
0,0,0,0,34.8,-0.26334,0.077264,0.78902
0,0,0,0,34.81,-0.26467,0.084701,0.78985
0,0,0,0,34.82,-0.26595,0.092079,0.79061
0,0,0,0,34.83,-0.26718,0.099581,0.79127
0,0,0,0,34.84,-0.26842,0.10721,0.79198
0,0,0,0,34.85,-0.26967,0.11479,0.79268
0,0,0,0,34.86,-0.27069,0.1223,0.79339
0,0,0,0,34.87,-0.27181,0.12982,0.79421
0,0,0,0,34.88,-0.27285,0.1374,0.79494
0,0,0,0,34.89,-0.27392,0.14509,0.7957
0,0,0,0,34.9,-0.27491,0.15261,0.79638
0,0,0,0,34.91,NaN,NaN,NaN
0,0,0,0,34.92,NaN,NaN,NaN
0,0,0,0,34.93,NaN,NaN,NaN
0,0,0,0,34.94,NaN,NaN,NaN
0,0,0,0,34.95,NaN,NaN,NaN
0,0,0,0,34.96,NaN,NaN,NaN
0,0,0,0,34.97,NaN,NaN,NaN
0,0,0,0,34.98,NaN,NaN,NaN
0,0,0,0,34.99,NaN,NaN,NaN
0,0,0,0,35,NaN,NaN,NaN
0,0,0,0,35.01,NaN,NaN,NaN
0,0,0,0,35.02,NaN,NaN,NaN
0,0,0,0,35.03,NaN,NaN,NaN
0,0,0,0,35.04,NaN,NaN,NaN
0,0,0,0,35.05,NaN,NaN,NaN
0,0,0,0,35.06,NaN,NaN,NaN
0,0,0,0,35.07,NaN,NaN,NaN
0,0,0,0,35.08,NaN,NaN,NaN
0,0,0,0,35.09,NaN,NaN,NaN
0,0,0,0,35.1,NaN,NaN,NaN
0,0,0,0,35.11,NaN,NaN,NaN
0,0,0,0,35.12,NaN,NaN,NaN
0,0,0,0,35.13,NaN,NaN,NaN
0,0,0,0,35.14,NaN,NaN,NaN
0,0,0,0,35.15,NaN,NaN,NaN
0,0,0,0,35.16,NaN,NaN,NaN
0,0,0,0,35.17,NaN,NaN,NaN
0,0,0,0,35.18,NaN,NaN,NaN
0,0,0,0,35.19,NaN,NaN,NaN
0,0,0,0,35.2,NaN,NaN,NaN
0,0,0,0,35.21,NaN,NaN,NaN
0,0,0,0,35.22,NaN,NaN,NaN
0,0,0,0,35.23,NaN,NaN,NaN
0,0,0,0,35.24,NaN,NaN,NaN
0,0,0,0,35.25,NaN,NaN,NaN
0,0,0,0,35.26,NaN,NaN,NaN
0,0,0,0,35.27,NaN,NaN,NaN
0,0,0,0,35.28,NaN,NaN,NaN
0,0,0,0,35.29,NaN,NaN,NaN
0,0,0,0,35.3,NaN,NaN,NaN
0,0,0,0,35.31,NaN,NaN,NaN
0,0,0,0,35.32,NaN,NaN,NaN
0,0,0,0,35.33,NaN,NaN,NaN
0,0,0,0,35.34,NaN,NaN,NaN
0,0,0,0,35.35,NaN,NaN,NaN
0,0,0,0,35.36,NaN,NaN,NaN
0,0,0,0,35.37,NaN,NaN,NaN
0,0,0,0,35.38,NaN,NaN,NaN
0,0,0,0,35.39,NaN,NaN,NaN
0,0,0,0,35.4,NaN,NaN,NaN
0,0,0,0,35.41,NaN,NaN,NaN
0,0,0,0,35.42,NaN,NaN,NaN
0,0,0,0,35.43,NaN,NaN,NaN
0,0,0,0,35.44,NaN,NaN,NaN
0,0,0,0,35.45,NaN,NaN,NaN
0,0,0,0,35.46,NaN,NaN,NaN
0,0,0,0,35.47,NaN,NaN,NaN
0,0,0,0,35.48,NaN,NaN,NaN
0,0,0,0,35.49,NaN,NaN,NaN
0,0,0,0,35.5,NaN,NaN,NaN
0,0,0,0,35.51,NaN,NaN,NaN
0,0,0,0,35.52,NaN,NaN,NaN
0,0,0,0,35.53,NaN,NaN,NaN
0,0,0,0,35.54,NaN,NaN,NaN
0,0,0,0,35.55,NaN,NaN,NaN
0,0,0,0,35.56,NaN,NaN,NaN
0,0,0,0,35.57,NaN,NaN,NaN
0,0,0,0,35.58,NaN,NaN,NaN
0,0,0,0,35.59,NaN,NaN,NaN
0,0,0,0,35.6,NaN,NaN,NaN
0,0,0,0,35.61,-0.29644,0.65672,0.83458
0,0,0,0,35.62,-0.29624,0.66345,0.83527
0,0,0,0,35.63,-0.29602,0.67002,0.83595
0,0,0,0,35.64,-0.29581,0.67666,0.83666
0,0,0,0,35.65,-0.29551,0.68334,0.83735
0,0,0,0,35.66,-0.2952,0.69001,0.83797
0,0,0,0,35.67,-0.29491,0.69667,0.83866
0,0,0,0,35.68,-0.29477,0.7033,0.83941
0,0,0,0,35.69,-0.29446,0.71003,0.84003
0,0,0,0,35.7,-0.29418,0.71688,0.84078
0,0,0,0,35.71,-0.29374,0.72348,0.8415
0,0,0,0,35.72,-0.29329,0.73011,0.84221
0,0,0,0,35.73,-0.29326,0.73688,0.84291
0,0,0,0,35.74,-0.29288,0.74354,0.84361
0,0,0,0,35.75,-0.29255,0.75024,0.84437
0,0,0,0,35.76,-0.29151,0.75664,0.84504
0,0,0,0,35.77,-0.29141,0.76332,0.84577
0,0,0,0,35.78,-0.29117,0.77008,0.84638
0,0,0,0,35.79,-0.29083,0.77682,0.84694
0,0,0,0,35.8,-0.29041,0.7835,0.84754
0,0,0,0,35.81,-0.29007,0.79057,0.84807
0,0,0,0,35.82,-0.28969,0.79745,0.84866
0,0,0,0,35.83,-0.28925,0.80407,0.84927
0,0,0,0,35.84,-0.28866,0.81057,0.84997
0,0,0,0,35.85,-0.28813,0.81722,0.85058
0,0,0,0,35.86,-0.28772,0.82423,0.85084
0,0,0,0,35.87,-0.28744,0.83103,0.85173
0,0,0,0,35.88,-0.2869,0.8374,0.85255
0,0,0,0,35.89,-0.28629,0.84384,0.85318
0,0,0,0,35.9,-0.28571,0.85053,0.85371
0,0,0,0,35.91,-0.28518,0.8572,0.85425
0,0,0,0,35.92,-0.28477,0.86397,0.85488
0,0,0,0,35.93,-0.28443,0.87087,0.85545
0,0,0,0,35.94,-0.28397,0.8776,0.85596
0,0,0,0,35.95,-0.28325,0.88401,0.85658
0,0,0,0,35.96,-0.28251,0.89048,0.85701
0,0,0,0,35.97,-0.28204,0.89702,0.85769
0,0,0,0,35.98,-0.28152,0.9036,0.85846
0,0,0,0,35.99,-0.28103,0.91035,0.85901
0,0,0,0,36,-0.28036,0.91709,0.85949
0,0,0,0,36.01,-0.27992,0.92374,0.86009
0,0,0,0,36.02,-0.27935,0.9304,0.8606
0,0,0,0,36.03,-0.27874,0.93698,0.86112
0,0,0,0,36.04,-0.27816,0.94361,0.86168
0,0,0,0,36.05,-0.27766,0.95025,0.86231
0,0,0,0,36.06,-0.27708,0.95704,0.86283
0,0,0,0,36.07,-0.27641,0.96368,0.86336
0,0,0,0,36.08,-0.27572,0.97033,0.86376
0,0,0,0,36.09,-0.27527,0.97706,0.86443
0,0,0,0,36.1,-0.27475,0.98377,0.8651
0,0,0,0,36.11,-0.27417,0.99048,0.86557
0,0,0,0,36.12,-0.27356,0.99711,0.86617
0,0,0,0,36.13,-0.27288,1.0038,0.86672
0,0,0,0,36.14,-0.2722,1.0104,0.86729
0,0,0,0,36.15,-0.27166,1.0169,0.8681
0,0,0,0,36.16,-0.27099,1.0234,0.86864
0,0,0,0,36.17,-0.27034,1.0299,0.8692
0,0,0,0,36.18,-0.26976,1.0362,0.87001
0,0,0,0,36.19,-0.26897,1.0426,0.87049
0,0,0,0,36.2,-0.26835,1.0488,0.87132
0,0,0,0,36.21,-0.26768,1.055,0.87223
0,0,0,0,36.22,-0.26711,1.0612,0.87306
0,0,0,0,36.23,-0.26649,1.0673,0.87378
0,0,0,0,36.24,-0.26584,1.0734,0.87444
0,0,0,0,36.25,-0.26506,1.0794,0.87504
0,0,0,0,36.26,-0.26437,1.0854,0.87568
0,0,0,0,36.27,-0.26385,1.0914,0.87678
0,0,0,0,36.28,-0.26322,1.0975,0.87763
0,0,0,0,36.29,-0.26257,1.1034,0.8784
0,0,0,0,36.3,-0.2619,1.1093,0.87897
0,0,0,0,36.31,-0.26123,1.1152,0.87985
0,0,0,0,36.32,-0.26055,1.1211,0.88067
0,0,0,0,36.33,-0.25949,1.1268,0.88135
0,0,0,0,36.34,-0.25891,1.1327,0.88202
0,0,0,0,36.35,-0.25839,1.1387,0.88269
0,0,0,0,36.36,-0.25774,1.1447,0.88326
0,0,0,0,36.37,-0.25718,1.1504,0.88436
0,0,0,0,36.38,-0.25647,1.1563,0.8851
0,0,0,0,36.39,-0.25567,1.162,0.88583
0,0,0,0,36.4,-0.2548,1.1677,0.88646
0,0,0,0,36.41,-0.25429,1.1737,0.88688
0,0,0,0,36.42,-0.25371,1.1794,0.88743
0,0,0,0,36.43,-0.25294,1.1851,0.88827
0,0,0,0,36.44,-0.25223,1.1909,0.88886
0,0,0,0,36.45,-0.25182,1.1966,0.88923
0,0,0,0,36.46,-0.25123,1.2023,0.88971
0,0,0,0,36.47,-0.25018,1.208,0.89044
0,0,0,0,36.48,-0.2494,1.2136,0.89103
0,0,0,0,36.49,-0.24864,1.2191,0.8915
0,0,0,0,36.5,-0.24813,1.2246,0.89187
0,0,0,0,36.51,-0.24736,1.2301,0.89283
0,0,0,0,36.52,-0.24662,1.2353,0.89361
0,0,0,0,36.53,-0.24595,1.2406,0.89415
0,0,0,0,36.54,-0.24527,1.2459,0.89464
0,0,0,0,36.55,-0.24463,1.2511,0.8951
0,0,0,0,36.56,-0.24392,1.2562,0.89553
0,0,0,0,36.57,-0.24331,1.2615,0.89596
0,0,0,0,36.58,-0.24245,1.2665,0.8968
0,0,0,0,36.59,-0.24162,1.2718,0.89736
0,0,0,0,36.6,-0.24099,1.2771,0.89791
0,0,0,0,36.61,-0.24046,1.2819,0.89842
0,0,0,0,36.62,-0.2397,1.2874,0.89895
0,0,0,0,36.63,-0.23903,1.2928,0.89956
0,0,0,0,36.64,-0.23818,1.2974,0.89997
0,0,0,0,36.65,-0.23734,1.3026,0.90043
0,0,0,0,36.66,-0.23688,1.3083,0.90151
0,0,0,0,36.67,-0.2362,1.3129,0.90232
0,0,0,0,36.68,-0.23557,1.3178,0.90283
0,0,0,0,36.69,-0.23498,1.3233,0.90332
0,0,0,0,36.7,-0.23404,1.3278,0.90385
0,0,0,0,36.71,-0.23311,1.3323,0.90429
0,0,0,0,36.72,-0.23231,1.3372,0.90463
0,0,0,0,36.73,-0.23166,1.3419,0.90517
0,0,0,0,36.74,-0.23098,1.3469,0.90583
0,0,0,0,36.75,-0.23035,1.3523,0.90675
0,0,0,0,36.76,-0.22917,1.3577,0.90721
0,0,0,0,36.77,-0.22812,1.3615,0.90748
0,0,0,0,36.78,-0.22766,1.3661,0.90811
0,0,0,0,36.79,-0.22704,1.3715,0.90875
0,0,0,0,36.8,-0.22629,1.3762,0.90925
0,0,0,0,36.81,-0.22573,1.3804,0.91021
0,0,0,0,36.82,-0.22476,1.3866,0.91073
0,0,0,0,36.83,-0.22394,1.3902,0.91141
0,0,0,0,36.84,-0.22315,1.3943,0.91202
0,0,0,0,36.85,-0.22246,1.3996,0.91268
0,0,0,0,36.86,-0.22153,1.4039,0.91313
0,0,0,0,36.87,-0.22092,1.4098,0.91359
0,0,0,0,36.88,-0.22025,1.4144,0.9141
0,0,0,0,36.89,-0.21939,1.4185,0.91494
0,0,0,0,36.9,-0.21849,1.4232,0.91539
0,0,0,0,36.91,-0.21768,1.4279,0.91586
0,0,0,0,36.92,-0.2169,1.4323,0.91634
0,0,0,0,36.93,-0.21628,1.4368,0.91636
0,0,0,0,36.94,-0.21567,1.4412,0.91691
0,0,0,0,36.95,-0.21477,1.4447,0.91798
0,0,0,0,36.96,-0.21416,1.448,0.91879
0,0,0,0,36.97,-0.21347,1.4517,0.91983
0,0,0,0,36.98,-0.21282,1.4554,0.92063
0,0,0,0,36.99,-0.21222,1.4594,0.92123
0,0,0,0,37,-0.21171,1.4631,0.92167
0,0,0,0,37.01,-0.21123,1.4673,0.92202
0,0,0,0,37.02,-0.21064,1.4711,0.92279
0,0,0,0,37.03,-0.21008,1.4756,0.92333
0,0,0,0,37.04,-0.20962,1.4791,0.92376
0,0,0,0,37.05,-0.20916,1.4835,0.92461
0,0,0,0,37.06,-0.20873,1.4876,0.92534
0,0,0,0,37.07,-0.20808,1.4911,0.9255
0,0,0,0,37.08,-0.20755,1.495,0.92609
0,0,0,0,37.09,-0.20704,1.4986,0.92662
0,0,0,0,37.1,-0.20645,1.5024,0.9269
0,0,0,0,37.11,-0.20594,1.5065,0.92726
0,0,0,0,37.12,-0.20545,1.5103,0.92754
0,0,0,0,37.13,-0.205,1.5143,0.92785
0,0,0,0,37.14,-0.20458,1.5181,0.92833
0,0,0,0,37.15,-0.20414,1.5223,0.929
0,0,0,0,37.16,-0.20368,1.5259,0.92926
0,0,0,0,37.17,-0.20322,1.5286,0.92954
0,0,0,0,37.18,-0.20275,1.5319,0.92978
0,0,0,0,37.19,-0.20228,1.5356,0.92995
0,0,0,0,37.2,NaN,NaN,NaN
0,0,0,0,37.21,NaN,NaN,NaN
0,0,0,0,37.22,NaN,NaN,NaN
0,0,0,0,37.23,NaN,NaN,NaN
0,0,0,0,37.24,NaN,NaN,NaN
0,0,0,0,37.25,NaN,NaN,NaN
0,0,0,0,37.26,NaN,NaN,NaN
0,0,0,0,37.27,NaN,NaN,NaN
0,0,0,0,37.28,NaN,NaN,NaN
0,0,0,0,37.29,NaN,NaN,NaN
0,0,0,0,37.3,NaN,NaN,NaN
0,0,0,0,37.31,NaN,NaN,NaN
0,0,0,0,37.32,NaN,NaN,NaN
0,0,0,0,37.33,NaN,NaN,NaN
0,0,0,0,37.34,NaN,NaN,NaN
0,0,0,0,37.35,NaN,NaN,NaN
0,0,0,0,37.36,NaN,NaN,NaN
0,0,0,0,37.37,NaN,NaN,NaN
0,0,0,0,37.38,NaN,NaN,NaN
0,0,0,0,37.39,NaN,NaN,NaN
0,0,0,0,37.4,-0.19689,1.6028,0.93236
0,0,0,0,37.41,-0.19745,1.6077,0.9324
0,0,0,0,37.42,-0.19636,1.6098,0.93178
0,0,0,0,37.43,-0.19646,1.6111,0.93217
0,0,0,0,37.44,-0.19621,1.6147,0.9318
0,0,0,0,37.45,-0.19727,1.6188,0.93212
0,0,0,0,37.46,NaN,NaN,NaN
0,0,0,0,37.47,NaN,NaN,NaN
0,0,0,0,37.48,-0.19809,1.6278,0.93178
0,0,0,0,37.49,NaN,NaN,NaN
0,0,0,0,37.5,NaN,NaN,NaN
0,0,0,0,37.51,NaN,NaN,NaN
0,0,0,0,37.52,-0.19865,1.6378,0.93185
0,0,0,0,37.53,NaN,NaN,NaN
0,0,0,0,37.54,NaN,NaN,NaN
0,0,0,0,37.55,NaN,NaN,NaN
0,0,0,0,37.56,-0.1995,1.6468,0.93151
0,0,0,0,37.57,-0.19839,1.6469,0.93105
0,0,0,0,37.58,NaN,NaN,NaN
0,0,0,0,37.59,NaN,NaN,NaN
0,0,0,0,37.6,NaN,NaN,NaN
0,0,0,0,37.61,-0.20082,1.6575,0.931
0,0,0,0,37.62,-0.20128,1.6599,0.93087
0,0,0,0,37.63,-0.20037,1.6611,0.93029
0,0,0,0,37.64,NaN,NaN,NaN
0,0,0,0,37.65,NaN,NaN,NaN
0,0,0,0,37.66,NaN,NaN,NaN
0,0,0,0,37.67,-0.20133,1.6689,0.9296
0,0,0,0,37.68,-0.20306,1.6719,0.92997
0,0,0,0,37.69,-0.20394,1.6743,0.93005
0,0,0,0,37.7,NaN,NaN,NaN
0,0,0,0,37.71,NaN,NaN,NaN
0,0,0,0,37.72,NaN,NaN,NaN
0,0,0,0,37.73,NaN,NaN,NaN
0,0,0,0,37.74,NaN,NaN,NaN
0,0,0,0,37.75,NaN,NaN,NaN
0,0,0,0,37.76,NaN,NaN,NaN
0,0,0,0,37.77,NaN,NaN,NaN
0,0,0,0,37.78,NaN,NaN,NaN
0,0,0,0,37.79,NaN,NaN,NaN
0,0,0,0,37.8,NaN,NaN,NaN
0,0,0,0,37.81,-0.20741,1.6946,0.92788
0,0,0,0,37.82,NaN,NaN,NaN
0,0,0,0,37.83,-0.21013,1.699,0.92829
0,0,0,0,37.84,-0.21093,1.7009,0.92826
0,0,0,0,37.85,-0.21005,1.7015,0.92767
0,0,0,0,37.86,NaN,NaN,NaN
0,0,0,0,37.87,NaN,NaN,NaN
0,0,0,0,37.88,-0.21272,1.7069,0.92781
0,0,0,0,37.89,-0.21339,1.7088,0.92779
0,0,0,0,37.9,NaN,NaN,NaN
0,0,0,0,37.91,NaN,NaN,NaN
0,0,0,0,37.92,-0.21495,1.7131,0.92759
0,0,0,0,37.93,NaN,NaN,NaN
0,0,0,0,37.94,NaN,NaN,NaN
0,0,0,0,37.95,-0.21635,1.7175,0.92728
0,0,0,0,37.96,-0.21685,1.7186,0.92708
0,0,0,0,37.97,NaN,NaN,NaN
0,0,0,0,37.98,NaN,NaN,NaN
0,0,0,0,37.99,NaN,NaN,NaN
0,0,0,0,38,NaN,NaN,NaN
0,0,0,0,38.01,-0.21721,1.72,0.92706
0,0,0,0,38.02,NaN,NaN,NaN
0,0,0,0,38.03,NaN,NaN,NaN
0,0,0,0,38.04,NaN,NaN,NaN
0,0,0,0,38.05,NaN,NaN,NaN
0,0,0,0,38.06,NaN,NaN,NaN
0,0,0,0,38.07,NaN,NaN,NaN
0,0,0,0,38.08,-0.22225,1.7349,0.92664
0,0,0,0,38.09,-0.22267,1.7364,0.92661
0,0,0,0,38.1,-0.2229,1.7379,0.92664
0,0,0,0,38.11,-0.22319,1.7393,0.9267
0,0,0,0,38.12,-0.22348,1.7406,0.92675
0,0,0,0,38.13,NaN,NaN,NaN
0,0,0,0,38.14,NaN,NaN,NaN
0,0,0,0,38.15,NaN,NaN,NaN
0,0,0,0,38.16,NaN,NaN,NaN
0,0,0,0,38.17,NaN,NaN,NaN
0,0,0,0,38.18,NaN,NaN,NaN
0,0,0,0,38.19,NaN,NaN,NaN
0,0,0,0,38.2,NaN,NaN,NaN
0,0,0,0,38.21,NaN,NaN,NaN
0,0,0,0,38.22,NaN,NaN,NaN
0,0,0,0,38.23,NaN,NaN,NaN
0,0,0,0,38.24,NaN,NaN,NaN
0,0,0,0,38.25,NaN,NaN,NaN
0,0,0,0,38.26,NaN,NaN,NaN
0,0,0,0,38.27,NaN,NaN,NaN
0,0,0,0,38.28,NaN,NaN,NaN
0,0,0,0,38.29,NaN,NaN,NaN
0,0,0,0,38.3,NaN,NaN,NaN
0,0,0,0,38.31,NaN,NaN,NaN
0,0,0,0,38.32,NaN,NaN,NaN
0,0,0,0,38.33,NaN,NaN,NaN
0,0,0,0,38.34,NaN,NaN,NaN
0,0,0,0,38.35,NaN,NaN,NaN
0,0,0,0,38.36,NaN,NaN,NaN
0,0,0,0,38.37,NaN,NaN,NaN
0,0,0,0,38.38,NaN,NaN,NaN
0,0,0,0,38.39,NaN,NaN,NaN
0,0,0,0,38.4,NaN,NaN,NaN
0,0,0,0,38.41,NaN,NaN,NaN
0,0,0,0,38.42,NaN,NaN,NaN
0,0,0,0,38.43,NaN,NaN,NaN
0,0,0,0,38.44,NaN,NaN,NaN
0,0,0,0,38.45,NaN,NaN,NaN
0,0,0,0,38.46,NaN,NaN,NaN
0,0,0,0,38.47,NaN,NaN,NaN
0,0,0,0,38.48,NaN,NaN,NaN
0,0,0,0,38.49,NaN,NaN,NaN
0,0,0,0,38.5,NaN,NaN,NaN
0,0,0,0,38.51,NaN,NaN,NaN
0,0,0,0,38.52,-0.22358,1.7913,0.92806
0,0,0,0,38.53,NaN,NaN,NaN
0,0,0,0,38.54,NaN,NaN,NaN
0,0,0,0,38.55,-0.22294,1.7948,0.92776
0,0,0,0,38.56,NaN,NaN,NaN
0,0,0,0,38.57,NaN,NaN,NaN
0,0,0,0,38.58,-0.22221,1.798,0.92756
0,0,0,0,38.59,NaN,NaN,NaN
0,0,0,0,38.6,NaN,NaN,NaN
0,0,0,0,38.61,NaN,NaN,NaN
0,0,0,0,38.62,NaN,NaN,NaN
0,0,0,0,38.63,NaN,NaN,NaN
0,0,0,0,38.64,NaN,NaN,NaN
0,0,0,0,38.65,NaN,NaN,NaN
0,0,0,0,38.66,NaN,NaN,NaN
0,0,0,0,38.67,-0.21681,1.8032,0.92703
0,0,0,0,38.68,-0.21646,1.804,0.92695
0,0,0,0,38.69,-0.21743,1.8084,0.9267
0,0,0,0,38.7,-0.21762,1.8109,0.92652
0,0,0,0,38.71,NaN,NaN,NaN
0,0,0,0,38.72,NaN,NaN,NaN
0,0,0,0,38.73,NaN,NaN,NaN
0,0,0,0,38.74,NaN,NaN,NaN
0,0,0,0,38.75,NaN,NaN,NaN
0,0,0,0,38.76,-0.21557,1.8162,0.92582
0,0,0,0,38.77,NaN,NaN,NaN
0,0,0,0,38.78,NaN,NaN,NaN
0,0,0,0,38.79,NaN,NaN,NaN
0,0,0,0,38.8,NaN,NaN,NaN
0,0,0,0,38.81,NaN,NaN,NaN
0,0,0,0,38.82,NaN,NaN,NaN
0,0,0,0,38.83,NaN,NaN,NaN
0,0,0,0,38.84,NaN,NaN,NaN
0,0,0,0,38.85,NaN,NaN,NaN
0,0,0,0,38.86,NaN,NaN,NaN
0,0,0,0,38.87,NaN,NaN,NaN
0,0,0,0,38.88,NaN,NaN,NaN
0,0,0,0,38.89,NaN,NaN,NaN
0,0,0,0,38.9,-0.20879,1.8227,0.92482
0,0,0,0,38.91,-0.20853,1.8232,0.92469
0,0,0,0,38.92,NaN,NaN,NaN
0,0,0,0,38.93,NaN,NaN,NaN
0,0,0,0,38.94,NaN,NaN,NaN
0,0,0,0,38.95,-0.20788,1.8262,0.92406
0,0,0,0,38.96,-0.20668,1.8272,0.92405
0,0,0,0,38.97,NaN,NaN,NaN
0,0,0,0,38.98,-0.20661,1.8284,0.92387
0,0,0,0,38.99,NaN,NaN,NaN
0,0,0,0,39,NaN,NaN,NaN
0,0,0,0,39.01,NaN,NaN,NaN
0,0,0,0,39.02,NaN,NaN,NaN
0,0,0,0,39.03,NaN,NaN,NaN
0,0,0,0,39.04,NaN,NaN,NaN
0,0,0,0,39.05,NaN,NaN,NaN
0,0,0,0,39.06,NaN,NaN,NaN
0,0,0,0,39.07,NaN,NaN,NaN
0,0,0,0,39.08,NaN,NaN,NaN
0,0,0,0,39.09,NaN,NaN,NaN
0,0,0,0,39.1,NaN,NaN,NaN
0,0,0,0,39.11,NaN,NaN,NaN
0,0,0,0,39.12,NaN,NaN,NaN
0,0,0,0,39.13,NaN,NaN,NaN
0,0,0,0,39.14,NaN,NaN,NaN
0,0,0,0,39.15,NaN,NaN,NaN
0,0,0,0,39.16,NaN,NaN,NaN
0,0,0,0,39.17,NaN,NaN,NaN
0,0,0,0,39.18,NaN,NaN,NaN
0,0,0,0,39.19,NaN,NaN,NaN
0,0,0,0,39.2,NaN,NaN,NaN
0,0,0,0,39.21,NaN,NaN,NaN
0,0,0,0,39.22,NaN,NaN,NaN
0,0,0,0,39.23,NaN,NaN,NaN
0,0,0,0,39.24,NaN,NaN,NaN
0,0,0,0,39.25,NaN,NaN,NaN
0,0,0,0,39.26,NaN,NaN,NaN
0,0,0,0,39.27,NaN,NaN,NaN
0,0,0,0,39.28,NaN,NaN,NaN
0,0,0,0,39.29,NaN,NaN,NaN
0,0,0,0,39.3,NaN,NaN,NaN
0,0,0,0,39.31,NaN,NaN,NaN
0,0,0,0,39.32,NaN,NaN,NaN
0,0,0,0,39.33,NaN,NaN,NaN
0,0,0,0,39.34,NaN,NaN,NaN
0,0,0,0,39.35,NaN,NaN,NaN
0,0,0,0,39.36,NaN,NaN,NaN
0,0,0,0,39.37,NaN,NaN,NaN
0,0,0,0,39.38,NaN,NaN,NaN
0,0,0,0,39.39,NaN,NaN,NaN
0,0,0,0,39.4,NaN,NaN,NaN
0,0,0,0,39.41,-0.20183,1.8526,0.92202
0,0,0,0,39.42,-0.20176,1.853,0.92197
0,0,0,0,39.43,NaN,NaN,NaN
0,0,0,0,39.44,NaN,NaN,NaN
0,0,0,0,39.45,NaN,NaN,NaN
0,0,0,0,39.46,NaN,NaN,NaN
0,0,0,0,39.47,NaN,NaN,NaN
0,0,0,0,39.48,NaN,NaN,NaN
0,0,0,0,39.49,NaN,NaN,NaN
0,0,0,0,39.5,NaN,NaN,NaN
0,0,0,0,39.51,NaN,NaN,NaN
0,0,0,0,39.52,NaN,NaN,NaN
0,0,0,0,39.53,NaN,NaN,NaN
0,0,0,0,39.54,NaN,NaN,NaN
0,0,0,0,39.55,NaN,NaN,NaN
0,0,0,0,39.56,NaN,NaN,NaN
0,0,0,0,39.57,NaN,NaN,NaN
0,0,0,0,39.58,NaN,NaN,NaN
0,0,0,0,39.59,NaN,NaN,NaN
0,0,0,0,39.6,NaN,NaN,NaN
0,0,0,0,39.61,NaN,NaN,NaN
0,0,0,0,39.62,NaN,NaN,NaN
0,0,0,0,39.63,NaN,NaN,NaN
0,0,0,0,39.64,NaN,NaN,NaN
0,0,0,0,39.65,NaN,NaN,NaN
0,0,0,0,39.66,NaN,NaN,NaN
0,0,0,0,39.67,NaN,NaN,NaN
0,0,0,0,39.68,NaN,NaN,NaN
0,0,0,0,39.69,NaN,NaN,NaN
0,0,0,0,39.7,NaN,NaN,NaN
0,0,0,0,39.71,NaN,NaN,NaN
0,0,0,0,39.72,NaN,NaN,NaN
0,0,0,0,39.73,NaN,NaN,NaN
0,0,0,0,39.74,-0.20775,1.8549,0.91957
0,0,0,0,39.75,NaN,NaN,NaN
0,0,0,0,39.76,NaN,NaN,NaN
0,0,0,0,39.77,NaN,NaN,NaN
0,0,0,0,39.78,NaN,NaN,NaN
0,0,0,0,39.79,NaN,NaN,NaN
0,0,0,0,39.8,NaN,NaN,NaN
0,0,0,0,39.81,NaN,NaN,NaN
0,0,0,0,39.82,NaN,NaN,NaN
0,0,0,0,39.83,NaN,NaN,NaN
0,0,0,0,39.84,NaN,NaN,NaN
0,0,0,0,39.85,NaN,NaN,NaN
0,0,0,0,39.86,NaN,NaN,NaN
0,0,0,0,39.87,NaN,NaN,NaN
0,0,0,0,39.88,NaN,NaN,NaN
0,0,0,0,39.89,-0.21011,1.8533,0.91727
0,0,0,0,39.9,NaN,NaN,NaN
0,0,0,0,39.91,NaN,NaN,NaN
0,0,0,0,39.92,NaN,NaN,NaN
0,0,0,0,39.93,NaN,NaN,NaN
0,0,0,0,39.94,NaN,NaN,NaN
0,0,0,0,39.95,NaN,NaN,NaN
0,0,0,0,39.96,NaN,NaN,NaN
0,0,0,0,39.97,NaN,NaN,NaN
0,0,0,0,39.98,NaN,NaN,NaN
0,0,0,0,39.99,NaN,NaN,NaN
0,0,0,0,40,NaN,NaN,NaN
0,0,0,0,40.01,NaN,NaN,NaN
0,0,0,0,40.02,NaN,NaN,NaN
0,0,0,0,40.03,NaN,NaN,NaN
0,0,0,0,40.04,NaN,NaN,NaN
0,0,0,0,40.05,NaN,NaN,NaN
0,0,0,0,40.06,NaN,NaN,NaN
0,0,0,0,40.07,NaN,NaN,NaN
0,0,0,0,40.08,NaN,NaN,NaN
0,0,0,0,40.09,NaN,NaN,NaN
0,0,0,0,40.1,NaN,NaN,NaN
0,0,0,0,40.11,NaN,NaN,NaN
0,0,0,0,40.12,NaN,NaN,NaN
0,0,0,0,40.13,NaN,NaN,NaN
0,0,0,0,40.14,NaN,NaN,NaN
0,0,0,0,40.15,NaN,NaN,NaN
0,0,0,0,40.16,NaN,NaN,NaN
0,0,0,0,40.17,NaN,NaN,NaN
0,0,0,0,40.18,NaN,NaN,NaN
0,0,0,0,40.19,NaN,NaN,NaN
0,0,0,0,40.2,NaN,NaN,NaN
0,0,0,0,40.21,-0.23696,1.7938,0.90818
0,0,0,0,40.22,NaN,NaN,NaN
0,0,0,0,40.23,NaN,NaN,NaN
0,0,0,0,40.24,-0.24205,1.7837,0.90685
0,0,0,0,40.25,NaN,NaN,NaN
0,0,0,0,40.26,NaN,NaN,NaN
0,0,0,0,40.27,-0.24661,1.7693,0.90531
0,0,0,0,40.28,NaN,NaN,NaN
0,0,0,0,40.29,-0.25189,1.7644,0.90397
0,0,0,0,40.3,NaN,NaN,NaN
0,0,0,0,40.31,NaN,NaN,NaN
0,0,0,0,40.32,NaN,NaN,NaN
0,0,0,0,40.33,-0.26053,1.7487,0.90175
0,0,0,0,40.34,-0.26229,1.7428,0.90107
0,0,0,0,40.35,NaN,NaN,NaN
0,0,0,0,40.36,NaN,NaN,NaN
0,0,0,0,40.37,NaN,NaN,NaN
0,0,0,0,40.38,-0.27205,1.7244,0.89841
0,0,0,0,40.39,-0.27451,1.7199,0.89766
0,0,0,0,40.4,-0.27751,1.7136,0.89767
0,0,0,0,40.41,-0.28019,1.7081,0.89707
0,0,0,0,40.42,NaN,NaN,NaN
0,0,0,0,40.43,NaN,NaN,NaN
0,0,0,0,40.44,NaN,NaN,NaN
0,0,0,0,40.45,NaN,NaN,NaN
0,0,0,0,40.46,NaN,NaN,NaN
0,0,0,0,40.47,NaN,NaN,NaN
0,0,0,0,40.48,NaN,NaN,NaN
0,0,0,0,40.49,NaN,NaN,NaN
0,0,0,0,40.5,NaN,NaN,NaN
0,0,0,0,40.51,NaN,NaN,NaN
0,0,0,0,40.52,-0.31517,1.6426,0.88798
0,0,0,0,40.53,-0.31869,1.6361,0.88716
0,0,0,0,40.54,NaN,NaN,NaN
0,0,0,0,40.55,NaN,NaN,NaN
0,0,0,0,40.56,-0.32989,1.6156,0.88449
0,0,0,0,40.57,-0.33263,1.6082,0.8829
0,0,0,0,40.58,-0.33698,1.6015,0.88249
0,0,0,0,40.59,NaN,NaN,NaN
0,0,0,0,40.6,NaN,NaN,NaN
0,0,0,0,40.61,NaN,NaN,NaN
0,0,0,0,40.62,-0.35373,1.5726,0.87919
0,0,0,0,40.63,-0.35801,1.5648,0.87762
0,0,0,0,40.64,-0.36282,1.5568,0.87678
0,0,0,0,40.65,-0.36637,1.5493,0.87602
0,0,0,0,40.66,-0.37017,1.5422,0.87523
0,0,0,0,40.67,-0.37461,1.5347,0.87447
0,0,0,0,40.68,-0.37884,1.527,0.87355
0,0,0,0,40.69,-0.38382,1.5184,0.87231
0,0,0,0,40.7,-0.38778,1.5104,0.87129
0,0,0,0,40.71,-0.39203,1.503,0.87046
0,0,0,0,40.72,-0.39662,1.4952,0.8696
0,0,0,0,40.73,-0.40107,1.4872,0.86861
0,0,0,0,40.74,-0.40582,1.4777,0.86674
0,0,0,0,40.75,-0.41027,1.4702,0.86593
0,0,0,0,40.76,-0.41493,1.4628,0.86536
0,0,0,0,40.77,-0.41978,1.4548,0.86365
0,0,0,0,40.78,-0.42429,1.4444,0.86187
0,0,0,0,40.79,-0.42834,1.4354,0.86096
0,0,0,0,40.8,-0.43286,1.4281,0.86023
0,0,0,0,40.81,-0.43821,1.4188,0.85954
0,0,0,0,40.82,-0.44346,1.4098,0.85774
0,0,0,0,40.83,-0.44782,1.4017,0.85651
0,0,0,0,40.84,-0.45214,1.3937,0.8556
0,0,0,0,40.85,-0.45788,1.3842,0.85427
0,0,0,0,40.86,-0.4633,1.3752,0.85315
0,0,0,0,40.87,NaN,NaN,NaN
0,0,0,0,40.88,NaN,NaN,NaN
0,0,0,0,40.89,NaN,NaN,NaN
0,0,0,0,40.9,NaN,NaN,NaN
0,0,0,0,40.91,NaN,NaN,NaN
0,0,0,0,40.92,NaN,NaN,NaN
0,0,0,0,40.93,NaN,NaN,NaN
0,0,0,0,40.94,NaN,NaN,NaN
0,0,0,0,40.95,NaN,NaN,NaN
0,0,0,0,40.96,NaN,NaN,NaN
0,0,0,0,40.97,NaN,NaN,NaN
0,0,0,0,40.98,NaN,NaN,NaN
0,0,0,0,40.99,NaN,NaN,NaN
0,0,0,0,41,-0.53532,1.2487,0.83741
0,0,0,0,41.01,-0.54089,1.2398,0.83575
0,0,0,0,41.02,-0.54631,1.2301,0.83478
0,0,0,0,41.03,-0.55171,1.2204,0.83376
0,0,0,0,41.04,-0.55747,1.2108,0.83263
0,0,0,0,41.05,-0.56358,1.2014,0.83125
0,0,0,0,41.06,-0.56885,1.1915,0.83002
0,0,0,0,41.07,-0.57445,1.1817,0.82884
0,0,0,0,41.08,-0.58029,1.172,0.82769
0,0,0,0,41.09,-0.58703,1.1627,0.82627
0,0,0,0,41.1,-0.59234,1.1526,0.82512
0,0,0,0,41.11,-0.59735,1.1424,0.82414
0,0,0,0,41.12,-0.6034,1.1327,0.82266
0,0,0,0,41.13,-0.60955,1.1228,0.82141
0,0,0,0,41.14,-0.61581,1.113,0.82024
0,0,0,0,41.15,-0.62174,1.1029,0.81895
0,0,0,0,41.16,-0.62761,1.0929,0.81778
0,0,0,0,41.17,-0.63383,1.0828,0.81675
0,0,0,0,41.18,-0.63983,1.0725,0.81522
0,0,0,0,41.19,-0.64596,1.0626,0.814
0,0,0,0,41.2,-0.65187,1.0522,0.81297
0,0,0,0,41.21,-0.658,1.0419,0.81152
0,0,0,0,41.22,-0.66474,1.0326,0.81043
0,0,0,0,41.23,-0.67102,1.0219,0.8096
0,0,0,0,41.24,-0.67739,1.0114,0.80856
0,0,0,0,41.25,-0.68358,1.001,0.80727
0,0,0,0,41.26,-0.68993,0.99052,0.80617
0,0,0,0,41.27,-0.69641,0.98041,0.80498
0,0,0,0,41.28,-0.70275,0.97016,0.80365
0,0,0,0,41.29,-0.70906,0.96009,0.80258
0,0,0,0,41.3,-0.71536,0.94974,0.80159
0,0,0,0,41.31,-0.72162,0.93952,0.80032
0,0,0,0,41.32,-0.728,0.9296,0.79928
0,0,0,0,41.33,-0.73415,0.9193,0.79831
0,0,0,0,41.34,-0.74019,0.90904,0.79703
0,0,0,0,41.35,-0.74662,0.89935,0.79576
0,0,0,0,41.36,-0.75243,0.88966,0.79472
0,0,0,0,41.37,-0.75869,0.87969,0.79381
0,0,0,0,41.38,-0.76546,0.87098,0.79298
0,0,0,0,41.39,-0.77107,0.86101,0.79181
0,0,0,0,41.4,-0.77693,0.85076,0.79068
0,0,0,0,41.41,-0.78328,0.84113,0.78985
0,0,0,0,41.42,-0.78955,0.83166,0.78905
0,0,0,0,41.43,-0.79492,0.82199,0.78777
0,0,0,0,41.44,-0.80126,0.81223,0.78692
0,0,0,0,41.45,-0.80793,0.80286,0.78604
0,0,0,0,41.46,-0.81353,0.79294,0.78498
0,0,0,0,41.47,-0.82004,0.78339,0.78416
0,0,0,0,41.48,-0.82665,0.77396,0.78326
0,0,0,0,41.49,-0.833,0.76451,0.7825
0,0,0,0,41.5,-0.83909,0.75483,0.78163
0,0,0,0,41.51,-0.84529,0.74511,0.78081
0,0,0,0,41.52,-0.85076,0.73522,0.77985
0,0,0,0,41.53,-0.85757,0.72668,0.77908
0,0,0,0,41.54,-0.86416,0.71703,0.77835
0,0,0,0,41.55,-0.87021,0.70703,0.77758
0,0,0,0,41.56,-0.87608,0.69751,0.77662
0,0,0,0,41.57,-0.8822,0.68819,0.77578
0,0,0,0,41.58,-0.88863,0.67891,0.77505
0,0,0,0,41.59,-0.89502,0.66988,0.7743
0,0,0,0,41.6,-0.90068,0.66052,0.77357
0,0,0,0,41.61,-0.90683,0.65122,0.77273
0,0,0,0,41.62,-0.91309,0.64198,0.77202
0,0,0,0,41.63,-0.91844,0.63281,0.77125
0,0,0,0,41.64,-0.92497,0.62399,0.77058
0,0,0,0,41.65,-0.93128,0.61516,0.76982
0,0,0,0,41.66,-0.9371,0.60623,0.76902
0,0,0,0,41.67,-0.94297,0.59736,0.76827
0,0,0,0,41.68,-0.94871,0.58867,0.76761
0,0,0,0,41.69,-0.95448,0.58,0.76677
0,0,0,0,41.7,-0.96016,0.57138,0.76594
0,0,0,0,41.71,-0.96597,0.56291,0.76527
0,0,0,0,41.72,-0.97112,0.55453,0.76444
0,0,0,0,41.73,-0.97629,0.54599,0.76353
0,0,0,0,41.74,-0.98168,0.53751,0.76274
0,0,0,0,41.75,-0.98709,0.52932,0.76187
0,0,0,0,41.76,-0.9935,0.5213,0.76113
0,0,0,0,41.77,-0.99943,0.51329,0.76044
0,0,0,0,41.78,-1.0046,0.50518,0.75961
0,0,0,0,41.79,-1.0099,0.49734,0.75879
0,0,0,0,41.8,-1.0155,0.48957,0.75806
0,0,0,0,41.81,-1.021,0.48181,0.75733
0,0,0,0,41.82,-1.0257,0.47397,0.75665
0,0,0,0,41.83,-1.0306,0.46642,0.75588
0,0,0,0,41.84,-1.0363,0.45908,0.75518
0,0,0,0,41.85,-1.0409,0.45164,0.75444
0,0,0,0,41.86,-1.0454,0.44436,0.75374
0,0,0,0,41.87,-1.0501,0.43707,0.75319
0,0,0,0,41.88,-1.0546,0.42984,0.75248
0,0,0,0,41.89,-1.0594,0.42275,0.75179
0,0,0,0,41.9,-1.0644,0.41561,0.75124
0,0,0,0,41.91,-1.0693,0.4084,0.75075
0,0,0,0,41.92,-1.0743,0.40145,0.75028
0,0,0,0,41.93,-1.0789,0.39449,0.74968
0,0,0,0,41.94,-1.0831,0.38733,0.74911
0,0,0,0,41.95,-1.0875,0.38031,0.74857
0,0,0,0,41.96,-1.0919,0.37337,0.74804
0,0,0,0,41.97,-1.0966,0.36631,0.74753
0,0,0,0,41.98,-1.1007,0.35942,0.74701
0,0,0,0,41.99,-1.1048,0.35265,0.74645
0,0,0,0,42,-1.1088,0.34581,0.74586
0,0,0,0,42.01,-1.1136,0.3392,0.74536
0,0,0,0,42.02,-1.1173,0.33249,0.74478
0,0,0,0,42.03,-1.1208,0.32588,0.74415
0,0,0,0,42.04,-1.1248,0.31925,0.7436
0,0,0,0,42.05,-1.1297,0.31284,0.74317
0,0,0,0,42.06,-1.1339,0.30647,0.74264
0,0,0,0,42.07,-1.1377,0.30017,0.74198
0,0,0,0,42.08,-1.1414,0.29389,0.74136
0,0,0,0,42.09,-1.1458,0.2882,0.74021
0,0,0,0,42.1,-1.1486,0.28207,0.73973
0,0,0,0,42.11,-1.1519,0.27585,0.73888
0,0,0,0,42.12,-1.1553,0.27009,0.73839
0,0,0,0,42.13,-1.1581,0.26434,0.73803
0,0,0,0,42.14,-1.1621,0.25879,0.73727
0,0,0,0,42.15,-1.1654,0.25319,0.73641
0,0,0,0,42.16,-1.1684,0.24759,0.73568
0,0,0,0,42.17,-1.1713,0.24217,0.73507
0,0,0,0,42.18,-1.1745,0.23689,0.73419
0,0,0,0,42.19,-1.1778,0.23161,0.7334
0,0,0,0,42.2,-1.1808,0.22632,0.73272
0,0,0,0,42.21,-1.1836,0.22109,0.73203
0,0,0,0,42.22,-1.1861,0.21592,0.73135
0,0,0,0,42.23,-1.1888,0.21109,0.73057
0,0,0,0,42.24,-1.1907,0.20617,0.72976
0,0,0,0,42.25,-1.1928,0.20116,0.72889
0,0,0,0,42.26,-1.1953,0.19634,0.72801
0,0,0,0,42.27,-1.1978,0.19179,0.72738
0,0,0,0,42.28,-1.1997,0.18702,0.72663
0,0,0,0,42.29,-1.2018,0.18249,0.72586
0,0,0,0,42.3,-1.2038,0.17799,0.72514
0,0,0,0,42.31,-1.2052,0.17353,0.72427
0,0,0,0,42.32,-1.2069,0.16905,0.72351
0,0,0,0,42.33,-1.2094,0.16454,0.72297
0,0,0,0,42.34,-1.2106,0.16013,0.72205
0,0,0,0,42.35,-1.213,0.15619,0.7208
0,0,0,0,42.36,-1.2143,0.15188,0.72027
0,0,0,0,42.37,-1.2154,0.1475,0.71976
0,0,0,0,42.38,-1.2171,0.14349,0.71915
0,0,0,0,42.39,-1.2185,0.13955,0.71849
0,0,0,0,42.4,-1.22,0.13547,0.71781
0,0,0,0,42.41,-1.2214,0.13156,0.7172
0,0,0,0,42.42,-1.2229,0.12765,0.71661
0,0,0,0,42.43,-1.2242,0.12388,0.71593
0,0,0,0,42.44,-1.2254,0.12023,0.71527
0,0,0,0,42.45,-1.2264,0.11671,0.71457
0,0,0,0,42.46,-1.2267,0.11337,0.71387
0,0,0,0,42.47,-1.2277,0.10983,0.71335
0,0,0,0,42.48,-1.2281,0.10651,0.71256
0,0,0,0,42.49,-1.2291,0.10364,0.71204
0,0,0,0,42.5,-1.2288,0.10039,0.71122
0,0,0,0,42.51,-1.2296,0.097462,0.71052
0,0,0,0,42.52,-1.2298,0.094659,0.70984
0,0,0,0,42.53,-1.2299,0.091522,0.70915
0,0,0,0,42.54,-1.2302,0.088597,0.70844
0,0,0,0,42.55,-1.2305,0.085837,0.70783
0,0,0,0,42.56,-1.2316,0.08311,0.70722
0,0,0,0,42.57,-1.2322,0.080488,0.70657
0,0,0,0,42.58,-1.2316,0.077982,0.70591
0,0,0,0,42.59,-1.2312,0.075309,0.70526
0,0,0,0,42.6,-1.2313,0.072949,0.70457
0,0,0,0,42.61,-1.2316,0.070683,0.70396
0,0,0,0,42.62,NaN,NaN,NaN
0,0,0,0,42.63,NaN,NaN,NaN
0,0,0,0,42.64,NaN,NaN,NaN
0,0,0,0,42.65,NaN,NaN,NaN
0,0,0,0,42.66,-1.2294,0.059055,0.70065
0,0,0,0,42.67,-1.2292,0.056769,0.70006
0,0,0,0,42.68,-1.2289,0.054498,0.69944
0,0,0,0,42.69,-1.2293,0.052261,0.69888
0,0,0,0,42.7,-1.2285,0.050035,0.6983
0,0,0,0,42.71,-1.2282,0.048021,0.69778
0,0,0,0,42.72,-1.2273,0.046015,0.69718
0,0,0,0,42.73,-1.2264,0.044094,0.6966
0,0,0,0,42.74,-1.2258,0.041881,0.69581
0,0,0,0,42.75,-1.2245,0.040077,0.69521
0,0,0,0,42.76,-1.2237,0.038637,0.69471
0,0,0,0,42.77,-1.223,0.036902,0.69402
0,0,0,0,42.78,-1.2229,0.035474,0.69315
0,0,0,0,42.79,-1.2226,0.033892,0.69294
0,0,0,0,42.8,-1.221,0.032227,0.69252
0,0,0,0,42.81,-1.2197,0.030687,0.69193
0,0,0,0,42.82,-1.2194,0.029226,0.69151
0,0,0,0,42.83,-1.2184,0.027662,0.69035
0,0,0,0,42.84,-1.2172,0.026277,0.68954
0,0,0,0,42.85,-1.2152,0.024779,0.68943
0,0,0,0,42.86,-1.2136,0.023435,0.68913
0,0,0,0,42.87,-1.2126,0.022205,0.68872
0,0,0,0,42.88,-1.2114,0.02073,0.68861
0,0,0,0,42.89,-1.2103,0.019647,0.68825
0,0,0,0,42.9,-1.2091,0.018158,0.68786
0,0,0,0,42.91,-1.2083,0.016681,0.68744
0,0,0,0,42.92,-1.2074,0.015743,0.68722
0,0,0,0,42.93,-1.2061,0.014609,0.68701
0,0,0,0,42.94,NaN,NaN,NaN
0,0,0,0,42.95,NaN,NaN,NaN
0,0,0,0,42.96,NaN,NaN,NaN
0,0,0,0,42.97,-1.1988,0.010038,0.6855
0,0,0,0,42.98,-1.1971,0.008902,0.6854
0,0,0,0,42.99,-1.1957,0.007892,0.68525
0,0,0,0,43,-1.1943,0.006992,0.68496
0,0,0,0,43.01,-1.1929,0.006112,0.68473
0,0,0,0,43.02,-1.1912,0.005168,0.6846
0,0,0,0,43.03,-1.1896,0.004372,0.68455
0,0,0,0,43.04,-1.1881,0.00338,0.68398
0,0,0,0,43.05,-1.1857,0.002345,0.68388
0,0,0,0,43.06,-1.1835,0.001626,0.6839
0,0,0,0,43.07,-1.1817,0.000962,0.68387
0,0,0,0,43.08,-1.1801,0.000473,0.68359
0,0,0,0,43.09,-1.1783,-0.00011,0.68339
0,0,0,0,43.1,-1.1764,-0.000885,0.68339
0,0,0,0,43.11,-1.1747,-0.001513,0.68334
0,0,0,0,43.12,-1.173,-0.00206,0.68325
0,0,0,0,43.13,-1.1716,-0.002573,0.68322
0,0,0,0,43.14,-1.17,-0.003038,0.68314
0,0,0,0,43.15,-1.1672,-0.003849,0.68307
0,0,0,0,43.16,-1.1649,-0.004522,0.68291
0,0,0,0,43.17,-1.1632,-0.004893,0.68281
0,0,0,0,43.18,-1.1609,-0.005314,0.68272
0,0,0,0,43.19,-1.1587,-0.005722,0.68268
0,0,0,0,43.2,-1.1568,-0.006071,0.68266
0,0,0,0,43.21,-1.1555,-0.006311,0.68221
0,0,0,0,43.22,-1.1532,-0.006687,0.68242
0,0,0,0,43.23,-1.1508,-0.00716,0.68275
0,0,0,0,43.24,-1.1492,-0.00764,0.68291
0,0,0,0,43.25,-1.1474,-0.008027,0.68305
0,0,0,0,43.26,-1.1452,-0.008335,0.68313
0,0,0,0,43.27,-1.143,-0.008467,0.68316
0,0,0,0,43.28,-1.1413,-0.007636,0.68319
0,0,0,0,43.29,NaN,NaN,NaN
0,0,0,0,43.3,NaN,NaN,NaN
0,0,0,0,43.31,NaN,NaN,NaN
0,0,0,0,43.32,-1.1308,-0.009858,0.68376
0,0,0,0,43.33,-1.1292,-0.010164,0.68358
0,0,0,0,43.34,-1.1266,-0.010372,0.68412
0,0,0,0,43.35,-1.124,-0.010532,0.68456
0,0,0,0,43.36,-1.1218,-0.01047,0.6849
0,0,0,0,43.37,-1.1195,-0.010719,0.68524
0,0,0,0,43.38,-1.118,-0.010889,0.68525
0,0,0,0,43.39,-1.1155,-0.011069,0.68579
0,0,0,0,43.4,-1.1129,-0.011181,0.68635
0,0,0,0,43.41,-1.1102,-0.011426,0.68685
0,0,0,0,43.42,-1.1081,-0.011558,0.68732
0,0,0,0,43.43,-1.1063,-0.011639,0.68778
0,0,0,0,43.44,-1.1041,-0.011761,0.68825
0,0,0,0,43.45,-1.1021,-0.010904,0.68882
0,0,0,0,43.46,-1.0999,-0.010656,0.68938
0,0,0,0,43.47,-1.0972,-0.01189,0.68993
0,0,0,0,43.48,-1.0949,-0.011605,0.69037
0,0,0,0,43.49,-1.0923,-0.012165,0.69109
0,0,0,0,43.5,-1.0898,-0.012752,0.69181
0,0,0,0,43.51,NaN,NaN,NaN
0,0,0,0,43.52,NaN,NaN,NaN
0,0,0,0,43.53,NaN,NaN,NaN
0,0,0,0,43.54,NaN,NaN,NaN
0,0,0,0,43.55,-1.0758,-0.014007,0.6946
0,0,0,0,43.56,-1.0748,-0.01341,0.69527
0,0,0,0,43.57,-1.0717,-0.014156,0.69597
0,0,0,0,43.58,-1.0685,-0.014792,0.69654
0,0,0,0,43.59,-1.0663,-0.015033,0.69716
0,0,0,0,43.6,-1.0639,-0.015524,0.69776
0,0,0,0,43.61,-1.0625,-0.015534,0.69802
0,0,0,0,43.62,-1.0596,-0.015996,0.69887
0,0,0,0,43.63,-1.0566,-0.016502,0.69973
0,0,0,0,43.64,-1.0543,-0.016855,0.70035
0,0,0,0,43.65,-1.0526,-0.01697,0.70066
0,0,0,0,43.66,-1.05,-0.017259,0.70156
0,0,0,0,43.67,-1.0481,-0.017722,0.70264
0,0,0,0,43.68,-1.0461,-0.017975,0.70346
0,0,0,0,43.69,-1.0438,-0.018283,0.70414
0,0,0,0,43.7,-1.0408,-0.019004,0.70458
0,0,0,0,43.71,-1.0387,-0.019367,0.70543
0,0,0,0,43.72,-1.0367,-0.019605,0.70613
0,0,0,0,43.73,-1.0343,-0.020254,0.7067
0,0,0,0,43.74,-1.0317,-0.020749,0.70749
0,0,0,0,43.75,-1.0295,-0.021164,0.70821
0,0,0,0,43.76,-1.0266,-0.021759,0.70896
0,0,0,0,43.77,-1.025,-0.021538,0.70974
0,0,0,0,43.78,-1.0223,-0.022701,0.71052
0,0,0,0,43.79,-1.0194,-0.023938,0.7114
0,0,0,0,43.8,-1.0169,-0.024655,0.71223
0,0,0,0,43.81,-1.015,-0.025282,0.71303
0,0,0,0,43.82,-1.0131,-0.025919,0.71394
0,0,0,0,43.83,-1.0108,-0.026616,0.71486
0,0,0,0,43.84,-1.0083,-0.027665,0.71585
0,0,0,0,43.85,-1.0058,-0.02866,0.71678
0,0,0,0,43.86,-1.0036,-0.029414,0.71777
0,0,0,0,43.87,-1.0011,-0.030342,0.71891
0,0,0,0,43.88,-0.99859,-0.031411,0.72
0,0,0,0,43.89,-0.99605,-0.032455,0.72088
0,0,0,0,43.9,-0.99443,-0.033306,0.72206
0,0,0,0,43.91,-0.99172,-0.034535,0.7231
0,0,0,0,43.92,-0.98891,-0.03564,0.72424
0,0,0,0,43.93,-0.98747,-0.036686,0.72549
0,0,0,0,43.94,-0.98557,-0.037979,0.72666
0,0,0,0,43.95,-0.98318,-0.039289,0.72772
0,0,0,0,43.96,-0.98018,-0.0405,0.72887
0,0,0,0,43.97,-0.97748,-0.041959,0.73001
0,0,0,0,43.98,-0.97506,-0.043328,0.73129
0,0,0,0,43.99,-0.9725,-0.044792,0.73266
0,0,0,0,44,-0.97009,-0.046513,0.73404
0,0,0,0,44.01,-0.96766,-0.048196,0.73545
0,0,0,0,44.02,-0.96503,-0.050226,0.73682
0,0,0,0,44.03,-0.96356,-0.051971,0.7386
0,0,0,0,44.04,-0.96148,-0.053875,0.74032
0,0,0,0,44.05,-0.95823,-0.056424,0.74174
0,0,0,0,44.06,-0.95609,-0.058586,0.74328
0,0,0,0,44.07,-0.95386,-0.060883,0.74484
0,0,0,0,44.08,-0.95154,-0.062983,0.74628
0,0,0,0,44.09,-0.94857,-0.065834,0.74798
0,0,0,0,44.1,-0.94621,-0.068481,0.74978
0,0,0,0,44.11,-0.94395,-0.071071,0.75152
0,0,0,0,44.12,-0.94145,-0.073835,0.7532
0,0,0,0,44.13,-0.93907,-0.076002,0.75476
0,0,0,0,44.14,-0.93574,-0.079099,0.7562
0,0,0,0,44.15,-0.9336,-0.081783,0.75769
0,0,0,0,44.16,-0.93131,-0.084682,0.75927
0,0,0,0,44.17,-0.92838,-0.088131,0.76085
0,0,0,0,44.18,-0.92621,-0.090526,0.76227
0,0,0,0,44.19,-0.92375,-0.093161,0.76368
0,0,0,0,44.2,-0.92115,-0.096119,0.76505
0,0,0,0,44.21,-0.91823,-0.099646,0.76646
0,0,0,0,44.22,-0.9156,-0.10255,0.76776
0,0,0,0,44.23,-0.91316,-0.10532,0.76892
0,0,0,0,44.24,-0.91014,-0.10933,0.77026
0,0,0,0,44.25,-0.90758,-0.11272,0.77173
0,0,0,0,44.26,-0.90492,-0.11591,0.77308
0,0,0,0,44.27,-0.90232,-0.11964,0.7742
0,0,0,0,44.28,-0.89921,-0.12326,0.77566
0,0,0,0,44.29,-0.89641,-0.12683,0.77697
0,0,0,0,44.3,-0.89381,-0.13032,0.77806
0,0,0,0,44.31,-0.89083,-0.13427,0.77919
0,0,0,0,44.32,-0.88792,-0.13807,0.78038
0,0,0,0,44.33,-0.88534,-0.14156,0.78151
0,0,0,0,44.34,-0.88223,-0.1462,0.7828
0,0,0,0,44.35,-0.87911,-0.15021,0.78403
0,0,0,0,44.36,-0.8761,-0.15477,0.78516
0,0,0,0,44.37,-0.87202,-0.15971,0.78604
0,0,0,0,44.38,-0.8695,-0.164,0.78683
0,0,0,0,44.39,-0.86718,-0.16848,0.78823
0,0,0,0,44.4,-0.86411,-0.17299,0.78942
0,0,0,0,44.41,-0.86095,-0.17769,0.79041
0,0,0,0,44.42,-0.85788,-0.18256,0.79139
0,0,0,0,44.43,-0.85471,-0.18752,0.79234
0,0,0,0,44.44,-0.85166,-0.19251,0.79329
0,0,0,0,44.45,-0.84862,-0.19758,0.79415
0,0,0,0,44.46,-0.84571,-0.2026,0.79515
0,0,0,0,44.47,-0.84247,-0.20789,0.79614
0,0,0,0,44.48,-0.83929,-0.21316,0.79705
0,0,0,0,44.49,-0.83625,-0.21834,0.79792
0,0,0,0,44.5,-0.83311,-0.224,0.79876
0,0,0,0,44.51,-0.82991,-0.22956,0.79966
0,0,0,0,44.52,-0.82651,-0.23506,0.80063
0,0,0,0,44.53,-0.82368,-0.23971,0.80132
0,0,0,0,44.54,-0.8204,-0.24514,0.80217
0,0,0,0,44.55,-0.81623,-0.25106,0.80299
0,0,0,0,44.56,-0.81325,-0.2563,0.80353
0,0,0,0,44.57,-0.81025,-0.26153,0.80421
0,0,0,0,44.58,-0.80709,-0.26687,0.8051
0,0,0,0,44.59,-0.80387,-0.27216,0.80595
0,0,0,0,44.6,-0.80069,-0.27754,0.80676
0,0,0,0,44.61,-0.79738,-0.2829,0.80749
0,0,0,0,44.62,-0.79406,-0.28818,0.80827
0,0,0,0,44.63,-0.79082,-0.29352,0.80895
0,0,0,0,44.64,-0.78741,-0.29865,0.80919
0,0,0,0,44.65,-0.78426,-0.30414,0.80993
0,0,0,0,44.66,-0.78094,-0.30969,0.81072
0,0,0,0,44.67,-0.77769,-0.31514,0.81131
0,0,0,0,44.68,-0.77444,-0.32075,0.8121
0,0,0,0,44.69,-0.77111,-0.32632,0.81291
0,0,0,0,44.7,-0.76794,-0.3317,0.8137
0,0,0,0,44.71,-0.76455,-0.33728,0.81431
0,0,0,0,44.72,-0.76126,-0.34299,0.81508
0,0,0,0,44.73,-0.75798,-0.34852,0.81597
0,0,0,0,44.74,-0.75474,-0.3542,0.81673
0,0,0,0,44.75,-0.75145,-0.35977,0.81761
0,0,0,0,44.76,-0.74813,-0.36524,0.81855
0,0,0,0,44.77,-0.74478,-0.37094,0.81895
0,0,0,0,44.78,-0.74128,-0.37653,0.81991
0,0,0,0,44.79,-0.73796,-0.38209,0.82084
0,0,0,0,44.8,-0.7348,-0.38764,0.82172
0,0,0,0,44.81,-0.73163,-0.39308,0.82261
0,0,0,0,44.82,-0.7284,-0.39862,0.82353
0,0,0,0,44.83,-0.72523,-0.40419,0.8244
0,0,0,0,44.84,-0.72203,-0.40956,0.8253
0,0,0,0,44.85,-0.71891,-0.41498,0.82618
0,0,0,0,44.86,-0.71573,-0.42048,0.82699
0,0,0,0,44.87,-0.71242,-0.42589,0.82766
0,0,0,0,44.88,-0.70937,-0.4312,0.82839
0,0,0,0,44.89,-0.70617,-0.43664,0.82928
0,0,0,0,44.9,-0.7033,-0.44198,0.83011
0,0,0,0,44.91,-0.70047,-0.44709,0.83083
0,0,0,0,44.92,-0.69769,-0.45224,0.83167
0,0,0,0,44.93,-0.6947,-0.45747,0.83243
0,0,0,0,44.94,-0.6918,-0.46253,0.83312
0,0,0,0,44.95,-0.6893,-0.46754,0.83405
0,0,0,0,44.96,-0.68647,-0.47265,0.83471
0,0,0,0,44.97,-0.68373,-0.47761,0.83532
0,0,0,0,44.98,-0.68103,-0.48255,0.83614
0,0,0,0,44.99,-0.6785,-0.48743,0.83698
0,0,0,0,45,-0.67596,-0.49235,0.83783
0,0,0,0,45.01,-0.6734,-0.49715,0.83855
0,0,0,0,45.02,-0.67087,-0.50199,0.83932
0,0,0,0,45.03,-0.66829,-0.50679,0.84006
0,0,0,0,45.04,-0.6658,-0.51141,0.84082
0,0,0,0,45.05,-0.66275,-0.51631,0.8415
0,0,0,0,45.06,-0.66056,-0.52092,0.84231
0,0,0,0,45.07,-0.65806,-0.52567,0.84293
0,0,0,0,45.08,-0.65552,-0.53043,0.84368
0,0,0,0,45.09,-0.6532,-0.53508,0.84457
0,0,0,0,45.1,-0.6508,-0.53967,0.84539
0,0,0,0,45.11,-0.64843,-0.54425,0.84627
0,0,0,0,45.12,-0.64597,-0.54888,0.84711
0,0,0,0,45.13,-0.64365,-0.5535,0.84793
0,0,0,0,45.14,-0.64144,-0.55805,0.84882
0,0,0,0,45.15,-0.63918,-0.56257,0.84984
0,0,0,0,45.16,-0.63683,-0.56703,0.85073
0,0,0,0,45.17,-0.63465,-0.57152,0.85175
0,0,0,0,45.18,-0.63252,-0.57611,0.85276
0,0,0,0,45.19,-0.6304,-0.58047,0.85366
0,0,0,0,45.2,-0.6282,-0.58492,0.85461
0,0,0,0,45.21,-0.62605,-0.58943,0.85551
0,0,0,0,45.22,-0.62391,-0.5939,0.85634
0,0,0,0,45.23,-0.62174,-0.59828,0.85726
0,0,0,0,45.24,-0.61988,-0.60262,0.85823
0,0,0,0,45.25,-0.61808,-0.60687,0.85917
0,0,0,0,45.26,-0.61611,-0.61123,0.86017
0,0,0,0,45.27,-0.61424,-0.61543,0.8612
0,0,0,0,45.28,-0.6125,-0.61964,0.86235
0,0,0,0,45.29,-0.61057,-0.62397,0.86351
0,0,0,0,45.3,-0.60877,-0.6282,0.86463
0,0,0,0,45.31,-0.60722,-0.63232,0.86582
0,0,0,0,45.32,-0.60558,-0.63655,0.86697
0,0,0,0,45.33,-0.60388,-0.64082,0.86812
0,0,0,0,45.34,-0.60239,-0.64498,0.86936
0,0,0,0,45.35,-0.60099,-0.64915,0.87054
0,0,0,0,45.36,-0.59933,-0.65324,0.87172
0,0,0,0,45.37,-0.59791,-0.65752,0.87286
0,0,0,0,45.38,-0.59658,-0.66162,0.87395
0,0,0,0,45.39,-0.59531,-0.66573,0.875
0,0,0,0,45.4,-0.59419,-0.6701,0.87649
0,0,0,0,45.41,-0.59289,-0.6743,0.87785
0,0,0,0,45.42,-0.59172,-0.67834,0.87908
0,0,0,0,45.43,-0.5906,-0.68243,0.88037
0,0,0,0,45.44,-0.5894,-0.68647,0.88168
0,0,0,0,45.45,-0.58821,-0.69059,0.88296
0,0,0,0,45.46,-0.58701,-0.69477,0.88424
0,0,0,0,45.47,-0.58583,-0.69879,0.88532
0,0,0,0,45.48,-0.58485,-0.70288,0.88664
0,0,0,0,45.49,-0.5838,-0.70703,0.88802
0,0,0,0,45.5,-0.58274,-0.71101,0.88926
0,0,0,0,45.51,-0.5816,-0.71508,0.89045
0,0,0,0,45.52,-0.58056,-0.71907,0.89162
0,0,0,0,45.53,-0.57954,-0.72295,0.89283
0,0,0,0,45.54,-0.57878,-0.7271,0.8943
0,0,0,0,45.55,-0.578,-0.73122,0.89568
0,0,0,0,45.56,-0.57735,-0.73511,0.89682
0,0,0,0,45.57,-0.57625,-0.73906,0.89811
0,0,0,0,45.58,-0.57518,-0.743,0.89934
0,0,0,0,45.59,-0.57448,-0.74692,0.90054
0,0,0,0,45.6,-0.57363,-0.75087,0.9019
0,0,0,0,45.61,-0.57278,-0.75475,0.90307
0,0,0,0,45.62,-0.57206,-0.75874,0.90428
0,0,0,0,45.63,-0.57117,-0.7627,0.90544
0,0,0,0,45.64,-0.57031,-0.76653,0.90653
0,0,0,0,45.65,-0.56951,-0.77022,0.90755
0,0,0,0,45.66,-0.56897,-0.77417,0.90905
0,0,0,0,45.67,-0.56843,-0.77809,0.91041
0,0,0,0,45.68,-0.56753,-0.78207,0.91107
0,0,0,0,45.69,-0.56686,-0.78582,0.9124
0,0,0,0,45.7,-0.56619,-0.78976,0.91379
0,0,0,0,45.71,-0.56593,-0.79349,0.91497
0,0,0,0,45.72,-0.56516,-0.79733,0.91617
0,0,0,0,45.73,-0.56427,-0.80102,0.91723
0,0,0,0,45.74,-0.56367,-0.80477,0.91834
0,0,0,0,45.75,-0.56305,-0.80845,0.91953
0,0,0,0,45.76,-0.56234,-0.81216,0.92056
0,0,0,0,45.77,-0.56173,-0.81594,0.92163
0,0,0,0,45.78,-0.56112,-0.81971,0.92288
0,0,0,0,45.79,-0.56051,-0.82335,0.92399
0,0,0,0,45.8,-0.55983,-0.82707,0.92494
0,0,0,0,45.81,-0.55965,-0.83065,0.92592
0,0,0,0,45.82,-0.55902,-0.83435,0.9269
0,0,0,0,45.83,-0.55829,-0.83804,0.92793
0,0,0,0,45.84,-0.55778,-0.84162,0.92915
0,0,0,0,45.85,-0.55711,-0.84527,0.93025
0,0,0,0,45.86,-0.55642,-0.84889,0.93119
0,0,0,0,45.87,-0.55583,-0.85246,0.93205
0,0,0,0,45.88,-0.55528,-0.85614,0.93303
0,0,0,0,45.89,-0.55467,-0.85971,0.934
0,0,0,0,45.9,-0.55406,-0.86324,0.93486
0,0,0,0,45.91,-0.55357,-0.86673,0.93566
0,0,0,0,45.92,-0.55292,-0.87043,0.93657
0,0,0,0,45.93,-0.55236,-0.87389,0.9374
0,0,0,0,45.94,-0.5518,-0.87755,0.93825
0,0,0,0,45.95,-0.55136,-0.88096,0.93934
0,0,0,0,45.96,-0.55083,-0.88429,0.94023
0,0,0,0,45.97,-0.55007,-0.88783,0.94098
0,0,0,0,45.98,-0.54958,-0.89129,0.94165
0,0,0,0,45.99,-0.54917,-0.89483,0.94245
0,0,0,0,46,-0.54851,-0.89825,0.94323
0,0,0,0,46.01,-0.54794,-0.90171,0.94394
0,0,0,0,46.02,-0.54747,-0.90519,0.94458
0,0,0,0,46.03,-0.54698,-0.9086,0.94526
0,0,0,0,46.04,-0.54631,-0.91199,0.94595
0,0,0,0,46.05,-0.54567,-0.91542,0.94657
0,0,0,0,46.06,-0.54514,-0.91896,0.94742
0,0,0,0,46.07,-0.54438,-0.92222,0.94773
0,0,0,0,46.08,-0.54384,-0.92546,0.94835
0,0,0,0,46.09,-0.54331,-0.92877,0.94908
0,0,0,0,46.1,-0.54263,-0.932,0.94964
0,0,0,0,46.11,-0.54183,-0.93529,0.94982
0,0,0,0,46.12,-0.54116,-0.93872,0.95005
0,0,0,0,46.13,-0.54065,-0.94201,0.95095
0,0,0,0,46.14,-0.54008,-0.94492,0.95163
0,0,0,0,46.15,-0.53944,-0.94797,0.95201
0,0,0,0,46.16,-0.53877,-0.95098,0.95242
0,0,0,0,46.17,-0.53782,-0.95395,0.95285
0,0,0,0,46.18,-0.53712,-0.95688,0.95323
0,0,0,0,46.19,-0.53661,-0.9598,0.95345
0,0,0,0,46.2,-0.53603,-0.96252,0.95379
0,0,0,0,46.21,-0.53534,-0.96515,0.95413
0,0,0,0,46.22,-0.53463,-0.96778,0.95441
0,0,0,0,46.23,-0.53399,-0.97036,0.95462
0,0,0,0,46.24,-0.53339,-0.97298,0.95492
0,0,0,0,46.25,-0.53266,-0.97554,0.95524
0,0,0,0,46.26,-0.53199,-0.97808,0.95546
0,0,0,0,46.27,-0.53117,-0.98066,0.95571
0,0,0,0,46.28,-0.53058,-0.98317,0.95595
0,0,0,0,46.29,-0.53002,-0.98563,0.9562
0,0,0,0,46.3,-0.52919,-0.98815,0.95657
0,0,0,0,46.31,-0.52815,-0.99082,0.95629
0,0,0,0,46.32,-0.52753,-0.99317,0.95671
0,0,0,0,46.33,-0.52695,-0.99569,0.95728
0,0,0,0,46.34,-0.52618,-0.99808,0.95751
0,0,0,0,46.35,-0.52541,-1.0003,0.95773
0,0,0,0,46.36,-0.52455,-1.0027,0.95783
0,0,0,0,46.37,-0.52384,-1.005,0.95815
0,0,0,0,46.38,-0.5232,-1.0072,0.95849
0,0,0,0,46.39,-0.52238,-1.0094,0.9588
0,0,0,0,46.4,-0.52155,-1.0117,0.95914
0,0,0,0,46.41,-0.52084,-1.0138,0.9594
0,0,0,0,46.42,-0.52003,-1.0158,0.95963
0,0,0,0,46.43,-0.51926,-1.0179,0.96002
0,0,0,0,46.44,-0.51827,-1.02,0.96009
0,0,0,0,46.45,-0.51736,-1.022,0.96018
0,0,0,0,46.46,-0.51658,-1.0239,0.96043
0,0,0,0,46.47,-0.5161,-1.0259,0.96103
0,0,0,0,46.48,-0.51537,-1.0278,0.96137
0,0,0,0,46.49,-0.51441,-1.0296,0.9614
0,0,0,0,46.5,-0.51364,-1.0314,0.96164
0,0,0,0,46.51,-0.51307,-1.0335,0.96204
0,0,0,0,46.52,-0.51224,-1.0354,0.96222
0,0,0,0,46.53,-0.51155,-1.0373,0.96226
0,0,0,0,46.54,-0.51073,-1.0391,0.96256
0,0,0,0,46.55,-0.5099,-1.041,0.96284
0,0,0,0,46.56,-0.50923,-1.0428,0.96295
0,0,0,0,46.57,-0.50861,-1.0446,0.9635
0,0,0,0,46.58,-0.50794,-1.0463,0.96391
0,0,0,0,46.59,-0.50716,-1.0483,0.96383
0,0,0,0,46.6,-0.50641,-1.0502,0.96391
0,0,0,0,46.61,-0.50572,-1.0518,0.96409
0,0,0,0,46.62,-0.505,-1.0533,0.9643
0,0,0,0,46.63,-0.5044,-1.0553,0.96469
0,0,0,0,46.64,-0.50373,-1.0568,0.96445
0,0,0,0,46.65,-0.50306,-1.0582,0.96431
0,0,0,0,46.66,-0.50243,-1.0597,0.96438
0,0,0,0,46.67,-0.50166,-1.0617,0.96484
0,0,0,0,46.68,-0.50095,-1.0634,0.96505
0,0,0,0,46.69,-0.50013,-1.0648,0.96503
0,0,0,0,46.7,-0.49931,-1.0661,0.96488
0,0,0,0,46.71,-0.49845,-1.0676,0.96477
0,0,0,0,46.72,-0.49781,-1.0693,0.96487
0,0,0,0,46.73,-0.49715,-1.0709,0.96476
0,0,0,0,46.74,-0.49632,-1.0722,0.96443
0,0,0,0,46.75,-0.49558,-1.0736,0.96423
0,0,0,0,46.76,-0.4947,-1.0754,0.96389
0,0,0,0,46.77,-0.49389,-1.077,0.96358
0,0,0,0,46.78,-0.49312,-1.0784,0.96337
0,0,0,0,46.79,-0.49235,-1.0799,0.9631
0,0,0,0,46.8,-0.49156,-1.0813,0.96281
0,0,0,0,46.81,-0.49072,-1.083,0.96257
0,0,0,0,46.82,-0.48999,-1.0846,0.96234
0,0,0,0,46.83,-0.4892,-1.0861,0.962
0,0,0,0,46.84,-0.48837,-1.0876,0.96159
0,0,0,0,46.85,-0.48757,-1.0892,0.96118
0,0,0,0,46.86,-0.48684,-1.0908,0.96089
0,0,0,0,46.87,-0.48603,-1.0927,0.96049
0,0,0,0,46.88,-0.4852,-1.0945,0.96002
0,0,0,0,46.89,-0.48424,-1.096,0.95924
0,0,0,0,46.9,-0.48329,-1.098,0.95879
0,0,0,0,46.91,-0.48239,-1.0997,0.95842
0,0,0,0,46.92,-0.48158,-1.1013,0.95788
0,0,0,0,46.93,-0.48085,-1.103,0.95722
0,0,0,0,46.94,-0.48012,-1.1048,0.95669
0,0,0,0,46.95,-0.47932,-1.1068,0.95608
0,0,0,0,46.96,-0.47864,-1.1087,0.9555
0,0,0,0,46.97,-0.47791,-1.1104,0.95497
0,0,0,0,46.98,-0.47682,-1.112,0.95426
0,0,0,0,46.99,-0.47583,-1.1137,0.95346
0,0,0,0,47,-0.475,-1.1158,0.95269
0,0,0,0,47.01,-0.47421,-1.1179,0.95201
0,0,0,0,47.02,-0.47328,-1.1201,0.95148
0,0,0,0,47.03,-0.47242,-1.1221,0.9509
0,0,0,0,47.04,-0.47175,-1.1239,0.95032
0,0,0,0,47.05,-0.47087,-1.1257,0.94955
0,0,0,0,47.06,-0.47011,-1.1275,0.94876
0,0,0,0,47.07,-0.46932,-1.1297,0.94793
0,0,0,0,47.08,-0.46848,-1.1319,0.94742
0,0,0,0,47.09,-0.46765,-1.1339,0.94689
0,0,0,0,47.1,-0.46674,-1.1361,0.94609
0,0,0,0,47.11,-0.46598,-1.1382,0.94531
0,0,0,0,47.12,-0.46483,-1.1401,0.9444
0,0,0,0,47.13,-0.46385,-1.1421,0.94351
0,0,0,0,47.14,-0.46304,-1.1442,0.94276
0,0,0,0,47.15,-0.46211,-1.1464,0.94215
0,0,0,0,47.16,-0.46123,-1.1486,0.94146
0,0,0,0,47.17,-0.46032,-1.1506,0.94066
0,0,0,0,47.18,-0.45921,-1.1525,0.93961
0,0,0,0,47.19,-0.45818,-1.1548,0.93868
0,0,0,0,47.2,-0.45721,-1.1568,0.93791
0,0,0,0,47.21,-0.45625,-1.1588,0.93715
0,0,0,0,47.22,-0.45511,-1.1608,0.93615
0,0,0,0,47.23,-0.454,-1.1628,0.93519
0,0,0,0,47.24,-0.45297,-1.1649,0.93439
0,0,0,0,47.25,-0.45187,-1.1667,0.93359
0,0,0,0,47.26,-0.45087,-1.1687,0.93278
0,0,0,0,47.27,-0.44976,-1.1705,0.93192
0,0,0,0,47.28,-0.44857,-1.1722,0.93096
0,0,0,0,47.29,-0.44732,-1.1739,0.92985
0,0,0,0,47.3,-0.4462,-1.1759,0.92888
0,0,0,0,47.31,-0.44496,-1.1777,0.92789
0,0,0,0,47.32,-0.44381,-1.1796,0.92703
0,0,0,0,47.33,-0.44251,-1.1815,0.92618
0,0,0,0,47.34,-0.44144,-1.1831,0.92487
0,0,0,0,47.35,-0.44009,-1.1849,0.92388
0,0,0,0,47.36,-0.43888,-1.1872,0.9232
0,0,0,0,47.37,-0.4377,-1.1892,0.92239
0,0,0,0,47.38,-0.43637,-1.1911,0.92151
0,0,0,0,47.39,-0.43507,-1.1932,0.92064
0,0,0,0,47.4,-0.43384,-1.1954,0.91971
0,0,0,0,47.41,-0.43255,-1.1973,0.91843
0,0,0,0,47.42,-0.43121,-1.1993,0.91734
0,0,0,0,47.43,-0.42974,-1.2017,0.91704
0,0,0,0,47.44,-0.42856,-1.2038,0.91598
0,0,0,0,47.45,-0.42727,-1.2058,0.91508
0,0,0,0,47.46,-0.42584,-1.2079,0.91443
0,0,0,0,47.47,-0.42443,-1.21,0.91307
0,0,0,0,47.48,-0.42287,-1.212,0.91196
0,0,0,0,47.49,-0.42135,-1.2141,0.91111
0,0,0,0,47.5,-0.41996,-1.2164,0.91046
0,0,0,0,47.51,-0.41833,-1.2184,0.90975
0,0,0,0,47.52,-0.41673,-1.2203,0.90879
0,0,0,0,47.53,-0.41537,-1.2222,0.90773
0,0,0,0,47.54,-0.41393,-1.2244,0.90646
0,0,0,0,47.55,-0.41232,-1.2264,0.90545
0,0,0,0,47.56,-0.41053,-1.2284,0.90464
0,0,0,0,47.57,-0.40917,-1.2306,0.90387
0,0,0,0,47.58,-0.40762,-1.2326,0.90291
0,0,0,0,47.59,-0.40579,-1.2343,0.90171
0,0,0,0,47.6,-0.40417,-1.2365,0.90081
0,0,0,0,47.61,-0.4027,-1.2385,0.8997
0,0,0,0,47.62,-0.40095,-1.2402,0.8985
0,0,0,0,47.63,-0.3991,-1.242,0.89736
0,0,0,0,47.64,-0.39765,-1.2441,0.89626
0,0,0,0,47.65,-0.39614,-1.2459,0.89518
0,0,0,0,47.66,-0.39448,-1.2478,0.89398
0,0,0,0,47.67,-0.39255,-1.2496,0.89269
0,0,0,0,47.68,-0.39091,-1.2518,0.89157
0,0,0,0,47.69,-0.38937,-1.2537,0.89055
0,0,0,0,47.7,-0.38728,-1.2553,0.88895
0,0,0,0,47.71,-0.38544,-1.257,0.88755
0,0,0,0,47.72,-0.3839,-1.2593,0.88665
0,0,0,0,47.73,-0.38237,-1.2614,0.88559
0,0,0,0,47.74,-0.38058,-1.2631,0.88437
0,0,0,0,47.75,-0.37865,-1.2649,0.88293
0,0,0,0,47.76,-0.37685,-1.2671,0.88175
0,0,0,0,47.77,-0.37494,-1.269,0.88045
0,0,0,0,47.78,-0.37312,-1.2708,0.87925
0,0,0,0,47.79,-0.3711,-1.2727,0.87804
0,0,0,0,47.8,-0.36927,-1.2749,0.8767
0,0,0,0,47.81,-0.3675,-1.2768,0.87555
0,0,0,0,47.82,-0.36555,-1.2786,0.87432
0,0,0,0,47.83,-0.36371,-1.2805,0.8731
0,0,0,0,47.84,-0.36186,-1.2827,0.87201
0,0,0,0,47.85,-0.35971,-1.2847,0.87076
0,0,0,0,47.86,-0.35763,-1.2865,0.86938
0,0,0,0,47.87,-0.35584,-1.2888,0.86818
0,0,0,0,47.88,-0.35391,-1.2909,0.86709
0,0,0,0,47.89,-0.35184,-1.2925,0.86556
0,0,0,0,47.9,-0.34968,-1.2945,0.8642
0,0,0,0,47.91,-0.34785,-1.2965,0.86313
0,0,0,0,47.92,-0.34586,-1.2982,0.86201
0,0,0,0,47.93,-0.34367,-1.2998,0.86044
0,0,0,0,47.94,-0.3417,-1.3018,0.85901
0,0,0,0,47.95,-0.33981,-1.3036,0.85784
0,0,0,0,47.96,-0.33771,-1.3049,0.85669
0,0,0,0,47.97,-0.33555,-1.3065,0.85544
0,0,0,0,47.98,-0.33341,-1.3081,0.85418
0,0,0,0,47.99,-0.33095,-1.3099,0.85273
0,0,0,0,48,-0.32909,-1.3113,0.85145
0,0,0,0,48.01,-0.32716,-1.3126,0.85022
0,0,0,0,48.02,-0.32511,-1.3142,0.84897
0,0,0,0,48.03,-0.323,-1.3155,0.84747
0,0,0,0,48.04,-0.32077,-1.3169,0.84614
0,0,0,0,48.05,-0.31881,-1.3183,0.84508
0,0,0,0,48.06,-0.31683,-1.3197,0.84398
0,0,0,0,48.07,-0.31465,-1.3211,0.84281
0,0,0,0,48.08,-0.31256,-1.3226,0.84149
0,0,0,0,48.09,-0.31061,-1.324,0.84042
0,0,0,0,48.1,-0.30849,-1.3254,0.83929
0,0,0,0,48.11,-0.30656,-1.3264,0.83817
0,0,0,0,48.12,-0.30452,-1.3275,0.83696
0,0,0,0,48.13,-0.30237,-1.3288,0.83551
0,0,0,0,48.14,-0.3004,-1.3299,0.83465
0,0,0,0,48.15,-0.29842,-1.3308,0.83359
0,0,0,0,48.16,-0.2968,-1.3318,0.83234
0,0,0,0,48.17,-0.29458,-1.3327,0.83124
0,0,0,0,48.18,-0.2924,-1.3336,0.83018
0,0,0,0,48.19,-0.29084,-1.3342,0.82912
0,0,0,0,48.2,-0.28896,-1.3349,0.82804
0,0,0,0,48.21,-0.28668,-1.3356,0.82723
0,0,0,0,48.22,-0.28455,-1.3362,0.82629
0,0,0,0,48.23,-0.28271,-1.3367,0.8254
0,0,0,0,48.24,-0.28069,-1.3373,0.82455
0,0,0,0,48.25,-0.27898,-1.3377,0.82337
0,0,0,0,48.26,-0.27701,-1.338,0.82249
0,0,0,0,48.27,-0.27498,-1.3384,0.82176
0,0,0,0,48.28,-0.27329,-1.3387,0.82099
0,0,0,0,48.29,-0.27154,-1.3391,0.82012
0,0,0,0,48.3,-0.26983,-1.3392,0.81929
0,0,0,0,48.31,-0.26826,-1.3393,0.81856
0,0,0,0,48.32,-0.26653,-1.3392,0.81783
0,0,0,0,48.33,-0.26471,-1.3391,0.81712
0,0,0,0,48.34,-0.2627,-1.3387,0.81647
0,0,0,0,48.35,-0.26075,-1.3382,0.81563
0,0,0,0,48.36,-0.25867,-1.3377,0.81485
0,0,0,0,48.37,-0.25687,-1.3372,0.81426
0,0,0,0,48.38,-0.2552,-1.3366,0.81373
0,0,0,0,48.39,-0.25358,-1.3359,0.8131
0,0,0,0,48.4,-0.25164,-1.3352,0.81249
0,0,0,0,48.41,-0.25025,-1.3343,0.81189
0,0,0,0,48.42,-0.2488,-1.3333,0.81135
0,0,0,0,48.43,-0.24691,-1.3321,0.81093
0,0,0,0,48.44,-0.24489,-1.3309,0.81049
0,0,0,0,48.45,-0.24298,-1.3296,0.80984
0,0,0,0,48.46,-0.24155,-1.3282,0.80908
0,0,0,0,48.47,-0.23994,-1.3269,0.80865
0,0,0,0,48.48,-0.23797,-1.3257,0.80836
0,0,0,0,48.49,-0.23628,-1.324,0.80816
0,0,0,0,48.5,-0.23477,-1.3223,0.80798
0,0,0,0,48.51,-0.23318,-1.3207,0.80766
0,0,0,0,48.52,-0.23178,-1.3191,0.8073
0,0,0,0,48.53,-0.22998,-1.3172,0.80707
0,0,0,0,48.54,-0.22803,-1.3154,0.80674
0,0,0,0,48.55,-0.22682,-1.3135,0.80633
0,0,0,0,48.56,-0.22541,-1.3117,0.80613
0,0,0,0,48.57,-0.22338,-1.3096,0.80604
0,0,0,0,48.58,-0.22157,-1.3075,0.8059
0,0,0,0,48.59,-0.22012,-1.3054,0.80577
0,0,0,0,48.6,-0.21868,-1.3032,0.80564
0,0,0,0,48.61,-0.21715,-1.3009,0.80545
0,0,0,0,48.62,-0.21528,-1.2985,0.80518
0,0,0,0,48.63,-0.21362,-1.296,0.80498
0,0,0,0,48.64,-0.21232,-1.2935,0.80486
0,0,0,0,48.65,-0.21079,-1.291,0.8046
0,0,0,0,48.66,-0.20913,-1.2882,0.80437
0,0,0,0,48.67,-0.20706,-1.2854,0.80421
0,0,0,0,48.68,-0.20557,-1.2826,0.80415
0,0,0,0,48.69,-0.20424,-1.2797,0.80403
0,0,0,0,48.7,-0.20258,-1.277,0.8039
0,0,0,0,48.71,-0.20081,-1.2739,0.80382
0,0,0,0,48.72,-0.19915,-1.2709,0.80359
0,0,0,0,48.73,-0.19735,-1.2677,0.8035
0,0,0,0,48.74,-0.19569,-1.2645,0.80349
0,0,0,0,48.75,-0.19432,-1.2612,0.80336
0,0,0,0,48.76,-0.19267,-1.2579,0.80329
0,0,0,0,48.77,-0.19095,-1.2545,0.80314
0,0,0,0,48.78,-0.1891,-1.2512,0.80288
0,0,0,0,48.79,-0.18748,-1.2477,0.80271
0,0,0,0,48.8,-0.18594,-1.2442,0.80264
0,0,0,0,48.81,-0.18468,-1.2406,0.8024
0,0,0,0,48.82,-0.18318,-1.2369,0.80219
0,0,0,0,48.83,-0.18146,-1.2332,0.80205
0,0,0,0,48.84,-0.17972,-1.2294,0.80189
0,0,0,0,48.85,-0.17777,-1.2256,0.80184
0,0,0,0,48.86,-0.17599,-1.2218,0.8018
0,0,0,0,48.87,-0.1742,-1.2179,0.80165
0,0,0,0,48.88,-0.17246,-1.214,0.80147
0,0,0,0,48.89,-0.17028,-1.21,0.80119
0,0,0,0,48.9,-0.16864,-1.2059,0.80103
0,0,0,0,48.91,-0.1672,-1.2017,0.80095
0,0,0,0,48.92,-0.16537,-1.1976,0.80053
0,0,0,0,48.93,-0.16352,-1.1933,0.80016
0,0,0,0,48.94,-0.16135,-1.1892,0.79999
0,0,0,0,48.95,-0.15964,-1.1848,0.79988
0,0,0,0,48.96,-0.15817,-1.1805,0.79984
0,0,0,0,48.97,-0.15636,-1.1762,0.79953
0,0,0,0,48.98,-0.15438,-1.1716,0.79911
0,0,0,0,48.99,-0.15269,-1.1671,0.79896
0,0,0,0,49,-0.15081,-1.1626,0.79877
0,0,0,0,49.01,-0.14913,-1.1578,0.79841
0,0,0,0,49.02,-0.14742,-1.1532,0.7981
0,0,0,0,49.03,-0.145,-1.1485,0.79768
0,0,0,0,49.04,-0.14318,-1.1437,0.79734
0,0,0,0,49.05,-0.14169,-1.1388,0.79708
0,0,0,0,49.06,-0.13989,-1.1339,0.79683
0,0,0,0,49.07,-0.13791,-1.1291,0.79643
0,0,0,0,49.08,-0.13613,-1.1242,0.79614
0,0,0,0,49.09,-0.13432,-1.1191,0.79595
0,0,0,0,49.1,-0.13242,-1.1142,0.7957
0,0,0,0,49.11,-0.13027,-1.1092,0.79516
0,0,0,0,49.12,-0.12846,-1.104,0.79504
0,0,0,0,49.13,-0.12662,-1.0988,0.7948
0,0,0,0,49.14,-0.12472,-1.0937,0.7945
0,0,0,0,49.15,-0.12288,-1.0884,0.79429
0,0,0,0,49.16,-0.12096,-1.0831,0.79406
0,0,0,0,49.17,-0.11911,-1.0777,0.79381
0,0,0,0,49.18,-0.11719,-1.0723,0.79362
0,0,0,0,49.19,-0.11519,-1.0669,0.79347
0,0,0,0,49.2,-0.11324,-1.0614,0.79331
0,0,0,0,49.21,-0.11133,-1.0559,0.79317
0,0,0,0,49.22,-0.10931,-1.0503,0.7931
0,0,0,0,49.23,-0.10729,-1.0447,0.79301
0,0,0,0,49.24,-0.10527,-1.0389,0.79293
0,0,0,0,49.25,-0.10324,-1.0332,0.79282
0,0,0,0,49.26,-0.10113,-1.0275,0.79275
0,0,0,0,49.27,-0.099007,-1.0217,0.79271
0,0,0,0,49.28,-0.096917,-1.0158,0.79265
0,0,0,0,49.29,-0.094715,-1.0099,0.79256
0,0,0,0,49.3,-0.092535,-1.0039,0.79256
0,0,0,0,49.31,-0.090343,-0.99781,0.79261
0,0,0,0,49.32,-0.088185,-0.99168,0.79263
0,0,0,0,49.33,-0.086145,-0.9855,0.79273
0,0,0,0,49.34,-0.084085,-0.97941,0.79287
0,0,0,0,49.35,-0.081949,-0.9732,0.79294
0,0,0,0,49.36,-0.079648,-0.96691,0.79299
0,0,0,0,49.37,-0.07737,-0.9606,0.79304
0,0,0,0,49.38,-0.075064,-0.95419,0.793
0,0,0,0,49.39,-0.072918,-0.94764,0.79318
0,0,0,0,49.4,-0.07094,-0.94105,0.79349
0,0,0,0,49.41,-0.068816,-0.93447,0.79364
0,0,0,0,49.42,-0.066569,-0.9278,0.79369
0,0,0,0,49.43,-0.064296,-0.92112,0.79378
0,0,0,0,49.44,-0.062095,-0.91429,0.7938
0,0,0,0,49.45,-0.059832,-0.90744,0.79395
0,0,0,0,49.46,-0.057587,-0.90054,0.79414
0,0,0,0,49.47,-0.055472,-0.89354,0.79429
0,0,0,0,49.48,-0.05329,-0.88655,0.79442
0,0,0,0,49.49,-0.05111,-0.87957,0.7946
0,0,0,0,49.5,-0.048794,-0.87252,0.79468
0,0,0,0,49.51,-0.04647,-0.86543,0.79484
0,0,0,0,49.52,-0.044241,-0.85832,0.79506
0,0,0,0,49.53,-0.042014,-0.85115,0.79521
0,0,0,0,49.54,-0.039693,-0.84398,0.7953
0,0,0,0,49.55,-0.037469,-0.83668,0.79539
0,0,0,0,49.56,-0.035149,-0.82931,0.79551
0,0,0,0,49.57,-0.032849,-0.82193,0.79572
0,0,0,0,49.58,-0.030598,-0.81444,0.79586
0,0,0,0,49.59,-0.028281,-0.80688,0.79594
0,0,0,0,49.6,-0.026065,-0.79924,0.7961
0,0,0,0,49.61,-0.023673,-0.79173,0.79626
0,0,0,0,49.62,-0.021309,-0.78418,0.79644
0,0,0,0,49.63,-0.019089,-0.77655,0.7967
0,0,0,0,49.64,-0.016601,-0.76895,0.79688
0,0,0,0,49.65,-0.014319,-0.76121,0.79699
0,0,0,0,49.66,-0.012041,-0.75341,0.79712
0,0,0,0,49.67,-0.009714,-0.74555,0.79727
0,0,0,0,49.68,-0.007325,-0.73766,0.7974
0,0,0,0,49.69,-0.00493,-0.72972,0.79754
0,0,0,0,49.7,-0.002526,-0.72176,0.79766
0,0,0,0,49.71,-3.9e-05,-0.71381,0.79775
0,0,0,0,49.72,0.002499,-0.70583,0.79786
0,0,0,0,49.73,0.004872,-0.69766,0.79803
0,0,0,0,49.74,0.007326,-0.68946,0.79815
0,0,0,0,49.75,0.009797,-0.6813,0.79825
0,0,0,0,49.76,0.012326,-0.67314,0.79835
0,0,0,0,49.77,0.014894,-0.66491,0.79843
0,0,0,0,49.78,0.017304,-0.65657,0.79854
0,0,0,0,49.79,0.019724,-0.64818,0.79871
0,0,0,0,49.8,0.022208,-0.6398,0.79886
0,0,0,0,49.81,0.024765,-0.63145,0.799
0,0,0,0,49.82,0.027322,-0.62301,0.79913
0,0,0,0,49.83,0.029752,-0.61447,0.79929
0,0,0,0,49.84,0.032282,-0.60595,0.79944
0,0,0,0,49.85,0.034852,-0.59738,0.79953
0,0,0,0,49.86,0.037305,-0.58874,0.79964
0,0,0,0,49.87,0.039959,-0.58011,0.79969
0,0,0,0,49.88,0.042558,-0.57141,0.79983
0,0,0,0,49.89,0.04502,-0.56267,0.79996
0,0,0,0,49.9,0.047619,-0.5539,0.80005
0,0,0,0,49.91,0.050259,-0.54509,0.80011
0,0,0,0,49.92,0.05289,-0.53625,0.80018
0,0,0,0,49.93,0.055597,-0.52741,0.80025
0,0,0,0,49.94,0.058257,-0.5185,0.80034
0,0,0,0,49.95,0.060791,-0.50958,0.80046
0,0,0,0,49.96,0.063465,-0.50077,0.80051
0,0,0,0,49.97,0.066133,-0.49178,0.80061
0,0,0,0,49.98,0.068761,-0.48271,0.80067
0,0,0,0,49.99,0.071508,-0.47372,0.80079
0,0,0,0,50,0.074072,-0.46456,0.80087
0,0,0,0,50.01,0.07686,-0.45545,0.80095
0,0,0,0,50.02,0.079667,-0.44641,0.80102
0,0,0,0,50.03,0.082123,-0.43705,0.80116
0,0,0,0,50.04,0.084926,-0.42785,0.80127
0,0,0,0,50.05,0.087741,-0.41886,0.80143
0,0,0,0,50.06,0.090264,-0.40975,0.80151
0,0,0,0,50.07,0.092997,-0.40064,0.80158
0,0,0,0,50.08,0.09571,-0.39153,0.80172
0,0,0,0,50.09,0.098064,-0.38221,0.80195
0,0,0,0,50.1,0.10087,-0.3731,0.80206
0,0,0,0,50.11,0.10352,-0.36399,0.80217
0,0,0,0,50.12,NaN,NaN,NaN
0,0,0,0,50.13,NaN,NaN,NaN
0,0,0,0,50.14,NaN,NaN,NaN
0,0,0,0,50.15,NaN,NaN,NaN
0,0,0,0,50.16,NaN,NaN,NaN
0,0,0,0,50.17,NaN,NaN,NaN
0,0,0,0,50.18,0.12262,-0.29977,0.80321
0,0,0,0,50.19,0.12528,-0.29058,0.80344
0,0,0,0,50.2,NaN,NaN,NaN
0,0,0,0,50.21,NaN,NaN,NaN
0,0,0,0,50.22,NaN,NaN,NaN
0,0,0,0,50.23,0.1363,-0.25379,0.80439
0,0,0,0,50.24,NaN,NaN,NaN
0,0,0,0,50.25,0.14185,-0.23532,0.80475
0,0,0,0,50.26,NaN,NaN,NaN
0,0,0,0,50.27,0.1476,-0.21682,0.8052
0,0,0,0,50.28,NaN,NaN,NaN
0,0,0,0,50.29,0.15332,-0.19834,0.80566
0,0,0,0,50.3,NaN,NaN,NaN
0,0,0,0,50.31,0.15913,-0.17982,0.80602
0,0,0,0,50.32,NaN,NaN,NaN
0,0,0,0,50.33,0.16507,-0.1615,0.80636
0,0,0,0,50.34,0.16798,-0.15227,0.80659
0,0,0,0,50.35,0.17098,-0.14303,0.8068
0,0,0,0,50.36,0.17404,-0.13383,0.80708
0,0,0,0,50.37,0.17713,-0.1246,0.80722
0,0,0,0,50.38,0.18014,-0.1154,0.80748
0,0,0,0,50.39,0.18318,-0.10631,0.80774
0,0,0,0,50.4,0.18621,-0.097198,0.80793
0,0,0,0,50.41,0.18925,-0.088215,0.80817
0,0,0,0,50.42,0.19227,-0.079175,0.80841
0,0,0,0,50.43,0.19533,-0.070085,0.80864
0,0,0,0,50.44,0.19844,-0.061216,0.80887
0,0,0,0,50.45,0.20141,-0.052327,0.80905
0,0,0,0,50.46,0.20433,-0.043363,0.80923
0,0,0,0,50.47,0.20732,-0.034484,0.80937
0,0,0,0,50.48,0.21023,-0.025657,0.80952
0,0,0,0,50.49,0.21314,-0.016861,0.8097
0,0,0,0,50.5,0.21593,-0.008083,0.80983
0,0,0,0,50.51,0.2187,0.000642,0.80991
0,0,0,0,50.52,0.22159,0.009338,0.81002
0,0,0,0,50.53,0.22447,0.018022,0.81018
0,0,0,0,50.54,0.22723,0.026695,0.81018
0,0,0,0,50.55,0.22994,0.035314,0.81023
0,0,0,0,50.56,0.23265,0.043929,0.81037
0,0,0,0,50.57,0.23533,0.052506,0.81042
0,0,0,0,50.58,0.23806,0.061107,0.81048
0,0,0,0,50.59,0.24091,0.069708,0.81059
0,0,0,0,50.6,0.24368,0.078277,0.81081
0,0,0,0,50.61,0.24641,0.086776,0.81093
0,0,0,0,50.62,0.24915,0.095221,0.81111
0,0,0,0,50.63,0.25195,0.10364,0.81124
0,0,0,0,50.64,0.25479,0.11202,0.81134
0,0,0,0,50.65,0.25749,0.12045,0.81149
0,0,0,0,50.66,0.26011,0.12882,0.8117
0,0,0,0,50.67,0.26293,0.13719,0.81191
0,0,0,0,50.68,0.26573,0.1456,0.81212
0,0,0,0,50.69,0.26855,0.15385,0.81243
0,0,0,0,50.7,0.27131,0.16209,0.81263
0,0,0,0,50.71,0.274,0.17035,0.81287
0,0,0,0,50.72,0.27674,0.17866,0.81308
0,0,0,0,50.73,0.27942,0.18689,0.81335
0,0,0,0,50.74,0.28223,0.19511,0.81361
0,0,0,0,50.75,0.28493,0.20319,0.81397
0,0,0,0,50.76,0.28768,0.21123,0.81424
0,0,0,0,50.77,NaN,NaN,NaN
0,0,0,0,50.78,NaN,NaN,NaN
0,0,0,0,50.79,NaN,NaN,NaN
0,0,0,0,50.8,NaN,NaN,NaN
0,0,0,0,50.81,NaN,NaN,NaN
0,0,0,0,50.82,NaN,NaN,NaN
0,0,0,0,50.83,NaN,NaN,NaN
0,0,0,0,50.84,0.30926,0.27534,0.81745
0,0,0,0,50.85,NaN,NaN,NaN
0,0,0,0,50.86,0.31477,0.29108,0.81828
0,0,0,0,50.87,NaN,NaN,NaN
0,0,0,0,50.88,0.32014,0.3069,0.81909
0,0,0,0,50.89,NaN,NaN,NaN
0,0,0,0,50.9,0.32527,0.3227,0.81994
0,0,0,0,50.91,NaN,NaN,NaN
0,0,0,0,50.92,0.33047,0.33841,0.82069
0,0,0,0,50.93,NaN,NaN,NaN
0,0,0,0,50.94,0.33563,0.35406,0.82155
0,0,0,0,50.95,NaN,NaN,NaN
0,0,0,0,50.96,0.34073,0.36967,0.82237
0,0,0,0,50.97,NaN,NaN,NaN
0,0,0,0,50.98,0.34571,0.38527,0.82319
0,0,0,0,50.99,NaN,NaN,NaN
0,0,0,0,51,0.35073,0.40049,0.82421
0,0,0,0,51.01,0.35322,0.40796,0.82469
0,0,0,0,51.02,0.35564,0.41533,0.82525
0,0,0,0,51.03,0.35796,0.42272,0.82585
0,0,0,0,51.04,0.36035,0.42989,0.82646
0,0,0,0,51.05,0.36272,0.4369,0.82712
0,0,0,0,51.06,0.36506,0.44401,0.82778
0,0,0,0,51.07,0.36731,0.45102,0.82846
0,0,0,0,51.08,0.36956,0.4579,0.82921
0,0,0,0,51.09,0.37186,0.46472,0.8299
0,0,0,0,51.1,0.37421,0.47147,0.83055
0,0,0,0,51.11,0.37642,0.47834,0.83124
0,0,0,0,51.12,0.37863,0.48515,0.83195
0,0,0,0,51.13,0.38089,0.49171,0.8327
0,0,0,0,51.14,0.38314,0.49836,0.83335
0,0,0,0,51.15,0.38538,0.50505,0.834
0,0,0,0,51.16,0.38757,0.51175,0.8347
0,0,0,0,51.17,0.38979,0.51832,0.83534
0,0,0,0,51.18,0.39211,0.52484,0.83597
0,0,0,0,51.19,0.39445,0.53145,0.83652
0,0,0,0,51.2,0.39661,0.53812,0.83711
0,0,0,0,51.21,0.39875,0.54473,0.83769
0,0,0,0,51.22,0.40107,0.55124,0.83822
0,0,0,0,51.23,0.40338,0.55776,0.8387
0,0,0,0,51.24,0.40562,0.56427,0.83934
0,0,0,0,51.25,0.40783,0.57072,0.83997
0,0,0,0,51.26,0.4101,0.57713,0.84049
0,0,0,0,51.27,0.41237,0.58341,0.84097
0,0,0,0,51.28,0.41463,0.58967,0.84144
0,0,0,0,51.29,0.4169,0.59588,0.84197
0,0,0,0,51.3,0.41907,0.60208,0.84246
0,0,0,0,51.31,0.42135,0.608,0.84289
0,0,0,0,51.32,0.42361,0.61389,0.84336
0,0,0,0,51.33,0.42579,0.61991,0.84384
0,0,0,0,51.34,0.42794,0.6258,0.84432
0,0,0,0,51.35,0.43007,0.63161,0.84484
0,0,0,0,51.36,0.43217,0.63731,0.84532
0,0,0,0,51.37,0.43419,0.64289,0.84587
0,0,0,0,51.38,0.43637,0.6484,0.84635
0,0,0,0,51.39,0.43843,0.65377,0.8468
0,0,0,0,51.4,0.44046,0.65909,0.84738
0,0,0,0,51.41,0.44254,0.66429,0.84782
0,0,0,0,51.42,0.44443,0.66954,0.84836
0,0,0,0,51.43,0.44634,0.67471,0.84894
0,0,0,0,51.44,0.44823,0.67978,0.8494
0,0,0,0,51.45,0.45013,0.68483,0.8499
0,0,0,0,51.46,0.45209,0.6897,0.85042
0,0,0,0,51.47,0.454,0.69446,0.85089
0,0,0,0,51.48,0.45584,0.69925,0.85144
0,0,0,0,51.49,0.45759,0.70403,0.852
0,0,0,0,51.5,0.45937,0.70869,0.85258
0,0,0,0,51.51,0.46111,0.71321,0.85323
0,0,0,0,51.52,0.46283,0.7177,0.85373
0,0,0,0,51.53,0.4645,0.72219,0.85428
0,0,0,0,51.54,0.46622,0.72652,0.85488
0,0,0,0,51.55,0.46797,0.73077,0.85546
0,0,0,0,51.56,0.46958,0.73503,0.85599
0,0,0,0,51.57,0.47115,0.73927,0.85652
0,0,0,0,51.58,0.47277,0.74345,0.85713
0,0,0,0,51.59,0.47441,0.74751,0.8577
0,0,0,0,51.6,0.47601,0.75144,0.8583
0,0,0,0,51.61,0.47759,0.75538,0.85886
0,0,0,0,51.62,0.47909,0.75928,0.85938
0,0,0,0,51.63,0.48052,0.76309,0.85992
0,0,0,0,51.64,0.48202,0.76677,0.86051
0,0,0,0,51.65,0.48359,0.7704,0.86103
0,0,0,0,51.66,0.48504,0.77396,0.86164
0,0,0,0,51.67,0.48647,0.77734,0.86224
0,0,0,0,51.68,0.48791,0.7808,0.86287
0,0,0,0,51.69,0.48927,0.78419,0.86346
0,0,0,0,51.7,0.49063,0.78757,0.864
0,0,0,0,51.71,0.49203,0.7909,0.8646
0,0,0,0,51.72,0.49339,0.79409,0.86522
0,0,0,0,51.73,0.49474,0.79723,0.86576
0,0,0,0,51.74,0.4961,0.80021,0.86623
0,0,0,0,51.75,0.49741,0.80314,0.86669
0,0,0,0,51.76,0.49867,0.80618,0.86715
0,0,0,0,51.77,0.49985,0.80897,0.86777
0,0,0,0,51.78,0.50113,0.81175,0.86826
0,0,0,0,51.79,0.50235,0.81469,0.86868
0,0,0,0,51.8,0.50335,0.81742,0.8693
0,0,0,0,51.81,0.50443,0.81999,0.86985
0,0,0,0,51.82,0.5056,0.82246,0.87024
0,0,0,0,51.83,0.5067,0.82498,0.87058
0,0,0,0,51.84,0.50771,0.82749,0.87101
0,0,0,0,51.85,0.50871,0.82988,0.87148
0,0,0,0,51.86,0.50973,0.83214,0.87191
0,0,0,0,51.87,0.51067,0.83443,0.87232
0,0,0,0,51.88,0.51148,0.83675,0.87272
0,0,0,0,51.89,0.51226,0.83895,0.87303
0,0,0,0,51.9,0.51295,0.84133,0.8734
0,0,0,0,51.91,0.51364,0.84346,0.87377
0,0,0,0,51.92,0.51431,0.84536,0.87401
0,0,0,0,51.93,0.51496,0.84724,0.87421
0,0,0,0,51.94,0.51549,0.84923,0.87444
0,0,0,0,51.95,0.51591,0.85113,0.87467
0,0,0,0,51.96,0.51632,0.85279,0.87481
0,0,0,0,51.97,0.51663,0.85451,0.87496
0,0,0,0,51.98,0.51685,0.85629,0.87509
0,0,0,0,51.99,0.51699,0.85794,0.87521
0,0,0,0,52,0.51705,0.85955,0.87531
0,0,0,0,52.01,0.51703,0.86111,0.87544
0,0,0,0,52.02,0.51688,0.86271,0.87551
0,0,0,0,52.03,0.51665,0.8642,0.87557
0,0,0,0,52.04,0.51634,0.86564,0.87555
0,0,0,0,52.05,0.51595,0.86708,0.87557
0,0,0,0,52.06,0.51547,0.86839,0.87559
0,0,0,0,52.07,0.51492,0.86963,0.87558
0,0,0,0,52.08,0.51426,0.87088,0.87553
0,0,0,0,52.09,0.51356,0.87203,0.87548
0,0,0,0,52.1,0.51271,0.87319,0.87545
0,0,0,0,52.11,0.51171,0.87433,0.87545
0,0,0,0,52.12,0.51069,0.87539,0.87546
0,0,0,0,52.13,0.50958,0.87645,0.87535
0,0,0,0,52.14,0.50853,0.87728,0.87514
0,0,0,0,52.15,0.50745,0.87805,0.875
0,0,0,0,52.16,0.50602,0.87902,0.87493
0,0,0,0,52.17,0.50451,0.88001,0.87482
0,0,0,0,52.18,0.50296,0.88096,0.87467
0,0,0,0,52.19,0.50141,0.88165,0.87451
0,0,0,0,52.2,0.49974,0.88232,0.87443
0,0,0,0,52.21,0.49787,0.88312,0.87448
0,0,0,0,52.22,0.49591,0.88386,0.8745
0,0,0,0,52.23,0.49395,0.88452,0.8744
0,0,0,0,52.24,0.4918,0.88524,0.87429
0,0,0,0,52.25,0.48954,0.88587,0.87421
0,0,0,0,52.26,0.48726,0.88641,0.87407
0,0,0,0,52.27,0.48479,0.88701,0.87389
0,0,0,0,52.28,0.48206,0.88777,0.87373
0,0,0,0,52.29,0.47926,0.8884,0.87353
0,0,0,0,52.3,0.47633,0.88882,0.87348
0,0,0,0,52.31,0.47314,0.88934,0.87345
0,0,0,0,52.32,0.46998,0.88983,0.87332
0,0,0,0,52.33,0.46677,0.8901,0.87327
0,0,0,0,52.34,0.4633,0.89072,0.87301
0,0,0,0,52.35,0.45978,0.89118,0.8727
0,0,0,0,52.36,0.45603,0.89172,0.87265
0,0,0,0,52.37,0.45222,0.89211,0.87254
0,0,0,0,52.38,0.44825,0.89258,0.87232
0,0,0,0,52.39,0.44416,0.893,0.87215
0,0,0,0,52.4,0.43992,0.89331,0.87201
0,0,0,0,52.41,0.43554,0.89366,0.87195
0,0,0,0,52.42,0.43145,0.8937,0.87179
0,0,0,0,52.43,0.42679,0.89415,0.87159
0,0,0,0,52.44,0.42178,0.89478,0.87152
0,0,0,0,52.45,0.41702,0.89498,0.8714
0,0,0,0,52.46,0.4121,0.89539,0.8712
0,0,0,0,52.47,0.40698,0.89595,0.87086
0,0,0,0,52.48,0.40181,0.89639,0.87062
0,0,0,0,52.49,0.39667,0.89674,0.87037
0,0,0,0,52.5,0.39133,0.89723,0.8701
0,0,0,0,52.51,0.38586,0.89776,0.86982
0,0,0,0,52.52,0.3802,0.89821,0.86957
0,0,0,0,52.53,0.37443,0.89877,0.8693
0,0,0,0,52.54,0.36851,0.89935,0.86896
0,0,0,0,52.55,0.36254,0.89991,0.8686
0,0,0,0,52.56,0.35654,0.90041,0.86828
0,0,0,0,52.57,0.3504,0.90096,0.86791
0,0,0,0,52.58,0.3441,0.90159,0.86744
0,0,0,0,52.59,0.33775,0.90213,0.86698
0,0,0,0,52.6,0.33132,0.9026,0.8666
0,0,0,0,52.61,0.32476,0.90318,0.86616
0,0,0,0,52.62,0.31811,0.90376,0.86569
0,0,0,0,52.63,0.31125,0.90438,0.86522
0,0,0,0,52.64,0.30448,0.90494,0.86464
0,0,0,0,52.65,0.29757,0.90556,0.86411
0,0,0,0,52.66,0.29043,0.90624,0.86363
0,0,0,0,52.67,0.28321,0.9069,0.86315
0,0,0,0,52.68,0.27599,0.90764,0.86257
0,0,0,0,52.69,0.26884,0.90824,0.86206
0,0,0,0,52.7,0.26143,0.90902,0.86146
0,0,0,0,52.71,0.25392,0.90987,0.86081
0,0,0,0,52.72,0.24647,0.91061,0.86023
0,0,0,0,52.73,0.23894,0.9114,0.85966
0,0,0,0,52.74,0.23129,0.91231,0.85907
0,0,0,0,52.75,0.22371,0.91312,0.85845
0,0,0,0,52.76,0.21612,0.91395,0.85784
0,0,0,0,52.77,0.20841,0.9149,0.85726
0,0,0,0,52.78,0.20065,0.91579,0.8566
0,0,0,0,52.79,0.19292,0.91668,0.85601
0,0,0,0,52.8,0.1852,0.91766,0.85541
0,0,0,0,52.81,0.17745,0.91865,0.85475
0,0,0,0,52.82,0.16953,0.91974,0.85419
0,0,0,0,52.83,0.16161,0.92086,0.85363
0,0,0,0,52.84,0.15367,0.92191,0.85304
0,0,0,0,52.85,0.14575,0.92299,0.8525
0,0,0,0,52.86,0.13783,0.92411,0.85186
0,0,0,0,52.87,0.12992,0.92522,0.85126
0,0,0,0,52.88,0.12201,0.92627,0.85076
0,0,0,0,52.89,0.11413,0.9273,0.85032
0,0,0,0,52.9,0.10618,0.92835,0.84994
0,0,0,0,52.91,0.09832,0.92944,0.84947
0,0,0,0,52.92,0.090455,0.93053,0.84892
0,0,0,0,52.93,0.082547,0.9316,0.8484
0,0,0,0,52.94,0.07457,0.93274,0.84796
0,0,0,0,52.95,0.066671,0.93384,0.84753
0,0,0,0,52.96,0.058853,0.93494,0.84706
0,0,0,0,52.97,0.050898,0.93611,0.84663
0,0,0,0,52.98,0.042933,0.93733,0.84619
0,0,0,0,52.99,0.034946,0.93854,0.84574
0,0,0,0,53,0.026918,0.93971,0.84527
0,0,0,0,53.01,0.018889,0.94093,0.84475
0,0,0,0,53.02,0.010852,0.94222,0.8442
0,0,0,0,53.03,0.002917,0.9434,0.84369
0,0,0,0,53.04,-0.005107,0.94469,0.8431
0,0,0,0,53.05,-0.013229,0.94592,0.84261
0,0,0,0,53.06,-0.021252,0.94724,0.842
0,0,0,0,53.07,-0.029353,0.94869,0.84136
0,0,0,0,53.08,-0.037368,0.9501,0.84073
0,0,0,0,53.09,-0.045266,0.9514,0.84012
0,0,0,0,53.1,-0.053141,0.95264,0.83949
0,0,0,0,53.11,-0.061064,0.95402,0.83898
0,0,0,0,53.12,-0.068998,0.95542,0.83833
0,0,0,0,53.13,-0.076944,0.95693,0.83753
0,0,0,0,53.14,-0.08483,0.95833,0.83698
0,0,0,0,53.15,-0.092716,0.95975,0.83631
0,0,0,0,53.16,-0.10063,0.96118,0.83574
0,0,0,0,53.17,-0.10844,0.96264,0.83501
0,0,0,0,53.18,-0.11622,0.96398,0.83446
0,0,0,0,53.19,-0.12378,0.96522,0.83377
0,0,0,0,53.2,-0.13114,0.96643,0.83306
0,0,0,0,53.21,-0.13903,0.96798,0.83248
0,0,0,0,53.22,-0.14693,0.9695,0.83181
0,0,0,0,53.23,-0.15445,0.97086,0.83113
0,0,0,0,53.24,-0.16189,0.97215,0.83048
0,0,0,0,53.25,-0.16946,0.97348,0.82989
0,0,0,0,53.26,-0.17686,0.97479,0.82929
0,0,0,0,53.27,-0.18434,0.97614,0.82859
0,0,0,0,53.28,-0.19177,0.97745,0.82774
0,0,0,0,53.29,-0.19925,0.97866,0.82733
0,0,0,0,53.3,-0.20684,0.98002,0.82697
0,0,0,0,53.31,-0.21411,0.98127,0.82638
0,0,0,0,53.32,-0.22155,0.98264,0.826
0,0,0,0,53.33,-0.22889,0.98384,0.82555
0,0,0,0,53.34,-0.23617,0.98506,0.82499
0,0,0,0,53.35,-0.24331,0.98622,0.8245
0,0,0,0,53.36,-0.25061,0.98748,0.82407
0,0,0,0,53.37,-0.25772,0.98876,0.82357
0,0,0,0,53.38,-0.26499,0.98998,0.82309
0,0,0,0,53.39,-0.27191,0.99092,0.82271
0,0,0,0,53.4,-0.27917,0.99214,0.82229
0,0,0,0,53.41,-0.28647,0.99347,0.82184
0,0,0,0,53.42,-0.29341,0.99462,0.82114
0,0,0,0,53.43,-0.30044,0.99566,0.82094
0,0,0,0,53.44,-0.30745,0.99677,0.82073
0,0,0,0,53.45,-0.31426,0.99781,0.82028
0,0,0,0,53.46,-0.32121,0.99887,0.82002
0,0,0,0,53.47,-0.32815,1,0.81971
0,0,0,0,53.48,-0.33506,1.0012,0.81927
0,0,0,0,53.49,-0.34194,1.0023,0.81911
0,0,0,0,53.5,NaN,NaN,NaN
0,0,0,0,53.51,NaN,NaN,NaN
0,0,0,0,53.52,NaN,NaN,NaN
0,0,0,0,53.53,NaN,NaN,NaN
0,0,0,0,53.54,NaN,NaN,NaN
0,0,0,0,53.55,NaN,NaN,NaN
0,0,0,0,53.56,NaN,NaN,NaN
0,0,0,0,53.57,NaN,NaN,NaN
0,0,0,0,53.58,NaN,NaN,NaN
0,0,0,0,53.59,-0.40811,1.0143,0.81629
0,0,0,0,53.6,-0.41454,1.0155,0.81607
0,0,0,0,53.61,-0.42085,1.0166,0.81578
0,0,0,0,53.62,-0.42695,1.0176,0.81588
0,0,0,0,53.63,-0.43326,1.0186,0.81575
0,0,0,0,53.64,-0.43951,1.02,0.81548
0,0,0,0,53.65,-0.44568,1.021,0.81566
0,0,0,0,53.66,-0.45189,1.0221,0.81562
0,0,0,0,53.67,-0.45784,1.0232,0.81544
0,0,0,0,53.68,-0.46379,1.0242,0.81532
0,0,0,0,53.69,-0.46986,1.0252,0.81537
0,0,0,0,53.7,-0.47604,1.0263,0.81538
0,0,0,0,53.71,-0.48195,1.0273,0.81571
0,0,0,0,53.72,-0.48761,1.0282,0.81597
0,0,0,0,53.73,-0.49349,1.0293,0.81588
0,0,0,0,53.74,-0.49938,1.0305,0.81582
0,0,0,0,53.75,-0.5053,1.0315,0.81588
0,0,0,0,53.76,-0.51104,1.0326,0.81586
0,0,0,0,53.77,-0.51668,1.0334,0.81575
0,0,0,0,53.78,-0.5225,1.0344,0.81563
0,0,0,0,53.79,-0.52811,1.0354,0.81564
0,0,0,0,53.8,-0.53368,1.0364,0.81564
0,0,0,0,53.81,-0.53939,1.0374,0.81551
0,0,0,0,53.82,-0.54509,1.0384,0.8154
0,0,0,0,53.83,-0.5507,1.0393,0.81532
0,0,0,0,53.84,-0.55616,1.0408,0.81519
0,0,0,0,53.85,-0.56158,1.0416,0.81522
0,0,0,0,53.86,-0.56714,1.0422,0.81517
0,0,0,0,53.87,-0.57241,1.043,0.81504
0,0,0,0,53.88,-0.5777,1.044,0.815
0,0,0,0,53.89,-0.58319,1.045,0.81498
0,0,0,0,53.9,-0.58847,1.0459,0.81492
0,0,0,0,53.91,-0.59356,1.0468,0.81473
0,0,0,0,53.92,-0.59895,1.0485,0.81442
0,0,0,0,53.93,-0.60439,1.0493,0.81388
0,0,0,0,53.94,-0.60942,1.0498,0.81404
0,0,0,0,53.95,-0.61451,1.0507,0.81418
0,0,0,0,53.96,-0.61963,1.0517,0.814
0,0,0,0,53.97,-0.62459,1.0526,0.8138
0,0,0,0,53.98,-0.6295,1.0535,0.81365
0,0,0,0,53.99,-0.63475,1.0545,0.81363
0,0,0,0,54,-0.6399,1.0561,0.81337
0,0,0,0,54.01,-0.6446,1.0566,0.8131
0,0,0,0,54.02,-0.64958,1.0569,0.81303
0,0,0,0,54.03,-0.65469,1.0577,0.81311
0,0,0,0,54.04,-0.65948,1.0584,0.81308
0,0,0,0,54.05,-0.66441,1.0591,0.81297
0,0,0,0,54.06,-0.66932,1.0598,0.81285
0,0,0,0,54.07,-0.67421,1.0604,0.81275
0,0,0,0,54.08,-0.67894,1.061,0.81285
0,0,0,0,54.09,-0.68384,1.0615,0.81232
0,0,0,0,54.1,-0.68869,1.0618,0.81248
0,0,0,0,54.11,-0.69327,1.0621,0.81291
0,0,0,0,54.12,-0.69812,1.063,0.81279
0,0,0,0,54.13,-0.70289,1.0629,0.81294
0,0,0,0,54.14,-0.70751,1.0633,0.8131
0,0,0,0,54.15,-0.7121,1.063,0.81318
0,0,0,0,54.16,-0.71653,1.0622,0.81335
0,0,0,0,54.17,-0.72129,1.062,0.81308
0,0,0,0,54.18,-0.72612,1.0619,0.81315
0,0,0,0,54.19,-0.73043,1.0616,0.81343
0,0,0,0,54.2,-0.73436,1.061,0.81408
0,0,0,0,54.21,-0.73883,1.0607,0.81443
0,0,0,0,54.22,-0.74335,1.0604,0.81452
0,0,0,0,54.23,-0.74745,1.06,0.81472
0,0,0,0,54.24,-0.75084,1.0601,0.81515
0,0,0,0,54.25,-0.75498,1.0593,0.81559
0,0,0,0,54.26,-0.75872,1.058,0.81623
0,0,0,0,54.27,-0.76284,1.0577,0.81664
0,0,0,0,54.28,-0.76632,1.0571,0.8168
0,0,0,0,54.29,-0.76919,1.0562,0.81714
0,0,0,0,54.3,-0.77263,1.0553,0.81781
0,0,0,0,54.31,-0.77747,1.0558,0.81751
0,0,0,0,54.32,-0.78061,1.0548,0.81804
0,0,0,0,54.33,-0.78276,1.0531,0.81908
0,0,0,0,54.34,-0.78607,1.0523,0.81955
0,0,0,0,54.35,-0.78929,1.0514,0.81993
0,0,0,0,54.36,-0.79231,1.0504,0.82026
0,0,0,0,54.37,-0.79542,1.0504,0.82048
0,0,0,0,54.38,-0.79821,1.0491,0.8207
0,0,0,0,54.39,-0.80095,1.0475,0.82096
0,0,0,0,54.4,-0.80366,1.0465,0.82115
0,0,0,0,54.41,-0.8063,1.0455,0.82128
0,0,0,0,54.42,-0.80893,1.0444,0.82142
0,0,0,0,54.43,-0.81136,1.0433,0.82171
0,0,0,0,54.44,-0.81402,1.0419,0.82138
0,0,0,0,54.45,-0.81664,1.0407,0.82103
0,0,0,0,54.46,-0.8189,1.0395,0.82114
0,0,0,0,54.47,-0.82091,1.0381,0.82134
0,0,0,0,54.48,-0.82182,1.0359,0.82212
0,0,0,0,54.49,-0.8238,1.0344,0.82237
0,0,0,0,54.5,-0.82631,1.0331,0.82235
0,0,0,0,54.51,-0.82811,1.0314,0.82237
0,0,0,0,54.52,-0.82973,1.0295,0.82234
0,0,0,0,54.53,-0.83121,1.0276,0.82242
0,0,0,0,54.54,-0.83251,1.0256,0.82247
0,0,0,0,54.55,-0.83381,1.0235,0.8225
0,0,0,0,54.56,-0.83495,1.0215,0.82248
0,0,0,0,54.57,-0.8359,1.0193,0.82246
0,0,0,0,54.58,-0.83674,1.017,0.82244
0,0,0,0,54.59,-0.83753,1.0147,0.82241
0,0,0,0,54.6,-0.83837,1.0124,0.82244
0,0,0,0,54.61,-0.83909,1.0101,0.82244
0,0,0,0,54.62,-0.83958,1.0076,0.82234
0,0,0,0,54.63,-0.83997,1.0052,0.82224
0,0,0,0,54.64,-0.84004,1.0027,0.82209
0,0,0,0,54.65,-0.84005,1.0001,0.8219
0,0,0,0,54.66,-0.84023,0.9975,0.82174
0,0,0,0,54.67,-0.84013,0.99478,0.82165
0,0,0,0,54.68,-0.84045,0.99215,0.82124
0,0,0,0,54.69,-0.83981,0.98925,0.82108
0,0,0,0,54.7,-0.83969,0.98663,0.82084
0,0,0,0,54.71,-0.83871,0.9836,0.82075
0,0,0,0,54.72,-0.83715,0.98023,0.8208
0,0,0,0,54.73,-0.8368,0.97742,0.82034
0,0,0,0,54.74,-0.83634,0.97464,0.81983
0,0,0,0,54.75,-0.83553,0.97178,0.8194
0,0,0,0,54.76,-0.83451,0.96855,0.81906
0,0,0,0,54.77,-0.83287,0.96481,0.81897
0,0,0,0,54.78,-0.83175,0.96142,0.81876
0,0,0,0,54.79,-0.83015,0.95785,0.81841
0,0,0,0,54.8,-0.82892,0.95465,0.81794
0,0,0,0,54.81,-0.8279,0.9514,0.8175
0,0,0,0,54.82,-0.82636,0.94796,0.81707
0,0,0,0,54.83,-0.82493,0.94524,0.8165
0,0,0,0,54.84,-0.8223,0.94097,0.81596
0,0,0,0,54.85,-0.82015,0.93671,0.81564
0,0,0,0,54.86,-0.81855,0.93343,0.81508
0,0,0,0,54.87,-0.81662,0.92987,0.81455
0,0,0,0,54.88,-0.81484,0.92691,0.81397
0,0,0,0,54.89,-0.8126,0.92389,0.81344
0,0,0,0,54.9,-0.81004,0.91935,0.81244
0,0,0,0,54.91,-0.80725,0.91499,0.81162
0,0,0,0,54.92,-0.80471,0.91114,0.81127
0,0,0,0,54.93,-0.80209,0.90704,0.81083
0,0,0,0,54.94,-0.79927,0.90305,0.81039
0,0,0,0,54.95,-0.79578,0.89879,0.80965
0,0,0,0,54.96,-0.79272,0.8946,0.8087
0,0,0,0,54.97,-0.79085,0.89101,0.8079
0,0,0,0,54.98,-0.78879,0.88717,0.8072
0,0,0,0,54.99,-0.78518,0.88255,0.80682
0,0,0,0,55,-0.7811,0.87757,0.80637
0,0,0,0,55.01,-0.77816,0.87395,0.80565
0,0,0,0,55.02,-0.77528,0.86989,0.80505
0,0,0,0,55.03,-0.77187,0.86497,0.80445
0,0,0,0,55.04,-0.76811,0.86027,0.8036
0,0,0,0,55.05,-0.76448,0.85569,0.80277
0,0,0,0,55.06,-0.76103,0.85103,0.80205
0,0,0,0,55.07,-0.75754,0.84609,0.80142
0,0,0,0,55.08,-0.75322,0.84098,0.80054
0,0,0,0,55.09,-0.74903,0.83587,0.79971
0,0,0,0,55.1,-0.74574,0.8311,0.799
0,0,0,0,55.11,-0.74223,0.82621,0.79833
0,0,0,0,55.12,-0.73853,0.82171,0.79776
0,0,0,0,55.13,-0.73454,0.81645,0.79705
0,0,0,0,55.14,-0.73047,0.81089,0.79639
0,0,0,0,55.15,-0.72618,0.80554,0.79563
0,0,0,0,55.16,-0.72196,0.8002,0.79479
0,0,0,0,55.17,-0.71786,0.79479,0.79411
0,0,0,0,55.18,-0.71372,0.78926,0.79352
0,0,0,0,55.19,-0.70951,0.7837,0.79299
0,0,0,0,55.2,-0.70501,0.77807,0.79224
0,0,0,0,55.21,-0.70069,0.77256,0.79149
0,0,0,0,55.22,-0.69637,0.76714,0.79082
0,0,0,0,55.23,-0.69183,0.76122,0.79026
0,0,0,0,55.24,-0.6874,0.75597,0.78953
0,0,0,0,55.25,-0.6828,0.75,0.78869
0,0,0,0,55.26,-0.67788,0.74346,0.78801
0,0,0,0,55.27,-0.67321,0.73748,0.78739
0,0,0,0,55.28,-0.66849,0.73142,0.78686
0,0,0,0,55.29,-0.66334,0.72533,0.78599
0,0,0,0,55.3,-0.65859,0.71916,0.78521
0,0,0,0,55.31,-0.65398,0.71278,0.78486
0,0,0,0,55.32,-0.64932,0.70707,0.78431
0,0,0,0,55.33,-0.64445,0.70063,0.78355
0,0,0,0,55.34,-0.63933,0.69365,0.78308
0,0,0,0,55.35,-0.63445,0.68717,0.78261
0,0,0,0,55.36,-0.62925,0.68062,0.78198
0,0,0,0,55.37,-0.62398,0.67402,0.78141
0,0,0,0,55.38,-0.61899,0.66738,0.78087
0,0,0,0,55.39,-0.61375,0.66075,0.78018
0,0,0,0,55.4,-0.60857,0.65397,0.77958
0,0,0,0,55.41,-0.60307,0.6468,0.77925
0,0,0,0,55.42,-0.59764,0.63988,0.77876
0,0,0,0,55.43,-0.5924,0.63296,0.77834
0,0,0,0,55.44,-0.58699,0.62585,0.77802
0,0,0,0,55.45,-0.58158,0.61902,0.77729
0,0,0,0,55.46,-0.57595,0.61191,0.77677
0,0,0,0,55.47,-0.5704,0.60463,0.7764
0,0,0,0,55.48,-0.5648,0.59726,0.77614
0,0,0,0,55.49,-0.55912,0.58984,0.77592
0,0,0,0,55.5,-0.55343,0.58243,0.77557
0,0,0,0,55.51,-0.54766,0.57503,0.77502
0,0,0,0,55.52,-0.54181,0.56745,0.77467
0,0,0,0,55.53,-0.53595,0.5598,0.77446
0,0,0,0,55.54,-0.53007,0.55214,0.77423
0,0,0,0,55.55,-0.52426,0.54443,0.77391
0,0,0,0,55.56,-0.51829,0.53655,0.77357
0,0,0,0,55.57,-0.51229,0.52882,0.77315
0,0,0,0,55.58,-0.50633,0.52093,0.77289
0,0,0,0,55.59,-0.50035,0.51284,0.77277
0,0,0,0,55.6,-0.49415,0.50487,0.77263
0,0,0,0,55.61,-0.48798,0.49686,0.77228
0,0,0,0,55.62,-0.48189,0.48856,0.7721
0,0,0,0,55.63,-0.47576,0.48033,0.77191
0,0,0,0,55.64,-0.46949,0.47208,0.77175
0,0,0,0,55.65,-0.46332,0.46363,0.77168
0,0,0,0,55.66,-0.45709,0.4552,0.7716
0,0,0,0,55.67,-0.45067,0.44664,0.77147
0,0,0,0,55.68,-0.44428,0.43794,0.77145
0,0,0,0,55.69,-0.43807,0.42951,0.77131
0,0,0,0,55.7,-0.43161,0.42086,0.77123
0,0,0,0,55.71,-0.42517,0.41209,0.77116
0,0,0,0,55.72,-0.41867,0.40319,0.77118
0,0,0,0,55.73,-0.41222,0.39424,0.77133
0,0,0,0,55.74,-0.40588,0.38536,0.77139
0,0,0,0,55.75,-0.39935,0.37632,0.77149
0,0,0,0,55.76,-0.39276,0.3672,0.77156
0,0,0,0,55.77,-0.3861,0.35796,0.77177
0,0,0,0,55.78,NaN,NaN,NaN
0,0,0,0,55.79,NaN,NaN,NaN
0,0,0,0,55.8,NaN,NaN,NaN
0,0,0,0,55.81,NaN,NaN,NaN
0,0,0,0,55.82,NaN,NaN,NaN
0,0,0,0,55.83,NaN,NaN,NaN
0,0,0,0,55.84,NaN,NaN,NaN
0,0,0,0,55.85,-0.33226,0.28251,0.77367
0,0,0,0,55.86,-0.3255,0.273,0.77398
0,0,0,0,55.87,-0.31855,0.26329,0.77442
0,0,0,0,55.88,-0.31157,0.2535,0.77479
0,0,0,0,55.89,-0.30449,0.24369,0.77525
0,0,0,0,55.9,-0.29744,0.23383,0.7758
0,0,0,0,55.91,-0.29049,0.22398,0.77622
0,0,0,0,55.92,-0.28347,0.214,0.77677
0,0,0,0,55.93,-0.27652,0.20391,0.77746
0,0,0,0,55.94,-0.26958,0.19386,0.77804
0,0,0,0,55.95,-0.26255,0.18375,0.77869
0,0,0,0,55.96,-0.25536,0.17355,0.77932
0,0,0,0,55.97,-0.24815,0.16338,0.77984
0,0,0,0,55.98,-0.24114,0.1532,0.78058
0,0,0,0,55.99,-0.23408,0.14295,0.78127
0,0,0,0,56,-0.22695,0.13276,0.78199
0,0,0,0,56.01,-0.21982,0.12249,0.78282
0,0,0,0,56.02,-0.21246,0.11221,0.78354
0,0,0,0,56.03,-0.20516,0.10198,0.78427
0,0,0,0,56.04,-0.19806,0.091767,0.7851
0,0,0,0,56.05,-0.19087,0.081597,0.78584
0,0,0,0,56.06,-0.18368,0.071451,0.78665
0,0,0,0,56.07,-0.17638,0.061242,0.78749
0,0,0,0,56.08,-0.16908,0.051201,0.78819
0,0,0,0,56.09,-0.1619,0.04121,0.789
0,0,0,0,56.1,-0.15473,0.031248,0.78983
0,0,0,0,56.11,-0.14749,0.021275,0.79059
0,0,0,0,56.12,-0.14023,0.011185,0.79146
0,0,0,0,56.13,-0.13278,0.00115,0.79222
0,0,0,0,56.14,-0.12539,-0.008814,0.79309
0,0,0,0,56.15,-0.11816,-0.018842,0.79409
0,0,0,0,56.16,-0.11086,-0.02885,0.79505
0,0,0,0,56.17,-0.10361,-0.038866,0.79607
0,0,0,0,56.18,-0.096453,-0.048955,0.79713
0,0,0,0,56.19,-0.089189,-0.059005,0.79822
0,0,0,0,56.2,-0.081703,-0.069072,0.79931
0,0,0,0,56.21,-0.074261,-0.079199,0.80048
0,0,0,0,56.22,-0.066942,-0.089211,0.80173
0,0,0,0,56.23,-0.059538,-0.099237,0.80301
0,0,0,0,56.24,-0.052147,-0.10927,0.80428
0,0,0,0,56.25,-0.044717,-0.11927,0.80556
0,0,0,0,56.26,-0.037266,-0.12925,0.80693
0,0,0,0,56.27,-0.029889,-0.13914,0.80835
0,0,0,0,56.28,-0.022466,-0.14899,0.80975
0,0,0,0,56.29,-0.015056,-0.15883,0.81107
0,0,0,0,56.3,-0.007676,-0.16873,0.81255
0,0,0,0,56.31,-0.000345,-0.17862,0.81415
0,0,0,0,56.32,0.006902,-0.18839,0.81563
0,0,0,0,56.33,0.014094,-0.19808,0.81708
0,0,0,0,56.34,0.021256,-0.20774,0.81861
0,0,0,0,56.35,0.028372,-0.21739,0.82015
0,0,0,0,56.36,NaN,NaN,NaN
0,0,0,0,56.37,NaN,NaN,NaN
0,0,0,0,56.38,NaN,NaN,NaN
0,0,0,0,56.39,NaN,NaN,NaN
0,0,0,0,56.4,NaN,NaN,NaN
0,0,0,0,56.41,NaN,NaN,NaN
0,0,0,0,56.42,NaN,NaN,NaN
0,0,0,0,56.43,NaN,NaN,NaN
0,0,0,0,56.44,NaN,NaN,NaN
0,0,0,0,56.45,NaN,NaN,NaN
0,0,0,0,56.46,0.10547,-0.31994,0.8389
0,0,0,0,56.47,0.11245,-0.32913,0.84075
0,0,0,0,56.48,0.11946,-0.33816,0.84258
0,0,0,0,56.49,0.12648,-0.34718,0.84441
0,0,0,0,56.5,NaN,NaN,NaN
0,0,0,0,56.51,NaN,NaN,NaN
0,0,0,0,56.52,NaN,NaN,NaN
0,0,0,0,56.53,NaN,NaN,NaN
0,0,0,0,56.54,NaN,NaN,NaN
0,0,0,0,56.55,NaN,NaN,NaN
0,0,0,0,56.56,NaN,NaN,NaN
0,0,0,0,56.57,0.18116,-0.41577,0.8605
0,0,0,0,56.58,0.18799,-0.42402,0.86246
0,0,0,0,56.59,0.19471,-0.43207,0.86462
0,0,0,0,56.6,0.20142,-0.4401,0.86684
0,0,0,0,56.61,0.20818,-0.44796,0.86889
0,0,0,0,56.62,0.21483,-0.45569,0.87094
0,0,0,0,56.63,0.22144,-0.46333,0.87302
0,0,0,0,56.64,0.22804,-0.47087,0.87502
0,0,0,0,56.65,0.23454,-0.47831,0.87714
0,0,0,0,56.66,0.24096,-0.48569,0.8793
0,0,0,0,56.67,0.24735,-0.49305,0.8814
0,0,0,0,56.68,0.25372,-0.5003,0.88349
0,0,0,0,56.69,0.26005,-0.50743,0.88555
0,0,0,0,56.7,0.26642,-0.5145,0.88762
0,0,0,0,56.71,0.2728,-0.52159,0.88967
0,0,0,0,56.72,0.27902,-0.52857,0.89175
0,0,0,0,56.73,0.28514,-0.53546,0.89388
0,0,0,0,56.74,0.29138,-0.54243,0.89596
0,0,0,0,56.75,0.29757,-0.54914,0.89798
0,0,0,0,56.76,0.30371,-0.55579,0.90002
0,0,0,0,56.77,0.30981,-0.56246,0.90207
0,0,0,0,56.78,0.31591,-0.56908,0.90413
0,0,0,0,56.79,0.32192,-0.57559,0.90617
0,0,0,0,56.8,0.32797,-0.582,0.90823
0,0,0,0,56.81,0.33408,-0.58835,0.91025
0,0,0,0,56.82,0.34003,-0.59465,0.91225
0,0,0,0,56.83,0.3459,-0.60082,0.91426
0,0,0,0,56.84,0.3518,-0.60696,0.91629
0,0,0,0,56.85,0.35776,-0.61304,0.91831
0,0,0,0,56.86,0.3636,-0.61899,0.92026
0,0,0,0,56.87,0.36949,-0.6249,0.92214
0,0,0,0,56.88,0.37536,-0.63077,0.924
0,0,0,0,56.89,0.38116,-0.63652,0.92588
0,0,0,0,56.9,0.3869,-0.64213,0.92781
0,0,0,0,56.91,0.39263,-0.64771,0.92968
0,0,0,0,56.92,0.39838,-0.65319,0.93147
0,0,0,0,56.93,0.4041,-0.65857,0.93327
0,0,0,0,56.94,0.40975,-0.66381,0.93505
0,0,0,0,56.95,0.4155,-0.669,0.9367
0,0,0,0,56.96,0.4211,-0.67414,0.93847
0,0,0,0,56.97,0.42661,-0.6791,0.94029
0,0,0,0,56.98,0.43222,-0.68403,0.94194
0,0,0,0,56.99,0.43781,-0.68889,0.94362
0,0,0,0,57,0.44338,-0.69366,0.94525
0,0,0,0,57.01,0.44893,-0.69839,0.94681
0,0,0,0,57.02,0.45442,-0.70298,0.94847
0,0,0,0,57.03,0.45989,-0.70745,0.95014
0,0,0,0,57.04,0.46541,-0.7119,0.95173
0,0,0,0,57.05,0.471,-0.71627,0.95318
0,0,0,0,57.06,0.47651,-0.72054,0.95471
0,0,0,0,57.07,0.48193,-0.72477,0.9562
0,0,0,0,57.08,0.48739,-0.7289,0.95755
0,0,0,0,57.09,0.49284,-0.73299,0.959
0,0,0,0,57.1,0.49823,-0.73694,0.96048
0,0,0,0,57.11,0.50359,-0.74084,0.96184
0,0,0,0,57.12,0.50903,-0.74462,0.96317
0,0,0,0,57.13,0.51448,-0.74832,0.96447
0,0,0,0,57.14,0.51992,-0.75199,0.96571
0,0,0,0,57.15,0.52532,-0.75558,0.96694
0,0,0,0,57.16,0.53068,-0.75914,0.96818
0,0,0,0,57.17,0.5361,-0.76263,0.96931
0,0,0,0,57.18,0.54146,-0.7661,0.97047
0,0,0,0,57.19,0.54674,-0.76952,0.97174
0,0,0,0,57.2,0.55205,-0.77287,0.9729
0,0,0,0,57.21,0.55746,-0.7762,0.97396
0,0,0,0,57.22,0.56285,-0.77955,0.97508
0,0,0,0,57.23,0.56811,-0.78277,0.97624
0,0,0,0,57.24,0.57343,-0.78598,0.9773
0,0,0,0,57.25,0.57874,-0.78926,0.97835
0,0,0,0,57.26,0.58397,-0.79242,0.97942
0,0,0,0,57.27,0.58932,-0.79564,0.98035
0,0,0,0,57.28,0.5947,-0.79887,0.98127
0,0,0,0,57.29,0.59998,-0.80207,0.98224
0,0,0,0,57.3,0.60522,-0.8051,0.98318
0,0,0,0,57.31,0.61044,-0.8081,0.9841
0,0,0,0,57.32,0.61566,-0.81117,0.98499
0,0,0,0,57.33,0.62092,-0.81413,0.98587
0,0,0,0,57.34,0.62617,-0.81708,0.98674
0,0,0,0,57.35,0.6314,-0.82,0.98749
0,0,0,0,57.36,0.6367,-0.82294,0.98816
0,0,0,0,57.37,0.64196,-0.82587,0.98884
0,0,0,0,57.38,0.6472,-0.82873,0.98955
0,0,0,0,57.39,0.65248,-0.83154,0.99023
0,0,0,0,57.4,0.65772,-0.83432,0.99088
0,0,0,0,57.41,0.66293,-0.8372,0.9915
0,0,0,0,57.42,0.66819,-0.84002,0.99209
0,0,0,0,57.43,0.67345,-0.84272,0.99265
0,0,0,0,57.44,0.6787,-0.84543,0.99316
0,0,0,0,57.45,0.68399,-0.84816,0.99364
0,0,0,0,57.46,0.68933,-0.8509,0.99401
0,0,0,0,57.47,0.6946,-0.85361,0.99437
0,0,0,0,57.48,0.69983,-0.85624,0.99477
0,0,0,0,57.49,0.70497,-0.85882,0.99521
0,0,0,0,57.5,0.71019,-0.86152,0.99562
0,0,0,0,57.51,0.71554,-0.86428,0.99589
0,0,0,0,57.52,0.7208,-0.86691,0.99614
0,0,0,0,57.53,0.72602,-0.86952,0.9964
0,0,0,0,57.54,0.7311,-0.87209,0.99663
0,0,0,0,57.55,0.73621,-0.87472,0.99686
0,0,0,0,57.56,0.74139,-0.8773,0.99699
0,0,0,0,57.57,0.74649,-0.87988,0.99702
0,0,0,0,57.58,0.75159,-0.88251,0.99707
0,0,0,0,57.59,0.75666,-0.88509,0.99713
0,0,0,0,57.6,0.76164,-0.88767,0.9971
0,0,0,0,57.61,0.76657,-0.89035,0.99703
0,0,0,0,57.62,0.77151,-0.89303,0.99694
0,0,0,0,57.63,0.77648,-0.89555,0.99681
0,0,0,0,57.64,0.78135,-0.89806,0.99679
0,0,0,0,57.65,0.78603,-0.90061,0.99673
0,0,0,0,57.66,0.79072,-0.90321,0.9966
0,0,0,0,57.67,0.79569,-0.90582,0.99637
0,0,0,0,57.68,0.80062,-0.90844,0.99612
0,0,0,0,57.69,0.80528,-0.91099,0.99591
0,0,0,0,57.7,0.80999,-0.91349,0.99559
0,0,0,0,57.71,0.81481,-0.91609,0.99529
0,0,0,0,57.72,0.81956,-0.91871,0.99501
0,0,0,0,57.73,0.82418,-0.92128,0.99471
0,0,0,0,57.74,0.82877,-0.92383,0.99438
0,0,0,0,57.75,0.83321,-0.92637,0.99406
0,0,0,0,57.76,0.83758,-0.92884,0.99374
0,0,0,0,57.77,0.84201,-0.93145,0.9934
0,0,0,0,57.78,0.84654,-0.93411,0.99307
0,0,0,0,57.79,0.85108,-0.93676,0.99274
0,0,0,0,57.8,0.85552,-0.93931,0.99239
0,0,0,0,57.81,0.86005,-0.94182,0.99199
0,0,0,0,57.82,0.86454,-0.9445,0.9915
0,0,0,0,57.83,0.86883,-0.94716,0.99101
0,0,0,0,57.84,0.87313,-0.94969,0.99059
0,0,0,0,57.85,0.87742,-0.95219,0.99012
0,0,0,0,57.86,0.88151,-0.95471,0.98969
0,0,0,0,57.87,0.8857,-0.95723,0.98924
0,0,0,0,57.88,0.88979,-0.95978,0.98878
0,0,0,0,57.89,0.8938,-0.96236,0.98823
0,0,0,0,57.9,0.89764,-0.96487,0.98772
0,0,0,0,57.91,0.90159,-0.96741,0.98725
0,0,0,0,57.92,0.90576,-0.96991,0.98663
0,0,0,0,57.93,0.90959,-0.97246,0.98609
0,0,0,0,57.94,0.91346,-0.97499,0.9855
0,0,0,0,57.95,0.91723,-0.97752,0.98494
0,0,0,0,57.96,0.92085,-0.98001,0.98444
0,0,0,0,57.97,0.92431,-0.98231,0.98379
0,0,0,0,57.98,0.92802,-0.98479,0.98315
0,0,0,0,57.99,0.93157,-0.98726,0.98254
0,0,0,0,58,0.93483,-0.98962,0.98188
0,0,0,0,58.01,0.93857,-0.99207,0.98115
0,0,0,0,58.02,0.94204,-0.99448,0.98048
0,0,0,0,58.03,0.94522,-0.9969,0.97986
0,0,0,0,58.04,0.94868,-0.9993,0.97905
0,0,0,0,58.05,0.9521,-1.0016,0.97827
0,0,0,0,58.06,0.95515,-1.0039,0.97759
0,0,0,0,58.07,0.95826,-1.0061,0.97688
0,0,0,0,58.08,0.96161,-1.0085,0.9761
0,0,0,0,58.09,0.96482,-1.0109,0.97531
0,0,0,0,58.1,0.96777,-1.0131,0.97457
0,0,0,0,58.11,0.97057,-1.0153,0.97376
0,0,0,0,58.12,0.97354,-1.0175,0.97285
0,0,0,0,58.13,0.97639,-1.0196,0.972
0,0,0,0,58.14,0.9795,-1.0219,0.97105
0,0,0,0,58.15,0.98245,-1.0241,0.97012
0,0,0,0,58.16,0.98503,-1.0263,0.96927
0,0,0,0,58.17,0.98779,-1.0284,0.96822
0,0,0,0,58.18,0.99034,-1.0305,0.96718
0,0,0,0,58.19,0.99267,-1.0326,0.96618
0,0,0,0,58.2,0.99508,-1.0347,0.96515
0,0,0,0,58.21,0.9974,-1.0368,0.96422
0,0,0,0,58.22,0.99975,-1.0388,0.96317
0,0,0,0,58.23,1.0021,-1.0408,0.96204
0,0,0,0,58.24,1.0044,-1.0428,0.96097
0,0,0,0,58.25,1.0068,-1.0449,0.95987
0,0,0,0,58.26,1.0089,-1.0468,0.95876
0,0,0,0,58.27,1.0111,-1.0487,0.9577
0,0,0,0,58.28,1.0133,-1.0506,0.95663
0,0,0,0,58.29,1.0153,-1.0524,0.95553
0,0,0,0,58.3,1.0174,-1.0543,0.95444
0,0,0,0,58.31,1.0196,-1.0562,0.95335
0,0,0,0,58.32,1.0217,-1.058,0.95224
0,0,0,0,58.33,1.0235,-1.0596,0.95115
0,0,0,0,58.34,1.0255,-1.0614,0.95007
0,0,0,0,58.35,1.0278,-1.0631,0.94899
0,0,0,0,58.36,1.03,-1.0649,0.94793
0,0,0,0,58.37,1.0321,-1.0664,0.94656
0,0,0,0,58.38,1.0338,-1.0679,0.94554
0,0,0,0,58.39,1.0356,-1.0696,0.9446
0,0,0,0,58.4,1.0374,-1.0713,0.9435
0,0,0,0,58.41,1.0393,-1.0729,0.94238
0,0,0,0,58.42,1.0412,-1.0743,0.94126
0,0,0,0,58.43,1.043,-1.0758,0.94019
0,0,0,0,58.44,1.0446,-1.0772,0.9391
0,0,0,0,58.45,1.0463,-1.0786,0.93793
0,0,0,0,58.46,1.0479,-1.0798,0.93676
0,0,0,0,58.47,1.0494,-1.0811,0.93562
0,0,0,0,58.48,1.0511,-1.0825,0.9344
0,0,0,0,58.49,1.0529,-1.0837,0.9332
0,0,0,0,58.5,1.0543,-1.0848,0.932
0,0,0,0,58.51,1.0557,-1.0859,0.93082
0,0,0,0,58.52,1.0571,-1.087,0.92961
0,0,0,0,58.53,1.0586,-1.0882,0.92841
0,0,0,0,58.54,1.0601,-1.0892,0.92729
0,0,0,0,58.55,1.0613,-1.0901,0.92614
0,0,0,0,58.56,1.0628,-1.0911,0.92492
0,0,0,0,58.57,1.0643,-1.092,0.92374
0,0,0,0,58.58,1.0655,-1.0929,0.92261
0,0,0,0,58.59,1.0666,-1.0937,0.92141
0,0,0,0,58.6,1.0682,-1.0946,0.92004
0,0,0,0,58.61,1.0698,-1.0955,0.91881
0,0,0,0,58.62,1.0709,-1.0963,0.9177
0,0,0,0,58.63,1.0721,-1.097,0.91654
0,0,0,0,58.64,1.0732,-1.0976,0.91539
0,0,0,0,58.65,1.0742,-1.0983,0.91424
0,0,0,0,58.66,1.0754,-1.099,0.91301
0,0,0,0,58.67,1.0766,-1.0996,0.9118
0,0,0,0,58.68,1.0776,-1.1001,0.91064
0,0,0,0,58.69,1.079,-1.1007,0.90946
0,0,0,0,58.7,1.0803,-1.1012,0.90824
0,0,0,0,58.71,1.0812,-1.1016,0.90708
0,0,0,0,58.72,1.0822,-1.1019,0.90594
0,0,0,0,58.73,1.0832,-1.1023,0.90479
0,0,0,0,58.74,1.0843,-1.1027,0.90365
0,0,0,0,58.75,1.0857,-1.103,0.90252
0,0,0,0,58.76,1.0867,-1.1032,0.90136
0,0,0,0,58.77,1.0877,-1.1035,0.90024
0,0,0,0,58.78,1.0888,-1.1037,0.89911
0,0,0,0,58.79,1.0897,-1.1038,0.89797
0,0,0,0,58.8,1.0907,-1.1039,0.89684
0,0,0,0,58.81,1.0918,-1.104,0.89568
0,0,0,0,58.82,1.0929,-1.1041,0.89455
0,0,0,0,58.83,1.0938,-1.1041,0.8934
0,0,0,0,58.84,1.0945,-1.104,0.89222
0,0,0,0,58.85,1.0957,-1.1039,0.89098
0,0,0,0,58.86,1.0966,-1.1037,0.88976
0,0,0,0,58.87,1.0972,-1.1034,0.88859
0,0,0,0,58.88,1.0981,-1.1033,0.88742
0,0,0,0,58.89,1.099,-1.1031,0.88622
0,0,0,0,58.9,1.1,-1.1028,0.88497
0,0,0,0,58.91,1.1009,-1.1025,0.88369
0,0,0,0,58.92,1.1015,-1.1021,0.88242
0,0,0,0,58.93,1.102,-1.1017,0.8812
0,0,0,0,58.94,1.1027,-1.1013,0.87996
0,0,0,0,58.95,1.1033,-1.1008,0.87871
0,0,0,0,58.96,1.104,-1.1003,0.87745
0,0,0,0,58.97,1.1047,-1.0998,0.87616
0,0,0,0,58.98,1.1051,-1.0992,0.87487
0,0,0,0,58.99,1.1055,-1.0985,0.87363
0,0,0,0,59,1.106,-1.098,0.87239
0,0,0,0,59.01,1.1068,-1.0973,0.87109
0,0,0,0,59.02,1.1074,-1.0967,0.86983
0,0,0,0,59.03,1.1078,-1.0959,0.86857
0,0,0,0,59.04,1.108,-1.0951,0.86735
0,0,0,0,59.05,1.1082,-1.0944,0.86617
0,0,0,0,59.06,1.1085,-1.0936,0.86497
0,0,0,0,59.07,1.1091,-1.0929,0.86375
0,0,0,0,59.08,1.1095,-1.092,0.86259
0,0,0,0,59.09,1.1098,-1.091,0.86138
0,0,0,0,59.1,1.1099,-1.0899,0.86016
0,0,0,0,59.11,1.11,-1.089,0.85896
0,0,0,0,59.12,1.1101,-1.088,0.85777
0,0,0,0,59.13,1.1102,-1.087,0.85662
0,0,0,0,59.14,1.1103,-1.0859,0.85543
0,0,0,0,59.15,1.1106,-1.0846,0.85426
0,0,0,0,59.16,1.1107,-1.0834,0.85311
0,0,0,0,59.17,1.1107,-1.0822,0.85197
0,0,0,0,59.18,1.1109,-1.0808,0.85079
0,0,0,0,59.19,1.111,-1.0795,0.84958
0,0,0,0,59.2,1.111,-1.0783,0.8484
0,0,0,0,59.21,1.111,-1.077,0.84729
0,0,0,0,59.22,1.1107,-1.0754,0.84617
0,0,0,0,59.23,1.1104,-1.0739,0.84499
0,0,0,0,59.24,1.1102,-1.0725,0.84381
0,0,0,0,59.25,1.1101,-1.071,0.84262
0,0,0,0,59.26,1.1099,-1.0693,0.84147
0,0,0,0,59.27,1.1094,-1.0677,0.84033
0,0,0,0,59.28,1.1093,-1.0661,0.83909
0,0,0,0,59.29,1.109,-1.0645,0.83788
0,0,0,0,59.3,1.1083,-1.0628,0.83673
0,0,0,0,59.31,1.1077,-1.0609,0.83551
0,0,0,0,59.32,1.1072,-1.0591,0.83433
0,0,0,0,59.33,1.1063,-1.0573,0.83318
0,0,0,0,59.34,1.1055,-1.0554,0.83198
0,0,0,0,59.35,1.1048,-1.0535,0.83075
0,0,0,0,59.36,1.1039,-1.0515,0.82951
0,0,0,0,59.37,1.1028,-1.0495,0.82825
0,0,0,0,59.38,1.1019,-1.0476,0.82706
0,0,0,0,59.39,1.1009,-1.0455,0.82585
0,0,0,0,59.4,1.0997,-1.0434,0.82465
0,0,0,0,59.41,1.0987,-1.0414,0.82348
0,0,0,0,59.42,1.0974,-1.0392,0.82221
0,0,0,0,59.43,1.0961,-1.0371,0.82098
0,0,0,0,59.44,1.0948,-1.0349,0.81981
0,0,0,0,59.45,1.0934,-1.0328,0.81866
0,0,0,0,59.46,1.0919,-1.0305,0.81749
0,0,0,0,59.47,1.0906,-1.0283,0.8163
0,0,0,0,59.48,1.0893,-1.0262,0.81512
0,0,0,0,59.49,1.0877,-1.0238,0.81396
0,0,0,0,59.5,1.0858,-1.0214,0.81283
0,0,0,0,59.51,1.0842,-1.0191,0.8117
0,0,0,0,59.52,1.0825,-1.0167,0.81047
0,0,0,0,59.53,1.0809,-1.0143,0.80935
0,0,0,0,59.54,1.0793,-1.012,0.80825
0,0,0,0,59.55,1.0774,-1.0096,0.80713
0,0,0,0,59.56,1.0753,-1.0071,0.806
0,0,0,0,59.57,1.0734,-1.0046,0.80484
0,0,0,0,59.58,1.0714,-1.002,0.80367
0,0,0,0,59.59,1.0693,-0.99948,0.80255
0,0,0,0,59.6,1.0672,-0.99695,0.80139
0,0,0,0,59.61,1.065,-0.99442,0.80026
0,0,0,0,59.62,1.0628,-0.99181,0.79914
0,0,0,0,59.63,1.0605,-0.98911,0.79795
0,0,0,0,59.64,1.0581,-0.98649,0.79681
0,0,0,0,59.65,1.0555,-0.98376,0.7957
0,0,0,0,59.66,1.0528,-0.98098,0.79462
0,0,0,0,59.67,1.0503,-0.97828,0.79335
0,0,0,0,59.68,1.0476,-0.9755,0.79213
0,0,0,0,59.69,1.0448,-0.97269,0.79111
0,0,0,0,59.7,1.0419,-0.96987,0.78998
0,0,0,0,59.71,1.0389,-0.967,0.78881
0,0,0,0,59.72,1.0361,-0.9642,0.7877
0,0,0,0,59.73,1.0332,-0.96126,0.78659
0,0,0,0,59.74,1.03,-0.95818,0.78545
0,0,0,0,59.75,1.0267,-0.95523,0.7843
0,0,0,0,59.76,1.0235,-0.95223,0.78311
0,0,0,0,59.77,1.0204,-0.94929,0.78192
0,0,0,0,59.78,1.0172,-0.9463,0.7807
0,0,0,0,59.79,1.0137,-0.94321,0.77956
0,0,0,0,59.8,1.0101,-0.94016,0.7785
0,0,0,0,59.81,1.0065,-0.93698,0.77733
0,0,0,0,59.82,1.0029,-0.9338,0.7762
0,0,0,0,59.83,0.99943,-0.93066,0.77515
0,0,0,0,59.84,0.99587,-0.92754,0.77407
0,0,0,0,59.85,0.99204,-0.92433,0.7729
0,0,0,0,59.86,0.98838,-0.92122,0.77175
0,0,0,0,59.87,0.98479,-0.91808,0.77073
0,0,0,0,59.88,0.98092,-0.91482,0.76972
0,0,0,0,59.89,0.97702,-0.9115,0.7686
0,0,0,0,59.9,0.97289,-0.90815,0.76755
0,0,0,0,59.91,0.96883,-0.90497,0.7666
0,0,0,0,59.92,0.96489,-0.90181,0.76557
0,0,0,0,59.93,0.96082,-0.89847,0.76448
0,0,0,0,59.94,0.9566,-0.89524,0.76348
0,0,0,0,59.95,0.95216,-0.89199,0.76251
0,0,0,0,59.96,0.94767,-0.88867,0.76147
0,0,0,0,59.97,0.94339,-0.88539,0.76045
0,0,0,0,59.98,0.93905,-0.88215,0.75944
0,0,0,0,59.99,0.93452,-0.87893,0.75841
0,0,0,0,60,0.9301,-0.87565,0.7573
0,0,0,0,60.01,0.92545,-0.87233,0.75631
0,0,0,0,60.02,0.92062,-0.869,0.75541
0,0,0,0,60.03,0.9156,-0.86562,0.75433
0,0,0,0,60.04,0.91077,-0.86228,0.75323
0,0,0,0,60.05,0.90614,-0.85902,0.75219
0,0,0,0,60.06,0.90118,-0.85576,0.75118
0,0,0,0,60.07,0.89608,-0.85231,0.75018
0,0,0,0,60.08,0.89104,-0.84884,0.7492
0,0,0,0,60.09,0.88596,-0.84542,0.74821
0,0,0,0,60.1,0.88065,-0.842,0.74717
0,0,0,0,60.11,0.8757,-0.83858,0.7461
0,0,0,0,60.12,0.8706,-0.83512,0.74516
0,0,0,0,60.13,0.86519,-0.83169,0.74427
0,0,0,0,60.14,0.86003,-0.82818,0.74311
0,0,0,0,60.15,0.8546,-0.82468,0.74208
0,0,0,0,60.16,0.84907,-0.82125,0.74125
0,0,0,0,60.17,0.84347,-0.81763,0.74025
0,0,0,0,60.18,0.83784,-0.81393,0.73918
0,0,0,0,60.19,0.83222,-0.81033,0.73823
0,0,0,0,60.2,0.82664,-0.80674,0.73728
0,0,0,0,60.21,0.82091,-0.80311,0.73634
0,0,0,0,60.22,0.81505,-0.79942,0.73538
0,0,0,0,60.23,0.80929,-0.79575,0.73439
0,0,0,0,60.24,0.80336,-0.79204,0.73347
0,0,0,0,60.25,0.79748,-0.78832,0.73248
0,0,0,0,60.26,0.79159,-0.78468,0.73149
0,0,0,0,60.27,0.78551,-0.78099,0.73055
0,0,0,0,60.28,0.77954,-0.77727,0.72956
0,0,0,0,60.29,0.77337,-0.77359,0.72866
0,0,0,0,60.3,0.76712,-0.76988,0.72778
0,0,0,0,60.31,0.76089,-0.76613,0.7268
0,0,0,0,60.32,0.75458,-0.76241,0.72587
0,0,0,0,60.33,0.74827,-0.75871,0.72502
0,0,0,0,60.34,0.74192,-0.75495,0.72407
0,0,0,0,60.35,0.73565,-0.75129,0.72307
0,0,0,0,60.36,0.72931,-0.74758,0.72214
0,0,0,0,60.37,0.72269,-0.74378,0.72125
0,0,0,0,60.38,0.7159,-0.74,0.72032
0,0,0,0,60.39,0.7095,-0.73633,0.7193
0,0,0,0,60.4,0.7031,-0.73265,0.71842
0,0,0,0,60.41,0.69632,-0.7289,0.71757
0,0,0,0,60.42,0.68948,-0.72517,0.71665
0,0,0,0,60.43,0.68285,-0.72145,0.7157
0,0,0,0,60.44,0.67626,-0.71773,0.71477
0,0,0,0,60.45,0.66937,-0.71402,0.71389
0,0,0,0,60.46,0.66255,-0.71031,0.71303
0,0,0,0,60.47,0.65582,-0.70656,0.7121
0,0,0,0,60.48,0.64888,-0.70278,0.71112
0,0,0,0,60.49,0.6419,-0.69903,0.71025
0,0,0,0,60.5,0.63496,-0.69534,0.70941
0,0,0,0,60.51,0.62803,-0.69163,0.70846
0,0,0,0,60.52,0.62107,-0.68785,0.70744
0,0,0,0,60.53,0.61404,-0.6841,0.70654
0,0,0,0,60.54,0.60694,-0.68032,0.70565
0,0,0,0,60.55,0.59983,-0.67651,0.70467
0,0,0,0,60.56,0.59275,-0.67282,0.70373
0,0,0,0,60.57,0.5855,-0.66903,0.70282
0,0,0,0,60.58,0.57812,-0.66514,0.70188
0,0,0,0,60.59,0.57083,-0.66136,0.70093
0,0,0,0,60.6,0.56353,-0.65762,0.69999
0,0,0,0,60.61,0.55614,-0.65379,0.699
0,0,0,0,60.62,0.54876,-0.64994,0.698
0,0,0,0,60.63,0.54144,-0.64619,0.69698
0,0,0,0,60.64,0.53404,-0.64237,0.69599
0,0,0,0,60.65,0.52654,-0.63852,0.69502
0,0,0,0,60.66,0.51895,-0.63467,0.69409
0,0,0,0,60.67,0.51129,-0.63079,0.69315
0,0,0,0,60.68,0.50362,-0.62693,0.69217
0,0,0,0,60.69,0.4959,-0.62309,0.69125
0,0,0,0,60.7,0.48819,-0.61923,0.69031
0,0,0,0,60.71,0.48035,-0.61534,0.68934
0,0,0,0,60.72,0.47252,-0.61151,0.68842
0,0,0,0,60.73,0.46468,-0.60766,0.68749
0,0,0,0,60.74,0.45682,-0.60377,0.68655
0,0,0,0,60.75,0.449,-0.59999,0.68565
0,0,0,0,60.76,0.44113,-0.5962,0.68473
0,0,0,0,60.77,0.43313,-0.59232,0.68379
0,0,0,0,60.78,0.42519,-0.58847,0.68293
0,0,0,0,60.79,0.41722,-0.58472,0.68211
0,0,0,0,60.8,0.40913,-0.5809,0.68127
0,0,0,0,60.81,0.40108,-0.57697,0.68043
0,0,0,0,60.82,0.39297,-0.57313,0.6796
0,0,0,0,60.83,0.38478,-0.56934,0.67883
0,0,0,0,60.84,0.37656,-0.56542,0.67808
0,0,0,0,60.85,0.36844,-0.56149,0.67728
0,0,0,0,60.86,0.36026,-0.55766,0.67655
0,0,0,0,60.87,0.35193,-0.5538,0.67593
0,0,0,0,60.88,0.34355,-0.54987,0.67534
0,0,0,0,60.89,0.33519,-0.54607,0.67485
0,0,0,0,60.9,0.32683,-0.54224,0.67433
0,0,0,0,60.91,0.31844,-0.53826,0.67384
0,0,0,0,60.92,0.3101,-0.53443,0.67346
0,0,0,0,60.93,0.30167,-0.5306,0.67311
0,0,0,0,60.94,0.29326,-0.52681,0.67285
0,0,0,0,60.95,0.2848,-0.52297,0.67271
0,0,0,0,60.96,0.27627,-0.519,0.67247
0,0,0,0,60.97,0.26785,-0.5152,0.6722
0,0,0,0,60.98,0.25926,-0.51134,0.67212
0,0,0,0,60.99,0.25062,-0.50745,0.67215
0,0,0,0,61,0.24207,-0.50356,0.67214
0,0,0,0,61.01,0.23346,-0.49961,0.67209
0,0,0,0,61.02,0.22477,-0.4957,0.67213
0,0,0,0,61.03,0.21614,-0.49183,0.67222
0,0,0,0,61.04,0.20746,-0.48789,0.67233
0,0,0,0,61.05,0.19884,-0.48399,0.67241
0,0,0,0,61.06,0.19018,-0.48006,0.67258
0,0,0,0,61.07,0.1814,-0.47608,0.67285
0,0,0,0,61.08,0.17268,-0.47218,0.6731
0,0,0,0,61.09,0.16393,-0.46819,0.67339
0,0,0,0,61.1,0.15515,-0.4642,0.67373
0,0,0,0,61.11,0.14638,-0.46033,0.67413
0,0,0,0,61.12,0.13761,-0.45632,0.67447
0,0,0,0,61.13,0.12879,-0.45227,0.67486
0,0,0,0,61.14,0.11996,-0.44823,0.67529
0,0,0,0,61.15,0.11117,-0.44416,0.67575
0,0,0,0,61.16,0.10244,-0.44018,0.67627
0,0,0,0,61.17,0.093691,-0.43608,0.6767
0,0,0,0,61.18,0.084937,-0.432,0.67718
0,0,0,0,61.19,0.076025,-0.42781,0.67778
0,0,0,0,61.2,0.06706,-0.4235,0.6784
0,0,0,0,61.21,0.058176,-0.41936,0.67905
0,0,0,0,61.22,0.049252,-0.41514,0.67969
0,0,0,0,61.23,NaN,NaN,NaN
0,0,0,0,61.24,NaN,NaN,NaN
0,0,0,0,61.25,NaN,NaN,NaN
0,0,0,0,61.26,NaN,NaN,NaN
0,0,0,0,61.27,NaN,NaN,NaN
0,0,0,0,61.28,NaN,NaN,NaN
0,0,0,0,61.29,NaN,NaN,NaN
0,0,0,0,61.3,-0.021893,-0.38151,0.68586
0,0,0,0,61.31,-0.030714,-0.37732,0.68672
0,0,0,0,61.32,NaN,NaN,NaN
0,0,0,0,61.33,NaN,NaN,NaN
0,0,0,0,61.34,NaN,NaN,NaN
0,0,0,0,61.35,-0.066251,-0.36044,0.69081
0,0,0,0,61.36,NaN,NaN,NaN
0,0,0,0,61.37,-0.084025,-0.35188,0.69307
0,0,0,0,61.38,NaN,NaN,NaN
0,0,0,0,61.39,-0.10153,-0.3433,0.69528
0,0,0,0,61.4,NaN,NaN,NaN
0,0,0,0,61.41,-0.11918,-0.33461,0.69791
0,0,0,0,61.42,NaN,NaN,NaN
0,0,0,0,61.43,-0.13672,-0.32584,0.70061
0,0,0,0,61.44,NaN,NaN,NaN
0,0,0,0,61.45,-0.15431,-0.31696,0.70345
0,0,0,0,61.46,NaN,NaN,NaN
0,0,0,0,61.47,-0.17174,-0.30809,0.7063
0,0,0,0,61.48,NaN,NaN,NaN
0,0,0,0,61.49,-0.18914,-0.29902,0.70927
0,0,0,0,61.5,NaN,NaN,NaN
0,0,0,0,61.51,-0.20651,-0.28979,0.71238
0,0,0,0,61.52,NaN,NaN,NaN
0,0,0,0,61.53,-0.22359,-0.28042,0.71545
0,0,0,0,61.54,NaN,NaN,NaN
0,0,0,0,61.55,-0.24071,-0.27091,0.71866
0,0,0,0,61.56,NaN,NaN,NaN
0,0,0,0,61.57,-0.25796,-0.26127,0.72222
0,0,0,0,61.58,NaN,NaN,NaN
0,0,0,0,61.59,-0.27476,-0.25165,0.72566
0,0,0,0,61.6,NaN,NaN,NaN
0,0,0,0,61.61,-0.29166,-0.24202,0.72942
0,0,0,0,61.62,NaN,NaN,NaN
0,0,0,0,61.63,-0.30834,-0.23231,0.73327
0,0,0,0,61.64,NaN,NaN,NaN
0,0,0,0,61.65,-0.32469,-0.22251,0.7372
0,0,0,0,61.66,-0.33291,-0.21753,0.73922
0,0,0,0,61.67,NaN,NaN,NaN
0,0,0,0,61.68,NaN,NaN,NaN
0,0,0,0,61.69,-0.35703,-0.2028,0.74543
0,0,0,0,61.7,-0.36497,-0.19796,0.74754
0,0,0,0,61.71,-0.37305,-0.19295,0.74969
0,0,0,0,61.72,-0.38094,-0.18804,0.75185
0,0,0,0,61.73,-0.38871,-0.18326,0.75401
0,0,0,0,61.74,-0.39667,-0.17836,0.75626
0,0,0,0,61.75,-0.40439,-0.1735,0.75841
0,0,0,0,61.76,-0.41206,-0.16869,0.76059
0,0,0,0,61.77,-0.41995,-0.16387,0.76293
0,0,0,0,61.78,-0.42771,-0.15907,0.76518
0,0,0,0,61.79,-0.43543,-0.15436,0.76743
0,0,0,0,61.8,-0.44306,-0.14962,0.76978
0,0,0,0,61.81,-0.45049,-0.14486,0.77197
0,0,0,0,61.82,-0.45811,-0.14009,0.77417
0,0,0,0,61.83,-0.46569,-0.13534,0.77647
0,0,0,0,61.84,-0.47308,-0.13064,0.7786
0,0,0,0,61.85,-0.48056,-0.12586,0.78088
0,0,0,0,61.86,-0.48794,-0.1211,0.78311
0,0,0,0,61.87,-0.49537,-0.11623,0.78521
0,0,0,0,61.88,-0.50276,-0.11141,0.78743
0,0,0,0,61.89,-0.51021,-0.10658,0.78967
0,0,0,0,61.9,-0.51755,-0.10174,0.7918
0,0,0,0,61.91,-0.52477,-0.096975,0.79403
0,0,0,0,61.92,-0.53195,-0.092144,0.79619
0,0,0,0,61.93,-0.53919,-0.08732,0.7982
0,0,0,0,61.94,-0.54642,-0.082525,0.80039
0,0,0,0,61.95,-0.55353,-0.077667,0.80252
0,0,0,0,61.96,-0.56061,-0.072754,0.80463
0,0,0,0,61.97,-0.56766,-0.067963,0.80674
0,0,0,0,61.98,-0.57473,-0.063236,0.80874
0,0,0,0,61.99,-0.58184,-0.05846,0.81081
0,0,0,0,62,-0.58893,-0.053682,0.81283
0,0,0,0,62.01,-0.59585,-0.048874,0.81497
0,0,0,0,62.02,-0.60267,-0.044047,0.81709
0,0,0,0,62.03,-0.60961,-0.039188,0.81917
0,0,0,0,62.04,-0.6165,-0.03444,0.82131
0,0,0,0,62.05,-0.62329,-0.029814,0.82337
0,0,0,0,62.06,-0.63009,-0.025086,0.82547
0,0,0,0,62.07,-0.63673,-0.020296,0.82748
0,0,0,0,62.08,-0.64345,-0.015585,0.82952
0,0,0,0,62.09,-0.65014,-0.010942,0.83153
0,0,0,0,62.1,-0.65682,-0.006392,0.8337
0,0,0,0,62.11,-0.66358,-0.001848,0.83607
0,0,0,0,62.12,-0.67025,0.002718,0.83818
0,0,0,0,62.13,-0.67678,0.007248,0.84019
0,0,0,0,62.14,-0.68331,0.011821,0.84229
0,0,0,0,62.15,-0.68988,0.016275,0.84435
0,0,0,0,62.16,-0.69644,0.020729,0.84649
0,0,0,0,62.17,-0.70302,0.025228,0.84861
0,0,0,0,62.18,-0.70939,0.029537,0.85057
0,0,0,0,62.19,-0.71594,0.033886,0.85272
0,0,0,0,62.2,-0.72245,0.038253,0.85485
0,0,0,0,62.21,-0.72883,0.042627,0.85699
0,0,0,0,62.22,-0.73537,0.046934,0.8592
0,0,0,0,62.23,-0.74188,0.051212,0.86134
0,0,0,0,62.24,-0.7483,0.055574,0.8635
0,0,0,0,62.25,-0.75452,0.059829,0.8656
0,0,0,0,62.26,-0.76093,0.063995,0.86777
0,0,0,0,62.27,-0.76734,0.068208,0.86995
0,0,0,0,62.28,-0.77375,0.072323,0.87218
0,0,0,0,62.29,-0.78011,0.076478,0.8743
0,0,0,0,62.3,-0.78627,0.080715,0.87661
0,0,0,0,62.31,-0.79248,0.084797,0.87891
0,0,0,0,62.32,-0.79883,0.088913,0.8811
0,0,0,0,62.33,-0.80511,0.092921,0.88349
0,0,0,0,62.34,-0.81143,0.097011,0.88555
0,0,0,0,62.35,-0.81781,0.10116,0.88778
0,0,0,0,62.36,-0.82357,0.10507,0.89019
0,0,0,0,62.37,-0.82975,0.10912,0.89252
0,0,0,0,62.38,-0.83596,0.11316,0.89483
0,0,0,0,62.39,-0.84211,0.11724,0.89714
0,0,0,0,62.4,-0.84856,0.1215,0.89943
0,0,0,0,62.41,-0.85492,0.12552,0.90165
0,0,0,0,62.42,-0.86106,0.12945,0.90392
0,0,0,0,62.43,-0.86664,0.13332,0.90633
0,0,0,0,62.44,-0.87256,0.1372,0.90878
0,0,0,0,62.45,-0.87895,0.14124,0.91109
0,0,0,0,62.46,-0.88515,0.14508,0.91354
0,0,0,0,62.47,-0.89127,0.14901,0.9159
0,0,0,0,62.48,-0.89733,0.15307,0.91833
0,0,0,0,62.49,-0.90317,0.15691,0.92078
0,0,0,0,62.5,-0.90919,0.16078,0.92323
0,0,0,0,62.51,-0.91471,0.16465,0.92565
0,0,0,0,62.52,-0.92062,0.16854,0.92798
0,0,0,0,62.53,-0.92714,0.17256,0.93024
0,0,0,0,62.54,-0.93302,0.17641,0.93268
0,0,0,0,62.55,-0.93879,0.18019,0.93507
0,0,0,0,62.56,-0.9448,0.18409,0.93739
0,0,0,0,62.57,-0.95088,0.18804,0.93968
0,0,0,0,62.58,-0.9567,0.19181,0.94199
0,0,0,0,62.59,-0.96231,0.19549,0.94438
0,0,0,0,62.6,-0.96812,0.19935,0.94654
0,0,0,0,62.61,-0.97415,0.20321,0.94847
0,0,0,0,62.62,-0.97984,0.20694,0.9507
0,0,0,0,62.63,-0.98543,0.21079,0.95312
0,0,0,0,62.64,-0.99131,0.21518,0.95529
0,0,0,0,62.65,-0.99695,0.21898,0.95737
0,0,0,0,62.66,-1.0026,0.22236,0.95956
0,0,0,0,62.67,-1.0082,0.22603,0.96173
0,0,0,0,62.68,-1.0138,0.22964,0.96384
0,0,0,0,62.69,-1.0193,0.23351,0.96595
0,0,0,0,62.7,-1.0248,0.23715,0.96785
0,0,0,0,62.71,-1.0303,0.24069,0.96987
0,0,0,0,62.72,-1.0358,0.24432,0.97196
0,0,0,0,62.73,-1.0409,0.24796,0.97389
0,0,0,0,62.74,-1.046,0.25177,0.97587
0,0,0,0,62.75,-1.0517,0.25548,0.97777
0,0,0,0,62.76,-1.0574,0.25912,0.97957
0,0,0,0,62.77,-1.0625,0.26282,0.98119
0,0,0,0,62.78,-1.0678,0.26638,0.98303
0,0,0,0,62.79,-1.0733,0.26984,0.98507
0,0,0,0,62.8,-1.0786,0.27358,0.9869
0,0,0,0,62.81,-1.0838,0.27736,0.98861
0,0,0,0,62.82,-1.0885,0.28078,0.99028
0,0,0,0,62.83,-1.0937,0.2843,0.99195
0,0,0,0,62.84,-1.0992,0.28807,0.99347
0,0,0,0,62.85,NaN,NaN,NaN
0,0,0,0,62.86,NaN,NaN,NaN
0,0,0,0,62.87,NaN,NaN,NaN
0,0,0,0,62.88,NaN,NaN,NaN
0,0,0,0,62.89,NaN,NaN,NaN
0,0,0,0,62.9,NaN,NaN,NaN
0,0,0,0,62.91,NaN,NaN,NaN
0,0,0,0,62.92,NaN,NaN,NaN
0,0,0,0,62.93,NaN,NaN,NaN
0,0,0,0,62.94,NaN,NaN,NaN
0,0,0,0,62.95,NaN,NaN,NaN
0,0,0,0,62.96,NaN,NaN,NaN
0,0,0,0,62.97,NaN,NaN,NaN
0,0,0,0,62.98,NaN,NaN,NaN
0,0,0,0,62.99,NaN,NaN,NaN
0,0,0,0,63,NaN,NaN,NaN
0,0,0,0,63.01,-1.1798,0.34842,1.0175
0,0,0,0,63.02,-1.1844,0.35207,1.0186
0,0,0,0,63.03,NaN,NaN,NaN
0,0,0,0,63.04,NaN,NaN,NaN
0,0,0,0,63.05,-1.1967,0.36253,1.0221
0,0,0,0,63.06,-1.2004,0.36608,1.0232
0,0,0,0,63.07,-1.2047,0.3697,1.0244
0,0,0,0,63.08,-1.2092,0.37325,1.0256
0,0,0,0,63.09,-1.2129,0.37681,1.0266
0,0,0,0,63.1,-1.2159,0.3803,1.0276
0,0,0,0,63.11,NaN,NaN,NaN
0,0,0,0,63.12,NaN,NaN,NaN
0,0,0,0,63.13,NaN,NaN,NaN
0,0,0,0,63.14,NaN,NaN,NaN
0,0,0,0,63.15,NaN,NaN,NaN
0,0,0,0,63.16,NaN,NaN,NaN
0,0,0,0,63.17,-1.2394,0.40507,1.0342
0,0,0,0,63.18,-1.2423,0.40843,1.0352
0,0,0,0,63.19,-1.2455,0.41185,1.0364
0,0,0,0,63.2,-1.2489,0.4155,1.0373
0,0,0,0,63.21,-1.2517,0.41903,1.038
0,0,0,0,63.22,-1.254,0.42248,1.0386
0,0,0,0,63.23,-1.2567,0.42611,1.0392
0,0,0,0,63.24,-1.2597,0.42966,1.0397
0,0,0,0,63.25,-1.2615,0.43296,1.0406
0,0,0,0,63.26,-1.2642,0.43635,1.0415
0,0,0,0,63.27,-1.2677,0.43979,1.0422
0,0,0,0,63.28,-1.27,0.44317,1.0428
0,0,0,0,63.29,-1.2722,0.44665,1.0432
0,0,0,0,63.3,-1.2742,0.45012,1.0436
0,0,0,0,63.31,-1.2758,0.4534,1.044
0,0,0,0,63.32,-1.2773,0.45669,1.0446
0,0,0,0,63.33,-1.2798,0.46023,1.0448
0,0,0,0,63.34,-1.2822,0.46373,1.0449
0,0,0,0,63.35,-1.2841,0.46712,1.0453
0,0,0,0,63.36,-1.2859,0.47059,1.0457
0,0,0,0,63.37,-1.2872,0.47395,1.0462
0,0,0,0,63.38,-1.289,0.47735,1.0465
0,0,0,0,63.39,-1.2904,0.48078,1.0467
0,0,0,0,63.4,-1.2916,0.48427,1.0467
0,0,0,0,63.41,-1.2931,0.48766,1.0467
0,0,0,0,63.42,-1.2947,0.491,1.0469
0,0,0,0,63.43,NaN,NaN,NaN
0,0,0,0,63.44,NaN,NaN,NaN
0,0,0,0,63.45,-1.2984,0.50134,1.0472
0,0,0,0,63.46,-1.2991,0.50458,1.0471
0,0,0,0,63.47,-1.2997,0.50787,1.0469
0,0,0,0,63.48,-1.3001,0.51112,1.0467
0,0,0,0,63.49,NaN,NaN,NaN
0,0,0,0,63.5,NaN,NaN,NaN
0,0,0,0,63.51,NaN,NaN,NaN
0,0,0,0,63.52,NaN,NaN,NaN
0,0,0,0,63.53,NaN,NaN,NaN
0,0,0,0,63.54,NaN,NaN,NaN
0,0,0,0,63.55,NaN,NaN,NaN
0,0,0,0,63.56,NaN,NaN,NaN
0,0,0,0,63.57,-1.3039,0.53774,1.0453
0,0,0,0,63.58,-1.3041,0.54063,1.0451
0,0,0,0,63.59,-1.3039,0.54326,1.0448
0,0,0,0,63.6,-1.3037,0.54571,1.0444
0,0,0,0,63.61,-1.3033,0.54802,1.044
0,0,0,0,63.62,-1.3032,0.55125,1.0436
0,0,0,0,63.63,-1.3028,0.55375,1.0431
0,0,0,0,63.64,-1.3023,0.5552,1.0427
0,0,0,0,63.65,-1.3018,0.55761,1.0419
0,0,0,0,63.66,-1.3009,0.55997,1.0411
0,0,0,0,63.67,-1.3003,0.56208,1.0403
0,0,0,0,63.68,-1.2996,0.56411,1.0397
0,0,0,0,63.69,-1.299,0.56629,1.0391
0,0,0,0,63.7,-1.2981,0.56843,1.0384
0,0,0,0,63.71,-1.297,0.57023,1.0379
0,0,0,0,63.72,-1.296,0.57202,1.0373
0,0,0,0,63.73,-1.2952,0.57396,1.0366
0,0,0,0,63.74,-1.2944,0.57616,1.0358
0,0,0,0,63.75,-1.2939,0.57817,1.0349
0,0,0,0,63.76,-1.2932,0.57978,1.0341
0,0,0,0,63.77,-1.2912,0.58153,1.0331
0,0,0,0,63.78,-1.2901,0.58353,1.0318
0,0,0,0,63.79,-1.2896,0.5853,1.0306
0,0,0,0,63.8,-1.2882,0.58665,1.0298
0,0,0,0,63.81,-1.2869,0.5882,1.0289
0,0,0,0,63.82,NaN,NaN,NaN
0,0,0,0,63.83,NaN,NaN,NaN
0,0,0,0,63.84,NaN,NaN,NaN
0,0,0,0,63.85,NaN,NaN,NaN
0,0,0,0,63.86,NaN,NaN,NaN
0,0,0,0,63.87,-1.2772,0.59519,1.0219
0,0,0,0,63.88,-1.2747,0.59605,1.0206
0,0,0,0,63.89,-1.2724,0.59703,1.0191
0,0,0,0,63.9,-1.2711,0.59776,1.0179
0,0,0,0,63.91,-1.2702,0.59855,1.0165
0,0,0,0,63.92,-1.2692,0.59931,1.0151
0,0,0,0,63.93,-1.2678,0.5999,1.0138
0,0,0,0,63.94,-1.2662,0.60041,1.0123
0,0,0,0,63.95,-1.2644,0.60073,1.0109
0,0,0,0,63.96,-1.2629,0.60092,1.0096
0,0,0,0,63.97,-1.2619,0.60231,1.0083
0,0,0,0,63.98,-1.2604,0.60352,1.0069
0,0,0,0,63.99,-1.2573,0.60194,1.0054
0,0,0,0,64,-1.2547,0.60037,1.0039
0,0,0,0,64.01,-1.2534,0.60007,1.0024
0,0,0,0,64.02,-1.2518,0.5998,1.0006
0,0,0,0,64.03,-1.2498,0.59943,0.99875
0,0,0,0,64.04,-1.247,0.59848,0.99746
0,0,0,0,64.05,-1.2448,0.59755,0.99609
0,0,0,0,64.06,-1.2435,0.59686,0.9946
0,0,0,0,64.07,-1.2416,0.59627,0.99279
0,0,0,0,64.08,-1.2393,0.59541,0.99099
0,0,0,0,64.09,-1.2369,0.59411,0.9897
0,0,0,0,64.1,-1.2356,0.59345,0.98815
0,0,0,0,64.11,-1.2333,0.59239,0.98629
0,0,0,0,64.12,-1.2319,0.59141,0.98424
0,0,0,0,64.13,-1.2305,0.59032,0.98256
0,0,0,0,64.14,-1.2276,0.5885,0.98124
0,0,0,0,64.15,-1.2255,0.58701,0.97957
0,0,0,0,64.16,-1.2232,0.5856,0.97765
0,0,0,0,64.17,-1.2209,0.58413,0.97583
0,0,0,0,64.18,-1.2179,0.58243,0.97403
0,0,0,0,64.19,-1.2151,0.58084,0.97214
0,0,0,0,64.2,-1.2137,0.57961,0.97018
0,0,0,0,64.21,-1.2118,0.57815,0.96805
0,0,0,0,64.22,-1.2087,0.57608,0.96628
0,0,0,0,64.23,-1.2065,0.57417,0.96459
0,0,0,0,64.24,-1.2046,0.57239,0.96249
0,0,0,0,64.25,-1.2021,0.57042,0.96037
0,0,0,0,64.26,-1.1996,0.56852,0.95857
0,0,0,0,64.27,-1.1975,0.56663,0.95686
0,0,0,0,64.28,-1.1945,0.5646,0.95487
0,0,0,0,64.29,-1.1912,0.56256,0.9527
0,0,0,0,64.3,-1.1895,0.56071,0.95067
0,0,0,0,64.31,-1.1872,0.55876,0.94859
0,0,0,0,64.32,-1.1848,0.55687,0.94633
0,0,0,0,64.33,-1.1832,0.55518,0.94421
0,0,0,0,64.34,-1.1808,0.55349,0.94183
0,0,0,0,64.35,-1.1783,0.55176,0.9394
0,0,0,0,64.36,-1.1761,0.54972,0.93739
0,0,0,0,64.37,-1.1732,0.54749,0.93523
0,0,0,0,64.38,-1.1707,0.54543,0.93287
0,0,0,0,64.39,-1.1691,0.54354,0.93059
0,0,0,0,64.4,-1.1669,0.54173,0.92827
0,0,0,0,64.41,-1.1646,0.53989,0.92581
0,0,0,0,64.42,-1.1616,0.5378,0.92338
0,0,0,0,64.43,-1.1591,0.53573,0.92108
0,0,0,0,64.44,-1.1573,0.53375,0.91868
0,0,0,0,64.45,-1.1547,0.53173,0.91619
0,0,0,0,64.46,-1.1527,0.52973,0.91391
0,0,0,0,64.47,-1.1509,0.52769,0.91172
0,0,0,0,64.48,-1.1487,0.52561,0.90937
0,0,0,0,64.49,-1.1464,0.52353,0.90704
0,0,0,0,64.5,-1.1439,0.52141,0.90476
0,0,0,0,64.51,-1.1416,0.51925,0.90232
0,0,0,0,64.52,-1.1394,0.51711,0.90001
0,0,0,0,64.53,-1.1369,0.515,0.89749
0,0,0,0,64.54,-1.134,0.51275,0.89512
0,0,0,0,64.55,-1.132,0.51066,0.89322
0,0,0,0,64.56,-1.1302,0.50866,0.89112
0,0,0,0,64.57,-1.1274,0.50645,0.88877
0,0,0,0,64.58,-1.125,0.50439,0.88658
0,0,0,0,64.59,-1.1232,0.50244,0.88453
0,0,0,0,64.6,-1.1205,0.5004,0.88219
0,0,0,0,64.61,-1.1181,0.49845,0.87992
0,0,0,0,64.62,-1.1163,0.49659,0.87785
0,0,0,0,64.63,-1.1136,0.49469,0.87562
0,0,0,0,64.64,-1.1111,0.49281,0.8734
0,0,0,0,64.65,-1.1092,0.49102,0.87126
0,0,0,0,64.66,-1.1067,0.48919,0.86904
0,0,0,0,64.67,-1.1041,0.48739,0.86674
0,0,0,0,64.68,-1.1025,0.48582,0.86451
0,0,0,0,64.69,-1.1,0.48406,0.86235
0,0,0,0,64.7,-1.0977,0.48235,0.86006
0,0,0,0,64.71,-1.0961,0.48093,0.85775
0,0,0,0,64.72,-1.0935,0.47942,0.85551
0,0,0,0,64.73,-1.0912,0.47789,0.85332
0,0,0,0,64.74,-1.0894,0.47648,0.85115
0,0,0,0,64.75,-1.0868,0.47501,0.84885
0,0,0,0,64.76,-1.0845,0.47357,0.84654
0,0,0,0,64.77,-1.0828,0.47224,0.84434
0,0,0,0,64.78,-1.0802,0.47097,0.84196
0,0,0,0,64.79,-1.0781,0.46989,0.83957
0,0,0,0,64.8,-1.0755,0.46851,0.83724
0,0,0,0,64.81,-1.0731,0.46721,0.83494
0,0,0,0,64.82,-1.0717,0.4663,0.83278
0,0,0,0,64.83,-1.0692,0.46524,0.83043
0,0,0,0,64.84,-1.0667,0.46417,0.82815
0,0,0,0,64.85,-1.0648,0.46338,0.82599
0,0,0,0,64.86,-1.062,0.46258,0.82363
0,0,0,0,64.87,-1.0594,0.46192,0.82124
0,0,0,0,64.88,-1.0575,0.46148,0.81907
0,0,0,0,64.89,-1.0548,0.4611,0.81663
0,0,0,0,64.9,-1.0521,0.46072,0.81414
0,0,0,0,64.91,-1.0497,0.46029,0.81211
0,0,0,0,64.92,-1.0466,0.45995,0.80989
0,0,0,0,64.93,-1.0437,0.45983,0.80748
0,0,0,0,64.94,-1.0418,0.4598,0.8053
0,0,0,0,64.95,-1.0395,0.45963,0.80317
0,0,0,0,64.96,-1.0367,0.45943,0.80085
0,0,0,0,64.97,-1.0339,0.45922,0.79861
0,0,0,0,64.98,-1.0313,0.45891,0.79657
0,0,0,0,64.99,-1.0286,0.45859,0.79436
0,0,0,0,65,-1.0258,0.45805,0.79227
0,0,0,0,65.01,-1.0231,0.45744,0.79028
0,0,0,0,65.02,-1.0205,0.45703,0.78821
0,0,0,0,65.03,-1.0177,0.45652,0.7862
0,0,0,0,65.04,-1.0149,0.45587,0.78422
0,0,0,0,65.05,-1.012,0.45526,0.78229
0,0,0,0,65.06,-1.0092,0.45474,0.78043
0,0,0,0,65.07,-1.006,0.45404,0.77851
0,0,0,0,65.08,-1.003,0.45345,0.77655
0,0,0,0,65.09,-1.0001,0.45312,0.77472
0,0,0,0,65.1,-0.99655,0.45268,0.77277
0,0,0,0,65.11,-0.99327,0.45228,0.7708
0,0,0,0,65.12,-0.99055,0.45192,0.76912
0,0,0,0,65.13,-0.98667,0.45143,0.76729
0,0,0,0,65.14,-0.98294,0.45117,0.76531
0,0,0,0,65.15,-0.98016,0.45118,0.76352
0,0,0,0,65.16,-0.97654,0.4511,0.76163
0,0,0,0,65.17,-0.97276,0.45102,0.75968
0,0,0,0,65.18,-0.96957,0.45099,0.75786
0,0,0,0,65.19,-0.96618,0.45095,0.75614
0,0,0,0,65.2,-0.96266,0.451,0.75441
0,0,0,0,65.21,-0.95876,0.45114,0.75243
0,0,0,0,65.22,-0.95438,0.45129,0.75043
0,0,0,0,65.23,-0.95063,0.45148,0.74865
0,0,0,0,65.24,-0.94747,0.45247,0.74688
0,0,0,0,65.25,-0.94303,0.45257,0.74496
0,0,0,0,65.26,-0.93859,0.45197,0.74307
0,0,0,0,65.27,-0.9349,0.45231,0.74131
0,0,0,0,65.28,-0.93044,0.45258,0.73937
0,0,0,0,65.29,-0.92614,0.4529,0.73742
0,0,0,0,65.3,-0.9222,0.45323,0.7356
0,0,0,0,65.31,-0.91829,0.45374,0.73346
0,0,0,0,65.32,-0.91419,0.45478,0.73159
0,0,0,0,65.33,-0.90948,0.45494,0.73003
0,0,0,0,65.34,-0.90483,0.45453,0.72827
0,0,0,0,65.35,-0.89979,0.45486,0.72639
0,0,0,0,65.36,-0.89492,0.45514,0.72449
0,0,0,0,65.37,-0.89092,0.4555,0.72286
0,0,0,0,65.38,-0.88622,0.45589,0.72112
0,0,0,0,65.39,-0.8814,0.45629,0.71927
0,0,0,0,65.4,-0.87727,0.45665,0.71774
0,0,0,0,65.41,-0.8728,0.45694,0.71618
0,0,0,0,65.42,-0.86805,0.45727,0.71441
0,0,0,0,65.43,-0.86306,0.45763,0.71256
0,0,0,0,65.44,-0.85801,0.45794,0.71092
0,0,0,0,65.45,-0.85345,0.45827,0.7095
0,0,0,0,65.46,-0.84927,0.4588,0.7077
0,0,0,0,65.47,-0.84451,0.45917,0.70604
0,0,0,0,65.48,-0.83947,0.4594,0.70481
0,0,0,0,65.49,-0.83413,0.45966,0.7034
0,0,0,0,65.5,-0.829,0.45999,0.70195
0,0,0,0,65.51,-0.82453,0.46038,0.70058
0,0,0,0,65.52,-0.81944,0.4608,0.69911
0,0,0,0,65.53,-0.81445,0.46125,0.69785
0,0,0,0,65.54,-0.80925,0.46164,0.69663
0,0,0,0,65.55,-0.80404,0.4621,0.69524
0,0,0,0,65.56,-0.79916,0.46247,0.69416
0,0,0,0,65.57,-0.79407,0.46289,0.69309
0,0,0,0,65.58,-0.78864,0.46341,0.69184
0,0,0,0,65.59,-0.78331,0.46389,0.69065
0,0,0,0,65.6,-0.77855,0.46444,0.68972
0,0,0,0,65.61,-0.77359,0.46509,0.68857
0,0,0,0,65.62,-0.76818,0.46546,0.68767
0,0,0,0,65.63,-0.76287,0.46583,0.68708
0,0,0,0,65.64,-0.75731,0.46647,0.68615
0,0,0,0,65.65,-0.75188,0.46699,0.68538
0,0,0,0,65.66,-0.74696,0.46759,0.68482
0,0,0,0,65.67,-0.74155,0.46806,0.68431
0,0,0,0,65.68,-0.73614,0.46867,0.6837
0,0,0,0,65.69,-0.73087,0.46947,0.68294
0,0,0,0,65.7,-0.72541,0.47002,0.68249
0,0,0,0,65.71,-0.7193,0.47047,0.68217
0,0,0,0,65.72,-0.71338,0.47097,0.68169
0,0,0,0,65.73,-0.7082,0.47147,0.68144
0,0,0,0,65.74,-0.70297,0.47212,0.68127
0,0,0,0,65.75,-0.69754,0.47295,0.68092
0,0,0,0,65.76,-0.69197,0.47366,0.68058
0,0,0,0,65.77,-0.6863,0.47418,0.6806
0,0,0,0,65.78,-0.68047,0.4749,0.68041
0,0,0,0,65.79,-0.67472,0.47561,0.68007
0,0,0,0,65.8,-0.66915,0.47606,0.6802
0,0,0,0,65.81,-0.6635,0.4767,0.68037
0,0,0,0,65.82,-0.65716,0.47735,0.68025
0,0,0,0,65.83,-0.65104,0.47783,0.68022
0,0,0,0,65.84,-0.64575,0.47855,0.68037
0,0,0,0,65.85,-0.64041,0.47945,0.68045
0,0,0,0,65.86,-0.63496,0.48025,0.68059
0,0,0,0,65.87,-0.62921,0.48093,0.68072
0,0,0,0,65.88,-0.62341,0.4817,0.68072
0,0,0,0,65.89,-0.61769,0.4825,0.6807
0,0,0,0,65.9,-0.61197,0.48318,0.68075
0,0,0,0,65.91,-0.60621,0.48394,0.68081
0,0,0,0,65.92,-0.60053,0.48473,0.68102
0,0,0,0,65.93,-0.59487,0.48548,0.68132
0,0,0,0,65.94,-0.5893,0.48635,0.68152
0,0,0,0,65.95,-0.58352,0.48697,0.68185
0,0,0,0,65.96,-0.57784,0.48768,0.68214
0,0,0,0,65.97,-0.5723,0.48863,0.68216
0,0,0,0,65.98,-0.56659,0.48941,0.68227
0,0,0,0,65.99,-0.56088,0.49006,0.68258
0,0,0,0,66,-0.55529,0.49089,0.6828
0,0,0,0,66.01,-0.54989,0.49183,0.68281
0,0,0,0,66.02,-0.54437,0.49262,0.68297
0,0,0,0,66.03,-0.53866,0.49325,0.68329
0,0,0,0,66.04,-0.5332,0.49409,0.68341
0,0,0,0,66.05,-0.52771,0.49491,0.68348
0,0,0,0,66.06,-0.52216,0.49578,0.6836
0,0,0,0,66.07,-0.51673,0.49674,0.68372
0,0,0,0,66.08,-0.51117,0.49747,0.68392
0,0,0,0,66.09,-0.50552,0.49822,0.68413
0,0,0,0,66.1,-0.49992,0.49899,0.68435
0,0,0,0,66.11,-0.49454,0.49991,0.68455
0,0,0,0,66.12,-0.48919,0.50087,0.68487
0,0,0,0,66.13,-0.48356,0.50153,0.68533
0,0,0,0,66.14,-0.47788,0.50239,0.68551
0,0,0,0,66.15,-0.47239,0.50338,0.68572
0,0,0,0,66.16,-0.46683,0.50412,0.68616
0,0,0,0,66.17,-0.4613,0.50497,0.68654
0,0,0,0,66.18,-0.45582,0.50593,0.68686
0,0,0,0,66.19,-0.45004,0.50672,0.68721
0,0,0,0,66.2,-0.44449,0.50763,0.68757
0,0,0,0,66.21,-0.439,0.5085,0.68807
0,0,0,0,66.22,-0.43342,0.50922,0.68855
0,0,0,0,66.23,-0.42804,0.51023,0.68874
0,0,0,0,66.24,-0.4225,0.51108,0.68917
0,0,0,0,66.25,-0.41699,0.51195,0.68967
0,0,0,0,66.26,-0.41167,0.51295,0.69013
0,0,0,0,66.27,-0.40624,0.51383,0.69077
0,0,0,0,66.28,-0.40093,0.51483,0.69131
0,0,0,0,66.29,-0.39547,0.51573,0.69178
0,0,0,0,66.3,-0.3899,0.51653,0.69231
0,0,0,0,66.31,-0.38452,0.51752,0.69285
0,0,0,0,66.32,-0.37921,0.51856,0.69336
0,0,0,0,66.33,-0.37379,0.51952,0.69394
0,0,0,0,66.34,-0.36844,0.52063,0.69449
0,0,0,0,66.35,-0.36307,0.52175,0.69499
0,0,0,0,66.36,-0.35759,0.52264,0.69563
0,0,0,0,66.37,-0.35234,0.52363,0.69634
0,0,0,0,66.38,-0.34704,0.52461,0.697
0,0,0,0,66.39,-0.34168,0.52559,0.69756
0,0,0,0,66.4,-0.33647,0.52683,0.69819
0,0,0,0,66.41,-0.33131,0.528,0.69895
0,0,0,0,66.42,-0.32603,0.52892,0.69973
0,0,0,0,66.43,-0.32088,0.53004,0.70032
0,0,0,0,66.44,-0.31561,0.5311,0.70106
0,0,0,0,66.45,-0.31039,0.53212,0.70187
0,0,0,0,66.46,-0.30526,0.53334,0.70255
0,0,0,0,66.47,-0.30006,0.53451,0.70334
0,0,0,0,66.48,-0.29492,0.53559,0.70421
0,0,0,0,66.49,-0.28966,0.53674,0.70503
0,0,0,0,66.5,-0.28443,0.53784,0.70589
0,0,0,0,66.51,-0.27928,0.53909,0.70667
0,0,0,0,66.52,-0.27409,0.54041,0.70751
0,0,0,0,66.53,-0.26882,0.54156,0.70844
0,0,0,0,66.54,-0.26362,0.54276,0.70935
0,0,0,0,66.55,-0.25842,0.54394,0.71037
0,0,0,0,66.56,-0.25314,0.54519,0.71126
0,0,0,0,66.57,-0.24799,0.54663,0.71204
0,0,0,0,66.58,-0.24275,0.54783,0.71305
0,0,0,0,66.59,-0.23747,0.54895,0.7141
0,0,0,0,66.6,-0.23228,0.55024,0.71499
0,0,0,0,66.61,-0.22722,0.55152,0.71593
0,0,0,0,66.62,-0.22217,0.55285,0.71694
0,0,0,0,66.63,-0.21703,0.55425,0.71783
0,0,0,0,66.64,-0.21185,0.55548,0.71885
0,0,0,0,66.65,-0.20659,0.55663,0.71984
0,0,0,0,66.66,-0.20151,0.5579,0.72079
0,0,0,0,66.67,-0.19647,0.55915,0.72181
0,0,0,0,66.68,-0.19142,0.56053,0.72277
0,0,0,0,66.69,-0.18637,0.56189,0.72371
0,0,0,0,66.7,-0.18116,0.56302,0.72467
0,0,0,0,66.71,-0.17599,0.56427,0.72564
0,0,0,0,66.72,-0.17095,0.56557,0.72667
0,0,0,0,66.73,-0.16598,0.56705,0.72771
0,0,0,0,66.74,-0.16099,0.56852,0.72866
0,0,0,0,66.75,-0.15581,0.56973,0.72952
0,0,0,0,66.76,-0.15055,0.57098,0.73046
0,0,0,0,66.77,-0.14535,0.57223,0.73145
0,0,0,0,66.78,-0.14029,0.57363,0.73244
0,0,0,0,66.79,-0.13534,0.57515,0.73348
0,0,0,0,66.8,-0.13015,0.57643,0.73444
0,0,0,0,66.81,-0.12486,0.57773,0.73538
0,0,0,0,66.82,-0.11959,0.57899,0.73644
0,0,0,0,66.83,-0.11449,0.58031,0.7375
0,0,0,0,66.84,-0.10941,0.58185,0.73844
0,0,0,0,66.85,-0.1042,0.58322,0.73947
0,0,0,0,66.86,-0.099075,0.58453,0.7406
0,0,0,0,66.87,-0.09384,0.58588,0.74169
0,0,0,0,66.88,-0.088629,0.58713,0.74284
0,0,0,0,66.89,-0.083585,0.58859,0.74385
0,0,0,0,66.9,-0.07853,0.59006,0.74498
0,0,0,0,66.91,-0.073408,0.59145,0.74601
0,0,0,0,66.92,-0.068229,0.59282,0.74701
0,0,0,0,66.93,-0.06298,0.59419,0.74809
0,0,0,0,66.94,-0.057893,0.59557,0.7492
0,0,0,0,66.95,-0.052872,0.59703,0.75038
0,0,0,0,66.96,-0.047829,0.59851,0.75147
0,0,0,0,66.97,-0.04282,0.60001,0.75251
0,0,0,0,66.98,-0.037769,0.60148,0.75366
0,0,0,0,66.99,-0.03273,0.60292,0.75484
0,0,0,0,67,-0.027723,0.60443,0.75595
0,0,0,0,67.01,-0.022737,0.60589,0.75708
0,0,0,0,67.02,-0.017714,0.60735,0.75817
0,0,0,0,67.03,-0.012676,0.6088,0.75941
0,0,0,0,67.04,-0.007794,0.61032,0.76063
0,0,0,0,67.05,-0.002835,0.61187,0.76164
0,0,0,0,67.06,0.00233,0.61321,0.76281
0,0,0,0,67.07,0.007376,0.61459,0.76402
0,0,0,0,67.08,0.012344,0.61606,0.76521
0,0,0,0,67.09,0.017228,0.61752,0.76646
0,0,0,0,67.1,0.022068,0.61901,0.76764
0,0,0,0,67.11,0.026974,0.62036,0.76885
0,0,0,0,67.12,0.031889,0.62176,0.77005
0,0,0,0,67.13,0.036736,0.62326,0.77116
0,0,0,0,67.14,0.041522,0.6246,0.77239
0,0,0,0,67.15,0.046248,0.62592,0.77359
0,0,0,0,67.16,0.051022,0.62741,0.77473
0,0,0,0,67.17,0.055837,0.62877,0.77591
0,0,0,0,67.18,0.060573,0.63015,0.77711
0,0,0,0,67.19,0.065205,0.63164,0.77831
0,0,0,0,67.2,0.069909,0.63301,0.77949
0,0,0,0,67.21,0.07462,0.63438,0.78069
0,0,0,0,67.22,0.079282,0.63581,0.78183
0,0,0,0,67.23,0.083898,0.63725,0.78302
0,0,0,0,67.24,0.088551,0.63859,0.78424
0,0,0,0,67.25,0.093155,0.63997,0.78537
0,0,0,0,67.26,0.097706,0.64134,0.7865
0,0,0,0,67.27,0.10231,0.64266,0.78769
0,0,0,0,67.28,0.1068,0.64404,0.78892
0,0,0,0,67.29,0.11122,0.64547,0.79017
0,0,0,0,67.3,0.11565,0.64679,0.79144
0,0,0,0,67.31,0.12014,0.64803,0.79273
0,0,0,0,67.32,0.12464,0.64928,0.79391
0,0,0,0,67.33,0.12902,0.65071,0.79522
0,0,0,0,67.34,0.13335,0.65212,0.79658
0,0,0,0,67.35,0.13776,0.65336,0.79782
0,0,0,0,67.36,0.14217,0.6546,0.79909
0,0,0,0,67.37,0.14648,0.6559,0.80044
0,0,0,0,67.38,0.15075,0.65733,0.8018
0,0,0,0,67.39,0.15511,0.6586,0.80309
0,0,0,0,67.4,0.15941,0.65986,0.8043
0,0,0,0,67.41,0.16364,0.66122,0.80551
0,0,0,0,67.42,0.16788,0.66247,0.80667
0,0,0,0,67.43,0.17203,0.66377,0.80792
0,0,0,0,67.44,0.17611,0.66511,0.80928
0,0,0,0,67.45,0.18019,0.66646,0.81063
0,0,0,0,67.46,0.18429,0.66766,0.81192
0,0,0,0,67.47,0.18831,0.66895,0.81313
0,0,0,0,67.48,0.19223,0.67027,0.81446
0,0,0,0,67.49,0.19618,0.67159,0.81585
0,0,0,0,67.5,0.2001,0.67299,0.81709
0,0,0,0,67.51,0.20399,0.67432,0.81827
0,0,0,0,67.52,0.20794,0.67563,0.81951
0,0,0,0,67.53,0.21181,0.67692,0.82083
0,0,0,0,67.54,0.21562,0.6782,0.8221
0,0,0,0,67.55,0.21953,0.67954,0.8234
0,0,0,0,67.56,0.22343,0.68089,0.82476
0,0,0,0,67.57,0.22729,0.68217,0.82603
0,0,0,0,67.58,0.23113,0.6835,0.82734
0,0,0,0,67.59,0.23489,0.68492,0.82867
0,0,0,0,67.6,0.23871,0.68628,0.82994
0,0,0,0,67.61,0.2426,0.68764,0.83127
0,0,0,0,67.62,0.24637,0.68903,0.83262
0,0,0,0,67.63,0.25015,0.69049,0.83392
0,0,0,0,67.64,0.25388,0.69188,0.83525
0,0,0,0,67.65,0.25755,0.69322,0.83652
0,0,0,0,67.66,0.26126,0.69472,0.83781
0,0,0,0,67.67,0.26505,0.69614,0.8391
0,0,0,0,67.68,0.2688,0.69748,0.84039
0,0,0,0,67.69,0.27244,0.69891,0.8418
0,0,0,0,67.7,0.27614,0.70026,0.84317
0,0,0,0,67.71,0.27983,0.70161,0.84449
0,0,0,0,67.72,0.28345,0.7031,0.84588
0,0,0,0,67.73,0.28698,0.70465,0.84733
0,0,0,0,67.74,0.29047,0.7061,0.84877
0,0,0,0,67.75,0.29412,0.70743,0.85009
0,0,0,0,67.76,0.29779,0.7088,0.85142
0,0,0,0,67.77,0.30129,0.71021,0.85294
0,0,0,0,67.78,0.30478,0.71168,0.85442
0,0,0,0,67.79,0.30834,0.71316,0.85576
0,0,0,0,67.8,0.31184,0.71453,0.85713
0,0,0,0,67.81,0.3153,0.71589,0.85852
0,0,0,0,67.82,0.31875,0.71724,0.85992
0,0,0,0,67.83,0.32216,0.71873,0.86143
0,0,0,0,67.84,0.32554,0.72028,0.86286
0,0,0,0,67.85,0.3289,0.72176,0.86422
0,0,0,0,67.86,0.33232,0.72322,0.86559
0,0,0,0,67.87,0.33571,0.72464,0.86693
0,0,0,0,67.88,0.33908,0.72618,0.86837
0,0,0,0,67.89,0.3425,0.72769,0.86972
0,0,0,0,67.9,0.34582,0.72919,0.87109
0,0,0,0,67.91,0.34918,0.7306,0.87255
0,0,0,0,67.92,0.3526,0.73208,0.87399
0,0,0,0,67.93,0.35599,0.73362,0.87542
0,0,0,0,67.94,0.35936,0.73518,0.87686
0,0,0,0,67.95,0.36275,0.73674,0.87828
0,0,0,0,67.96,0.36616,0.73821,0.87964
0,0,0,0,67.97,0.36955,0.7397,0.88099
0,0,0,0,67.98,0.373,0.74123,0.88241
0,0,0,0,67.99,0.3764,0.74289,0.88391
0,0,0,0,68,0.37975,0.74449,0.88537
0,0,0,0,68.01,0.38313,0.74597,0.88668
0,0,0,0,68.02,0.38649,0.74755,0.88807
0,0,0,0,68.03,0.38986,0.74916,0.88953
0,0,0,0,68.04,0.39321,0.75072,0.89101
0,0,0,0,68.05,0.39651,0.75228,0.89243
0,0,0,0,68.06,0.39983,0.75376,0.89376
0,0,0,0,68.07,0.40309,0.75531,0.89516
0,0,0,0,68.08,0.40637,0.75694,0.89654
0,0,0,0,68.09,0.40965,0.75846,0.89789
0,0,0,0,68.1,0.41291,0.75998,0.89927
0,0,0,0,68.11,0.4162,0.7615,0.90062
0,0,0,0,68.12,0.4194,0.76301,0.90204
0,0,0,0,68.13,0.42262,0.76466,0.90353
0,0,0,0,68.14,0.42595,0.76611,0.90491
0,0,0,0,68.15,0.42921,0.76754,0.90624
0,0,0,0,68.16,0.43246,0.76898,0.90767
0,0,0,0,68.17,0.43582,0.77035,0.90904
0,0,0,0,68.18,0.43904,0.77183,0.91037
0,0,0,0,68.19,0.44222,0.77338,0.91183
0,0,0,0,68.2,0.44549,0.77483,0.91321
0,0,0,0,68.21,0.44869,0.77626,0.91454
0,0,0,0,68.22,0.45188,0.7777,0.91589
0,0,0,0,68.23,0.45512,0.77907,0.91724
0,0,0,0,68.24,0.45831,0.78054,0.91857
0,0,0,0,68.25,0.46153,0.78196,0.91982
0,0,0,0,68.26,0.46478,0.78328,0.92111
0,0,0,0,68.27,0.46795,0.7846,0.92242
0,0,0,0,68.28,0.47112,0.78596,0.92371
0,0,0,0,68.29,0.47437,0.78724,0.92493
0,0,0,0,68.3,0.47756,0.7886,0.92616
0,0,0,0,68.31,0.48062,0.79009,0.92746
0,0,0,0,68.32,0.48374,0.79145,0.92873
0,0,0,0,68.33,0.48686,0.79275,0.92993
0,0,0,0,68.34,0.48999,0.794,0.93113
0,0,0,0,68.35,0.49317,0.79529,0.93235
0,0,0,0,68.36,0.4963,0.79664,0.93353
0,0,0,0,68.37,0.4994,0.79797,0.93472
0,0,0,0,68.38,0.50249,0.79925,0.93592
0,0,0,0,68.39,0.50559,0.8005,0.93704
0,0,0,0,68.4,0.50868,0.80172,0.93816
0,0,0,0,68.41,0.51182,0.80288,0.93929
0,0,0,0,68.42,0.51497,0.80412,0.94046
0,0,0,0,68.43,0.51798,0.80544,0.94166
0,0,0,0,68.44,0.52095,0.8068,0.94281
0,0,0,0,68.45,0.52402,0.80803,0.9439
0,0,0,0,68.46,0.5271,0.80918,0.94498
0,0,0,0,68.47,0.53014,0.81054,0.94611
0,0,0,0,68.48,0.53311,0.81183,0.94723
0,0,0,0,68.49,0.53613,0.81285,0.94827
0,0,0,0,68.5,0.53913,0.81401,0.9493
0,0,0,0,68.51,0.54204,0.81529,0.95036
0,0,0,0,68.52,0.54498,0.81649,0.95137
0,0,0,0,68.53,0.54788,0.81759,0.95235
0,0,0,0,68.54,0.55078,0.8187,0.95341
0,0,0,0,68.55,0.55357,0.81993,0.95453
0,0,0,0,68.56,0.55627,0.82117,0.95558
0,0,0,0,68.57,0.55903,0.82228,0.95652
0,0,0,0,68.58,0.56181,0.82338,0.95753
0,0,0,0,68.59,0.56458,0.82461,0.95862
0,0,0,0,68.6,0.56725,0.82586,0.95962
0,0,0,0,68.61,0.56991,0.82692,0.9605
0,0,0,0,68.62,0.57263,0.82791,0.96147
0,0,0,0,68.63,0.57531,0.82895,0.96252
0,0,0,0,68.64,0.57796,0.83014,0.96351
0,0,0,0,68.65,0.58059,0.83127,0.96442
0,0,0,0,68.66,0.58322,0.8323,0.9654
0,0,0,0,68.67,0.58576,0.83347,0.96642
0,0,0,0,68.68,0.58833,0.83458,0.96743
0,0,0,0,68.69,0.59095,0.83558,0.96836
0,0,0,0,68.7,0.59349,0.83658,0.96935
0,0,0,0,68.71,0.59601,0.83766,0.9705
0,0,0,0,68.72,0.59853,0.83882,0.97159
0,0,0,0,68.73,0.60102,0.83989,0.97251
0,0,0,0,68.74,0.60344,0.84098,0.97342
0,0,0,0,68.75,0.60584,0.84204,0.97443
0,0,0,0,68.76,0.6083,0.84298,0.97543
0,0,0,0,68.77,0.61072,0.84392,0.97634
0,0,0,0,68.78,0.61301,0.84501,0.97722
0,0,0,0,68.79,0.61526,0.84609,0.97815
0,0,0,0,68.8,0.61745,0.84717,0.97913
0,0,0,0,68.81,0.61963,0.84827,0.98005
0,0,0,0,68.82,0.62185,0.84929,0.98094
0,0,0,0,68.83,0.62392,0.8503,0.98184
0,0,0,0,68.84,0.62586,0.85142,0.98273
0,0,0,0,68.85,0.62785,0.8524,0.98353
0,0,0,0,68.86,0.62978,0.85349,0.98441
0,0,0,0,68.87,0.63166,0.85465,0.98535
0,0,0,0,68.88,0.63342,0.85572,0.98617
0,0,0,0,68.89,0.63515,0.85683,0.98704
0,0,0,0,68.9,0.6369,0.85786,0.9879
0,0,0,0,68.91,0.63859,0.85885,0.98865
0,0,0,0,68.92,0.64023,0.85983,0.98942
0,0,0,0,68.93,0.64179,0.86086,0.99021
0,0,0,0,68.94,0.64333,0.86198,0.99104
0,0,0,0,68.95,0.64483,0.86305,0.99185
0,0,0,0,68.96,0.64629,0.86411,0.99261
0,0,0,0,68.97,0.64772,0.86515,0.99345
0,0,0,0,68.98,0.64902,0.86627,0.9943
0,0,0,0,68.99,0.65027,0.86734,0.9951
0,0,0,0,69,0.6516,0.86837,0.99592
0,0,0,0,69.01,0.65287,0.86957,0.99677
0,0,0,0,69.02,0.65414,0.87065,0.9976
0,0,0,0,69.03,0.65537,0.87172,0.99842
0,0,0,0,69.04,0.65656,0.87288,0.99926
0,0,0,0,69.05,0.65779,0.87393,1.0001
0,0,0,0,69.06,0.65897,0.8749,1.0009
0,0,0,0,69.07,0.66015,0.87591,1.0016
0,0,0,0,69.08,0.66123,0.87704,1.0025
0,0,0,0,69.09,0.66219,0.87824,1.0034
0,0,0,0,69.1,0.66323,0.87932,1.0042
0,0,0,0,69.11,0.66421,0.88042,1.005
0,0,0,0,69.12,0.6651,0.88153,1.0057
0,0,0,0,69.13,0.66603,0.88255,1.0065
0,0,0,0,69.14,0.66684,0.88357,1.0073
0,0,0,0,69.15,0.66746,0.88474,1.008
0,0,0,0,69.16,0.66816,0.88589,1.0088
0,0,0,0,69.17,0.6689,0.88694,1.0095
0,0,0,0,69.18,0.66953,0.88805,1.0102
0,0,0,0,69.19,0.67006,0.88921,1.011
0,0,0,0,69.2,0.67056,0.89035,1.0117
0,0,0,0,69.21,0.67101,0.89144,1.0124
0,0,0,0,69.22,0.67136,0.89255,1.013
0,0,0,0,69.23,0.67167,0.89366,1.0138
0,0,0,0,69.24,0.67194,0.8948,1.0144
0,0,0,0,69.25,0.67218,0.89594,1.015
0,0,0,0,69.26,0.67239,0.89697,1.0155
0,0,0,0,69.27,0.67255,0.89804,1.0161
0,0,0,0,69.28,0.67259,0.89921,1.0167
0,0,0,0,69.29,0.67244,0.90044,1.0174
0,0,0,0,69.3,0.67225,0.90171,1.018
0,0,0,0,69.31,0.67215,0.90284,1.0185
0,0,0,0,69.32,0.67203,0.90392,1.019
0,0,0,0,69.33,0.67183,0.9051,1.0195
0,0,0,0,69.34,0.6716,0.90625,1.02
0,0,0,0,69.35,0.67136,0.90739,1.0206
0,0,0,0,69.36,0.67107,0.90861,1.0211
0,0,0,0,69.37,0.67081,0.90977,1.0216
0,0,0,0,69.38,0.67056,0.91088,1.0222
0,0,0,0,69.39,0.67027,0.91208,1.0228
0,0,0,0,69.4,0.67,0.9133,1.0234
0,0,0,0,69.41,0.6697,0.91452,1.024
0,0,0,0,69.42,0.6693,0.9158,1.0246
0,0,0,0,69.43,0.66892,0.91696,1.0252
0,0,0,0,69.44,0.66862,0.91798,1.0259
0,0,0,0,69.45,0.66822,0.91922,1.0265
0,0,0,0,69.46,0.66771,0.92051,1.0271
0,0,0,0,69.47,0.66724,0.92166,1.0277
0,0,0,0,69.48,0.66674,0.92277,1.0283
0,0,0,0,69.49,0.66622,0.92392,1.0288
0,0,0,0,69.5,0.66568,0.92507,1.0293
0,0,0,0,69.51,0.66501,0.92638,1.0299
0,0,0,0,69.52,0.66428,0.92776,1.0305
0,0,0,0,69.53,0.6636,0.92895,1.0309
0,0,0,0,69.54,0.66286,0.93018,1.0313
0,0,0,0,69.55,0.66192,0.93163,1.0319
0,0,0,0,69.56,0.66094,0.93305,1.0325
0,0,0,0,69.57,0.66007,0.93425,1.0329
0,0,0,0,69.58,0.65914,0.93552,1.0333
0,0,0,0,69.59,0.65813,0.93679,1.0336
0,0,0,0,69.6,0.6571,0.93807,1.034
0,0,0,0,69.61,0.65602,0.93941,1.0343
0,0,0,0,69.62,0.65489,0.94074,1.0346
0,0,0,0,69.63,0.65363,0.94213,1.035
0,0,0,0,69.64,0.65239,0.94347,1.0354
0,0,0,0,69.65,0.65118,0.94479,1.0357
0,0,0,0,69.66,0.64986,0.94619,1.0359
0,0,0,0,69.67,0.64845,0.9477,1.0362
0,0,0,0,69.68,0.64707,0.94911,1.0365
0,0,0,0,69.69,0.64571,0.95035,1.0367
0,0,0,0,69.7,0.64426,0.95175,1.0369
0,0,0,0,69.71,0.6427,0.95322,1.0372
0,0,0,0,69.72,0.64106,0.95471,1.0374
0,0,0,0,69.73,0.63948,0.95611,1.0377
0,0,0,0,69.74,0.6379,0.95741,1.0379
0,0,0,0,69.75,0.63622,0.95878,1.0381
0,0,0,0,69.76,0.63443,0.96024,1.0382
0,0,0,0,69.77,0.63262,0.9617,1.0384
0,0,0,0,69.78,0.63075,0.96315,1.0386
0,0,0,0,69.79,0.62879,0.96466,1.0388
0,0,0,0,69.8,0.62687,0.96613,1.0389
0,0,0,0,69.81,0.62494,0.96754,1.039
0,0,0,0,69.82,0.62293,0.96897,1.0392
0,0,0,0,69.83,0.62086,0.97043,1.0393
0,0,0,0,69.84,0.61877,0.9718,1.0396
0,0,0,0,69.85,0.61666,0.97314,1.0398
0,0,0,0,69.86,0.61445,0.97457,1.0401
0,0,0,0,69.87,0.61219,0.97592,1.0405
0,0,0,0,69.88,0.60989,0.97718,1.0408
0,0,0,0,69.89,0.60761,0.97828,1.0412
0,0,0,0,69.9,0.60538,0.97923,1.0416
0,0,0,0,69.91,0.60305,0.98022,1.0421
0,0,0,0,69.92,0.60069,0.98117,1.0426
0,0,0,0,69.93,0.59838,0.98197,1.043
0,0,0,0,69.94,0.59598,0.98272,1.0435
0,0,0,0,69.95,0.59345,0.98344,1.0441
0,0,0,0,69.96,0.59101,0.98409,1.0446
0,0,0,0,69.97,0.58857,0.98478,1.0452
0,0,0,0,69.98,0.58608,0.98544,1.0457
0,0,0,0,69.99,0.58353,0.98594,1.0463
0,0,0,0,70,0.58095,0.98646,1.0469
0,0,0,0,70.01,0.57847,0.98696,1.0476
0,0,0,0,70.02,0.57602,0.98747,1.0483
0,0,0,0,70.03,0.57357,0.98778,1.049
0,0,0,0,70.04,0.57128,0.98776,1.0498
0,0,0,0,70.05,0.569,0.98773,1.0505
0,0,0,0,70.06,0.56674,0.98771,1.0513
0,0,0,0,70.07,0.56446,0.98768,1.0521
0,0,0,0,70.08,0.56217,0.98755,1.0529
0,0,0,0,70.09,0.55991,0.98733,1.0536
0,0,0,0,70.1,0.55761,0.98706,1.0543
0,0,0,0,70.11,0.55542,0.98677,1.055
0,0,0,0,70.12,0.55316,0.98643,1.0557
0,0,0,0,70.13,0.55087,0.98595,1.0563
0,0,0,0,70.14,0.54872,0.98538,1.0568
0,0,0,0,70.15,0.54659,0.98481,1.0573
0,0,0,0,70.16,0.54447,0.98423,1.0578
0,0,0,0,70.17,0.54236,0.98356,1.0582
0,0,0,0,70.18,0.54031,0.98273,1.0588
0,0,0,0,70.19,0.53823,0.9819,1.0592
0,0,0,0,70.2,0.53625,0.9808,1.0594
0,0,0,0,70.21,0.53433,0.97969,1.0596
0,0,0,0,70.22,0.53251,0.97883,1.0601
0,0,0,0,70.23,0.5307,0.97772,1.0603
0,0,0,0,70.24,0.5289,0.97664,1.0605
0,0,0,0,70.25,0.52706,0.97537,1.0606
0,0,0,0,70.26,0.52529,0.97387,1.0606
0,0,0,0,70.27,0.5235,0.97245,1.0607
0,0,0,0,70.28,0.52179,0.97078,1.0607
0,0,0,0,70.29,0.52012,0.96901,1.0606
0,0,0,0,70.3,0.51843,0.96735,1.0605
0,0,0,0,70.31,0.51696,0.96542,1.0604
0,0,0,0,70.32,0.5155,0.96327,1.0602
0,0,0,0,70.33,0.51394,0.96132,1.06
0,0,0,0,70.34,0.51246,0.95932,1.0597
0,0,0,0,70.35,0.5112,0.95693,1.0593
0,0,0,0,70.36,0.51009,0.95429,1.059
0,0,0,0,70.37,0.50886,0.95178,1.0587
0,0,0,0,70.38,0.50764,0.94916,1.0583
0,0,0,0,70.39,0.50655,0.94639,1.0579
0,0,0,0,70.4,0.50554,0.94357,1.0575
0,0,0,0,70.41,0.50462,0.94054,1.057
0,0,0,0,70.42,0.50377,0.93742,1.0566
0,0,0,0,70.43,0.50293,0.93428,1.056
0,0,0,0,70.44,0.50226,0.93103,1.0554
0,0,0,0,70.45,0.50173,0.92762,1.0549
0,0,0,0,70.46,0.50123,0.92402,1.0542
0,0,0,0,70.47,0.50072,0.92043,1.0537
0,0,0,0,70.48,0.50032,0.91657,1.0531
0,0,0,0,70.49,0.50003,0.91263,1.0524
0,0,0,0,70.5,0.4998,0.90866,1.0517
0,0,0,0,70.51,0.49956,0.90466,1.0509
0,0,0,0,70.52,0.49948,0.90061,1.0502
0,0,0,0,70.53,0.49956,0.89613,1.0493
0,0,0,0,70.54,0.49962,0.89186,1.0486
0,0,0,0,70.55,0.49968,0.88756,1.0479
0,0,0,0,70.56,0.49996,0.88295,1.0471
0,0,0,0,70.57,0.50019,0.87832,1.0463
0,0,0,0,70.58,0.50034,0.87364,1.0454
0,0,0,0,70.59,0.50075,0.86862,1.0445
0,0,0,0,70.6,0.50116,0.86338,1.0436
0,0,0,0,70.61,0.50145,0.85819,1.0428
0,0,0,0,70.62,0.50182,0.85293,1.042
0,0,0,0,70.63,0.50237,0.84726,1.0412
0,0,0,0,70.64,0.50281,0.84168,1.0403
0,0,0,0,70.65,0.50331,0.83593,1.0394
0,0,0,0,70.66,0.50384,0.82997,1.0385
0,0,0,0,70.67,0.50431,0.82394,1.0376
0,0,0,0,70.68,0.505,0.81788,1.0367
0,0,0,0,70.69,0.50579,0.81185,1.0357
0,0,0,0,70.7,0.5065,0.80565,1.0348
0,0,0,0,70.71,0.50726,0.79938,1.0337
0,0,0,0,70.72,0.50814,0.79307,1.0327
0,0,0,0,70.73,0.50899,0.78662,1.0317
0,0,0,0,70.74,0.5099,0.78009,1.0306
0,0,0,0,70.75,0.5109,0.77358,1.0294
0,0,0,0,70.76,0.51191,0.76715,1.0284
0,0,0,0,70.77,0.51298,0.76057,1.0273
0,0,0,0,70.78,0.51407,0.75394,1.0262
0,0,0,0,70.79,0.5152,0.74728,1.0249
0,0,0,0,70.8,0.51632,0.74059,1.0236
0,0,0,0,70.81,0.51753,0.73361,1.0223
0,0,0,0,70.82,0.51883,0.72657,1.021
0,0,0,0,70.83,0.51995,0.71968,1.0197
0,0,0,0,70.84,0.5211,0.71257,1.0185
0,0,0,0,70.85,0.52237,0.70533,1.0171
0,0,0,0,70.86,0.52369,0.69808,1.0157
0,0,0,0,70.87,0.52488,0.6907,1.0144
0,0,0,0,70.88,0.52607,0.68331,1.013
0,0,0,0,70.89,0.52736,0.67586,1.0115
0,0,0,0,70.9,0.52873,0.66828,1.0101
0,0,0,0,70.91,0.53007,0.6607,1.0086
0,0,0,0,70.92,0.53124,0.65315,1.0072
0,0,0,0,70.93,0.53248,0.6455,1.0057
0,0,0,0,70.94,0.53375,0.63777,1.0042
0,0,0,0,70.95,0.53515,0.62989,1.0026
0,0,0,0,70.96,0.53656,0.62197,1.001
0,0,0,0,70.97,0.5379,0.61407,0.99942
0,0,0,0,70.98,0.53928,0.60602,0.99789
0,0,0,0,70.99,0.54058,0.59802,0.99623
0,0,0,0,71,0.54186,0.59006,0.99458
0,0,0,0,71.01,0.54327,0.58186,0.99298
0,0,0,0,71.02,0.54469,0.57361,0.99131
0,0,0,0,71.03,0.5461,0.56541,0.98964
0,0,0,0,71.04,0.54744,0.55715,0.98796
0,0,0,0,71.05,0.54881,0.54877,0.98642
0,0,0,0,71.06,0.55027,0.54034,0.98475
0,0,0,0,71.07,0.55167,0.53197,0.98309
0,0,0,0,71.08,0.5531,0.52358,0.98148
0,0,0,0,71.09,0.55451,0.51516,0.97979
0,0,0,0,71.1,0.55591,0.50666,0.97814
0,0,0,0,71.11,0.55738,0.49803,0.97647
0,0,0,0,71.12,0.5588,0.48941,0.97483
0,0,0,0,71.13,0.56034,0.48062,0.9732
0,0,0,0,71.14,0.56187,0.47191,0.97157
0,0,0,0,71.15,0.56332,0.46322,0.96998
0,0,0,0,71.16,0.56487,0.45441,0.96835
0,0,0,0,71.17,0.5664,0.44553,0.96671
0,0,0,0,71.18,0.56784,0.43668,0.96507
0,0,0,0,71.19,0.56936,0.42781,0.96345
0,0,0,0,71.2,0.57087,0.41897,0.96181
0,0,0,0,71.21,0.57223,0.41025,0.96018
0,0,0,0,71.22,0.57361,0.40142,0.95849
0,0,0,0,71.23,0.57508,0.39247,0.95676
0,0,0,0,71.24,0.57654,0.3837,0.95514
0,0,0,0,71.25,0.57789,0.37488,0.95344
0,0,0,0,71.26,0.57921,0.36611,0.95172
0,0,0,0,71.27,0.58057,0.35742,0.94993
0,0,0,0,71.28,0.58187,0.34866,0.94812
0,0,0,0,71.29,0.58326,0.33985,0.94638
0,0,0,0,71.3,0.58453,0.33119,0.9446
0,0,0,0,71.31,0.58576,0.3225,0.94285
0,0,0,0,71.32,0.58705,0.31376,0.94098
0,0,0,0,71.33,0.5883,0.30507,0.93917
0,0,0,0,71.34,0.5896,0.29638,0.93741
0,0,0,0,71.35,0.59082,0.28773,0.93559
0,0,0,0,71.36,0.592,0.2791,0.93378
0,0,0,0,71.37,0.59322,0.27057,0.93195
0,0,0,0,71.38,0.59448,0.26196,0.9301
0,0,0,0,71.39,0.59566,0.25337,0.92824
0,0,0,0,71.4,0.59678,0.24491,0.92636
0,0,0,0,71.41,0.59792,0.23652,0.92447
0,0,0,0,71.42,0.59901,0.22807,0.92259
0,0,0,0,71.43,0.60006,0.21965,0.92071
0,0,0,0,71.44,0.60111,0.21134,0.91879
0,0,0,0,71.45,0.6021,0.20315,0.91679
0,0,0,0,71.46,0.603,0.19493,0.91481
0,0,0,0,71.47,0.60383,0.18672,0.91282
0,0,0,0,71.48,0.60458,0.1787,0.91085
0,0,0,0,71.49,0.60538,0.17068,0.90881
0,0,0,0,71.5,0.60613,0.16267,0.90673
0,0,0,0,71.51,0.6068,0.15471,0.90468
0,0,0,0,71.52,0.60737,0.14685,0.9027
0,0,0,0,71.53,0.6079,0.13905,0.9007
0,0,0,0,71.54,0.6084,0.13127,0.89867
0,0,0,0,71.55,0.60889,0.12353,0.89664
0,0,0,0,71.56,0.60935,0.11585,0.89459
0,0,0,0,71.57,0.60977,0.10819,0.89255
0,0,0,0,71.58,0.61017,0.10054,0.89056
0,0,0,0,71.59,0.61038,0.093017,0.88866
0,0,0,0,71.6,0.61061,0.085421,0.88667
0,0,0,0,71.61,0.6109,0.077789,0.88476
0,0,0,0,71.62,0.61102,0.070251,0.88297
0,0,0,0,71.63,0.61112,0.06267,0.88113
0,0,0,0,71.64,0.61122,0.055064,0.87933
0,0,0,0,71.65,0.61126,0.047602,0.87751
0,0,0,0,71.66,0.61123,0.040208,0.87571
0,0,0,0,71.67,0.61123,0.032823,0.87393
0,0,0,0,71.68,0.61114,0.02541,0.87221
0,0,0,0,71.69,0.61099,0.018017,0.87053
0,0,0,0,71.7,0.61084,0.010715,0.86889
0,0,0,0,71.71,0.61061,0.003396,0.86728
0,0,0,0,71.72,0.61037,-0.003921,0.8656
0,0,0,0,71.73,0.60997,-0.011067,0.86406
0,0,0,0,71.74,0.6095,-0.018133,0.86253
0,0,0,0,71.75,0.60904,-0.025122,0.8609
0,0,0,0,71.76,0.60854,-0.03213,0.85935
0,0,0,0,71.77,0.60798,-0.039119,0.85782
0,0,0,0,71.78,0.60734,-0.046006,0.85625
0,0,0,0,71.79,0.60657,-0.052775,0.85467
0,0,0,0,71.8,0.60585,-0.059512,0.8531
0,0,0,0,71.81,0.60508,-0.066274,0.85153
0,0,0,0,71.82,0.60415,-0.073031,0.85004
0,0,0,0,71.83,0.60323,-0.07968,0.84849
0,0,0,0,71.84,0.60234,-0.086292,0.84687
0,0,0,0,71.85,0.60131,-0.092904,0.84532
0,0,0,0,71.86,0.60013,-0.099462,0.84384
0,0,0,0,71.87,0.59898,-0.10593,0.84238
0,0,0,0,71.88,0.59787,-0.11239,0.84081
0,0,0,0,71.89,0.59667,-0.11887,0.83921
0,0,0,0,71.9,0.5954,-0.12524,0.8377
0,0,0,0,71.91,0.59394,-0.13156,0.83623
0,0,0,0,71.92,0.59251,-0.13791,0.8347
0,0,0,0,71.93,0.59109,-0.14415,0.83307
0,0,0,0,71.94,0.58956,-0.15025,0.83151
0,0,0,0,71.95,0.58801,-0.15638,0.82995
0,0,0,0,71.96,0.58637,-0.1626,0.82838
0,0,0,0,71.97,0.58465,-0.16877,0.82676
0,0,0,0,71.98,0.58274,-0.17484,0.82522
0,0,0,0,71.99,0.58085,-0.18077,0.82362
0,0,0,0,72,0.57903,-0.18678,0.82196
0,0,0,0,72.01,0.57709,-0.19287,0.82034
0,0,0,0,72.02,0.5751,-0.19889,0.81867
0,0,0,0,72.03,0.57302,-0.20483,0.81702
0,0,0,0,72.04,0.57079,-0.2107,0.81534
0,0,0,0,72.05,0.56853,-0.2166,0.81377
0,0,0,0,72.06,0.5663,-0.22245,0.81215
0,0,0,0,72.07,0.5639,-0.22828,0.81042
0,0,0,0,72.08,0.56152,-0.2341,0.80878
0,0,0,0,72.09,0.55899,-0.23988,0.80714
0,0,0,0,72.1,0.55636,-0.24565,0.80546
0,0,0,0,72.11,0.55371,-0.25143,0.8038
0,0,0,0,72.12,0.55098,-0.25712,0.80216
0,0,0,0,72.13,0.54819,-0.26275,0.80051
0,0,0,0,72.14,0.54534,-0.2684,0.79871
0,0,0,0,72.15,0.54239,-0.27395,0.79695
0,0,0,0,72.16,0.53936,-0.27954,0.79529
0,0,0,0,72.17,0.53625,-0.28511,0.79361
0,0,0,0,72.18,0.5331,-0.29053,0.79178
0,0,0,0,72.19,0.5299,-0.29596,0.79003
0,0,0,0,72.2,0.52649,-0.3014,0.78841
0,0,0,0,72.21,0.52312,-0.30681,0.78676
0,0,0,0,72.22,0.51969,-0.31222,0.78511
0,0,0,0,72.23,0.51621,-0.31762,0.78349
0,0,0,0,72.24,0.51261,-0.32293,0.78185
0,0,0,0,72.25,0.50891,-0.32813,0.78022
0,0,0,0,72.26,0.50514,-0.33337,0.77861
0,0,0,0,72.27,0.50132,-0.33869,0.77706
0,0,0,0,72.28,0.49737,-0.34391,0.77544
0,0,0,0,72.29,0.49341,-0.349,0.77392
0,0,0,0,72.3,0.4894,-0.35419,0.77255
0,0,0,0,72.31,0.48527,-0.35932,0.77107
0,0,0,0,72.32,0.48109,-0.36432,0.76959
0,0,0,0,72.33,0.47682,-0.36928,0.76806
0,0,0,0,72.34,0.47246,-0.37427,0.7666
0,0,0,0,72.35,0.46786,-0.3791,0.76525
0,0,0,0,72.36,0.46321,-0.38391,0.76389
0,0,0,0,72.37,0.45845,-0.38878,0.7625
0,0,0,0,72.38,0.45353,-0.39353,0.76113
0,0,0,0,72.39,0.44864,-0.39828,0.75981
0,0,0,0,72.4,0.44365,-0.40318,0.75848
0,0,0,0,72.41,0.43849,-0.40796,0.7572
0,0,0,0,72.42,0.43332,-0.41262,0.75593
0,0,0,0,72.43,0.42799,-0.41724,0.75471
0,0,0,0,72.44,0.42251,-0.42183,0.75353
0,0,0,0,72.45,0.41692,-0.4264,0.75237
0,0,0,0,72.46,0.4114,-0.43093,0.75112
0,0,0,0,72.47,0.40587,-0.43537,0.74989
0,0,0,0,72.48,0.39999,-0.43979,0.74887
0,0,0,0,72.49,0.39401,-0.44416,0.74785
0,0,0,0,72.5,0.38795,-0.44852,0.74689
0,0,0,0,72.51,0.3818,-0.45284,0.74591
0,0,0,0,72.52,0.3756,-0.45702,0.74484
0,0,0,0,72.53,0.36936,-0.46121,0.74375
0,0,0,0,72.54,0.36298,-0.46537,0.74271
0,0,0,0,72.55,0.35637,-0.46942,0.74183
0,0,0,0,72.56,0.34972,-0.47351,0.74093
0,0,0,0,72.57,0.34307,-0.47752,0.73994
0,0,0,0,72.58,0.33632,-0.48146,0.73902
0,0,0,0,72.59,0.32948,-0.48543,0.73815
0,0,0,0,72.6,0.32254,-0.48929,0.73723
0,0,0,0,72.61,0.31551,-0.49309,0.73633
0,0,0,0,72.62,0.30839,-0.49685,0.73551
0,0,0,0,72.63,0.30117,-0.50052,0.73469
0,0,0,0,72.64,0.29399,-0.50413,0.73379
0,0,0,0,72.65,0.28669,-0.50772,0.73293
0,0,0,0,72.66,0.27918,-0.51117,0.73223
0,0,0,0,72.67,0.27168,-0.51453,0.73145
0,0,0,0,72.68,0.26412,-0.51792,0.73073
0,0,0,0,72.69,0.2565,-0.52125,0.73007
0,0,0,0,72.7,0.24879,-0.52442,0.7294
0,0,0,0,72.71,0.24104,-0.52765,0.72879
0,0,0,0,72.72,0.23315,-0.53073,0.72817
0,0,0,0,72.73,0.22528,-0.53378,0.72753
0,0,0,0,72.74,0.21734,-0.53688,0.72697
0,0,0,0,72.75,0.20919,-0.53979,0.72646
0,0,0,0,72.76,0.20103,-0.54266,0.72593
0,0,0,0,72.77,0.19298,-0.54558,0.72539
0,0,0,0,72.78,0.18483,-0.54836,0.72481
0,0,0,0,72.79,0.17648,-0.55106,0.72438
0,0,0,0,72.8,0.16815,-0.55369,0.72394
0,0,0,0,72.81,0.15983,-0.5563,0.72347
0,0,0,0,72.82,0.15144,-0.55882,0.72312
0,0,0,0,72.83,0.14294,-0.56128,0.72275
0,0,0,0,72.84,0.13448,-0.56369,0.72239
0,0,0,0,72.85,0.12599,-0.566,0.72205
0,0,0,0,72.86,0.11746,-0.56835,0.72169
0,0,0,0,72.87,0.10884,-0.57059,0.72142
0,0,0,0,72.88,0.10027,-0.57271,0.72109
0,0,0,0,72.89,0.091581,-0.57487,0.7208
0,0,0,0,72.9,0.082831,-0.57699,0.7205
0,0,0,0,72.91,0.07414,-0.57906,0.72035
0,0,0,0,72.92,0.065316,-0.58104,0.72028
0,0,0,0,72.93,0.056519,-0.58293,0.72015
0,0,0,0,72.94,0.047791,-0.58475,0.71999
0,0,0,0,72.95,0.038995,-0.58645,0.7198
0,0,0,0,72.96,0.030252,-0.58802,0.71967
0,0,0,0,72.97,0.021496,-0.5895,0.71957
0,0,0,0,72.98,0.012552,-0.59089,0.71951
0,0,0,0,72.99,0.00374,-0.59222,0.71948
0,0,0,0,73,-0.005075,-0.59342,0.71941
0,0,0,0,73.01,-0.013843,-0.59454,0.7193
0,0,0,0,73.02,-0.022587,-0.59555,0.71925
0,0,0,0,73.03,-0.031424,-0.5964,0.71932
0,0,0,0,73.04,-0.040375,-0.59709,0.71945
0,0,0,0,73.05,-0.049143,-0.59799,0.71954
0,0,0,0,73.06,-0.057826,-0.59883,0.71963
0,0,0,0,73.07,-0.066645,-0.59937,0.7197
0,0,0,0,73.08,-0.075469,-0.59986,0.71984
0,0,0,0,73.09,-0.084262,-0.6004,0.72004
0,0,0,0,73.1,-0.09302,-0.60084,0.72019
0,0,0,0,73.11,-0.10183,-0.60122,0.72039
0,0,0,0,73.12,-0.1107,-0.60149,0.72067
0,0,0,0,73.13,-0.11961,-0.60168,0.72089
0,0,0,0,73.14,-0.1285,-0.60185,0.72114
0,0,0,0,73.15,-0.13732,-0.60202,0.72146
0,0,0,0,73.16,-0.14616,-0.60218,0.72183
0,0,0,0,73.17,-0.15499,-0.60215,0.72214
0,0,0,0,73.18,-0.16378,-0.60194,0.72243
0,0,0,0,73.19,-0.17278,-0.6017,0.7229
0,0,0,0,73.2,-0.18167,-0.60151,0.72338
0,0,0,0,73.21,-0.19029,-0.60121,0.72378
0,0,0,0,73.22,-0.1991,-0.60088,0.72434
0,0,0,0,73.23,-0.20784,-0.60049,0.72482
0,0,0,0,73.24,-0.21648,-0.59989,0.72526
0,0,0,0,73.25,-0.22533,-0.59917,0.72572
0,0,0,0,73.26,-0.23397,-0.59847,0.7262
0,0,0,0,73.27,-0.24237,-0.59776,0.72669
0,0,0,0,73.28,-0.25098,-0.59682,0.72732
0,0,0,0,73.29,-0.25943,-0.5959,0.72788
0,0,0,0,73.3,-0.26793,-0.59494,0.72841
0,0,0,0,73.31,-0.27632,-0.59384,0.72897
0,0,0,0,73.32,-0.2848,-0.59267,0.7296
0,0,0,0,73.33,-0.2935,-0.59154,0.73027
0,0,0,0,73.34,-0.30165,-0.59033,0.73095
0,0,0,0,73.35,-0.30991,-0.58901,0.73165
0,0,0,0,73.36,-0.31824,-0.58763,0.73235
0,0,0,0,73.37,-0.32633,-0.58614,0.73304
0,0,0,0,73.38,-0.33448,-0.58457,0.73379
0,0,0,0,73.39,-0.34275,-0.58307,0.73459
0,0,0,0,73.4,-0.351,-0.58144,0.73534
0,0,0,0,73.41,-0.35915,-0.57989,0.73605
0,0,0,0,73.42,-0.36706,-0.57832,0.73668
0,0,0,0,73.43,-0.37482,-0.57666,0.73739
0,0,0,0,73.44,-0.38278,-0.57496,0.73822
0,0,0,0,73.45,-0.39072,-0.5732,0.73894
0,0,0,0,73.46,-0.39856,-0.57136,0.73962
0,0,0,0,73.47,-0.40632,-0.56946,0.74036
0,0,0,0,73.48,-0.41406,-0.56747,0.74103
0,0,0,0,73.49,-0.42199,-0.56539,0.74175
0,0,0,0,73.5,-0.42989,-0.56327,0.7425
0,0,0,0,73.51,-0.43757,-0.56115,0.74318
0,0,0,0,73.52,-0.44513,-0.559,0.74388
0,0,0,0,73.53,-0.45264,-0.55679,0.74448
0,0,0,0,73.54,-0.46021,-0.55468,0.74514
0,0,0,0,73.55,-0.46769,-0.55242,0.74582
0,0,0,0,73.56,-0.47509,-0.54978,0.74648
0,0,0,0,73.57,-0.48264,-0.54725,0.74709
0,0,0,0,73.58,-0.48989,-0.54458,0.74767
0,0,0,0,73.59,-0.497,-0.542,0.74812
0,0,0,0,73.6,-0.50434,-0.53951,0.74876
0,0,0,0,73.61,-0.5115,-0.5368,0.7492
0,0,0,0,73.62,-0.5185,-0.53399,0.7496
0,0,0,0,73.63,-0.52546,-0.53128,0.75046
0,0,0,0,73.64,-0.53236,-0.52848,0.75101
0,0,0,0,73.65,-0.5397,-0.52539,0.75167
0,0,0,0,73.66,-0.5465,-0.52251,0.75208
0,0,0,0,73.67,-0.55311,-0.51961,0.75236
0,0,0,0,73.68,-0.56004,-0.5165,0.75292
0,0,0,0,73.69,-0.56706,-0.51329,0.75363
0,0,0,0,73.7,-0.57381,-0.51012,0.75414
0,0,0,0,73.71,-0.58013,-0.50712,0.75467
0,0,0,0,73.72,-0.58666,-0.50401,0.75529
0,0,0,0,73.73,-0.59351,-0.50075,0.75575
0,0,0,0,73.74,-0.59989,-0.49766,0.75604
0,0,0,0,73.75,-0.60675,-0.4943,0.75668
0,0,0,0,73.76,-0.61333,-0.49099,0.75753
0,0,0,0,73.77,-0.61965,-0.4878,0.75806
0,0,0,0,73.78,-0.62601,-0.48435,0.75871
0,0,0,0,73.79,-0.63226,-0.48107,0.75928
0,0,0,0,73.8,-0.63833,-0.47788,0.75983
0,0,0,0,73.81,-0.64461,-0.47439,0.76056
0,0,0,0,73.82,-0.65131,-0.47082,0.76148
0,0,0,0,73.83,-0.65734,-0.46756,0.76217
0,0,0,0,73.84,-0.66334,-0.46401,0.76278
0,0,0,0,73.85,-0.66972,-0.46024,0.76354
0,0,0,0,73.86,-0.67594,-0.45698,0.76448
0,0,0,0,73.87,-0.68199,-0.45357,0.76533
0,0,0,0,73.88,-0.68805,-0.44974,0.76607
0,0,0,0,73.89,-0.69374,-0.44615,0.7668
0,0,0,0,73.9,-0.69951,-0.44263,0.76763
0,0,0,0,73.91,-0.70546,-0.4391,0.76863
0,0,0,0,73.92,-0.71149,-0.43556,0.76968
0,0,0,0,73.93,-0.71731,-0.43191,0.77076
0,0,0,0,73.94,-0.72276,-0.42841,0.77168
0,0,0,0,73.95,-0.7284,-0.42489,0.77257
0,0,0,0,73.96,-0.73398,-0.42125,0.77356
0,0,0,0,73.97,-0.73952,-0.41771,0.77468
0,0,0,0,73.98,-0.74562,-0.41394,0.77585
0,0,0,0,73.99,-0.75102,-0.4101,0.77669
0,0,0,0,74,-0.75648,-0.40636,0.77758
0,0,0,0,74.01,-0.76204,-0.40272,0.7786
0,0,0,0,74.02,-0.76747,-0.39917,0.77941
0,0,0,0,74.03,-0.77301,-0.39534,0.78049
0,0,0,0,74.04,-0.77835,-0.3913,0.78172
0,0,0,0,74.05,-0.78363,-0.38731,0.78266
0,0,0,0,74.06,-0.78912,-0.38333,0.78377
0,0,0,0,74.07,-0.79425,-0.37961,0.78468
0,0,0,0,74.08,-0.79949,-0.37587,0.78565
0,0,0,0,74.09,-0.80505,-0.37202,0.78675
0,0,0,0,74.1,-0.81018,-0.36808,0.78769
0,0,0,0,74.11,-0.8154,-0.3642,0.78842
0,0,0,0,74.12,-0.82049,-0.36021,0.78914
0,0,0,0,74.13,-0.82575,-0.35628,0.79046
0,0,0,0,74.14,-0.83103,-0.35246,0.79152
0,0,0,0,74.15,-0.83615,-0.34844,0.79237
0,0,0,0,74.16,-0.84121,-0.34438,0.79325
0,0,0,0,74.17,-0.84618,-0.34033,0.79411
0,0,0,0,74.18,-0.8509,-0.33664,0.79505
0,0,0,0,74.19,-0.85598,-0.33286,0.79608
0,0,0,0,74.2,-0.8614,-0.32885,0.797
0,0,0,0,74.21,-0.86622,-0.32496,0.7976
0,0,0,0,74.22,-0.87134,-0.32088,0.7985
0,0,0,0,74.23,-0.87644,-0.31702,0.79975
0,0,0,0,74.24,-0.88143,-0.31301,0.8004
0,0,0,0,74.25,-0.88643,-0.30895,0.80136
0,0,0,0,74.26,-0.89137,-0.30522,0.80237
0,0,0,0,74.27,-0.8962,-0.3013,0.80308
0,0,0,0,74.28,-0.9013,-0.29674,0.80385
0,0,0,0,74.29,-0.90642,-0.29273,0.8048
0,0,0,0,74.3,-0.91099,-0.28962,0.80565
0,0,0,0,74.31,-0.91566,-0.28591,0.80649
0,0,0,0,74.32,-0.92055,-0.28201,0.80758
0,0,0,0,74.33,-0.92533,-0.27814,0.80826
0,0,0,0,74.34,-0.93014,-0.27423,0.80905
0,0,0,0,74.35,-0.93476,-0.27039,0.81008
0,0,0,0,74.36,-0.93903,-0.26692,0.81091
0,0,0,0,74.37,-0.94367,-0.26303,0.8116
0,0,0,0,74.38,-0.94877,-0.25915,0.8126
0,0,0,0,74.39,-0.95319,-0.2558,0.81387
0,0,0,0,74.4,-0.95776,-0.25192,0.81477
0,0,0,0,74.41,-0.9624,-0.2482,0.81569
0,0,0,0,74.42,-0.9667,-0.2446,0.81639
0,0,0,0,74.43,-0.97128,-0.24069,0.81722
0,0,0,0,74.44,-0.97557,-0.23716,0.81849
0,0,0,0,74.45,-0.97966,-0.23393,0.81944
0,0,0,0,74.46,-0.98404,-0.23028,0.82015
0,0,0,0,74.47,-0.98824,-0.22694,0.82124
0,0,0,0,74.48,-0.9924,-0.22352,0.82256
0,0,0,0,74.49,-0.99625,-0.21981,0.82346
0,0,0,0,74.5,-1.0004,-0.2164,0.82447
0,0,0,0,74.51,-1.0053,-0.2129,0.82551
0,0,0,0,74.52,-1.0095,-0.20948,0.82631
0,0,0,0,74.53,-1.0134,-0.20617,0.8272
0,0,0,0,74.54,-1.0174,-0.20295,0.82852
0,0,0,0,74.55,-1.0221,-0.19911,0.82953
0,0,0,0,74.56,-1.0264,-0.19542,0.83033
0,0,0,0,74.57,-1.0305,-0.19256,0.83147
0,0,0,0,74.58,-1.0345,-0.18975,0.83268
0,0,0,0,74.59,-1.0384,-0.18679,0.83364
0,0,0,0,74.6,-1.0427,-0.18343,0.83461
0,0,0,0,74.61,-1.0469,-0.18001,0.83536
0,0,0,0,74.62,-1.0509,-0.17686,0.83628
0,0,0,0,74.63,-1.0549,-0.17342,0.83762
0,0,0,0,74.64,-1.0589,-0.17059,0.83851
0,0,0,0,74.65,-1.0627,-0.16802,0.83926
0,0,0,0,74.66,-1.0667,-0.16515,0.83999
0,0,0,0,74.67,-1.0707,-0.16165,0.84111
0,0,0,0,74.68,-1.0741,-0.15851,0.84231
0,0,0,0,74.69,-1.0771,-0.15636,0.8433
0,0,0,0,74.7,-1.0804,-0.15346,0.8442
0,0,0,0,74.71,-1.0844,-0.1499,0.84495
0,0,0,0,74.72,-1.0888,-0.14674,0.84582
0,0,0,0,74.73,-1.0923,-0.1443,0.84653
0,0,0,0,74.74,-1.0954,-0.14129,0.84723
0,0,0,0,74.75,-1.0988,-0.1381,0.84826
0,0,0,0,74.76,-1.1025,-0.13503,0.8491
0,0,0,0,74.77,-1.1055,-0.13278,0.84981
0,0,0,0,74.78,-1.1095,-0.12961,0.85034
0,0,0,0,74.79,-1.113,-0.12632,0.85104
0,0,0,0,74.8,-1.1162,-0.12376,0.85176
0,0,0,0,74.81,-1.1191,-0.12147,0.85245
0,0,0,0,74.82,-1.1223,-0.11859,0.85296
0,0,0,0,74.83,-1.1256,-0.11568,0.8532
0,0,0,0,74.84,-1.1289,-0.11259,0.85341
0,0,0,0,74.85,-1.1317,-0.11015,0.85424
0,0,0,0,74.86,-1.1342,-0.1079,0.85506
0,0,0,0,74.87,-1.137,-0.10503,0.8555
0,0,0,0,74.88,-1.14,-0.10229,0.85587
0,0,0,0,74.89,-1.1426,-0.099672,0.856
0,0,0,0,74.9,-1.1454,-0.096742,0.85636
0,0,0,0,74.91,-1.148,-0.094028,0.85698
0,0,0,0,74.92,-1.1515,-0.091443,0.85737
0,0,0,0,74.93,-1.1534,-0.089084,0.85754
0,0,0,0,74.94,-1.1559,-0.085962,0.85764
0,0,0,0,74.95,-1.159,-0.082852,0.85791
0,0,0,0,74.96,-1.1605,-0.08107,0.85805
0,0,0,0,74.97,-1.1636,-0.078512,0.85822
0,0,0,0,74.98,-1.167,-0.07536,0.85838
0,0,0,0,74.99,-1.1695,-0.07253,0.85845
0,0,0,0,75,-1.1717,-0.070829,0.85862
0,0,0,0,75.01,-1.174,-0.068284,0.85858
0,0,0,0,75.02,-1.1764,-0.065699,0.85845
0,0,0,0,75.03,-1.1787,-0.063305,0.85834
0,0,0,0,75.04,-1.1808,-0.060973,0.8582
0,0,0,0,75.05,-1.1831,-0.05856,0.85802
0,0,0,0,75.06,-1.1855,-0.056037,0.85779
0,0,0,0,75.07,-1.1877,-0.053555,0.85743
0,0,0,0,75.08,-1.1897,-0.051227,0.85688
0,0,0,0,75.09,-1.1911,-0.049009,0.8565
0,0,0,0,75.1,-1.1931,-0.046703,0.85622
0,0,0,0,75.11,-1.1955,-0.044275,0.85572
0,0,0,0,75.12,-1.1968,-0.041769,0.85511
0,0,0,0,75.13,-1.1988,-0.039295,0.85448
0,0,0,0,75.14,-1.2006,-0.03714,0.85365
0,0,0,0,75.15,-1.2026,-0.034503,0.85292
0,0,0,0,75.16,-1.2046,-0.032062,0.8522
0,0,0,0,75.17,-1.2064,-0.029917,0.85123
0,0,0,0,75.18,-1.2084,-0.0273,0.85025
0,0,0,0,75.19,-1.2107,-0.02486,0.84937
0,0,0,0,75.2,-1.2127,-0.022466,0.84841
0,0,0,0,75.21,-1.2136,-0.020222,0.84722
0,0,0,0,75.22,-1.216,-0.017667,0.84632
0,0,0,0,75.23,-1.2185,-0.015164,0.84527
0,0,0,0,75.24,-1.2195,-0.012856,0.8439
0,0,0,0,75.25,-1.2204,-0.010425,0.84257
0,0,0,0,75.26,-1.222,-0.00807,0.84132
0,0,0,0,75.27,-1.2237,-0.005608,0.83993
0,0,0,0,75.28,-1.2253,-0.003191,0.83847
0,0,0,0,75.29,-1.2272,-0.000826,0.83718
0,0,0,0,75.3,-1.229,0.00167,0.83578
0,0,0,0,75.31,-1.2302,0.00413,0.83369
0,0,0,0,75.32,-1.2309,0.006293,0.83188
0,0,0,0,75.33,-1.2316,0.008573,0.83056
0,0,0,0,75.34,-1.2335,0.011194,0.82884
0,0,0,0,75.35,-1.2352,0.013712,0.82703
0,0,0,0,75.36,-1.236,0.016074,0.82525
0,0,0,0,75.37,-1.2372,0.018601,0.8234
0,0,0,0,75.38,NaN,NaN,NaN
0,0,0,0,75.39,NaN,NaN,NaN
0,0,0,0,75.4,NaN,NaN,NaN
0,0,0,0,75.41,NaN,NaN,NaN
0,0,0,0,75.42,-1.2429,0.030955,0.81342
0,0,0,0,75.43,-1.2443,0.03339,0.81141
0,0,0,0,75.44,-1.2459,0.0359,0.80899
0,0,0,0,75.45,-1.2463,0.038319,0.80656
0,0,0,0,75.46,-1.2468,0.040938,0.80457
0,0,0,0,75.47,-1.248,0.0436,0.80238
0,0,0,0,75.48,-1.2493,0.046325,0.80008
0,0,0,0,75.49,-1.25,0.048673,0.79761
0,0,0,0,75.5,-1.2503,0.050961,0.79514
0,0,0,0,75.51,-1.2517,0.053772,0.7929
0,0,0,0,75.52,-1.2527,0.056402,0.79057
0,0,0,0,75.53,-1.2538,0.058692,0.78821
0,0,0,0,75.54,-1.2544,0.061085,0.78585
0,0,0,0,75.55,-1.2545,0.063588,0.78319
0,0,0,0,75.56,-1.2559,0.066264,0.78081
0,0,0,0,75.57,-1.2572,0.068814,0.77849
0,0,0,0,75.58,NaN,NaN,NaN
0,0,0,0,75.59,NaN,NaN,NaN
0,0,0,0,75.6,NaN,NaN,NaN
0,0,0,0,75.61,NaN,NaN,NaN
0,0,0,0,75.62,-1.2594,0.081283,0.76606
0,0,0,0,75.63,-1.2598,0.083791,0.76337
0,0,0,0,75.64,-1.2605,0.086573,0.76097
0,0,0,0,75.65,-1.2614,0.089333,0.75852
0,0,0,0,75.66,-1.2626,0.092117,0.75617
0,0,0,0,75.67,-1.263,0.094696,0.75365
0,0,0,0,75.68,-1.2626,0.097092,0.7509
0,0,0,0,75.69,-1.2633,0.099896,0.74842
0,0,0,0,75.7,-1.2638,0.10242,0.74583
0,0,0,0,75.71,-1.2639,0.10491,0.74325
0,0,0,0,75.72,-1.264,0.1077,0.74069
0,0,0,0,75.73,-1.2648,0.11065,0.73814
0,0,0,0,75.74,-1.2658,0.11335,0.73565
0,0,0,0,75.75,-1.2663,0.11625,0.73313
0,0,0,0,75.76,-1.2662,0.11915,0.73035
0,0,0,0,75.77,-1.2671,0.12197,0.72778
0,0,0,0,75.78,-1.267,0.12456,0.72546
0,0,0,0,75.79,NaN,NaN,NaN
0,0,0,0,75.8,NaN,NaN,NaN
0,0,0,0,75.81,NaN,NaN,NaN
0,0,0,0,75.82,-1.2684,0.13595,0.71581
0,0,0,0,75.83,-1.2683,0.13869,0.71332
0,0,0,0,75.84,-1.2675,0.14158,0.71076
0,0,0,0,75.85,-1.2681,0.14479,0.70845
0,0,0,0,75.86,-1.2682,0.14766,0.7062
0,0,0,0,75.87,-1.2688,0.15088,0.70407
0,0,0,0,75.88,-1.2689,0.15413,0.70169
0,0,0,0,75.89,-1.2679,0.15688,0.69917
0,0,0,0,75.9,-1.2681,0.16008,0.69678
0,0,0,0,75.91,-1.2681,0.16324,0.69454
0,0,0,0,75.92,-1.2681,0.16623,0.69246
0,0,0,0,75.93,-1.2679,0.16963,0.69014
0,0,0,0,75.94,-1.2674,0.17286,0.68783
0,0,0,0,75.95,-1.2675,0.17603,0.68573
0,0,0,0,75.96,-1.2677,0.17954,0.68376
0,0,0,0,75.97,-1.2679,0.18282,0.68172
0,0,0,0,75.98,-1.2671,0.18596,0.67945
0,0,0,0,75.99,-1.2661,0.18933,0.67725
0,0,0,0,76,-1.266,0.19262,0.67536
0,0,0,0,76.01,-1.2661,0.19602,0.67335
0,0,0,0,76.02,-1.2652,0.19946,0.67119
0,0,0,0,76.03,-1.264,0.20267,0.66907
0,0,0,0,76.04,-1.264,0.20608,0.66697
0,0,0,0,76.05,-1.2641,0.20962,0.66483
0,0,0,0,76.06,-1.2629,0.21271,0.66262
0,0,0,0,76.07,-1.2618,0.21614,0.66034
0,0,0,0,76.08,-1.2616,0.21951,0.65836
0,0,0,0,76.09,-1.2615,0.22271,0.65637
0,0,0,0,76.1,-1.2607,0.22589,0.65411
0,0,0,0,76.11,-1.2594,0.22928,0.65178
0,0,0,0,76.12,-1.2591,0.2326,0.6498
0,0,0,0,76.13,-1.2591,0.23601,0.64778
0,0,0,0,76.14,-1.2588,0.23962,0.64534
0,0,0,0,76.15,-1.2574,0.24273,0.64297
0,0,0,0,76.16,-1.2563,0.24618,0.64119
0,0,0,0,76.17,-1.2562,0.24963,0.63922
0,0,0,0,76.18,-1.2559,0.25291,0.63724
0,0,0,0,76.19,-1.2545,0.25633,0.63508
0,0,0,0,76.2,-1.2528,0.2598,0.63283
0,0,0,0,76.21,-1.2527,0.26353,0.63088
0,0,0,0,76.22,-1.2524,0.26698,0.62892
0,0,0,0,76.23,-1.2507,0.27039,0.62671
0,0,0,0,76.24,-1.2489,0.27385,0.62463
0,0,0,0,76.25,-1.2484,0.27772,0.62279
0,0,0,0,76.26,-1.2478,0.2813,0.621
0,0,0,0,76.27,-1.2472,0.2848,0.6192
0,0,0,0,76.28,-1.2455,0.28846,0.61722
0,0,0,0,76.29,-1.2435,0.29222,0.6152
0,0,0,0,76.3,-1.2426,0.29607,0.61345
0,0,0,0,76.31,-1.2416,0.29974,0.61172
0,0,0,0,76.32,-1.2406,0.30346,0.61005
0,0,0,0,76.33,-1.2391,0.30701,0.60816
0,0,0,0,76.34,-1.2371,0.31066,0.60617
0,0,0,0,76.35,-1.236,0.31443,0.60454
0,0,0,0,76.36,-1.2347,0.3181,0.60295
0,0,0,0,76.37,-1.2329,0.32171,0.60112
0,0,0,0,76.38,-1.2316,0.32539,0.59926
0,0,0,0,76.39,-1.231,0.32923,0.59776
0,0,0,0,76.4,-1.2295,0.33281,0.59618
0,0,0,0,76.41,-1.2278,0.33634,0.59465
0,0,0,0,76.42,-1.2259,0.34006,0.5929
0,0,0,0,76.43,-1.224,0.34388,0.59104
0,0,0,0,76.44,-1.2231,0.34767,0.58961
0,0,0,0,76.45,-1.2215,0.35145,0.58812
0,0,0,0,76.46,-1.2199,0.35511,0.58671
0,0,0,0,76.47,-1.2178,0.35881,0.58508
0,0,0,0,76.48,-1.2154,0.36253,0.5833
0,0,0,0,76.49,-1.2139,0.36628,0.58196
0,0,0,0,76.5,-1.2123,0.36995,0.58062
0,0,0,0,76.51,-1.2109,0.37364,0.57925
0,0,0,0,76.52,-1.2094,0.37744,0.57762
0,0,0,0,76.53,-1.2073,0.38124,0.57594
0,0,0,0,76.54,-1.205,0.38467,0.57484
0,0,0,0,76.55,-1.2036,0.38844,0.57355
0,0,0,0,76.56,-1.2021,0.39208,0.57226
0,0,0,0,76.57,-1.1998,0.39569,0.57089
0,0,0,0,76.58,-1.1975,0.3995,0.56926
0,0,0,0,76.59,-1.1957,0.40329,0.56781
0,0,0,0,76.6,-1.1942,0.40697,0.56652
0,0,0,0,76.61,-1.1925,0.41072,0.56523
0,0,0,0,76.62,-1.1905,0.41445,0.56393
0,0,0,0,76.63,-1.1882,0.41824,0.56257
0,0,0,0,76.64,-1.1857,0.42196,0.56107
0,0,0,0,76.65,-1.1839,0.42587,0.5597
0,0,0,0,76.66,-1.1822,0.42975,0.55844
0,0,0,0,76.67,-1.1803,0.43356,0.5573
0,0,0,0,76.68,-1.1778,0.43737,0.55597
0,0,0,0,76.69,-1.1755,0.4414,0.55456
0,0,0,0,76.7,-1.1736,0.44529,0.55325
0,0,0,0,76.71,-1.1714,0.44916,0.55193
0,0,0,0,76.72,-1.1692,0.45304,0.55072
0,0,0,0,76.73,-1.167,0.457,0.54952
0,0,0,0,76.74,-1.1647,0.46095,0.54829
0,0,0,0,76.75,-1.1621,0.4649,0.547
0,0,0,0,76.76,-1.1597,0.46878,0.54583
0,0,0,0,76.77,-1.1572,0.47273,0.54458
0,0,0,0,76.78,-1.1546,0.47668,0.54318
0,0,0,0,76.79,-1.1527,0.48067,0.54217
0,0,0,0,76.8,-1.15,0.48469,0.54093
0,0,0,0,76.81,-1.1479,0.48849,0.53992
0,0,0,0,76.82,-1.1453,0.49234,0.53873
0,0,0,0,76.83,-1.1425,0.4964,0.53728
0,0,0,0,76.84,-1.1405,0.50038,0.53622
0,0,0,0,76.85,-1.138,0.5042,0.53522
0,0,0,0,76.86,-1.1357,0.50818,0.53416
0,0,0,0,76.87,-1.1328,0.51203,0.53288
0,0,0,0,76.88,-1.1297,0.51585,0.53155
0,0,0,0,76.89,-1.1276,0.5199,0.53046
0,0,0,0,76.9,-1.1254,0.52395,0.52938
0,0,0,0,76.91,-1.1231,0.52794,0.52837
0,0,0,0,76.92,-1.121,0.53193,0.52745
0,0,0,0,76.93,-1.118,0.53588,0.52625
0,0,0,0,76.94,-1.1148,0.53978,0.52499
0,0,0,0,76.95,-1.1125,0.54385,0.52399
0,0,0,0,76.96,-1.1103,0.54795,0.52293
0,0,0,0,76.97,-1.1078,0.55209,0.52196
0,0,0,0,76.98,-1.1049,0.55617,0.52087
0,0,0,0,76.99,-1.1017,0.56024,0.51983
0,0,0,0,77,-1.0993,0.56444,0.51908
0,0,0,0,77.01,-1.0968,0.56858,0.51816
0,0,0,0,77.02,-1.0942,0.57276,0.51724
0,0,0,0,77.03,-1.0913,0.57681,0.51641
0,0,0,0,77.04,-1.0884,0.58089,0.51559
0,0,0,0,77.05,-1.0855,0.58498,0.51482
0,0,0,0,77.06,-1.0826,0.58902,0.51418
0,0,0,0,77.07,-1.0797,0.59306,0.51357
0,0,0,0,77.08,-1.0769,0.59701,0.51293
0,0,0,0,77.09,-1.074,0.60085,0.51238
0,0,0,0,77.1,-1.0712,0.60472,0.51157
0,0,0,0,77.11,-1.0682,0.60857,0.51075
0,0,0,0,77.12,-1.0651,0.61228,0.51009
0,0,0,0,77.13,-1.062,0.6157,0.50973
0,0,0,0,77.14,-1.0593,0.61931,0.50933
0,0,0,0,77.15,-1.0565,0.62267,0.50895
0,0,0,0,77.16,-1.0535,0.62589,0.50865
0,0,0,0,77.17,-1.0506,0.62902,0.50833
0,0,0,0,77.18,-1.0473,0.63202,0.50795
0,0,0,0,77.19,-1.0439,0.63505,0.50739
0,0,0,0,77.2,-1.041,0.638,0.50703
0,0,0,0,77.21,-1.0382,0.64095,0.50655
0,0,0,0,77.22,-1.0355,0.64393,0.50592
0,0,0,0,77.23,-1.0323,0.6467,0.50564
0,0,0,0,77.24,-1.029,0.64938,0.50536
0,0,0,0,77.25,-1.0254,0.65215,0.50471
0,0,0,0,77.26,-1.0223,0.65507,0.50418
0,0,0,0,77.27,-1.0195,0.65796,0.50374
0,0,0,0,77.28,-1.0167,0.66089,0.50331
0,0,0,0,77.29,-1.0133,0.66361,0.50298
0,0,0,0,77.3,-1.0101,0.66633,0.50256
0,0,0,0,77.31,-1.0068,0.66898,0.50206
0,0,0,0,77.32,-1.0035,0.67175,0.50152
0,0,0,0,77.33,-1.0003,0.67479,0.50073
0,0,0,0,77.34,-0.99671,0.67726,0.50048
0,0,0,0,77.35,-0.99327,0.67965,0.50009
0,0,0,0,77.36,-0.98998,0.68212,0.49946
0,0,0,0,77.37,-0.98626,0.68446,0.49896
0,0,0,0,77.38,-0.9824,0.68679,0.49842
0,0,0,0,77.39,-0.9793,0.68918,0.49783
0,0,0,0,77.4,-0.97598,0.69142,0.49739
0,0,0,0,77.41,-0.97228,0.69349,0.4968
0,0,0,0,77.42,-0.96815,0.69543,0.49614
0,0,0,0,77.43,-0.96439,0.69722,0.49582
0,0,0,0,77.44,-0.96094,0.69906,0.49548
0,0,0,0,77.45,-0.95731,0.70075,0.495
0,0,0,0,77.46,-0.95388,0.70225,0.49457
0,0,0,0,77.47,-0.95024,0.70372,0.49416
0,0,0,0,77.48,-0.94632,0.70513,0.49357
0,0,0,0,77.49,-0.94252,0.70638,0.49293
0,0,0,0,77.5,-0.93885,0.70757,0.49242
0,0,0,0,77.51,-0.93505,0.70879,0.49198
0,0,0,0,77.52,-0.93134,0.70999,0.49136
0,0,0,0,77.53,-0.9277,0.71085,0.4908
0,0,0,0,77.54,-0.92406,0.71169,0.49025
0,0,0,0,77.55,-0.92036,0.71256,0.48983
0,0,0,0,77.56,-0.9166,0.71318,0.48941
0,0,0,0,77.57,-0.91266,0.71388,0.48866
0,0,0,0,77.58,-0.90851,0.71454,0.488
0,0,0,0,77.59,-0.90519,0.71522,0.48737
0,0,0,0,77.6,-0.90179,0.71572,0.48681
0,0,0,0,77.61,-0.89779,0.71604,0.48612
0,0,0,0,77.62,-0.8938,0.71642,0.48522
0,0,0,0,77.63,-0.89048,0.71681,0.48455
0,0,0,0,77.64,-0.88667,0.71706,0.48396
0,0,0,0,77.65,-0.88284,0.71719,0.48342
0,0,0,0,77.66,-0.87909,0.7173,0.48287
0,0,0,0,77.67,-0.87535,0.71742,0.48225
0,0,0,0,77.68,-0.8716,0.71741,0.48173
0,0,0,0,77.69,-0.86783,0.7174,0.48118
0,0,0,0,77.7,-0.86392,0.7174,0.4804
0,0,0,0,77.71,-0.8598,0.71736,0.47956
0,0,0,0,77.72,-0.85619,0.71729,0.47896
0,0,0,0,77.73,-0.85252,0.71706,0.47839
0,0,0,0,77.74,-0.84881,0.71701,0.47765
0,0,0,0,77.75,-0.84508,0.71691,0.47703
0,0,0,0,77.76,-0.84147,0.71677,0.47649
0,0,0,0,77.77,-0.83776,0.7167,0.47593
0,0,0,0,77.78,-0.83376,0.71657,0.47522
0,0,0,0,77.79,-0.82967,0.7164,0.4745
0,0,0,0,77.8,-0.82638,0.71624,0.47408
0,0,0,0,77.81,-0.82278,0.71599,0.4738
0,0,0,0,77.82,-0.81911,0.71582,0.47339
0,0,0,0,77.83,-0.8152,0.71571,0.47276
0,0,0,0,77.84,-0.8112,0.71549,0.47206
0,0,0,0,77.85,-0.80768,0.71529,0.47159
0,0,0,0,77.86,-0.8039,0.71495,0.47131
0,0,0,0,77.87,-0.80013,0.71462,0.47101
0,0,0,0,77.88,-0.79641,0.71432,0.47071
0,0,0,0,77.89,-0.79267,0.7141,0.47044
0,0,0,0,77.9,-0.78898,0.71382,0.47027
0,0,0,0,77.91,-0.78528,0.71341,0.47021
0,0,0,0,77.92,-0.78155,0.71313,0.47006
0,0,0,0,77.93,-0.77783,0.71293,0.46982
0,0,0,0,77.94,-0.77405,0.71266,0.46958
0,0,0,0,77.95,-0.77039,0.71239,0.46945
0,0,0,0,77.96,-0.76671,0.71209,0.46944
0,0,0,0,77.97,-0.76316,0.71171,0.46936
0,0,0,0,77.98,-0.75913,0.7113,0.4693
0,0,0,0,77.99,-0.75514,0.71094,0.46927
0,0,0,0,78,-0.75172,0.71061,0.46946
0,0,0,0,78.01,-0.74834,0.71036,0.46961
0,0,0,0,78.02,-0.74479,0.71002,0.46989
0,0,0,0,78.03,-0.74111,0.70959,0.4702
0,0,0,0,78.04,-0.73695,0.70917,0.47037
0,0,0,0,78.05,-0.73274,0.70881,0.47039
0,0,0,0,78.06,-0.72948,0.70862,0.4708
0,0,0,0,78.07,-0.72616,0.70831,0.47138
0,0,0,0,78.08,-0.72242,0.70794,0.47178
0,0,0,0,78.09,-0.71872,0.70765,0.47216
0,0,0,0,78.1,-0.71491,0.70744,0.47254
0,0,0,0,78.11,-0.71133,0.70734,0.4729
0,0,0,0,78.12,-0.70748,0.70712,0.4732
0,0,0,0,78.13,-0.70372,0.70699,0.47343
0,0,0,0,78.14,-0.69996,0.70676,0.4738
0,0,0,0,78.15,-0.69629,0.70656,0.47422
0,0,0,0,78.16,-0.69251,0.70645,0.47474
0,0,0,0,78.17,-0.6888,0.70641,0.47517
0,0,0,0,78.18,-0.68533,0.70647,0.47556
0,0,0,0,78.19,-0.68172,0.70641,0.47619
0,0,0,0,78.2,-0.67775,0.70621,0.47681
0,0,0,0,78.21,-0.67368,0.70622,0.47706
0,0,0,0,78.22,-0.67011,0.70627,0.47758
0,0,0,0,78.23,-0.66637,0.7063,0.47823
0,0,0,0,78.24,-0.66276,0.70636,0.47889
0,0,0,0,78.25,-0.65933,0.70651,0.47945
0,0,0,0,78.26,-0.6556,0.70651,0.48009
0,0,0,0,78.27,-0.65175,0.70642,0.48088
0,0,0,0,78.28,-0.64804,0.70651,0.48157
0,0,0,0,78.29,-0.64419,0.70647,0.4824
0,0,0,0,78.3,-0.64057,0.70701,0.48333
0,0,0,0,78.31,-0.63637,0.70741,0.48391
0,0,0,0,78.32,-0.6317,0.70655,0.48453
0,0,0,0,78.33,-0.62801,0.70658,0.4855
0,0,0,0,78.34,-0.62464,0.70669,0.48643
0,0,0,0,78.35,-0.62066,0.70661,0.48733
0,0,0,0,78.36,-0.61665,0.70662,0.48817
0,0,0,0,78.37,-0.61269,0.70666,0.48898
0,0,0,0,78.38,-0.60869,0.70665,0.48993
0,0,0,0,78.39,-0.60476,0.70665,0.49095
0,0,0,0,78.4,-0.60064,0.70662,0.49193
0,0,0,0,78.41,-0.59667,0.70707,0.4928
0,0,0,0,78.42,-0.59244,0.70723,0.49368
0,0,0,0,78.43,-0.58795,0.70628,0.4947
0,0,0,0,78.44,-0.58386,0.70635,0.49553
0,0,0,0,78.45,-0.5796,0.70626,0.49639
0,0,0,0,78.46,-0.5754,0.70611,0.49744
0,0,0,0,78.47,-0.57106,0.70579,0.4985
0,0,0,0,78.48,-0.56676,0.70553,0.49959
0,0,0,0,78.49,-0.5628,0.70551,0.50061
0,0,0,0,78.5,-0.55836,0.70528,0.50166
0,0,0,0,78.51,-0.55409,0.70518,0.50263
0,0,0,0,78.52,-0.54966,0.70504,0.50358
0,0,0,0,78.53,-0.54487,0.70483,0.50452
0,0,0,0,78.54,-0.54038,0.7048,0.5054
0,0,0,0,78.55,-0.53622,0.70473,0.50647
0,0,0,0,78.56,-0.5314,0.70444,0.5076
0,0,0,0,78.57,-0.5271,0.70427,0.50862
0,0,0,0,78.58,-0.52276,0.70411,0.5098
0,0,0,0,78.59,-0.51817,0.70392,0.51087
0,0,0,0,78.6,-0.51358,0.7037,0.5119
0,0,0,0,78.61,-0.50906,0.70351,0.51299
0,0,0,0,78.62,-0.50474,0.70378,0.51411
0,0,0,0,78.63,-0.49996,0.7037,0.51516
0,0,0,0,78.64,-0.49523,0.70284,0.51618
0,0,0,0,78.65,-0.49053,0.70258,0.51715
0,0,0,0,78.66,-0.48564,0.70217,0.51812
0,0,0,0,78.67,-0.48092,0.70172,0.5192
0,0,0,0,78.68,-0.47619,0.70135,0.52035
0,0,0,0,78.69,-0.47131,0.70091,0.52155
0,0,0,0,78.7,-0.46663,0.70056,0.52268
0,0,0,0,78.71,-0.46189,0.70017,0.52382
0,0,0,0,78.72,-0.45682,0.69958,0.52498
0,0,0,0,78.73,-0.45164,0.69902,0.52604
0,0,0,0,78.74,-0.44664,0.69856,0.52712
0,0,0,0,78.75,-0.44157,0.69801,0.52838
0,0,0,0,78.76,-0.43649,0.69748,0.5296
0,0,0,0,78.77,-0.43182,0.69703,0.53062
0,0,0,0,78.78,-0.42678,0.69634,0.53192
0,0,0,0,78.79,-0.4216,0.69569,0.53309
0,0,0,0,78.8,-0.41642,0.69502,0.5343
0,0,0,0,78.81,-0.41127,0.6945,0.53538
0,0,0,0,78.82,-0.40615,0.69395,0.53627
0,0,0,0,78.83,-0.40094,0.69311,0.53764
0,0,0,0,78.84,-0.39584,0.69223,0.53909
0,0,0,0,78.85,-0.3907,0.69133,0.54011
0,0,0,0,78.86,-0.38535,0.69043,0.54129
0,0,0,0,78.87,-0.38021,0.68953,0.54237
0,0,0,0,78.88,-0.375,0.68874,0.54339
0,0,0,0,78.89,-0.36978,0.68795,0.54429
0,0,0,0,78.9,-0.36444,0.68654,0.54554
0,0,0,0,78.91,-0.35932,0.68531,0.54686
0,0,0,0,78.92,-0.35423,0.68411,0.54806
0,0,0,0,78.93,-0.34899,0.68285,0.54903
0,0,0,0,78.94,-0.34368,0.68152,0.55006
0,0,0,0,78.95,-0.33886,0.68054,0.55077
0,0,0,0,78.96,-0.33372,0.67931,0.55173
0,0,0,0,78.97,-0.32827,0.67802,0.5527
0,0,0,0,78.98,-0.32297,0.67674,0.55362
0,0,0,0,78.99,-0.31769,0.67533,0.5547
0,0,0,0,79,-0.31254,0.67389,0.5558
0,0,0,0,79.01,-0.30748,0.67253,0.5567
0,0,0,0,79.02,-0.30216,0.67112,0.55764
0,0,0,0,79.03,-0.29705,0.66963,0.5585
0,0,0,0,79.04,-0.29164,0.66781,0.55947
0,0,0,0,79.05,-0.28625,0.66597,0.5605
0,0,0,0,79.06,-0.28106,0.6643,0.56115
0,0,0,0,79.07,-0.27583,0.66246,0.56218
0,0,0,0,79.08,-0.27043,0.66056,0.56336
0,0,0,0,79.09,-0.2651,0.65861,0.5643
0,0,0,0,79.1,-0.25974,0.65676,0.56522
0,0,0,0,79.11,-0.25445,0.65479,0.56621
0,0,0,0,79.12,-0.24936,0.65291,0.56702
0,0,0,0,79.13,-0.24396,0.6507,0.56796
0,0,0,0,79.14,-0.23876,0.64878,0.56868
0,0,0,0,79.15,-0.23368,0.64704,0.56926
0,0,0,0,79.16,-0.22844,0.64489,0.56996
0,0,0,0,79.17,-0.22317,0.64268,0.57079
0,0,0,0,79.18,-0.21817,0.64058,0.57154
0,0,0,0,79.19,-0.21295,0.63816,0.57227
0,0,0,0,79.2,-0.2078,0.63585,0.5729
0,0,0,0,79.21,-0.20285,0.63385,0.57344
0,0,0,0,79.22,-0.19782,0.63151,0.57424
0,0,0,0,79.23,-0.19276,0.62912,0.57501
0,0,0,0,79.24,-0.18753,0.62672,0.57571
0,0,0,0,79.25,-0.18237,0.62412,0.57634
0,0,0,0,79.26,-0.1774,0.62165,0.57705
0,0,0,0,79.27,-0.17248,0.61925,0.57767
0,0,0,0,79.28,-0.16749,0.61669,0.57847
0,0,0,0,79.29,-0.16238,0.61407,0.57903
0,0,0,0,79.3,-0.15723,0.61103,0.57968
0,0,0,0,79.31,-0.1523,0.60805,0.5807
0,0,0,0,79.32,-0.14732,0.60523,0.58137
0,0,0,0,79.33,-0.14232,0.60229,0.58207
0,0,0,0,79.34,-0.13746,0.59919,0.58282
0,0,0,0,79.35,-0.13274,0.59638,0.58326
0,0,0,0,79.36,-0.12791,0.59324,0.58406
0,0,0,0,79.37,-0.1231,0.59,0.58476
0,0,0,0,79.38,-0.11855,0.58701,0.58533
0,0,0,0,79.39,-0.11378,0.58369,0.58604
0,0,0,0,79.4,-0.10887,0.58048,0.58659
0,0,0,0,79.41,-0.10423,0.57731,0.5871
0,0,0,0,79.42,-0.099536,0.57386,0.58781
0,0,0,0,79.43,-0.094816,0.57042,0.58844
0,0,0,0,79.44,-0.090185,0.56699,0.58899
0,0,0,0,79.45,-0.085582,0.56356,0.5896
0,0,0,0,79.46,-0.080998,0.55989,0.59041
0,0,0,0,79.47,-0.076358,0.55615,0.59119
0,0,0,0,79.48,-0.071815,0.55276,0.59171
0,0,0,0,79.49,-0.067251,0.54923,0.59218
0,0,0,0,79.5,-0.062683,0.54537,0.59285
0,0,0,0,79.51,-0.05824,0.54164,0.59357
0,0,0,0,79.52,-0.053872,0.5379,0.59431
0,0,0,0,79.53,-0.049459,0.53393,0.59503
0,0,0,0,79.54,-0.045,0.52996,0.59574
0,0,0,0,79.55,-0.040639,0.52594,0.59652
0,0,0,0,79.56,-0.036239,0.52169,0.5972
0,0,0,0,79.57,-0.031931,0.51761,0.59773
0,0,0,0,79.58,-0.027739,0.51345,0.59857
0,0,0,0,79.59,-0.023426,0.50889,0.59933
0,0,0,0,79.6,-0.019179,0.50435,0.59999
0,0,0,0,79.61,-0.015029,0.49982,0.60073
0,0,0,0,79.62,-0.010982,0.49522,0.60155
0,0,0,0,79.63,-0.006889,0.4904,0.60224
0,0,0,0,79.64,-0.002783,0.48546,0.60297
0,0,0,0,79.65,0.00121,0.48064,0.60363
0,0,0,0,79.66,0.005233,0.47565,0.60427
0,0,0,0,79.67,0.009191,0.47058,0.60496
0,0,0,0,79.68,0.013075,0.46542,0.60565
0,0,0,0,79.69,NaN,NaN,NaN
0,0,0,0,79.7,NaN,NaN,NaN
0,0,0,0,79.71,NaN,NaN,NaN
0,0,0,0,79.72,NaN,NaN,NaN
0,0,0,0,79.73,NaN,NaN,NaN
0,0,0,0,79.74,NaN,NaN,NaN
0,0,0,0,79.75,NaN,NaN,NaN
0,0,0,0,79.76,NaN,NaN,NaN
0,0,0,0,79.77,0.047381,0.41818,0.6101
0,0,0,0,79.78,0.050793,0.4128,0.6106
0,0,0,0,79.79,NaN,NaN,NaN
0,0,0,0,79.8,NaN,NaN,NaN
0,0,0,0,79.81,NaN,NaN,NaN
0,0,0,0,79.82,NaN,NaN,NaN
0,0,0,0,79.83,NaN,NaN,NaN
0,0,0,0,79.84,NaN,NaN,NaN
0,0,0,0,79.85,NaN,NaN,NaN
0,0,0,0,79.86,NaN,NaN,NaN
0,0,0,0,79.87,NaN,NaN,NaN
0,0,0,0,79.88,NaN,NaN,NaN
0,0,0,0,79.89,NaN,NaN,NaN
0,0,0,0,79.9,NaN,NaN,NaN
0,0,0,0,79.91,NaN,NaN,NaN
0,0,0,0,79.92,0.098982,0.33191,0.61465
0,0,0,0,79.93,0.10228,0.32552,0.615
0,0,0,0,79.94,0.10543,0.31908,0.61527
0,0,0,0,79.95,0.10884,0.31253,0.61558
0,0,0,0,79.96,0.11196,0.30602,0.61616
0,0,0,0,79.97,0.11509,0.29934,0.61681
0,0,0,0,79.98,0.11823,0.29257,0.61747
0,0,0,0,79.99,0.12131,0.28581,0.6181
0,0,0,0,80,0.12455,0.27903,0.61863
0,0,0,0,80.01,0.12751,0.27218,0.61943
0,0,0,0,80.02,0.13059,0.26513,0.62035
0,0,0,0,80.03,0.1335,0.25812,0.62116
0,0,0,0,80.04,0.13649,0.25114,0.62208
0,0,0,0,80.05,0.13949,0.24418,0.62307
0,0,0,0,80.06,0.14275,0.237,0.62404
0,0,0,0,80.07,0.14593,0.22979,0.62495
0,0,0,0,80.08,0.14853,0.22292,0.626
0,0,0,0,80.09,0.15148,0.21598,0.62718
0,0,0,0,80.1,0.15447,0.20891,0.6285
0,0,0,0,80.11,0.15733,0.20179,0.62989
0,0,0,0,80.12,0.16009,0.19479,0.63127
0,0,0,0,80.13,0.16302,0.18773,0.63263
0,0,0,0,80.14,0.16584,0.18068,0.634
0,0,0,0,80.15,0.16871,0.1737,0.63547
0,0,0,0,80.16,0.17159,0.16663,0.63706
0,0,0,0,80.17,0.17447,0.1596,0.63867
0,0,0,0,80.18,0.17737,0.15241,0.64029
0,0,0,0,80.19,0.18026,0.1452,0.64204
0,0,0,0,80.2,0.18312,0.13807,0.64388
0,0,0,0,80.21,0.18598,0.13097,0.64579
0,0,0,0,80.22,0.18896,0.12388,0.64764
0,0,0,0,80.23,0.19182,0.11682,0.64954
0,0,0,0,80.24,0.19482,0.10967,0.65158
0,0,0,0,80.25,0.19778,0.10262,0.65363
0,0,0,0,80.26,0.20079,0.095559,0.65566
0,0,0,0,80.27,0.20373,0.088471,0.65776
0,0,0,0,80.28,0.20646,0.081554,0.66006
0,0,0,0,80.29,0.20951,0.074407,0.66238
0,0,0,0,80.3,0.21247,0.067339,0.66469
0,0,0,0,80.31,0.21546,0.060294,0.66707
0,0,0,0,80.32,0.21833,0.053322,0.6695
0,0,0,0,80.33,0.22123,0.046287,0.67204
0,0,0,0,80.34,0.22409,0.039278,0.67458
0,0,0,0,80.35,0.22703,0.032343,0.67708
0,0,0,0,80.36,0.22983,0.025428,0.6797
0,0,0,0,80.37,0.23267,0.018389,0.68244
0,0,0,0,80.38,0.23582,0.011252,0.68525
0,0,0,0,80.39,0.23882,0.004341,0.6881
0,0,0,0,80.4,0.24174,-0.002455,0.69093
0,0,0,0,80.41,0.2447,-0.009341,0.69378
0,0,0,0,80.42,0.24762,-0.016204,0.69669
0,0,0,0,80.43,0.25054,-0.023034,0.69961
0,0,0,0,80.44,0.2534,-0.029815,0.70261
0,0,0,0,80.45,0.25636,-0.036396,0.70577
0,0,0,0,80.46,NaN,NaN,NaN
0,0,0,0,80.47,NaN,NaN,NaN
0,0,0,0,80.48,NaN,NaN,NaN
0,0,0,0,80.49,NaN,NaN,NaN
0,0,0,0,80.5,NaN,NaN,NaN
0,0,0,0,80.51,NaN,NaN,NaN
0,0,0,0,80.52,NaN,NaN,NaN
0,0,0,0,80.53,NaN,NaN,NaN
0,0,0,0,80.54,NaN,NaN,NaN
0,0,0,0,80.55,NaN,NaN,NaN
0,0,0,0,80.56,NaN,NaN,NaN
0,0,0,0,80.57,NaN,NaN,NaN
0,0,0,0,80.58,NaN,NaN,NaN
0,0,0,0,80.59,NaN,NaN,NaN
0,0,0,0,80.6,NaN,NaN,NaN
0,0,0,0,80.61,NaN,NaN,NaN
0,0,0,0,80.62,NaN,NaN,NaN
0,0,0,0,80.63,0.31163,-0.15188,0.76612
0,0,0,0,80.64,NaN,NaN,NaN
0,0,0,0,80.65,0.31784,-0.16387,0.77283
0,0,0,0,80.66,NaN,NaN,NaN
0,0,0,0,80.67,0.32383,-0.17546,0.77949
0,0,0,0,80.68,NaN,NaN,NaN
0,0,0,0,80.69,0.32968,-0.18699,0.78588
0,0,0,0,80.7,NaN,NaN,NaN
0,0,0,0,80.71,0.33544,-0.19857,0.79221
0,0,0,0,80.72,NaN,NaN,NaN
0,0,0,0,80.73,0.34063,-0.20964,0.79849
0,0,0,0,80.74,NaN,NaN,NaN
0,0,0,0,80.75,0.34564,-0.22055,0.8046
0,0,0,0,80.76,NaN,NaN,NaN
0,0,0,0,80.77,NaN,NaN,NaN
0,0,0,0,80.78,NaN,NaN,NaN
0,0,0,0,80.79,0.35532,-0.2418,0.81641
0,0,0,0,80.8,0.35768,-0.24692,0.81935
0,0,0,0,80.81,0.35994,-0.25219,0.82225
0,0,0,0,80.82,0.36228,-0.25747,0.82511
0,0,0,0,80.83,0.36452,-0.26251,0.82801
0,0,0,0,80.84,0.36673,-0.26756,0.83102
0,0,0,0,80.85,0.36894,-0.27269,0.83391
0,0,0,0,80.86,0.37113,-0.27767,0.8368
0,0,0,0,80.87,0.37326,-0.28262,0.83978
0,0,0,0,80.88,0.37527,-0.28743,0.84267
0,0,0,0,80.89,0.37731,-0.29231,0.84558
0,0,0,0,80.9,0.37928,-0.29722,0.8485
0,0,0,0,80.91,0.38115,-0.30206,0.85146
0,0,0,0,80.92,0.38294,-0.30668,0.85435
0,0,0,0,80.93,0.38464,-0.31129,0.85726
0,0,0,0,80.94,0.38633,-0.31603,0.86013
0,0,0,0,80.95,0.38797,-0.32065,0.86284
0,0,0,0,80.96,0.38942,-0.32532,0.86573
0,0,0,0,80.97,0.39088,-0.32997,0.86852
0,0,0,0,80.98,0.39227,-0.33446,0.87126
0,0,0,0,80.99,0.39347,-0.33887,0.87409
0,0,0,0,81,0.39459,-0.34316,0.87682
0,0,0,0,81.01,0.39563,-0.34746,0.87958
0,0,0,0,81.02,0.39662,-0.3517,0.88224
0,0,0,0,81.03,0.39754,-0.35583,0.88496
0,0,0,0,81.04,0.39837,-0.35991,0.88763
0,0,0,0,81.05,0.39917,-0.36383,0.89026
0,0,0,0,81.06,0.39992,-0.36773,0.89302
0,0,0,0,81.07,0.4006,-0.3715,0.89561
0,0,0,0,81.08,0.40112,-0.37529,0.89836
0,0,0,0,81.09,0.40152,-0.37905,0.90111
0,0,0,0,81.1,0.40198,-0.38273,0.90374
0,0,0,0,81.11,0.40237,-0.38636,0.90639
0,0,0,0,81.12,0.4027,-0.38994,0.90896
0,0,0,0,81.13,0.40281,-0.3934,0.91164
0,0,0,0,81.14,0.40295,-0.39677,0.9144
0,0,0,0,81.15,0.40301,-0.39995,0.91688
0,0,0,0,81.16,0.403,-0.40309,0.91933
0,0,0,0,81.17,0.40292,-0.40624,0.92182
0,0,0,0,81.18,0.40277,-0.40925,0.92434
0,0,0,0,81.19,0.4024,-0.41211,0.92687
0,0,0,0,81.2,0.40207,-0.41497,0.92929
0,0,0,0,81.21,0.40164,-0.41774,0.93169
0,0,0,0,81.22,0.40118,-0.42041,0.93415
0,0,0,0,81.23,0.40056,-0.4229,0.93661
0,0,0,0,81.24,0.39982,-0.42561,0.9391
0,0,0,0,81.25,0.39906,-0.42805,0.94137
0,0,0,0,81.26,0.39823,-0.43046,0.94369
0,0,0,0,81.27,0.3973,-0.43283,0.9461
0,0,0,0,81.28,0.39627,-0.43501,0.94841
0,0,0,0,81.29,0.3952,-0.43699,0.95074
0,0,0,0,81.3,0.394,-0.43905,0.953
0,0,0,0,81.31,0.39282,-0.44109,0.95527
0,0,0,0,81.32,0.39149,-0.44289,0.95759
0,0,0,0,81.33,0.39022,-0.44488,0.95976
0,0,0,0,81.34,0.38885,-0.44661,0.96196
0,0,0,0,81.35,0.38734,-0.44821,0.96421
0,0,0,0,81.36,0.38583,-0.44986,0.96636
0,0,0,0,81.37,0.38419,-0.45118,0.96864
0,0,0,0,81.38,0.38244,-0.45236,0.97078
0,0,0,0,81.39,0.38074,-0.45371,0.97283
0,0,0,0,81.4,0.37905,-0.45505,0.97497
0,0,0,0,81.41,0.37725,-0.45613,0.97708
0,0,0,0,81.42,0.37542,-0.45697,0.97906
0,0,0,0,81.43,0.37344,-0.45785,0.98116
0,0,0,0,81.44,0.37149,-0.45876,0.98325
0,0,0,0,81.45,0.36963,-0.45953,0.98524
0,0,0,0,81.46,0.36766,-0.46017,0.98728
0,0,0,0,81.47,0.36564,-0.46066,0.98923
0,0,0,0,81.48,0.3636,-0.46101,0.99121
0,0,0,0,81.49,0.36136,-0.46124,0.99327
0,0,0,0,81.5,0.35931,-0.46156,0.99513
0,0,0,0,81.51,0.35709,-0.4618,0.99704
0,0,0,0,81.52,0.35494,-0.46188,0.99897
0,0,0,0,81.53,0.35275,-0.46181,1.0008
0,0,0,0,81.54,0.35044,-0.46166,1.0027
0,0,0,0,81.55,0.34823,-0.46153,1.0045
0,0,0,0,81.56,0.34595,-0.46117,1.0062
0,0,0,0,81.57,0.34363,-0.4607,1.0079
0,0,0,0,81.58,0.34128,-0.46012,1.0097
0,0,0,0,81.59,0.33887,-0.4594,1.0113
0,0,0,0,81.6,0.33646,-0.45865,1.0129
0,0,0,0,81.61,0.33404,-0.45785,1.0145
0,0,0,0,81.62,0.33162,-0.45696,1.0161
0,0,0,0,81.63,0.32914,-0.45592,1.0176
0,0,0,0,81.64,0.32667,-0.45482,1.0191
0,0,0,0,81.65,0.32421,-0.45369,1.0205
0,0,0,0,81.66,0.32174,-0.45248,1.0219
0,0,0,0,81.67,0.31924,-0.451,1.0232
0,0,0,0,81.68,0.31673,-0.4493,1.0247
0,0,0,0,81.69,0.31422,-0.44762,1.0259
0,0,0,0,81.7,0.31172,-0.44603,1.0272
0,0,0,0,81.71,0.30929,-0.44429,1.0285
0,0,0,0,81.72,0.30672,-0.44244,1.0297
0,0,0,0,81.73,0.30411,-0.44047,1.0308
0,0,0,0,81.74,0.3016,-0.43847,1.032
0,0,0,0,81.75,0.29914,-0.4364,1.0331
0,0,0,0,81.76,0.29664,-0.43418,1.0342
0,0,0,0,81.77,0.29419,-0.43188,1.0352
0,0,0,0,81.78,0.29173,-0.42949,1.0362
0,0,0,0,81.79,0.28935,-0.42711,1.0372
0,0,0,0,81.8,0.28694,-0.42449,1.0382
0,0,0,0,81.81,0.28454,-0.4218,1.0392
0,0,0,0,81.82,0.28213,-0.41935,1.0402
0,0,0,0,81.83,0.27974,-0.41666,1.0411
0,0,0,0,81.84,0.27737,-0.41379,1.0418
0,0,0,0,81.85,0.27505,-0.41102,1.0427
0,0,0,0,81.86,0.27272,-0.40802,1.0434
0,0,0,0,81.87,NaN,NaN,NaN
0,0,0,0,81.88,NaN,NaN,NaN
0,0,0,0,81.89,NaN,NaN,NaN
0,0,0,0,81.9,NaN,NaN,NaN
0,0,0,0,81.91,NaN,NaN,NaN
0,0,0,0,81.92,0.25921,-0.38911,1.0477
0,0,0,0,81.93,0.25705,-0.38568,1.0483
0,0,0,0,81.94,0.25488,-0.38225,1.0488
0,0,0,0,81.95,0.25273,-0.37877,1.0493
0,0,0,0,81.96,0.25059,-0.37523,1.0498
0,0,0,0,81.97,0.24847,-0.37158,1.0503
0,0,0,0,81.98,0.24636,-0.36781,1.0507
0,0,0,0,81.99,0.2443,-0.3641,1.0511
0,0,0,0,82,0.24227,-0.36032,1.0516
0,0,0,0,82.01,0.24026,-0.35649,1.052
0,0,0,0,82.02,0.23835,-0.35264,1.0523
0,0,0,0,82.03,0.23647,-0.34874,1.0527
0,0,0,0,82.04,0.23461,-0.34471,1.053
0,0,0,0,82.05,0.23281,-0.34068,1.0532
0,0,0,0,82.06,0.23106,-0.33661,1.0534
0,0,0,0,82.07,0.2293,-0.33245,1.0536
0,0,0,0,82.08,0.22769,-0.32826,1.0539
0,0,0,0,82.09,0.22617,-0.32408,1.054
0,0,0,0,82.1,0.22464,-0.31983,1.0541
0,0,0,0,82.11,0.22303,-0.31536,1.0542
0,0,0,0,82.12,0.22162,-0.31098,1.0543
0,0,0,0,82.13,0.22019,-0.30661,1.0543
0,0,0,0,82.14,0.21869,-0.3021,1.0544
0,0,0,0,82.15,0.21727,-0.29753,1.0543
0,0,0,0,82.16,0.21592,-0.29294,1.0543
0,0,0,0,82.17,0.21452,-0.28835,1.0542
0,0,0,0,82.18,0.21317,-0.28375,1.0541
0,0,0,0,82.19,0.21196,-0.27898,1.0539
0,0,0,0,82.2,0.21076,-0.27434,1.0537
0,0,0,0,82.21,0.20956,-0.26963,1.0534
0,0,0,0,82.22,NaN,NaN,NaN
0,0,0,0,82.23,NaN,NaN,NaN
0,0,0,0,82.24,NaN,NaN,NaN
0,0,0,0,82.25,NaN,NaN,NaN
0,0,0,0,82.26,NaN,NaN,NaN
0,0,0,0,82.27,NaN,NaN,NaN
0,0,0,0,82.28,NaN,NaN,NaN
0,0,0,0,82.29,NaN,NaN,NaN
0,0,0,0,82.3,NaN,NaN,NaN
0,0,0,0,82.31,NaN,NaN,NaN
0,0,0,0,82.32,NaN,NaN,NaN
0,0,0,0,82.33,NaN,NaN,NaN
0,0,0,0,82.34,NaN,NaN,NaN
0,0,0,0,82.35,NaN,NaN,NaN
0,0,0,0,82.36,NaN,NaN,NaN
0,0,0,0,82.37,NaN,NaN,NaN
0,0,0,0,82.38,NaN,NaN,NaN
0,0,0,0,82.39,0.19189,-0.18027,1.0446
0,0,0,0,82.4,NaN,NaN,NaN
0,0,0,0,82.41,0.19041,-0.16965,1.0429
0,0,0,0,82.42,NaN,NaN,NaN
0,0,0,0,82.43,0.18898,-0.15909,1.0412
0,0,0,0,82.44,NaN,NaN,NaN
0,0,0,0,82.45,0.18786,-0.14839,1.0396
0,0,0,0,82.46,NaN,NaN,NaN
0,0,0,0,82.47,0.1868,-0.13776,1.0378
0,0,0,0,82.48,NaN,NaN,NaN
0,0,0,0,82.49,0.18576,-0.12679,1.036
0,0,0,0,82.5,NaN,NaN,NaN
0,0,0,0,82.51,0.1849,-0.11599,1.0341
0,0,0,0,82.52,NaN,NaN,NaN
0,0,0,0,82.53,NaN,NaN,NaN
0,0,0,0,82.54,NaN,NaN,NaN
0,0,0,0,82.55,0.18341,-0.094194,1.0301
0,0,0,0,82.56,NaN,NaN,NaN
0,0,0,0,82.57,0.18269,-0.083292,1.0282
0,0,0,0,82.58,NaN,NaN,NaN
0,0,0,0,82.59,0.18221,-0.072213,1.0262
0,0,0,0,82.6,NaN,NaN,NaN
0,0,0,0,82.61,0.18174,-0.061002,1.0241
0,0,0,0,82.62,NaN,NaN,NaN
0,0,0,0,82.63,0.18141,-0.049927,1.0217
0,0,0,0,82.64,0.18119,-0.04424,1.0206
0,0,0,0,82.65,0.18099,-0.038553,1.0195
0,0,0,0,82.66,0.18088,-0.032875,1.0184
0,0,0,0,82.67,0.18064,-0.027139,1.0173
0,0,0,0,82.68,0.18044,-0.021464,1.0161
0,0,0,0,82.69,0.18029,-0.015902,1.0149
0,0,0,0,82.7,0.18011,-0.010221,1.0137
0,0,0,0,82.71,0.17995,-0.004644,1.0125
0,0,0,0,82.72,0.17971,0.000907,1.0113
0,0,0,0,82.73,0.17948,0.006568,1.0101
0,0,0,0,82.74,0.17927,0.012099,1.0088
0,0,0,0,82.75,0.17907,0.017515,1.0076
0,0,0,0,82.76,0.17881,0.023009,1.0064
0,0,0,0,82.77,0.17854,0.028619,1.0052
0,0,0,0,82.78,0.17827,0.03413,1.004
0,0,0,0,82.79,0.17804,0.039531,1.0027
0,0,0,0,82.8,0.17781,0.04495,1.0014
0,0,0,0,82.81,0.1776,0.050519,1.0001
0,0,0,0,82.82,0.1774,0.055809,0.9988
0,0,0,0,82.83,0.17712,0.061274,0.99745
0,0,0,0,82.84,0.17685,0.066827,0.99613
0,0,0,0,82.85,0.17667,0.072244,0.99472
0,0,0,0,82.86,0.17644,0.077653,0.99335
0,0,0,0,82.87,0.17619,0.083046,0.99189
0,0,0,0,82.88,0.17593,0.088528,0.99041
0,0,0,0,82.89,0.17563,0.093963,0.98894
0,0,0,0,82.9,0.17533,0.099301,0.98748
0,0,0,0,82.91,0.17498,0.10481,0.98598
0,0,0,0,82.92,0.17469,0.11027,0.98446
0,0,0,0,82.93,0.17438,0.1156,0.98291
0,0,0,0,82.94,0.17403,0.12104,0.98127
0,0,0,0,82.95,0.17361,0.12636,0.9797
0,0,0,0,82.96,0.1731,0.13171,0.97813
0,0,0,0,82.97,0.17269,0.137,0.97655
0,0,0,0,82.98,0.17218,0.14225,0.97489
0,0,0,0,82.99,0.17164,0.14747,0.9731
0,0,0,0,83,0.17117,0.15272,0.97131
0,0,0,0,83.01,0.17044,0.15795,0.96963
0,0,0,0,83.02,0.16973,0.16326,0.96789
0,0,0,0,83.03,0.16897,0.16849,0.96617
0,0,0,0,83.04,0.16828,0.17356,0.96432
0,0,0,0,83.05,0.16754,0.17866,0.96234
0,0,0,0,83.06,0.16661,0.18381,0.96046
0,0,0,0,83.07,0.1657,0.18895,0.95874
0,0,0,0,83.08,0.16487,0.19402,0.9569
0,0,0,0,83.09,0.16403,0.19898,0.95498
0,0,0,0,83.1,0.16317,0.20399,0.95307
0,0,0,0,83.11,0.16216,0.20905,0.95125
0,0,0,0,83.12,0.16097,0.21399,0.94931
0,0,0,0,83.13,0.16,0.21895,0.94724
0,0,0,0,83.14,0.159,0.22383,0.94523
0,0,0,0,83.15,0.15799,0.22867,0.94342
0,0,0,0,83.16,0.15692,0.23353,0.94159
0,0,0,0,83.17,0.15581,0.23833,0.9396
0,0,0,0,83.18,0.15464,0.24314,0.93748
0,0,0,0,83.19,0.15332,0.24786,0.93553
0,0,0,0,83.2,0.15206,0.25261,0.93349
0,0,0,0,83.21,0.15069,0.25737,0.93148
0,0,0,0,83.22,0.14934,0.26196,0.92947
0,0,0,0,83.23,0.14798,0.26655,0.92757
0,0,0,0,83.24,0.14648,0.27118,0.92543
0,0,0,0,83.25,0.14487,0.27586,0.92322
0,0,0,0,83.26,0.14342,0.2803,0.92119
0,0,0,0,83.27,0.14174,0.28475,0.91917
0,0,0,0,83.28,0.13986,0.28931,0.91704
0,0,0,0,83.29,0.13821,0.29379,0.91484
0,0,0,0,83.3,0.13653,0.29813,0.91274
0,0,0,0,83.31,0.13449,0.30246,0.91071
0,0,0,0,83.32,0.13242,0.30691,0.90857
0,0,0,0,83.33,0.13057,0.31141,0.90618
0,0,0,0,83.34,0.12863,0.31565,0.90404
0,0,0,0,83.35,0.12648,0.31986,0.90197
0,0,0,0,83.36,0.12421,0.32423,0.89978
0,0,0,0,83.37,0.12197,0.32849,0.89748
0,0,0,0,83.38,0.11976,0.3326,0.89537
0,0,0,0,83.39,0.11747,0.33678,0.89321
0,0,0,0,83.4,0.11515,0.34093,0.89096
0,0,0,0,83.41,0.11277,0.34495,0.88877
0,0,0,0,83.42,0.11031,0.34906,0.88654
0,0,0,0,83.43,0.10781,0.35297,0.88444
0,0,0,0,83.44,0.10537,0.3568,0.88228
0,0,0,0,83.45,0.10281,0.36051,0.88025
0,0,0,0,83.46,0.10015,0.36407,0.87824
0,0,0,0,83.47,0.097436,0.36751,0.87625
0,0,0,0,83.48,0.094714,0.37083,0.87422
0,0,0,0,83.49,0.091992,0.37409,0.87218
0,0,0,0,83.5,0.089016,0.37725,0.87032
0,0,0,0,83.51,0.086096,0.38024,0.86843
0,0,0,0,83.52,0.083082,0.38332,0.86641
0,0,0,0,83.53,0.080216,0.38615,0.86437
0,0,0,0,83.54,0.077087,0.38911,0.86242
0,0,0,0,83.55,0.073812,0.39214,0.86047
0,0,0,0,83.56,0.070634,0.39494,0.85845
0,0,0,0,83.57,0.067394,0.3979,0.85637
0,0,0,0,83.58,0.064148,0.40085,0.85424
0,0,0,0,83.59,0.060829,0.40391,0.85223
0,0,0,0,83.6,0.057564,0.4071,0.85008
0,0,0,0,83.61,0.05422,0.4103,0.84786
0,0,0,0,83.62,0.050913,0.41347,0.84573
0,0,0,0,83.63,0.047489,0.41669,0.84359
0,0,0,0,83.64,0.044077,0.41996,0.84141
0,0,0,0,83.65,0.040637,0.42309,0.83929
0,0,0,0,83.66,0.03712,0.42618,0.83728
0,0,0,0,83.67,0.033647,0.42922,0.83516
0,0,0,0,83.68,0.030166,0.43223,0.83298
0,0,0,0,83.69,0.026538,0.43527,0.83081
0,0,0,0,83.7,0.02286,0.4382,0.82874
0,0,0,0,83.71,0.01921,0.44101,0.82658
0,0,0,0,83.72,0.01552,0.44387,0.82439
0,0,0,0,83.73,0.011815,0.44664,0.8222
0,0,0,0,83.74,0.008078,0.44932,0.82009
0,0,0,0,83.75,0.004338,0.45192,0.81792
0,0,0,0,83.76,0.000536,0.45446,0.81589
0,0,0,0,83.77,-0.003333,0.45704,0.81387
0,0,0,0,83.78,NaN,NaN,NaN
0,0,0,0,83.79,NaN,NaN,NaN
0,0,0,0,83.8,NaN,NaN,NaN
0,0,0,0,83.81,NaN,NaN,NaN
0,0,0,0,83.82,NaN,NaN,NaN
0,0,0,0,83.83,-0.026355,0.47177,0.80145
0,0,0,0,83.84,-0.030216,0.47406,0.79949
0,0,0,0,83.85,-0.03404,0.4763,0.7975
0,0,0,0,83.86,-0.038039,0.47863,0.79558
0,0,0,0,83.87,-0.042042,0.48084,0.79364
0,0,0,0,83.88,-0.045991,0.48304,0.79171
0,0,0,0,83.89,-0.050002,0.48514,0.78982
0,0,0,0,83.9,-0.054114,0.48725,0.78804
0,0,0,0,83.91,-0.058292,0.48937,0.78624
0,0,0,0,83.92,-0.062339,0.49138,0.7845
0,0,0,0,83.93,-0.066387,0.49343,0.78272
0,0,0,0,83.94,-0.070475,0.49543,0.78083
0,0,0,0,83.95,-0.074718,0.49746,0.7791
0,0,0,0,83.96,-0.078938,0.49953,0.77741
0,0,0,0,83.97,-0.083193,0.50145,0.77584
0,0,0,0,83.98,-0.087389,0.50338,0.77427
0,0,0,0,83.99,-0.091563,0.50526,0.77266
0,0,0,0,84,-0.095801,0.50714,0.77104
0,0,0,0,84.01,-0.10007,0.50911,0.76948
0,0,0,0,84.02,-0.10426,0.51097,0.76799
0,0,0,0,84.03,-0.10856,0.51289,0.76661
0,0,0,0,84.04,-0.11276,0.51466,0.76528
0,0,0,0,84.05,-0.11694,0.51635,0.76387
0,0,0,0,84.06,-0.12112,0.51803,0.76274
0,0,0,0,84.07,-0.12528,0.51975,0.7616
0,0,0,0,84.08,-0.12946,0.52151,0.76021
0,0,0,0,84.09,-0.13362,0.5232,0.75907
0,0,0,0,84.1,-0.13776,0.52487,0.75788
0,0,0,0,84.11,-0.14182,0.52645,0.75675
0,0,0,0,84.12,-0.14591,0.52808,0.75562
0,0,0,0,84.13,-0.14995,0.52967,0.75452
0,0,0,0,84.14,-0.15411,0.53141,0.75346
0,0,0,0,84.15,-0.15827,0.53318,0.75239
0,0,0,0,84.16,-0.16242,0.5349,0.75142
0,0,0,0,84.17,-0.16656,0.53663,0.75044
0,0,0,0,84.18,-0.17061,0.5383,0.7494
0,0,0,0,84.19,-0.17468,0.54009,0.74837
0,0,0,0,84.2,-0.17875,0.54172,0.74732
0,0,0,0,84.21,-0.18293,0.54353,0.74616
0,0,0,0,84.22,-0.18712,0.54542,0.74511
0,0,0,0,84.23,-0.19128,0.54733,0.74404
0,0,0,0,84.24,-0.19534,0.54909,0.74302
0,0,0,0,84.25,-0.1994,0.55092,0.74203
0,0,0,0,84.26,-0.20347,0.55275,0.74095
0,0,0,0,84.27,-0.20748,0.55444,0.73985
0,0,0,0,84.28,-0.21155,0.55627,0.73884
0,0,0,0,84.29,-0.21562,0.55804,0.73795
0,0,0,0,84.3,-0.21976,0.55992,0.73708
0,0,0,0,84.31,-0.22379,0.56176,0.73608
0,0,0,0,84.32,-0.22789,0.56351,0.73512
0,0,0,0,84.33,-0.23199,0.56534,0.7342
0,0,0,0,84.34,-0.23608,0.56713,0.73333
0,0,0,0,84.35,-0.24014,0.56882,0.73244
0,0,0,0,84.36,-0.24421,0.57072,0.73143
0,0,0,0,84.37,-0.24821,0.57249,0.73063
0,0,0,0,84.38,-0.25213,0.57408,0.72963
0,0,0,0,84.39,-0.25609,0.57587,0.72856
0,0,0,0,84.4,-0.26011,0.57766,0.72793
0,0,0,0,84.41,-0.26423,0.57947,0.72709
0,0,0,0,84.42,-0.2684,0.58138,0.72622
0,0,0,0,84.43,-0.27233,0.58302,0.72531
0,0,0,0,84.44,-0.27629,0.58486,0.72435
0,0,0,0,84.45,-0.2801,0.58651,0.72355
0,0,0,0,84.46,-0.28415,0.5883,0.72273
0,0,0,0,84.47,-0.28821,0.59012,0.72188
0,0,0,0,84.48,-0.29208,0.59176,0.72106
0,0,0,0,84.49,-0.29608,0.59362,0.7203
0,0,0,0,84.5,-0.30013,0.59523,0.71973
0,0,0,0,84.51,-0.30409,0.59693,0.71899
0,0,0,0,84.52,-0.30799,0.59872,0.71819
0,0,0,0,84.53,-0.31191,0.6007,0.71736
0,0,0,0,84.54,-0.31572,0.60237,0.71681
0,0,0,0,84.55,-0.3197,0.6041,0.71614
0,0,0,0,84.56,-0.32406,0.60626,0.71519
0,0,0,0,84.57,-0.32761,0.60766,0.71473
0,0,0,0,84.58,-0.33175,0.60952,0.71444
0,0,0,0,84.59,-0.33573,0.6117,0.71375
0,0,0,0,84.6,-0.33966,0.61369,0.71303
0,0,0,0,84.61,-0.3435,0.6157,0.71238
0,0,0,0,84.62,-0.34718,0.61736,0.7121
0,0,0,0,84.63,-0.35087,0.61914,0.71145
0,0,0,0,84.64,-0.35484,0.62109,0.7111
0,0,0,0,84.65,-0.35913,0.62314,0.71088
0,0,0,0,84.66,-0.36298,0.62521,0.71032
0,0,0,0,84.67,-0.36675,0.62713,0.70981
0,0,0,0,84.68,-0.37031,0.62902,0.70933
0,0,0,0,84.69,-0.37427,0.63115,0.70896
0,0,0,0,84.7,-0.37823,0.63329,0.70859
0,0,0,0,84.71,-0.38232,0.63534,0.70821
0,0,0,0,84.72,-0.38611,0.63725,0.70829
0,0,0,0,84.73,-0.38983,0.63915,0.7079
0,0,0,0,84.74,-0.39375,0.64137,0.70749
0,0,0,0,84.75,-0.39761,0.64346,0.70715
0,0,0,0,84.76,-0.40138,0.64547,0.7067
0,0,0,0,84.77,-0.40533,0.64787,0.7063
0,0,0,0,84.78,-0.40918,0.64962,0.70642
0,0,0,0,84.79,-0.41313,0.65182,0.70609
0,0,0,0,84.8,-0.41712,0.65411,0.7057
0,0,0,0,84.81,-0.42078,0.65603,0.70572
0,0,0,0,84.82,-0.42476,0.65822,0.70555
0,0,0,0,84.83,-0.42851,0.66043,0.70507
0,0,0,0,84.84,-0.43232,0.66265,0.70534
0,0,0,0,84.85,-0.43615,0.66491,0.705
0,0,0,0,84.86,-0.44006,0.66715,0.70476
0,0,0,0,84.87,-0.44376,0.66932,0.70445
0,0,0,0,84.88,-0.44744,0.67167,0.7041
0,0,0,0,84.89,-0.45124,0.67391,0.70417
0,0,0,0,84.9,-0.45517,0.67627,0.70432
0,0,0,0,84.91,-0.4589,0.67867,0.70413
0,0,0,0,84.92,-0.46274,0.6812,0.70403
0,0,0,0,84.93,-0.46648,0.68363,0.70383
0,0,0,0,84.94,-0.47033,0.68616,0.7037
0,0,0,0,84.95,-0.47397,0.68838,0.70391
0,0,0,0,84.96,-0.47771,0.69076,0.70387
0,0,0,0,84.97,-0.48153,0.69334,0.70365
0,0,0,0,84.98,-0.48518,0.69552,0.70392
0,0,0,0,84.99,-0.48877,0.69784,0.70404
0,0,0,0,85,-0.49259,0.70029,0.70427
0,0,0,0,85.01,-0.49643,0.70274,0.7044
0,0,0,0,85.02,-0.49994,0.705,0.70452
0,0,0,0,85.03,-0.50349,0.70741,0.70455
0,0,0,0,85.04,-0.50723,0.70995,0.70464
0,0,0,0,85.05,-0.51091,0.71247,0.70486
0,0,0,0,85.06,-0.51434,0.71471,0.70564
0,0,0,0,85.07,-0.51785,0.71712,0.70601
0,0,0,0,85.08,-0.52116,0.71937,0.7065
0,0,0,0,85.09,-0.52467,0.72179,0.70692
0,0,0,0,85.1,-0.52831,0.72454,0.70722
0,0,0,0,85.11,-0.53178,0.72687,0.70772
0,0,0,0,85.12,-0.5352,0.72924,0.70832
0,0,0,0,85.13,-0.5387,0.73182,0.70859
0,0,0,0,85.14,-0.54195,0.73424,0.70926
0,0,0,0,85.15,-0.54533,0.73643,0.71043
0,0,0,0,85.16,-0.54856,0.73877,0.71108
0,0,0,0,85.17,-0.55181,0.74116,0.71161
0,0,0,0,85.18,-0.55514,0.74364,0.71225
0,0,0,0,85.19,-0.5583,0.746,0.71331
0,0,0,0,85.2,-0.56208,0.74884,0.71375
0,0,0,0,85.21,-0.56532,0.75128,0.71469
0,0,0,0,85.22,-0.56835,0.75343,0.71595
0,0,0,0,85.23,-0.57147,0.75581,0.71666
0,0,0,0,85.24,-0.57442,0.75828,0.7175
0,0,0,0,85.25,-0.57744,0.76066,0.7182
0,0,0,0,85.26,-0.58108,0.76343,0.71903
0,0,0,0,85.27,-0.58421,0.76593,0.72023
0,0,0,0,85.28,-0.58736,0.76849,0.72111
0,0,0,0,85.29,-0.59044,0.7711,0.7218
0,0,0,0,85.3,-0.59349,0.77352,0.72271
0,0,0,0,85.31,-0.59646,0.77605,0.72397
0,0,0,0,85.32,-0.59934,0.77856,0.72499
0,0,0,0,85.33,-0.60223,0.78103,0.72619
0,0,0,0,85.34,-0.60504,0.78347,0.7272
0,0,0,0,85.35,-0.60807,0.7863,0.72814
0,0,0,0,85.36,-0.61101,0.78887,0.72905
0,0,0,0,85.37,-0.61367,0.79126,0.73022
0,0,0,0,85.38,-0.61636,0.79358,0.73192
0,0,0,0,85.39,-0.6189,0.79598,0.73295
0,0,0,0,85.4,-0.62148,0.7985,0.73396
0,0,0,0,85.41,-0.62475,0.80125,0.73505
0,0,0,0,85.42,-0.62729,0.80352,0.73679
0,0,0,0,85.43,-0.62975,0.80586,0.73786
0,0,0,0,85.44,-0.63243,0.80841,0.73901
0,0,0,0,85.45,-0.63544,0.81127,0.74025
0,0,0,0,85.46,-0.63787,0.8139,0.74143
0,0,0,0,85.47,-0.64022,0.81627,0.7426
0,0,0,0,85.48,-0.64298,0.81937,0.74373
0,0,0,0,85.49,-0.64553,0.82243,0.74524
0,0,0,0,85.5,-0.64781,0.82472,0.74649
0,0,0,0,85.51,-0.6501,0.82684,0.74763
0,0,0,0,85.52,-0.65239,0.82922,0.74889
0,0,0,0,85.53,-0.65449,0.83148,0.75048
0,0,0,0,85.54,-0.6567,0.83402,0.75186
0,0,0,0,85.55,-0.65901,0.83682,0.75319
0,0,0,0,85.56,-0.66132,0.83946,0.7545
0,0,0,0,85.57,-0.66317,0.84161,0.7559
0,0,0,0,85.58,-0.66508,0.84401,0.75725
0,0,0,0,85.59,-0.66756,0.84681,0.75861
0,0,0,0,85.6,-0.66994,0.84954,0.76004
0,0,0,0,85.61,-0.67169,0.85159,0.76147
0,0,0,0,85.62,-0.67367,0.85416,0.76295
0,0,0,0,85.63,-0.67593,0.85687,0.76444
0,0,0,0,85.64,-0.67751,0.85874,0.76562
0,0,0,0,85.65,-0.67988,0.86117,0.76722
0,0,0,0,85.66,-0.68147,0.86323,0.76881
0,0,0,0,85.67,-0.68466,0.86585,0.77011
0,0,0,0,85.68,-0.68683,0.86803,0.77143
0,0,0,0,85.69,-0.68895,0.87017,0.77277
0,0,0,0,85.7,-0.69099,0.87225,0.77424
0,0,0,0,85.71,-0.69346,0.87466,0.77604
0,0,0,0,85.72,-0.69561,0.87675,0.77728
0,0,0,0,85.73,-0.69735,0.87858,0.77856
0,0,0,0,85.74,-0.69927,0.88059,0.78017
0,0,0,0,85.75,-0.70192,0.88288,0.7819
0,0,0,0,85.76,-0.70399,0.88473,0.78331
0,0,0,0,85.77,-0.70565,0.88655,0.78468
0,0,0,0,85.78,-0.70727,0.88825,0.78623
0,0,0,0,85.79,-0.70992,0.89029,0.78804
0,0,0,0,85.8,-0.71217,0.89238,0.78941
0,0,0,0,85.81,-0.71384,0.89404,0.79057
0,0,0,0,85.82,-0.71557,0.89576,0.79222
0,0,0,0,85.83,-0.71831,0.8979,0.79405
0,0,0,0,85.84,-0.72023,0.8998,0.79559
0,0,0,0,85.85,-0.7227,0.90216,0.79711
0,0,0,0,85.86,-0.72459,0.9039,0.79888
0,0,0,0,85.87,-0.72634,0.90474,0.80043
0,0,0,0,85.88,-0.72827,0.90633,0.80185
0,0,0,0,85.89,-0.72998,0.90769,0.80353
0,0,0,0,85.9,-0.73204,0.90933,0.80543
0,0,0,0,85.91,-0.73439,0.91088,0.80683
0,0,0,0,85.92,-0.7363,0.9123,0.80827
0,0,0,0,85.93,-0.73871,0.91422,0.80997
0,0,0,0,85.94,-0.74046,0.9151,0.81206
0,0,0,0,85.95,-0.74228,0.91629,0.81365
0,0,0,0,85.96,-0.74423,0.9174,0.8153
0,0,0,0,85.97,-0.74632,0.91861,0.81704
0,0,0,0,85.98,-0.74824,0.91978,0.81895
0,0,0,0,85.99,-0.75014,0.92088,0.82054
0,0,0,0,86,-0.75239,0.92217,0.82208
0,0,0,0,86.01,-0.75451,0.92327,0.82375
0,0,0,0,86.02,-0.75656,0.92424,0.82561
0,0,0,0,86.03,-0.7586,0.92516,0.82717
0,0,0,0,86.04,-0.76085,0.92624,0.82878
0,0,0,0,86.05,-0.7631,0.9272,0.83054
0,0,0,0,86.06,-0.76557,0.92834,0.83249
0,0,0,0,86.07,-0.76763,0.92896,0.83405
0,0,0,0,86.08,-0.76933,0.92926,0.83557
0,0,0,0,86.09,-0.77112,0.92995,0.8373
0,0,0,0,86.1,-0.77309,0.93105,0.83921
0,0,0,0,86.11,-0.77584,0.93233,0.8411
0,0,0,0,86.12,-0.77794,0.93198,0.84261
0,0,0,0,86.13,-0.77961,0.93237,0.84424
0,0,0,0,86.14,-0.78135,0.93279,0.84619
0,0,0,0,86.15,-0.78403,0.93338,0.84812
0,0,0,0,86.16,-0.78616,0.93384,0.84973
0,0,0,0,86.17,-0.7885,0.93465,0.85124
0,0,0,0,86.18,-0.79078,0.93481,0.85283
0,0,0,0,86.19,-0.79254,0.93477,0.85505
0,0,0,0,86.2,-0.79461,0.93519,0.85668
0,0,0,0,86.21,-0.79625,0.93539,0.85823
0,0,0,0,86.22,-0.79818,0.93546,0.86011
0,0,0,0,86.23,-0.80057,0.93541,0.86236
0,0,0,0,86.24,-0.80254,0.93551,0.86396
0,0,0,0,86.25,-0.80481,0.93598,0.86545
0,0,0,0,86.26,-0.80636,0.93534,0.86777
0,0,0,0,86.27,-0.80833,0.93511,0.86959
0,0,0,0,86.28,-0.8101,0.93484,0.87148
0,0,0,0,86.29,-0.81194,0.93448,0.87331
0,0,0,0,86.3,-0.81434,0.93471,0.87504
0,0,0,0,86.31,-0.81644,0.93456,0.87708
0,0,0,0,86.32,-0.81796,0.93386,0.87909
0,0,0,0,86.33,-0.81996,0.93372,0.88069
0,0,0,0,86.34,-0.82187,0.93344,0.88243
0,0,0,0,86.35,-0.82299,0.93266,0.88455
0,0,0,0,86.36,-0.82501,0.93224,0.8864
0,0,0,0,86.37,-0.82763,0.93214,0.88821
0,0,0,0,86.38,-0.82941,0.93211,0.88991
0,0,0,0,86.39,-0.83049,0.93128,0.89183
0,0,0,0,86.4,-0.83236,0.93035,0.89379
0,0,0,0,86.41,-0.83508,0.93034,0.89565
0,0,0,0,86.42,-0.83647,0.9297,0.89754
0,0,0,0,86.43,-0.83803,0.92907,0.89942
0,0,0,0,86.44,-0.84044,0.92847,0.9015
0,0,0,0,86.45,-0.84196,0.92783,0.90334
0,0,0,0,86.46,-0.84289,0.92674,0.90536
0,0,0,0,86.47,-0.84453,0.92562,0.90738
0,0,0,0,86.48,-0.84702,0.92511,0.90929
0,0,0,0,86.49,-0.84849,0.92417,0.91112
0,0,0,0,86.5,-0.84984,0.92333,0.91312
0,0,0,0,86.51,-0.85221,0.92258,0.91508
0,0,0,0,86.52,-0.85394,0.92166,0.91689
0,0,0,0,86.53,-0.85512,0.9205,0.91873
0,0,0,0,86.54,-0.85645,0.91962,0.9207
0,0,0,0,86.55,-0.85883,0.91847,0.92275
0,0,0,0,86.56,-0.8603,0.91713,0.92457
0,0,0,0,86.57,-0.86163,0.91609,0.92627
0,0,0,0,86.58,-0.86301,0.9147,0.92813
0,0,0,0,86.59,-0.86512,0.91322,0.93033
0,0,0,0,86.6,-0.86687,0.91212,0.93208
0,0,0,0,86.61,-0.86787,0.91054,0.93377
0,0,0,0,86.62,-0.86901,0.90891,0.93565
0,0,0,0,86.63,-0.87137,0.90753,0.93752
0,0,0,0,86.64,-0.87258,0.90583,0.93922
0,0,0,0,86.65,-0.87405,0.90387,0.9411
0,0,0,0,86.66,-0.87577,0.9022,0.94281
0,0,0,0,86.67,-0.87747,0.90066,0.94473
0,0,0,0,86.68,-0.87845,0.89876,0.94635
0,0,0,0,86.69,-0.87975,0.89663,0.94805
0,0,0,0,86.7,-0.88178,0.89452,0.94987
0,0,0,0,86.71,-0.88346,0.89273,0.95165
0,0,0,0,86.72,-0.88467,0.89063,0.95318
0,0,0,0,86.73,-0.88579,0.88851,0.95473
0,0,0,0,86.74,-0.88728,0.88617,0.95637
0,0,0,0,86.75,-0.88949,0.88404,0.95809
0,0,0,0,86.76,-0.89091,0.88154,0.95967
0,0,0,0,86.77,-0.89191,0.87901,0.96116
0,0,0,0,86.78,-0.89351,0.87716,0.96271
0,0,0,0,86.79,-0.89559,0.87508,0.96437
0,0,0,0,86.8,-0.89657,0.87141,0.9658
0,0,0,0,86.81,-0.89781,0.86852,0.96725
0,0,0,0,86.82,-0.89882,0.8657,0.96855
0,0,0,0,86.83,-0.90034,0.86274,0.96991
0,0,0,0,86.84,-0.90202,0.85959,0.97143
0,0,0,0,86.85,-0.90326,0.8564,0.97285
0,0,0,0,86.86,-0.90462,0.85337,0.97408
0,0,0,0,86.87,-0.90574,0.85028,0.9754
0,0,0,0,86.88,-0.90681,0.84689,0.97657
0,0,0,0,86.89,-0.90872,0.84368,0.97782
0,0,0,0,86.9,-0.91052,0.84014,0.97915
0,0,0,0,86.91,-0.91164,0.83644,0.98033
0,0,0,0,86.92,-0.91283,0.83275,0.98151
0,0,0,0,86.93,-0.91407,0.82913,0.98259
0,0,0,0,86.94,-0.91495,0.82521,0.98369
0,0,0,0,86.95,-0.91587,0.82107,0.98496
0,0,0,0,86.96,-0.91799,0.81709,0.98628
0,0,0,0,86.97,-0.91916,0.81299,0.98733
0,0,0,0,86.98,-0.92047,0.80898,0.98832
0,0,0,0,86.99,-0.92183,0.80481,0.98937
0,0,0,0,87,-0.92303,0.80045,0.9903
0,0,0,0,87.01,-0.92427,0.796,0.99135
0,0,0,0,87.02,-0.92545,0.79147,0.99228
0,0,0,0,87.03,-0.92666,0.78685,0.99316
0,0,0,0,87.04,-0.92777,0.78218,0.99399
0,0,0,0,87.05,-0.92879,0.77738,0.99488
0,0,0,0,87.06,-0.92961,0.77239,0.99585
0,0,0,0,87.07,-0.93038,0.76738,0.99668
0,0,0,0,87.08,-0.93158,0.76205,0.99767
0,0,0,0,87.09,-0.93317,0.75696,0.99856
0,0,0,0,87.1,-0.93399,0.75194,0.99891
0,0,0,0,87.11,-0.93539,0.74696,0.99985
0,0,0,0,87.12,-0.93725,0.74218,1.0009
0,0,0,0,87.13,-0.938,0.73581,1.0016
0,0,0,0,87.14,-0.93911,0.73027,1.0023
0,0,0,0,87.15,-0.9402,0.72486,1.0028
0,0,0,0,87.16,-0.94113,0.7192,1.0035
0,0,0,0,87.17,-0.94215,0.71335,1.0042
0,0,0,0,87.18,-0.9432,0.70758,1.0048
0,0,0,0,87.19,-0.9441,0.70168,1.0055
0,0,0,0,87.2,-0.94512,0.6957,1.0061
0,0,0,0,87.21,-0.94603,0.68972,1.0067
0,0,0,0,87.22,-0.94642,0.68354,1.0071
0,0,0,0,87.23,-0.94716,0.67711,1.008
0,0,0,0,87.24,-0.94888,0.6708,1.0087
0,0,0,0,87.25,-0.94961,0.66429,1.0093
0,0,0,0,87.26,-0.95038,0.65781,1.0098
0,0,0,0,87.27,-0.95129,0.65143,1.0103
0,0,0,0,87.28,-0.95205,0.64473,1.0109
0,0,0,0,87.29,-0.95282,0.63802,1.0114
0,0,0,0,87.3,-0.9536,0.63129,1.0119
0,0,0,0,87.31,-0.9541,0.6243,1.0125
0,0,0,0,87.32,-0.95468,0.61735,1.013
0,0,0,0,87.33,-0.95538,0.61034,1.0135
0,0,0,0,87.34,-0.95606,0.60344,1.014
0,0,0,0,87.35,-0.95665,0.59644,1.0145
0,0,0,0,87.36,-0.95722,0.58947,1.0148
0,0,0,0,87.37,-0.95774,0.58229,1.0152
0,0,0,0,87.38,-0.95834,0.57496,1.0156
0,0,0,0,87.39,-0.95896,0.56771,1.016
0,0,0,0,87.4,-0.95951,0.56036,1.0164
0,0,0,0,87.41,-0.95988,0.55291,1.0168
0,0,0,0,87.42,-0.95973,0.54537,1.017
0,0,0,0,87.43,-0.96013,0.53773,1.0175
0,0,0,0,87.44,-0.96106,0.53019,1.0178
0,0,0,0,87.45,-0.96068,0.52238,1.018
0,0,0,0,87.46,-0.96125,0.51466,1.0182
0,0,0,0,87.47,-0.962,0.50694,1.0184
0,0,0,0,87.48,-0.9621,0.49909,1.0186
0,0,0,0,87.49,-0.96184,0.49096,1.019
0,0,0,0,87.5,-0.96223,0.48285,1.0193
0,0,0,0,87.51,-0.96305,0.47513,1.0194
0,0,0,0,87.52,-0.9634,0.46711,1.0195
0,0,0,0,87.53,-0.96378,0.459,1.0198
0,0,0,0,87.54,-0.96396,0.45084,1.0199
0,0,0,0,87.55,-0.96414,0.44274,1.02
0,0,0,0,87.56,-0.96418,0.43455,1.02
0,0,0,0,87.57,-0.96432,0.42629,1.0201
0,0,0,0,87.58,-0.96443,0.41798,1.0202
0,0,0,0,87.59,-0.96446,0.40965,1.0202
0,0,0,0,87.6,-0.96438,0.40131,1.0203
0,0,0,0,87.61,-0.96411,0.39288,1.0203
0,0,0,0,87.62,-0.96407,0.38439,1.0203
0,0,0,0,87.63,-0.96432,0.37589,1.0203
0,0,0,0,87.64,-0.96432,0.36734,1.0203
0,0,0,0,87.65,-0.96432,0.359,1.0203
0,0,0,0,87.66,-0.96418,0.35042,1.0202
0,0,0,0,87.67,-0.96414,0.34174,1.0202
0,0,0,0,87.68,-0.96399,0.33302,1.0202
0,0,0,0,87.69,-0.96374,0.32414,1.0202
0,0,0,0,87.7,-0.96341,0.31536,1.02
0,0,0,0,87.71,-0.96265,0.30665,1.0196
0,0,0,0,87.72,-0.96194,0.29763,1.0197
0,0,0,0,87.73,-0.96196,0.28882,1.0196
0,0,0,0,87.74,-0.96221,0.27999,1.0194
0,0,0,0,87.75,-0.96259,0.27112,1.0192
0,0,0,0,87.76,-0.96161,0.262,1.0192
0,0,0,0,87.77,-0.9614,0.25303,1.019
0,0,0,0,87.78,-0.96173,0.2441,1.0188
0,0,0,0,87.79,-0.961,0.23495,1.0188
0,0,0,0,87.8,-0.96074,0.22596,1.0187
0,0,0,0,87.81,-0.9605,0.217,1.0185
0,0,0,0,87.82,-0.95961,0.20798,1.0183
0,0,0,0,87.83,-0.95867,0.19924,1.018
0,0,0,0,87.84,-0.95897,0.19095,1.0178
0,0,0,0,87.85,-0.95826,0.1827,1.0171
0,0,0,0,87.86,-0.95772,0.17466,1.0163
0,0,0,0,87.87,-0.95717,0.16655,1.0159
0,0,0,0,87.88,-0.95613,0.15819,1.0156
0,0,0,0,87.89,-0.95591,0.15015,1.0151
0,0,0,0,87.9,-0.9549,0.14239,1.0143
0,0,0,0,87.91,-0.95345,0.13427,1.0138
0,0,0,0,87.92,-0.95393,0.12652,1.0131
0,0,0,0,87.93,-0.95307,0.11865,1.0123
0,0,0,0,87.94,-0.95206,0.11051,1.012
0,0,0,0,87.95,-0.95109,0.10227,1.0115
0,0,0,0,87.96,-0.95013,0.094299,1.0105
0,0,0,0,87.97,-0.94936,0.086135,1.0102
0,0,0,0,87.98,-0.94814,0.077962,1.01
0,0,0,0,87.99,-0.9468,0.069826,1.0095
0,0,0,0,88,-0.94545,0.061629,1.0091
0,0,0,0,88.01,-0.94456,0.053683,1.0088
0,0,0,0,88.02,-0.94288,0.045512,1.0085
0,0,0,0,88.03,-0.94131,0.037427,1.008
0,0,0,0,88.04,-0.94094,0.029776,1.0079
0,0,0,0,88.05,-0.93976,0.0221,1.0074
0,0,0,0,88.06,-0.9384,0.013703,1.0068
0,0,0,0,88.07,-0.9372,0.005668,1.0064
0,0,0,0,88.08,-0.93559,-0.002328,1.0063
0,0,0,0,88.09,-0.9339,-0.010024,1.0062
0,0,0,0,88.1,-0.93256,-0.017481,1.0059
0,0,0,0,88.11,-0.9311,-0.025088,1.0057
0,0,0,0,88.12,-0.9296,-0.032687,1.0054
0,0,0,0,88.13,-0.92799,-0.040318,1.0048
0,0,0,0,88.14,-0.92639,-0.047914,1.0042
0,0,0,0,88.15,-0.92464,-0.055142,1.0041
0,0,0,0,88.16,-0.92294,-0.062462,1.0038
0,0,0,0,88.17,-0.92105,-0.069699,1.0035
0,0,0,0,88.18,-0.91919,-0.076799,1.0031
0,0,0,0,88.19,-0.9173,-0.083736,1.0025
0,0,0,0,88.2,-0.91557,-0.090495,1.0021
0,0,0,0,88.21,-0.91359,-0.097503,1.0016
0,0,0,0,88.22,-0.91151,-0.10447,1.0013
0,0,0,0,88.23,-0.90946,-0.11131,1.0009
0,0,0,0,88.24,-0.90736,-0.11805,1.0004
0,0,0,0,88.25,-0.90519,-0.1246,0.99987
0,0,0,0,88.26,-0.90306,-0.13119,0.99933
0,0,0,0,88.27,-0.90082,-0.13778,0.99858
0,0,0,0,88.28,-0.89865,-0.14444,0.99794
0,0,0,0,88.29,-0.89628,-0.15071,0.99753
0,0,0,0,88.3,-0.89385,-0.15683,0.99698
0,0,0,0,88.31,-0.89115,-0.16318,0.99618
0,0,0,0,88.32,-0.88863,-0.16964,0.9957
0,0,0,0,88.33,-0.88619,-0.17581,0.99523
0,0,0,0,88.34,-0.88366,-0.18177,0.99468
0,0,0,0,88.35,-0.88108,-0.18774,0.99391
0,0,0,0,88.36,-0.87832,-0.19421,0.99307
0,0,0,0,88.37,-0.87545,-0.20041,0.99266
0,0,0,0,88.38,-0.87267,-0.20636,0.99203
0,0,0,0,88.39,-0.86983,-0.21229,0.99125
0,0,0,0,88.4,-0.86691,-0.21804,0.99031
0,0,0,0,88.41,-0.86405,-0.22398,0.98976
0,0,0,0,88.42,-0.86102,-0.22987,0.98922
0,0,0,0,88.43,-0.8581,-0.23546,0.98851
0,0,0,0,88.44,-0.85514,-0.24115,0.98776
0,0,0,0,88.45,-0.85195,-0.24706,0.98691
0,0,0,0,88.46,-0.8487,-0.25293,0.98619
0,0,0,0,88.47,-0.84546,-0.25866,0.9854
0,0,0,0,88.48,-0.84219,-0.26427,0.9844
0,0,0,0,88.49,-0.83899,-0.26991,0.98392
0,0,0,0,88.5,-0.83562,-0.27559,0.98318
0,0,0,0,88.51,-0.83219,-0.28122,0.98241
0,0,0,0,88.52,-0.82873,-0.28685,0.98165
0,0,0,0,88.53,-0.82532,-0.29244,0.98077
0,0,0,0,88.54,-0.82184,-0.29807,0.98001
0,0,0,0,88.55,-0.81834,-0.30366,0.97925
0,0,0,0,88.56,-0.81464,-0.30921,0.97833
0,0,0,0,88.57,-0.81097,-0.31482,0.97763
0,0,0,0,88.58,-0.80743,-0.32025,0.97678
0,0,0,0,88.59,-0.80369,-0.32585,0.97596
0,0,0,0,88.6,-0.80001,-0.33139,0.97519
0,0,0,0,88.61,-0.79629,-0.33694,0.97435
0,0,0,0,88.62,-0.7924,-0.34256,0.97344
0,0,0,0,88.63,-0.78855,-0.34808,0.97246
0,0,0,0,88.64,-0.78496,-0.35353,0.97184
0,0,0,0,88.65,-0.78104,-0.35898,0.97096
0,0,0,0,88.66,-0.77711,-0.3645,0.96995
0,0,0,0,88.67,-0.77327,-0.36996,0.96941
0,0,0,0,88.68,-0.76934,-0.3754,0.96866
0,0,0,0,88.69,-0.76542,-0.38089,0.96784
0,0,0,0,88.7,-0.76149,-0.38633,0.96689
0,0,0,0,88.71,-0.7575,-0.39182,0.96613
0,0,0,0,88.72,-0.75352,-0.39723,0.96533
0,0,0,0,88.73,-0.74954,-0.40261,0.96444
0,0,0,0,88.74,-0.74536,-0.40804,0.96344
0,0,0,0,88.75,-0.74138,-0.41345,0.96263
0,0,0,0,88.76,-0.73744,-0.41878,0.96182
0,0,0,0,88.77,-0.73328,-0.42415,0.96086
0,0,0,0,88.78,-0.72914,-0.42958,0.95995
0,0,0,0,88.79,-0.72497,-0.43491,0.95898
0,0,0,0,88.8,-0.72086,-0.44027,0.95809
0,0,0,0,88.81,-0.71667,-0.44567,0.95737
0,0,0,0,88.82,-0.71252,-0.45107,0.95662
0,0,0,0,88.83,-0.70847,-0.4564,0.95579
0,0,0,0,88.84,-0.70425,-0.46178,0.95484
0,0,0,0,88.85,-0.70002,-0.46715,0.95391
0,0,0,0,88.86,-0.69583,-0.47253,0.95314
0,0,0,0,88.87,-0.69153,-0.47786,0.95232
0,0,0,0,88.88,-0.68734,-0.48321,0.95174
0,0,0,0,88.89,-0.68331,-0.48848,0.95097
0,0,0,0,88.9,-0.67902,-0.49388,0.94999
0,0,0,0,88.91,-0.67468,-0.49914,0.94948
0,0,0,0,88.92,-0.6703,-0.50423,0.9487
0,0,0,0,88.93,-0.66613,-0.50955,0.94805
0,0,0,0,88.94,-0.66204,-0.51481,0.94753
0,0,0,0,88.95,-0.65777,-0.52006,0.947
0,0,0,0,88.96,-0.65351,-0.52518,0.94635
0,0,0,0,88.97,-0.64924,-0.53036,0.94562
0,0,0,0,88.98,-0.64513,-0.5355,0.94506
0,0,0,0,88.99,-0.64077,-0.54058,0.94445
0,0,0,0,89,-0.6363,-0.54566,0.94372
0,0,0,0,89.01,-0.63219,-0.55076,0.94327
0,0,0,0,89.02,-0.62811,-0.55573,0.94277
0,0,0,0,89.03,-0.62374,-0.56083,0.9421
0,0,0,0,89.04,-0.61955,-0.56583,0.94171
0,0,0,0,89.05,-0.61562,-0.57074,0.94134
0,0,0,0,89.06,-0.61142,-0.57564,0.94084
0,0,0,0,89.07,-0.60724,-0.58066,0.94027
0,0,0,0,89.08,-0.60316,-0.58542,0.93985
0,0,0,0,89.09,-0.59919,-0.59022,0.93966
0,0,0,0,89.1,-0.59494,-0.59501,0.93924
0,0,0,0,89.11,-0.5908,-0.59984,0.93874
0,0,0,0,89.12,-0.58681,-0.60448,0.93852
0,0,0,0,89.13,-0.58283,-0.6091,0.93827
0,0,0,0,89.14,-0.57859,-0.61372,0.93807
0,0,0,0,89.15,-0.57433,-0.61841,0.93774
0,0,0,0,89.16,-0.57063,-0.62278,0.93755
0,0,0,0,89.17,-0.56655,-0.62707,0.93729
0,0,0,0,89.18,-0.56255,-0.63137,0.93696
0,0,0,0,89.19,-0.55836,-0.63569,0.93647
0,0,0,0,89.2,-0.55438,-0.63993,0.93661
0,0,0,0,89.21,-0.55054,-0.64402,0.93667
0,0,0,0,89.22,-0.54628,-0.6481,0.93642
0,0,0,0,89.23,-0.5423,-0.65212,0.93636
0,0,0,0,89.24,-0.53837,-0.65615,0.93635
0,0,0,0,89.25,-0.53461,-0.66011,0.93641
0,0,0,0,89.26,-0.53065,-0.66399,0.93648
0,0,0,0,89.27,-0.52659,-0.66785,0.93652
0,0,0,0,89.28,-0.5226,-0.67161,0.93658
0,0,0,0,89.29,-0.51862,-0.67556,0.9366
0,0,0,0,89.3,-0.51495,-0.67929,0.93686
0,0,0,0,89.31,-0.51113,-0.6829,0.93709
0,0,0,0,89.32,-0.50718,-0.68653,0.93743
0,0,0,0,89.33,-0.5035,-0.69006,0.93777
0,0,0,0,89.34,-0.49963,-0.69359,0.93791
0,0,0,0,89.35,-0.49563,-0.69699,0.93796
0,0,0,0,89.36,-0.49194,-0.7003,0.93855
0,0,0,0,89.37,-0.4881,-0.70348,0.93889
0,0,0,0,89.38,-0.48432,-0.70659,0.93928
0,0,0,0,89.39,-0.48054,-0.70972,0.9397
0,0,0,0,89.4,-0.47677,-0.71261,0.93993
0,0,0,0,89.41,-0.47281,-0.71554,0.94005
0,0,0,0,89.42,-0.46916,-0.71859,0.94071
0,0,0,0,89.43,-0.46554,-0.72126,0.94123
0,0,0,0,89.44,-0.46197,-0.72388,0.94185
0,0,0,0,89.45,-0.45828,-0.72657,0.94232
0,0,0,0,89.46,-0.45479,-0.72904,0.94293
0,0,0,0,89.47,-0.45122,-0.7314,0.94347
0,0,0,0,89.48,-0.44759,-0.73377,0.94398
0,0,0,0,89.49,-0.44393,-0.73598,0.94447
0,0,0,0,89.5,-0.44033,-0.738,0.94493
0,0,0,0,89.51,-0.43681,-0.73993,0.94536
0,0,0,0,89.52,-0.43325,-0.742,0.94614
0,0,0,0,89.53,-0.42982,-0.74397,0.94687
0,0,0,0,89.54,-0.42631,-0.74568,0.94744
0,0,0,0,89.55,-0.42275,-0.74741,0.94808
0,0,0,0,89.56,-0.41937,-0.74903,0.94881
0,0,0,0,89.57,-0.41589,-0.75068,0.94945
0,0,0,0,89.58,-0.4125,-0.75234,0.95033
0,0,0,0,89.59,-0.40896,-0.75374,0.95109
0,0,0,0,89.6,-0.40556,-0.75488,0.95167
0,0,0,0,89.61,-0.40213,-0.7561,0.95248
0,0,0,0,89.62,-0.39882,-0.75722,0.95326
0,0,0,0,89.63,-0.39538,-0.75833,0.95405
0,0,0,0,89.64,-0.39193,-0.75946,0.95503
0,0,0,0,89.65,-0.38863,-0.76045,0.95605
0,0,0,0,89.66,-0.38519,-0.76137,0.95692
0,0,0,0,89.67,-0.38177,-0.7622,0.95777
0,0,0,0,89.68,-0.37837,-0.763,0.95859
0,0,0,0,89.69,-0.37504,-0.7637,0.95959
0,0,0,0,89.7,-0.37159,-0.76432,0.96045
0,0,0,0,89.71,-0.36832,-0.76488,0.96147
0,0,0,0,89.72,-0.36508,-0.76542,0.96257
0,0,0,0,89.73,-0.36175,-0.76587,0.96354
0,0,0,0,89.74,-0.35844,-0.76628,0.96455
0,0,0,0,89.75,-0.35517,-0.76658,0.9655
0,0,0,0,89.76,-0.3519,-0.76681,0.96652
0,0,0,0,89.77,-0.3486,-0.76696,0.96739
0,0,0,0,89.78,-0.3454,-0.76708,0.9684
0,0,0,0,89.79,-0.34223,-0.76716,0.96953
0,0,0,0,89.8,-0.33899,-0.76719,0.97055
0,0,0,0,89.81,-0.33574,-0.76718,0.97162
0,0,0,0,89.82,-0.33259,-0.76703,0.97279
0,0,0,0,89.83,-0.32945,-0.76681,0.97383
0,0,0,0,89.84,-0.3263,-0.76652,0.97494
0,0,0,0,89.85,-0.32311,-0.76624,0.97587
0,0,0,0,89.86,-0.31985,-0.76591,0.97672
0,0,0,0,89.87,-0.31691,-0.76542,0.97811
0,0,0,0,89.88,-0.31374,-0.76492,0.97912
0,0,0,0,89.89,-0.31066,-0.76429,0.98019
0,0,0,0,89.9,-0.30757,-0.76363,0.98131
0,0,0,0,89.91,-0.30446,-0.7629,0.98237
0,0,0,0,89.92,-0.30134,-0.76219,0.98343
0,0,0,0,89.93,-0.29823,-0.76143,0.98453
0,0,0,0,89.94,-0.29513,-0.76055,0.9856
0,0,0,0,89.95,-0.29203,-0.75958,0.98664
0,0,0,0,89.96,-0.28901,-0.75858,0.9876
0,0,0,0,89.97,-0.28599,-0.7576,0.98862
0,0,0,0,89.98,-0.28301,-0.75654,0.98983
0,0,0,0,89.99,-0.28004,-0.75545,0.9911
0,0,0,0,90,-0.27706,-0.75421,0.99221
0,0,0,0,90.01,-0.27409,-0.75288,0.99333
0,0,0,0,90.02,-0.2711,-0.75163,0.99445
0,0,0,0,90.03,-0.26819,-0.75039,0.99548
0,0,0,0,90.04,-0.26521,-0.74905,0.99649
0,0,0,0,90.05,-0.26245,-0.74749,0.99748
0,0,0,0,90.06,-0.25947,-0.74592,0.99845
0,0,0,0,90.07,-0.25661,-0.74445,0.99949
0,0,0,0,90.08,-0.25386,-0.74291,1.0008
0,0,0,0,90.09,-0.25101,-0.74123,1.0019
0,0,0,0,90.1,-0.2484,-0.73935,1.0033
0,0,0,0,90.11,-0.24551,-0.73776,1.0043
0,0,0,0,90.12,-0.24268,-0.73612,1.0055
0,0,0,0,90.13,-0.24,-0.73428,1.0066
0,0,0,0,90.14,-0.23719,-0.73236,1.0077
0,0,0,0,90.15,-0.23437,-0.73055,1.0089
0,0,0,0,90.16,-0.23169,-0.7286,1.0102
0,0,0,0,90.17,-0.22885,-0.72658,1.0112
0,0,0,0,90.18,-0.22627,-0.72457,1.0124
0,0,0,0,90.19,-0.22361,-0.72254,1.0136
0,0,0,0,90.2,-0.22087,-0.72036,1.0148
0,0,0,0,90.21,-0.21826,-0.71823,1.016
0,0,0,0,90.22,-0.21573,-0.7161,1.0172
0,0,0,0,90.23,-0.21314,-0.71377,1.0184
0,0,0,0,90.24,-0.21045,-0.71158,1.0195
0,0,0,0,90.25,-0.2077,-0.70936,1.0207
0,0,0,0,90.26,-0.20517,-0.7069,1.0218
0,0,0,0,90.27,-0.2028,-0.70447,1.0232
0,0,0,0,90.28,-0.20031,-0.70206,1.0245
0,0,0,0,90.29,-0.19792,-0.69956,1.0257
0,0,0,0,90.3,-0.19523,-0.69715,1.0269
0,0,0,0,90.31,-0.19278,-0.69446,1.028
0,0,0,0,90.32,-0.19034,-0.69187,1.0292
0,0,0,0,90.33,-0.18797,-0.68921,1.0305
0,0,0,0,90.34,-0.18546,-0.68655,1.0319
0,0,0,0,90.35,-0.18308,-0.68389,1.0333
0,0,0,0,90.36,-0.18066,-0.68119,1.0345
0,0,0,0,90.37,-0.17807,-0.67845,1.0358
0,0,0,0,90.38,-0.17558,-0.67565,1.037
0,0,0,0,90.39,-0.17315,-0.67283,1.0383
0,0,0,0,90.4,-0.17078,-0.66994,1.0397
0,0,0,0,90.41,-0.1685,-0.66707,1.0411
0,0,0,0,90.42,-0.16596,-0.66428,1.0424
0,0,0,0,90.43,-0.1637,-0.66127,1.0437
0,0,0,0,90.44,-0.16129,-0.65834,1.045
0,0,0,0,90.45,-0.15902,-0.65524,1.0464
0,0,0,0,90.46,-0.15683,-0.65217,1.0477
0,0,0,0,90.47,-0.15467,-0.64914,1.0491
0,0,0,0,90.48,-0.1524,-0.64603,1.0505
0,0,0,0,90.49,-0.14993,-0.64297,1.0518
0,0,0,0,90.5,-0.14762,-0.63977,1.0531
0,0,0,0,90.51,-0.14555,-0.63648,1.0545
0,0,0,0,90.52,-0.14329,-0.63332,1.0559
0,0,0,0,90.53,-0.14114,-0.63006,1.0574
0,0,0,0,90.54,-0.13904,-0.62673,1.0587
0,0,0,0,90.55,-0.13681,-0.62339,1.0601
0,0,0,0,90.56,-0.13446,-0.6201,1.0614
0,0,0,0,90.57,-0.1323,-0.61678,1.0627
0,0,0,0,90.58,-0.13037,-0.61336,1.0641
0,0,0,0,90.59,-0.12804,-0.61001,1.0655
0,0,0,0,90.6,-0.1258,-0.60661,1.0668
0,0,0,0,90.61,-0.12381,-0.60312,1.0681
0,0,0,0,90.62,-0.1217,-0.59974,1.0696
0,0,0,0,90.63,-0.11949,-0.59625,1.0709
0,0,0,0,90.64,-0.1174,-0.59272,1.0722
0,0,0,0,90.65,-0.11546,-0.58923,1.0736
0,0,0,0,90.66,-0.1133,-0.58571,1.075
0,0,0,0,90.67,-0.11114,-0.58228,1.0763
0,0,0,0,90.68,-0.10906,-0.57866,1.0776
0,0,0,0,90.69,-0.10701,-0.57514,1.0789
0,0,0,0,90.7,-0.10494,-0.57154,1.0802
0,0,0,0,90.71,-0.10285,-0.56795,1.0817
0,0,0,0,90.72,-0.10085,-0.56427,1.0831
0,0,0,0,90.73,-0.098807,-0.56061,1.0844
0,0,0,0,90.74,-0.096646,-0.55699,1.0857
0,0,0,0,90.75,-0.094438,-0.55333,1.087
0,0,0,0,90.76,-0.092464,-0.54959,1.0884
0,0,0,0,90.77,-0.090421,-0.5459,1.0898
0,0,0,0,90.78,-0.088185,-0.54227,1.0911
0,0,0,0,90.79,-0.086223,-0.5384,1.0925
0,0,0,0,90.8,-0.084221,-0.53464,1.0937
0,0,0,0,90.81,-0.082063,-0.53091,1.0949
0,0,0,0,90.82,-0.079868,-0.52712,1.0962
0,0,0,0,90.83,-0.078012,-0.52329,1.0976
0,0,0,0,90.84,-0.075965,-0.51948,1.0989
0,0,0,0,90.85,-0.073793,-0.51574,1.1
0,0,0,0,90.86,-0.071731,-0.51188,1.1012
0,0,0,0,90.87,-0.069812,-0.50811,1.1025
0,0,0,0,90.88,-0.067771,-0.50431,1.1037
0,0,0,0,90.89,-0.065649,-0.50051,1.1048
0,0,0,0,90.9,-0.063634,-0.49662,1.1059
0,0,0,0,90.91,-0.061567,-0.49275,1.107
0,0,0,0,90.92,-0.059444,-0.48894,1.1081
0,0,0,0,90.93,-0.057447,-0.48501,1.1092
0,0,0,0,90.94,-0.055417,-0.48117,1.1102
0,0,0,0,90.95,-0.053323,-0.47723,1.1112
0,0,0,0,90.96,-0.051191,-0.47332,1.1121
0,0,0,0,90.97,-0.049153,-0.46931,1.113
0,0,0,0,90.98,-0.046957,-0.46534,1.1138
0,0,0,0,90.99,-0.044762,-0.46136,1.1146
0,0,0,0,91,-0.042737,-0.45733,1.1156
0,0,0,0,91.01,-0.040618,-0.45327,1.1163
0,0,0,0,91.02,-0.038479,-0.44924,1.1171
0,0,0,0,91.03,-0.036334,-0.44515,1.1178
0,0,0,0,91.04,-0.034024,-0.44115,1.1185
0,0,0,0,91.05,-0.031814,-0.43708,1.1191
0,0,0,0,91.06,-0.02953,-0.43298,1.1198
0,0,0,0,91.07,-0.027236,-0.42893,1.1204
0,0,0,0,91.08,-0.025161,-0.42485,1.1211
0,0,0,0,91.09,-0.022951,-0.42085,1.1217
0,0,0,0,91.1,-0.020582,-0.41695,1.1223
0,0,0,0,91.11,-0.018303,-0.41293,1.1228
0,0,0,0,91.12,-0.015947,-0.409,1.1234
0,0,0,0,91.13,-0.013559,-0.40509,1.1239
0,0,0,0,91.14,-0.011285,-0.40106,1.1243
0,0,0,0,91.15,-0.008927,-0.39704,1.1247
0,0,0,0,91.16,-0.006548,-0.39309,1.1252
0,0,0,0,91.17,-0.004339,-0.38903,1.1258
0,0,0,0,91.18,-0.002013,-0.38505,1.1262
0,0,0,0,91.19,0.000439,-0.38114,1.1267
0,0,0,0,91.2,0.002807,-0.37723,1.1273
0,0,0,0,91.21,0.005236,-0.3732,1.1277
0,0,0,0,91.22,0.007696,-0.36922,1.1281
0,0,0,0,91.23,0.010193,-0.36523,1.1285
0,0,0,0,91.24,0.012634,-0.3612,1.1288
0,0,0,0,91.25,0.015217,-0.35734,1.1291
0,0,0,0,91.26,0.017667,-0.35334,1.1295
0,0,0,0,91.27,0.020188,-0.34928,1.1299
0,0,0,0,91.28,0.022781,-0.34533,1.1301
0,0,0,0,91.29,0.025428,-0.34126,1.1304
0,0,0,0,91.3,0.028077,-0.33723,1.1307
0,0,0,0,91.31,0.030711,-0.33327,1.1309
0,0,0,0,91.32,0.033439,-0.32914,1.1311
0,0,0,0,91.33,0.036065,-0.32512,1.1314
0,0,0,0,91.34,0.03875,-0.32109,1.1315
0,0,0,0,91.35,0.041461,-0.31712,1.1317
0,0,0,0,91.36,0.044223,-0.3131,1.1318
0,0,0,0,91.37,0.046993,-0.30911,1.132
0,0,0,0,91.38,0.049797,-0.30517,1.1322
0,0,0,0,91.39,0.052649,-0.30116,1.1323
0,0,0,0,91.4,0.055546,-0.29711,1.1324
0,0,0,0,91.41,0.058328,-0.29317,1.1325
0,0,0,0,91.42,0.061238,-0.28915,1.1325
0,0,0,0,91.43,0.064103,-0.28517,1.1326
0,0,0,0,91.44,0.067146,-0.28125,1.1326
0,0,0,0,91.45,0.070112,-0.27721,1.1326
0,0,0,0,91.46,0.073135,-0.27323,1.1326
0,0,0,0,91.47,0.076166,-0.26931,1.1327
0,0,0,0,91.48,0.079116,-0.26529,1.1327
0,0,0,0,91.49,0.082216,-0.26131,1.1326
0,0,0,0,91.5,0.085266,-0.2574,1.1326
0,0,0,0,91.51,0.088273,-0.25339,1.1326
0,0,0,0,91.52,0.091546,-0.24946,1.1325
0,0,0,0,91.53,0.094652,-0.24553,1.1325
0,0,0,0,91.54,0.097846,-0.24151,1.1324
0,0,0,0,91.55,0.10104,-0.23752,1.1323
0,0,0,0,91.56,0.10429,-0.23364,1.1322
0,0,0,0,91.57,0.10753,-0.22966,1.1321
0,0,0,0,91.58,0.11089,-0.22563,1.132
0,0,0,0,91.59,0.11427,-0.22167,1.1318
0,0,0,0,91.6,0.11762,-0.21774,1.1317
0,0,0,0,91.61,0.121,-0.21378,1.1316
0,0,0,0,91.62,0.12437,-0.20984,1.1314
0,0,0,0,91.63,0.12775,-0.20575,1.1313
0,0,0,0,91.64,NaN,NaN,NaN
0,0,0,0,91.65,NaN,NaN,NaN
0,0,0,0,91.66,NaN,NaN,NaN
0,0,0,0,91.67,NaN,NaN,NaN
0,0,0,0,91.68,NaN,NaN,NaN
0,0,0,0,91.69,NaN,NaN,NaN
0,0,0,0,91.7,NaN,NaN,NaN
0,0,0,0,91.71,NaN,NaN,NaN
0,0,0,0,91.72,0.15993,-0.17,1.1295
0,0,0,0,91.73,NaN,NaN,NaN
0,0,0,0,91.74,0.16714,-0.16198,1.129
0,0,0,0,91.75,NaN,NaN,NaN
0,0,0,0,91.76,0.1745,-0.1539,1.1287
0,0,0,0,91.77,0.17838,-0.14989,1.1283
0,0,0,0,91.78,0.18216,-0.14581,1.128
0,0,0,0,91.79,0.18591,-0.14176,1.1279
0,0,0,0,91.8,0.18979,-0.13781,1.1277
0,0,0,0,91.81,0.19363,-0.13368,1.1275
0,0,0,0,91.82,0.19754,-0.12953,1.1271
0,0,0,0,91.83,0.20145,-0.12554,1.1269
0,0,0,0,91.84,0.20533,-0.1214,1.1267
0,0,0,0,91.85,0.20929,-0.11729,1.1265
0,0,0,0,91.86,0.2132,-0.11317,1.1262
0,0,0,0,91.87,0.2171,-0.10895,1.126
0,0,0,0,91.88,NaN,NaN,NaN
0,0,0,0,91.89,NaN,NaN,NaN
0,0,0,0,91.9,NaN,NaN,NaN
0,0,0,0,91.91,NaN,NaN,NaN
0,0,0,0,91.92,NaN,NaN,NaN
0,0,0,0,91.93,NaN,NaN,NaN
0,0,0,0,91.94,NaN,NaN,NaN
0,0,0,0,91.95,NaN,NaN,NaN
0,0,0,0,91.96,0.25336,-0.071316,1.1235
0,0,0,0,91.97,0.25751,-0.067061,1.1231
0,0,0,0,91.98,0.26174,-0.062795,1.1228
0,0,0,0,91.99,0.26586,-0.058472,1.1225
0,0,0,0,92,0.27002,-0.054092,1.1221
0,0,0,0,92.01,0.27424,-0.049852,1.1217
0,0,0,0,92.02,0.27839,-0.045532,1.1213
0,0,0,0,92.03,0.28254,-0.041093,1.1209
0,0,0,0,92.04,0.28684,-0.036725,1.1205
0,0,0,0,92.05,NaN,NaN,NaN
0,0,0,0,92.06,NaN,NaN,NaN
0,0,0,0,92.07,NaN,NaN,NaN
0,0,0,0,92.08,NaN,NaN,NaN
0,0,0,0,92.09,NaN,NaN,NaN
0,0,0,0,92.1,NaN,NaN,NaN
0,0,0,0,92.11,NaN,NaN,NaN
0,0,0,0,92.12,NaN,NaN,NaN
0,0,0,0,92.13,NaN,NaN,NaN
0,0,0,0,92.14,0.33031,0.007779,1.1167
0,0,0,0,92.15,0.33479,0.012187,1.1163
0,0,0,0,92.16,0.3392,0.016818,1.1159
0,0,0,0,92.17,0.34368,0.021408,1.1154
0,0,0,0,92.18,0.34813,0.026003,1.115
0,0,0,0,92.19,0.35265,0.030501,1.1146
0,0,0,0,92.2,0.35718,0.035027,1.1142
0,0,0,0,92.21,0.36169,0.039662,1.1137
0,0,0,0,92.22,0.36619,0.044347,1.1132
0,0,0,0,92.23,0.37068,0.048993,1.1128
0,0,0,0,92.24,0.37524,0.053609,1.1124
0,0,0,0,92.25,0.37985,0.058344,1.1118
0,0,0,0,92.26,0.38442,0.063024,1.1114
0,0,0,0,92.27,0.38901,0.06776,1.1109
0,0,0,0,92.28,0.3937,0.072403,1.1104
0,0,0,0,92.29,0.39833,0.077036,1.11
0,0,0,0,92.3,0.403,0.081921,1.1094
0,0,0,0,92.31,0.40778,0.086672,1.1089
0,0,0,0,92.32,0.41253,0.091406,1.1083
0,0,0,0,92.33,0.41741,0.096112,1.1078
0,0,0,0,92.34,0.42215,0.10097,1.1072
0,0,0,0,92.35,0.42688,0.10583,1.1067
0,0,0,0,92.36,0.43171,0.1107,1.1061
0,0,0,0,92.37,0.4365,0.11554,1.1055
0,0,0,0,92.38,0.44136,0.12033,1.1051
0,0,0,0,92.39,0.44623,0.12528,1.1044
0,0,0,0,92.4,0.45108,0.13025,1.1039
0,0,0,0,92.41,0.45596,0.13517,1.1033
0,0,0,0,92.42,0.46092,0.14002,1.1028
0,0,0,0,92.43,0.46589,0.14477,1.1022
0,0,0,0,92.44,0.47092,0.14973,1.1016
0,0,0,0,92.45,0.47592,0.15477,1.1011
0,0,0,0,92.46,0.4809,0.15978,1.1005
0,0,0,0,92.47,0.48602,0.16469,1.0999
0,0,0,0,92.48,0.4911,0.16966,1.0992
0,0,0,0,92.49,0.496,0.17481,1.0987
0,0,0,0,92.5,0.50111,0.17978,1.098
0,0,0,0,92.51,0.50617,0.18479,1.0973
0,0,0,0,92.52,0.5113,0.18978,1.0967
0,0,0,0,92.53,0.51638,0.19489,1.096
0,0,0,0,92.54,0.5214,0.20003,1.0953
0,0,0,0,92.55,0.52647,0.20517,1.0946
0,0,0,0,92.56,0.53164,0.21029,1.0939
0,0,0,0,92.57,0.53681,0.2154,1.0932
0,0,0,0,92.58,0.5419,0.22062,1.0925
0,0,0,0,92.59,0.54708,0.22585,1.0918
0,0,0,0,92.6,0.55226,0.23116,1.0911
0,0,0,0,92.61,0.55751,0.23636,1.0904
0,0,0,0,92.62,0.56286,0.24151,1.0895
0,0,0,0,92.63,0.5681,0.24682,1.0888
0,0,0,0,92.64,0.57337,0.25212,1.088
0,0,0,0,92.65,0.57865,0.25746,1.0873
0,0,0,0,92.66,0.584,0.26281,1.0866
0,0,0,0,92.67,0.58948,0.26798,1.0859
0,0,0,0,92.68,0.59483,0.27324,1.0852
0,0,0,0,92.69,0.60021,0.27855,1.0844
0,0,0,0,92.7,0.60561,0.28385,1.0836
0,0,0,0,92.71,0.61097,0.28924,1.0829
0,0,0,0,92.72,0.61638,0.29455,1.0822
0,0,0,0,92.73,0.6219,0.29984,1.0814
0,0,0,0,92.74,0.62735,0.30521,1.0805
0,0,0,0,92.75,0.63277,0.31064,1.0798
0,0,0,0,92.76,0.63817,0.31609,1.079
0,0,0,0,92.77,0.6438,0.32133,1.0783
0,0,0,0,92.78,0.6494,0.32672,1.0776
0,0,0,0,92.79,0.65494,0.33216,1.0768
0,0,0,0,92.8,0.66057,0.33755,1.0761
0,0,0,0,92.81,0.6663,0.34289,1.0754
0,0,0,0,92.82,0.67193,0.34828,1.0747
0,0,0,0,92.83,0.6775,0.35372,1.0739
0,0,0,0,92.84,0.68327,0.35907,1.0731
0,0,0,0,92.85,0.68884,0.36441,1.0724
0,0,0,0,92.86,0.69462,0.36955,1.0716
0,0,0,0,92.87,0.70037,0.37474,1.071
0,0,0,0,92.88,0.70602,0.38,1.0703
0,0,0,0,92.89,0.71166,0.38515,1.0695
0,0,0,0,92.9,0.71741,0.39025,1.0688
0,0,0,0,92.91,0.72317,0.39534,1.0682
0,0,0,0,92.92,0.72902,0.40049,1.0675
0,0,0,0,92.93,0.73474,0.4056,1.0668
0,0,0,0,92.94,0.74053,0.41071,1.0661
0,0,0,0,92.95,0.74636,0.41596,1.0654
0,0,0,0,92.96,0.75219,0.4211,1.0646
0,0,0,0,92.97,0.75809,0.42616,1.0639
0,0,0,0,92.98,0.76402,0.43131,1.0631
0,0,0,0,92.99,0.76998,0.43649,1.0623
0,0,0,0,93,0.77591,0.44162,1.0616
0,0,0,0,93.01,0.78185,0.44674,1.0607
0,0,0,0,93.02,0.7877,0.45197,1.0599
0,0,0,0,93.03,0.7937,0.45704,1.0591
0,0,0,0,93.04,0.7997,0.46207,1.0583
0,0,0,0,93.05,0.80575,0.46726,1.0575
0,0,0,0,93.06,0.81185,0.4723,1.0567
0,0,0,0,93.07,0.81791,0.47725,1.0558
0,0,0,0,93.08,0.82381,0.48244,1.0548
0,0,0,0,93.09,0.82985,0.48752,1.054
0,0,0,0,93.1,0.83602,0.49246,1.0531
0,0,0,0,93.11,0.8421,0.49744,1.0522
0,0,0,0,93.12,0.84805,0.50249,1.0513
0,0,0,0,93.13,0.85418,0.50742,1.0504
0,0,0,0,93.14,0.86042,0.51222,1.0495
0,0,0,0,93.15,0.86678,0.51699,1.0485
0,0,0,0,93.16,0.873,0.52175,1.0476
0,0,0,0,93.17,0.87914,0.52671,1.0466
0,0,0,0,93.18,0.88529,0.53159,1.0457
0,0,0,0,93.19,0.89145,0.53651,1.0448
0,0,0,0,93.2,0.89769,0.54129,1.0438
0,0,0,0,93.21,0.90402,0.54598,1.0428
0,0,0,0,93.22,0.91044,0.55052,1.0418
0,0,0,0,93.23,0.91686,0.55515,1.0408
0,0,0,0,93.24,0.92322,0.55969,1.0399
0,0,0,0,93.25,0.92949,0.56443,1.0389
0,0,0,0,93.26,0.93591,0.56904,1.038
0,0,0,0,93.27,0.94237,0.57352,1.037
0,0,0,0,93.28,0.94867,0.57818,1.0361
0,0,0,0,93.29,0.95498,0.58294,1.0351
0,0,0,0,93.3,0.96161,0.58719,1.0341
0,0,0,0,93.31,0.96808,0.59174,1.0329
0,0,0,0,93.32,0.97447,0.59605,1.032
0,0,0,0,93.33,0.98096,0.60049,1.0309
0,0,0,0,93.34,0.98752,0.60469,1.03
0,0,0,0,93.35,0.99413,0.60916,1.029
0,0,0,0,93.36,1.0007,0.61323,1.0279
0,0,0,0,93.37,1.0071,0.61777,1.0269
0,0,0,0,93.38,1.0137,0.62178,1.0259
0,0,0,0,93.39,1.0203,0.62636,1.025
0,0,0,0,93.4,1.0269,0.63068,1.0239
0,0,0,0,93.41,1.0335,0.63491,1.0229
0,0,0,0,93.42,1.0402,0.63935,1.0219
0,0,0,0,93.43,1.0468,0.64356,1.021
0,0,0,0,93.44,1.0534,0.64773,1.0199
0,0,0,0,93.45,1.06,0.65177,1.0188
0,0,0,0,93.46,1.0666,0.65593,1.0178
0,0,0,0,93.47,1.0733,0.65992,1.0167
0,0,0,0,93.48,1.0799,0.66412,1.0155
0,0,0,0,93.49,1.0866,0.66797,1.0145
0,0,0,0,93.5,1.093,0.67224,1.0134
0,0,0,0,93.51,1.0996,0.67631,1.0123
0,0,0,0,93.52,1.1061,0.68047,1.0111
0,0,0,0,93.53,1.1129,0.68422,1.0096
0,0,0,0,93.54,1.1194,0.68843,1.0085
0,0,0,0,93.55,1.1258,0.69231,1.0073
0,0,0,0,93.56,1.1322,0.69652,1.0063
0,0,0,0,93.57,1.1385,0.70042,1.0051
0,0,0,0,93.58,1.145,0.70425,1.0036
0,0,0,0,93.59,1.1516,0.70803,1.0024
0,0,0,0,93.6,1.1578,0.71216,1.0011
0,0,0,0,93.61,1.1641,0.71588,0.9999
0,0,0,0,93.62,1.1704,0.71951,0.9984
0,0,0,0,93.63,1.1766,0.72355,0.99717
0,0,0,0,93.64,1.1826,0.7276,0.99589
0,0,0,0,93.65,1.1889,0.73084,0.99456
0,0,0,0,93.66,1.195,0.73483,0.99307
0,0,0,0,93.67,1.2006,0.73949,0.99199
0,0,0,0,93.68,1.2067,0.74237,0.99043
0,0,0,0,93.69,1.2125,0.7461,0.98922
0,0,0,0,93.7,1.2183,0.74981,0.98782
0,0,0,0,93.71,1.2242,0.75301,0.98644
0,0,0,0,93.72,1.23,0.75644,0.98497
0,0,0,0,93.73,1.2356,0.75945,0.98383
0,0,0,0,93.74,1.2412,0.76263,0.98255
0,0,0,0,93.75,1.2468,0.76702,0.98114
0,0,0,0,93.76,1.2526,0.76968,0.97972
0,0,0,0,93.77,1.2582,0.77295,0.97815
0,0,0,0,93.78,1.2635,0.7763,0.9771
0,0,0,0,93.79,1.2692,0.77939,0.97545
0,0,0,0,93.8,1.2746,0.78248,0.97389
0,0,0,0,93.81,1.28,0.78578,0.97274
0,0,0,0,93.82,1.2852,0.78907,0.97161
0,0,0,0,93.83,1.2903,0.79234,0.97037
0,0,0,0,93.84,1.2952,0.79626,0.96913
0,0,0,0,93.85,1.3001,0.79976,0.96767
0,0,0,0,93.86,1.305,0.80249,0.96649
0,0,0,0,93.87,1.3102,0.80495,0.96503
0,0,0,0,93.88,1.3151,0.80788,0.96366
0,0,0,0,93.89,1.3198,0.81088,0.96233
0,0,0,0,93.9,1.3244,0.81421,0.96114
0,0,0,0,93.91,1.3291,0.8169,0.95968
0,0,0,0,93.92,1.3338,0.8199,0.95802
0,0,0,0,93.93,1.338,0.8233,0.95712
0,0,0,0,93.94,1.3422,0.82618,0.95576
0,0,0,0,93.95,1.3467,0.82838,0.95408
0,0,0,0,93.96,1.3508,0.83118,0.95276
0,0,0,0,93.97,1.3549,0.83418,0.95149
0,0,0,0,93.98,1.3586,0.83727,0.9504
0,0,0,0,93.99,1.3621,0.84063,0.94906
0,0,0,0,94,1.3659,0.84309,0.94773
0,0,0,0,94.01,NaN,NaN,NaN
0,0,0,0,94.02,NaN,NaN,NaN
0,0,0,0,94.03,NaN,NaN,NaN
0,0,0,0,94.04,NaN,NaN,NaN
0,0,0,0,94.05,1.3832,0.85551,0.94109
0,0,0,0,94.06,1.3862,0.85824,0.93951
0,0,0,0,94.07,1.3898,0.85979,0.93772
0,0,0,0,94.08,1.3928,0.86221,0.93632
0,0,0,0,94.09,1.3958,0.86472,0.93496
0,0,0,0,94.1,1.3987,0.8675,0.93382
0,0,0,0,94.11,1.4013,0.87014,0.93256
0,0,0,0,94.12,1.4044,0.87184,0.93079
0,0,0,0,94.13,1.4068,0.87434,0.92951
0,0,0,0,94.14,1.4091,0.87721,0.92859
0,0,0,0,94.15,1.4121,0.87935,0.92668
0,0,0,0,94.16,1.4146,0.88204,0.92517
0,0,0,0,94.17,1.4168,0.88375,0.92419
0,0,0,0,94.18,1.4194,0.88674,0.92239
0,0,0,0,94.19,1.4214,0.88818,0.92135
0,0,0,0,94.2,1.4232,0.89038,0.91983
0,0,0,0,94.21,1.4251,0.89249,0.91845
0,0,0,0,94.22,1.4274,0.89507,0.91715
0,0,0,0,94.23,1.4295,0.89768,0.9157
0,0,0,0,94.24,1.4315,0.90049,0.91397
0,0,0,0,94.25,1.433,0.90189,0.91247
0,0,0,0,94.26,1.4349,0.90529,0.91092
0,0,0,0,94.27,1.4365,0.90721,0.90982
0,0,0,0,94.28,1.4386,0.90966,0.90821
0,0,0,0,94.29,1.4396,0.91204,0.90695
0,0,0,0,94.3,1.441,0.9134,0.90577
0,0,0,0,94.31,1.4425,0.91523,0.90414
0,0,0,0,94.32,1.4431,0.91869,0.90282
0,0,0,0,94.33,1.4444,0.92099,0.9013
0,0,0,0,94.34,1.4461,0.92079,0.90014
0,0,0,0,94.35,1.4477,0.92388,0.89845
0,0,0,0,94.36,1.4489,0.92681,0.8968
0,0,0,0,94.37,1.4494,0.92839,0.89603
0,0,0,0,94.38,1.4503,0.93024,0.89449
0,0,0,0,94.39,1.4512,0.93211,0.89304
0,0,0,0,94.4,1.4519,0.93427,0.89158
0,0,0,0,94.41,1.4523,0.93707,0.89031
0,0,0,0,94.42,1.4533,0.93801,0.88905
0,0,0,0,94.43,1.4549,0.9408,0.88734
0,0,0,0,94.44,1.4552,0.94349,0.88604
0,0,0,0,94.45,1.4559,0.94613,0.88509
0,0,0,0,94.46,1.4565,0.94843,0.88358
0,0,0,0,94.47,1.4566,0.94995,0.88179
0,0,0,0,94.48,1.4577,0.95149,0.8806
0,0,0,0,94.49,1.4583,0.95259,0.87902
0,0,0,0,94.5,1.4581,0.95485,0.87742
0,0,0,0,94.51,1.4581,0.9578,0.87627
0,0,0,0,94.52,1.4595,0.96001,0.87472
0,0,0,0,94.53,1.4597,0.96234,0.87355
0,0,0,0,94.54,1.4592,0.96444,0.87214
0,0,0,0,94.55,1.4591,0.96634,0.8709
0,0,0,0,94.56,1.4587,0.96924,0.86966
0,0,0,0,94.57,1.4589,0.97167,0.86821
0,0,0,0,94.58,1.4591,0.97401,0.86685
0,0,0,0,94.59,1.4589,0.97606,0.86537
0,0,0,0,94.6,1.4586,0.97743,0.86355
0,0,0,0,94.61,1.4583,0.97839,0.86265
0,0,0,0,94.62,1.4577,0.98078,0.86152
0,0,0,0,94.63,1.4568,0.98357,0.86033
0,0,0,0,94.64,1.4575,0.98567,0.85886
0,0,0,0,94.65,1.4571,0.98837,0.85725
0,0,0,0,94.66,1.4561,0.99087,0.85541
0,0,0,0,94.67,1.4547,0.9919,0.85464
0,0,0,0,94.68,1.4542,0.99534,0.85341
0,0,0,0,94.69,1.4535,0.99849,0.85252
0,0,0,0,94.7,1.4534,0.99869,0.85109
0,0,0,0,94.71,1.4521,1.001,0.84937
0,0,0,0,94.72,1.4502,1.0023,0.8489
0,0,0,0,94.73,1.4491,1.0049,0.84814
0,0,0,0,94.74,1.4483,1.006,0.84696
0,0,0,0,94.75,1.4471,1.0086,0.84587
0,0,0,0,94.76,1.4454,1.0119,0.8451
0,0,0,0,94.77,1.4439,1.0146,0.8437
0,0,0,0,94.78,1.4428,1.0143,0.84271
0,0,0,0,94.79,1.4413,1.0161,0.8418
0,0,0,0,94.8,1.4397,1.0188,0.84085
0,0,0,0,94.81,1.4374,1.0219,0.84013
0,0,0,0,94.82,1.436,1.0235,0.83934
0,0,0,0,94.83,1.4342,1.0254,0.83847
0,0,0,0,94.84,1.4318,1.0272,0.83751
0,0,0,0,94.85,NaN,NaN,NaN
0,0,0,0,94.86,NaN,NaN,NaN
0,0,0,0,94.87,1.4266,1.0324,0.83499
0,0,0,0,94.88,1.4241,1.0355,0.83442
0,0,0,0,94.89,1.4215,1.0369,0.83369
0,0,0,0,94.9,1.4193,1.0387,0.83309
0,0,0,0,94.91,1.4169,1.0408,0.83218
0,0,0,0,94.92,1.4145,1.043,0.83145
0,0,0,0,94.93,1.4118,1.045,0.83042
0,0,0,0,94.94,1.4089,1.0455,0.82956
0,0,0,0,94.95,1.406,1.0488,0.82889
0,0,0,0,94.96,1.4043,1.0515,0.8279
0,0,0,0,94.97,1.4015,1.0522,0.82747
0,0,0,0,94.98,1.3987,1.0549,0.82627
0,0,0,0,94.99,1.3954,1.0567,0.82531
0,0,0,0,95,1.3922,1.0584,0.82479
0,0,0,0,95.01,1.3884,1.0597,0.82438
0,0,0,0,95.02,1.3851,1.0612,0.82415
0,0,0,0,95.03,1.3809,1.0629,0.82345
0,0,0,0,95.04,1.3787,1.0653,0.82223
0,0,0,0,95.05,1.3744,1.0682,0.82231
0,0,0,0,95.06,1.3712,1.0693,0.82174
0,0,0,0,95.07,1.3676,1.0695,0.82146
0,0,0,0,95.08,1.3639,1.07,0.82082
0,0,0,0,95.09,1.3597,1.0714,0.82026
0,0,0,0,95.1,1.3559,1.0739,0.8199
0,0,0,0,95.11,1.3519,1.0758,0.81939
0,0,0,0,95.12,1.3481,1.076,0.81891
0,0,0,0,95.13,NaN,NaN,NaN
0,0,0,0,95.14,NaN,NaN,NaN
0,0,0,0,95.15,NaN,NaN,NaN
0,0,0,0,95.16,1.3318,1.0832,0.81632
0,0,0,0,95.17,1.3267,1.0841,0.81625
0,0,0,0,95.18,1.3228,1.0873,0.81598
0,0,0,0,95.19,1.3182,1.0891,0.81567
0,0,0,0,95.2,1.3143,1.0898,0.81513
0,0,0,0,95.21,1.3101,1.0911,0.81456
0,0,0,0,95.22,1.3054,1.0926,0.81396
0,0,0,0,95.23,1.3007,1.0934,0.81362
0,0,0,0,95.24,1.295,1.093,0.8142
0,0,0,0,95.25,1.2905,1.0953,0.8136
0,0,0,0,95.26,1.2867,1.0987,0.81264
0,0,0,0,95.27,1.282,1.0995,0.81255
0,0,0,0,95.28,1.2773,1.1018,0.81202
0,0,0,0,95.29,1.2726,1.1028,0.8117
0,0,0,0,95.3,1.2673,1.1037,0.81142
0,0,0,0,95.31,NaN,NaN,NaN
0,0,0,0,95.32,NaN,NaN,NaN
0,0,0,0,95.33,NaN,NaN,NaN
0,0,0,0,95.34,1.2479,1.1117,0.80992
0,0,0,0,95.35,1.2434,1.1121,0.80947
0,0,0,0,95.36,1.2384,1.1136,0.809
0,0,0,0,95.37,1.2332,1.1159,0.80838
0,0,0,0,95.38,1.2286,1.1168,0.80826
0,0,0,0,95.39,1.2239,1.1179,0.80798
0,0,0,0,95.4,1.2189,1.1201,0.80749
0,0,0,0,95.41,1.2139,1.1219,0.807
0,0,0,0,95.42,1.2087,1.124,0.80723
0,0,0,0,95.43,1.2037,1.1254,0.80684
0,0,0,0,95.44,1.1988,1.1271,0.80646
0,0,0,0,95.45,1.1939,1.1283,0.80606
0,0,0,0,95.46,1.189,1.1302,0.80582
0,0,0,0,95.47,1.1842,1.1316,0.80555
0,0,0,0,95.48,1.1794,1.133,0.8052
0,0,0,0,95.49,1.1745,1.1342,0.80493
0,0,0,0,95.5,NaN,NaN,NaN
0,0,0,0,95.51,NaN,NaN,NaN
0,0,0,0,95.52,NaN,NaN,NaN
0,0,0,0,95.53,NaN,NaN,NaN
0,0,0,0,95.54,NaN,NaN,NaN
0,0,0,0,95.55,NaN,NaN,NaN
0,0,0,0,95.56,NaN,NaN,NaN
0,0,0,0,95.57,NaN,NaN,NaN
0,0,0,0,95.58,NaN,NaN,NaN
0,0,0,0,95.59,1.1245,1.1516,0.80224
0,0,0,0,95.6,1.119,1.1541,0.80213
0,0,0,0,95.61,1.1146,1.1562,0.80156
0,0,0,0,95.62,1.1098,1.158,0.80129
0,0,0,0,95.63,1.1043,1.1615,0.80119
0,0,0,0,95.64,1.0994,1.1635,0.80092
0,0,0,0,95.65,NaN,NaN,NaN
0,0,0,0,95.66,NaN,NaN,NaN
0,0,0,0,95.67,NaN,NaN,NaN
0,0,0,0,95.68,NaN,NaN,NaN
0,0,0,0,95.69,NaN,NaN,NaN
0,0,0,0,95.7,1.0698,1.1759,0.79865
0,0,0,0,95.71,NaN,NaN,NaN
0,0,0,0,95.72,NaN,NaN,NaN
0,0,0,0,95.73,NaN,NaN,NaN
0,0,0,0,95.74,1.05,1.1844,0.79715
0,0,0,0,95.75,1.0453,1.186,0.7967
0,0,0,0,95.76,1.0402,1.1887,0.79636
0,0,0,0,95.77,1.0348,1.1916,0.79607
0,0,0,0,95.78,NaN,NaN,NaN
0,0,0,0,95.79,NaN,NaN,NaN
0,0,0,0,95.8,NaN,NaN,NaN
0,0,0,0,95.81,1.0138,1.2005,0.79406
0,0,0,0,95.82,1.0086,1.2028,0.79357
0,0,0,0,95.83,1.0031,1.205,0.79305
0,0,0,0,95.84,0.99743,1.208,0.79243
0,0,0,0,95.85,0.99162,1.2111,0.79234
0,0,0,0,95.86,0.98575,1.2136,0.79172
0,0,0,0,95.87,0.97983,1.2162,0.79093
0,0,0,0,95.88,0.9742,1.2187,0.79041
0,0,0,0,95.89,0.96865,1.2217,0.7897
0,0,0,0,95.9,0.96277,1.2242,0.78927
0,0,0,0,95.91,0.95664,1.2279,0.78928
0,0,0,0,95.92,0.95073,1.2309,0.78874
0,0,0,0,95.93,0.94481,1.2337,0.78819
0,0,0,0,95.94,0.93906,1.2354,0.7876
0,0,0,0,95.95,0.93287,1.2389,0.78722
0,0,0,0,95.96,0.92687,1.2425,0.78734
0,0,0,0,95.97,0.92099,1.2449,0.78709
0,0,0,0,95.98,0.91506,1.2479,0.78703
0,0,0,0,95.99,0.90834,1.2515,0.78655
0,0,0,0,96,0.90208,1.2546,0.78634
0,0,0,0,96.01,0.89583,1.2585,0.78604
0,0,0,0,96.02,0.88972,1.2594,0.78577
0,0,0,0,96.03,0.8833,1.2626,0.78607
0,0,0,0,96.04,0.87648,1.2658,0.78595
0,0,0,0,96.05,0.87002,1.2678,0.78581
0,0,0,0,96.06,0.86326,1.2708,0.78579
0,0,0,0,96.07,0.85634,1.2747,0.78584
0,0,0,0,96.08,0.84952,1.2773,0.78592
0,0,0,0,96.09,0.8426,1.2801,0.78583
0,0,0,0,96.1,0.83567,1.283,0.78568
0,0,0,0,96.11,0.82876,1.2853,0.7858
0,0,0,0,96.12,0.82191,1.2875,0.78594
0,0,0,0,96.13,0.81433,1.291,0.7859
0,0,0,0,96.14,0.80719,1.2937,0.78583
0,0,0,0,96.15,0.79958,1.2971,0.78613
0,0,0,0,96.16,0.79212,1.2999,0.7864
0,0,0,0,96.17,0.78469,1.3027,0.78646
0,0,0,0,96.18,0.77681,1.3059,0.78655
0,0,0,0,96.19,0.76906,1.3088,0.78666
0,0,0,0,96.2,0.76114,1.3118,0.78668
0,0,0,0,96.21,0.75326,1.3141,0.78682
0,0,0,0,96.22,0.7453,1.3165,0.78683
0,0,0,0,96.23,0.73718,1.3199,0.78707
0,0,0,0,96.24,0.7291,1.3221,0.78705
0,0,0,0,96.25,0.72097,1.3249,0.78686
0,0,0,0,96.26,0.71273,1.3278,0.78677
0,0,0,0,96.27,0.70402,1.33,0.78714
0,0,0,0,96.28,0.69578,1.332,0.78724
0,0,0,0,96.29,0.68725,1.3343,0.78709
0,0,0,0,96.3,0.67875,1.337,0.78714
0,0,0,0,96.31,0.67002,1.3399,0.78739
0,0,0,0,96.32,0.66133,1.3407,0.78784
0,0,0,0,96.33,0.65314,1.3416,0.78769
0,0,0,0,96.34,0.64385,1.3445,0.78768
0,0,0,0,96.35,0.63475,1.3459,0.7881
0,0,0,0,96.36,0.62583,1.3486,0.78818
0,0,0,0,96.37,0.61673,1.3507,0.78815
0,0,0,0,96.38,0.60761,1.3521,0.78829
0,0,0,0,96.39,0.59833,1.3532,0.78848
0,0,0,0,96.4,0.58921,1.3538,0.78824
0,0,0,0,96.41,0.58006,1.3555,0.7884
0,0,0,0,96.42,0.5711,1.3561,0.78849
0,0,0,0,96.43,0.56091,1.3574,0.78839
0,0,0,0,96.44,0.55136,1.358,0.78816
0,0,0,0,96.45,0.54176,1.3579,0.78796
0,0,0,0,96.46,0.53214,1.3594,0.78784
0,0,0,0,96.47,0.52208,1.3601,0.78846
0,0,0,0,96.48,0.51222,1.3602,0.78846
0,0,0,0,96.49,0.50254,1.3617,0.788
0,0,0,0,96.5,0.49249,1.3616,0.78749
0,0,0,0,96.51,0.48313,1.3635,0.7872
0,0,0,0,96.52,0.47302,1.3632,0.78736
0,0,0,0,96.53,0.46292,1.364,0.78761
0,0,0,0,96.54,0.4529,1.3646,0.78677
0,0,0,0,96.55,0.44282,1.3649,0.78672
0,0,0,0,96.56,0.43271,1.3648,0.78707
0,0,0,0,96.57,0.42275,1.3654,0.78669
0,0,0,0,96.58,0.41237,1.3643,0.78605
0,0,0,0,96.59,0.40208,1.3641,0.78581
0,0,0,0,96.6,0.39138,1.3626,0.78574
0,0,0,0,96.61,0.38098,1.362,0.78567
0,0,0,0,96.62,0.37113,1.3634,0.78511
0,0,0,0,96.63,0.36057,1.3625,0.78511
0,0,0,0,96.64,0.34977,1.3615,0.78512
0,0,0,0,96.65,0.33944,1.3603,0.78492
0,0,0,0,96.66,0.32867,1.36,0.78459
0,0,0,0,96.67,0.31809,1.3588,0.78439
0,0,0,0,96.68,0.30751,1.3579,0.78428
0,0,0,0,96.69,0.29689,1.3571,0.7842
0,0,0,0,96.7,0.28591,1.3553,0.78401
0,0,0,0,96.71,0.27503,1.3541,0.78392
0,0,0,0,96.72,0.26413,1.3522,0.78388
0,0,0,0,96.73,0.25273,1.3494,0.78361
0,0,0,0,96.74,0.2415,1.3476,0.78364
0,0,0,0,96.75,0.23106,1.3469,0.78344
0,0,0,0,96.76,0.21989,1.3444,0.78331
0,0,0,0,96.77,0.20861,1.3415,0.78303
0,0,0,0,96.78,0.19763,1.3383,0.78282
0,0,0,0,96.79,0.18647,1.3373,0.78313
0,0,0,0,96.8,0.17518,1.3343,0.78301
0,0,0,0,96.81,0.16407,1.3318,0.78321
0,0,0,0,96.82,0.15263,1.3273,0.78326
0,0,0,0,96.83,0.14142,1.3249,0.7834
0,0,0,0,96.84,0.13013,1.3209,0.78336
0,0,0,0,96.85,0.11869,1.3179,0.78366
0,0,0,0,96.86,0.10724,1.3146,0.78427
0,0,0,0,96.87,0.096206,1.3111,0.78418
0,0,0,0,96.88,0.084867,1.3078,0.78456
0,0,0,0,96.89,0.073484,1.3043,0.78517
0,0,0,0,96.9,0.062009,1.2999,0.78589
0,0,0,0,96.91,0.050879,1.2958,0.78601
0,0,0,0,96.92,0.039575,1.292,0.78672
0,0,0,0,96.93,0.02841,1.2881,0.7872
0,0,0,0,96.94,0.01685,1.2839,0.78756
0,0,0,0,96.95,0.005569,1.2796,0.78789
0,0,0,0,96.96,-0.005802,1.2753,0.78835
0,0,0,0,96.97,-0.017193,1.271,0.7888
0,0,0,0,96.98,-0.028522,1.2668,0.78923
0,0,0,0,96.99,-0.039872,1.2624,0.78972
0,0,0,0,97,-0.051311,1.2579,0.79019
0,0,0,0,97.01,-0.062629,1.2535,0.79073
0,0,0,0,97.02,-0.0739,1.2491,0.79126
0,0,0,0,97.03,-0.085208,1.2436,0.79156
0,0,0,0,97.04,-0.096536,1.2387,0.79205
0,0,0,0,97.05,-0.10796,1.2338,0.79246
0,0,0,0,97.06,-0.11936,1.2285,0.79297
0,0,0,0,97.07,-0.13063,1.2236,0.79324
0,0,0,0,97.08,-0.14197,1.2183,0.79362
0,0,0,0,97.09,-0.15337,1.2131,0.79371
0,0,0,0,97.1,-0.16465,1.2075,0.79442
0,0,0,0,97.11,-0.17587,1.2021,0.79464
0,0,0,0,97.12,-0.18713,1.1963,0.79525
0,0,0,0,97.13,-0.19837,1.1902,0.79571
0,0,0,0,97.14,-0.21012,1.1847,0.79607
0,0,0,0,97.15,-0.22162,1.1792,0.79614
0,0,0,0,97.16,-0.23286,1.1729,0.79653
0,0,0,0,97.17,-0.24422,1.167,0.79678
0,0,0,0,97.18,-0.25557,1.1606,0.7973
0,0,0,0,97.19,-0.26689,1.1543,0.79764
0,0,0,0,97.2,-0.27814,1.1476,0.79817
0,0,0,0,97.21,-0.28928,1.1412,0.79843
0,0,0,0,97.22,-0.30058,1.1345,0.79888
0,0,0,0,97.23,-0.31167,1.1272,0.79948
0,0,0,0,97.24,-0.32287,1.1205,0.79965
0,0,0,0,97.25,-0.33389,1.1132,0.80021
0,0,0,0,97.26,-0.34471,1.1061,0.80024
0,0,0,0,97.27,-0.35582,1.0991,0.80032
0,0,0,0,97.28,-0.36677,1.0916,0.80093
0,0,0,0,97.29,-0.37769,1.084,0.80137
0,0,0,0,97.3,-0.3885,1.0765,0.80181
0,0,0,0,97.31,-0.39902,1.0687,0.80193
0,0,0,0,97.32,-0.40953,1.0607,0.80275
0,0,0,0,97.33,-0.42071,1.0532,0.80262
0,0,0,0,97.34,-0.43147,1.045,0.8032
0,0,0,0,97.35,-0.4419,1.0369,0.80348
0,0,0,0,97.36,-0.45256,1.0289,0.80368
0,0,0,0,97.37,-0.46305,1.0206,0.80397
0,0,0,0,97.38,-0.4735,1.0123,0.80431
0,0,0,0,97.39,-0.48404,1.0037,0.80494
0,0,0,0,97.4,-0.49436,0.99549,0.805
0,0,0,0,97.41,-0.50463,0.98662,0.80554
0,0,0,0,97.42,-0.5148,0.97812,0.80576
0,0,0,0,97.43,-0.52523,0.96959,0.80592
0,0,0,0,97.44,-0.53523,0.96059,0.80614
0,0,0,0,97.45,-0.54488,0.95178,0.80634
0,0,0,0,97.46,-0.55438,0.94263,0.80704
0,0,0,0,97.47,-0.56456,0.93407,0.80686
0,0,0,0,97.48,-0.57424,0.92509,0.80718
0,0,0,0,97.49,-0.58365,0.9159,0.80755
0,0,0,0,97.5,-0.59326,0.90674,0.80784
0,0,0,0,97.51,-0.60294,0.89774,0.8081
0,0,0,0,97.52,-0.61214,0.88828,0.80826
0,0,0,0,97.53,-0.62096,0.87892,0.80834
0,0,0,0,97.54,-0.63017,0.86979,0.80857
0,0,0,0,97.55,-0.63939,0.86045,0.80902
0,0,0,0,97.56,-0.6482,0.8509,0.80952
0,0,0,0,97.57,-0.65714,0.84162,0.80979
0,0,0,0,97.58,-0.66558,0.83216,0.81004
0,0,0,0,97.59,-0.67429,0.82289,0.81009
0,0,0,0,97.6,-0.68281,0.81389,0.80988
0,0,0,0,97.61,-0.69124,0.8046,0.81032
0,0,0,0,97.62,-0.69968,0.79481,0.81049
0,0,0,0,97.63,-0.70791,0.78512,0.81059
0,0,0,0,97.64,-0.71606,0.77539,0.81055
0,0,0,0,97.65,-0.72405,0.76585,0.81076
0,0,0,0,97.66,-0.73183,0.75593,0.81095
0,0,0,0,97.67,-0.73951,0.74591,0.81123
0,0,0,0,97.68,-0.7477,0.73686,0.81121
0,0,0,0,97.69,-0.75527,0.72694,0.81138
0,0,0,0,97.7,-0.76307,0.71746,0.81115
0,0,0,0,97.71,-0.77007,0.70748,0.81137
0,0,0,0,97.72,-0.77615,0.69715,0.81186
0,0,0,0,97.73,-0.78466,0.6876,0.81212
0,0,0,0,97.74,-0.79188,0.67759,0.81207
0,0,0,0,97.75,-0.79871,0.66771,0.81197
0,0,0,0,97.76,-0.80493,0.65731,0.81245
0,0,0,0,97.77,-0.81264,0.64776,0.81261
0,0,0,0,97.78,-0.81856,0.63741,0.8127
0,0,0,0,97.79,-0.82468,0.62719,0.81277
0,0,0,0,97.8,-0.83117,0.61726,0.81269
0,0,0,0,97.81,-0.83853,0.60775,0.81237
0,0,0,0,97.82,-0.8446,0.59812,0.81284
0,0,0,0,97.83,-0.85069,0.58771,0.81277
0,0,0,0,97.84,-0.85646,0.57768,0.81278
0,0,0,0,97.85,-0.86211,0.56765,0.81287
0,0,0,0,97.86,-0.86784,0.55768,0.81294
0,0,0,0,97.87,-0.8731,0.5476,0.81325
0,0,0,0,97.88,-0.8783,0.53724,0.81342
0,0,0,0,97.89,-0.88333,0.52716,0.81351
0,0,0,0,97.9,-0.88824,0.51732,0.81347
0,0,0,0,97.91,-0.8929,0.50739,0.81335
0,0,0,0,97.92,-0.8987,0.49788,0.81296
0,0,0,0,97.93,-0.90334,0.48791,0.81293
0,0,0,0,97.94,-0.90752,0.47779,0.81299
0,0,0,0,97.95,-0.91156,0.46733,0.81355
0,0,0,0,97.96,-0.91585,0.45773,0.81338
0,0,0,0,97.97,-0.91989,0.44802,0.81308
0,0,0,0,97.98,-0.92458,0.43851,0.81278
0,0,0,0,97.99,-0.92777,0.42832,0.81288
0,0,0,0,98,-0.93136,0.41839,0.81278
0,0,0,0,98.01,-0.93459,0.40841,0.81264
0,0,0,0,98.02,-0.93751,0.39856,0.8124
0,0,0,0,98.03,-0.94103,0.38883,0.81216
0,0,0,0,98.04,-0.94459,0.37932,0.81185
0,0,0,0,98.05,-0.94787,0.3699,0.81155
0,0,0,0,98.06,-0.95064,0.36027,0.81132
0,0,0,0,98.07,-0.95319,0.3505,0.81115
0,0,0,0,98.08,-0.9559,0.34142,0.81066
0,0,0,0,98.09,-0.95917,0.33266,0.81017
0,0,0,0,98.1,-0.9614,0.32333,0.80986
0,0,0,0,98.11,-0.96335,0.31413,0.80948
0,0,0,0,98.12,-0.96544,0.30514,0.80912
0,0,0,0,98.13,-0.96765,0.2961,0.80882
0,0,0,0,98.14,-0.96895,0.28689,0.80894
0,0,0,0,98.15,-0.97032,0.27783,0.80859
0,0,0,0,98.16,-0.97159,0.26909,0.80815
0,0,0,0,98.17,-0.97241,0.26033,0.80746
0,0,0,0,98.18,-0.97413,0.25157,0.80702
0,0,0,0,98.19,-0.97584,0.24286,0.80651
0,0,0,0,98.2,-0.97627,0.23367,0.80655
0,0,0,0,98.21,-0.97717,0.22479,0.8061
0,0,0,0,98.22,-0.97796,0.21616,0.80581
0,0,0,0,98.23,-0.97855,0.20732,0.80549
0,0,0,0,98.24,-0.97897,0.19848,0.80519
0,0,0,0,98.25,-0.97884,0.18959,0.80484
0,0,0,0,98.26,-0.97815,0.18075,0.80432
0,0,0,0,98.27,-0.97835,0.17198,0.80412
0,0,0,0,98.28,-0.97867,0.16354,0.80371
0,0,0,0,98.29,-0.97937,0.1551,0.80315
0,0,0,0,98.3,-0.97833,0.14593,0.80319
0,0,0,0,98.31,-0.97765,0.13734,0.80312
0,0,0,0,98.32,-0.9776,0.12882,0.80284
0,0,0,0,98.33,-0.97761,0.12051,0.80229
0,0,0,0,98.34,-0.97697,0.11163,0.80209
0,0,0,0,98.35,-0.9757,0.10322,0.8017
0,0,0,0,98.36,-0.97441,0.094674,0.80134
0,0,0,0,98.37,-0.97285,0.086333,0.8014
0,0,0,0,98.38,-0.9707,0.077671,0.8015
0,0,0,0,98.39,-0.96965,0.069269,0.80121
0,0,0,0,98.4,-0.96852,0.061113,0.80088
0,0,0,0,98.41,-0.96643,0.052842,0.80038
0,0,0,0,98.42,-0.96349,0.044304,0.8005
0,0,0,0,98.43,-0.96196,0.036245,0.80025
0,0,0,0,98.44,-0.95975,0.028318,0.80022
0,0,0,0,98.45,-0.95825,0.02073,0.79983
0,0,0,0,98.46,-0.95558,0.012838,0.79986
0,0,0,0,98.47,-0.95286,0.004816,0.79968
0,0,0,0,98.48,-0.94954,-0.003409,0.79963
0,0,0,0,98.49,-0.94711,-0.011102,0.79925
0,0,0,0,98.5,-0.9441,-0.018712,0.7989
0,0,0,0,98.51,-0.94093,-0.026594,0.79878
0,0,0,0,98.52,-0.93754,-0.034183,0.79854
0,0,0,0,98.53,-0.93391,-0.042041,0.79852
0,0,0,0,98.54,-0.93038,-0.049591,0.79781
0,0,0,0,98.55,-0.9263,-0.056931,0.79775
0,0,0,0,98.56,-0.92206,-0.064768,0.79759
0,0,0,0,98.57,-0.91865,-0.071907,0.79727
0,0,0,0,98.58,-0.91445,-0.078862,0.79687
0,0,0,0,98.59,-0.91007,-0.08675,0.79622
0,0,0,0,98.6,-0.90563,-0.094226,0.79625
0,0,0,0,98.61,-0.90106,-0.10153,0.7959
0,0,0,0,98.62,-0.89654,-0.10857,0.79486
0,0,0,0,98.63,-0.89161,-0.11577,0.79485
0,0,0,0,98.64,-0.8865,-0.123,0.79485
0,0,0,0,98.65,-0.88151,-0.12977,0.79414
0,0,0,0,98.66,-0.87625,-0.13711,0.79337
0,0,0,0,98.67,-0.87083,-0.14414,0.7934
0,0,0,0,98.68,-0.86556,-0.15101,0.79287
0,0,0,0,98.69,-0.85976,-0.15841,0.79201
0,0,0,0,98.7,-0.85404,-0.16557,0.79196
0,0,0,0,98.71,-0.84793,-0.17296,0.79165
0,0,0,0,98.72,-0.84199,-0.17978,0.79065
0,0,0,0,98.73,-0.83582,-0.18666,0.79051
0,0,0,0,98.74,-0.82961,-0.19358,0.78992
0,0,0,0,98.75,-0.82323,-0.20051,0.78918
0,0,0,0,98.76,-0.81678,-0.20741,0.7889
0,0,0,0,98.77,-0.81007,-0.21441,0.78784
0,0,0,0,98.78,-0.80341,-0.22116,0.78752
0,0,0,0,98.79,-0.79664,-0.22791,0.78716
0,0,0,0,98.8,-0.7896,-0.23483,0.78647
0,0,0,0,98.81,-0.78282,-0.24163,0.78591
0,0,0,0,98.82,-0.77563,-0.24856,0.78549
0,0,0,0,98.83,-0.76843,-0.25547,0.78454
0,0,0,0,98.84,-0.76105,-0.26232,0.78356
0,0,0,0,98.85,-0.75359,-0.26912,0.78342
0,0,0,0,98.86,-0.74602,-0.27605,0.78273
0,0,0,0,98.87,-0.73836,-0.28291,0.78186
0,0,0,0,98.88,-0.73047,-0.28976,0.78143
0,0,0,0,98.89,-0.72242,-0.29657,0.78054
0,0,0,0,98.9,-0.71444,-0.30341,0.78004
0,0,0,0,98.91,-0.70644,-0.31031,0.77937
0,0,0,0,98.92,-0.69816,-0.31712,0.77864
0,0,0,0,98.93,-0.68991,-0.32403,0.77794
0,0,0,0,98.94,-0.68156,-0.33086,0.77733
0,0,0,0,98.95,-0.67278,-0.33769,0.77645
0,0,0,0,98.96,-0.66439,-0.34432,0.77585
0,0,0,0,98.97,-0.65591,-0.35106,0.77515
0,0,0,0,98.98,-0.64701,-0.35802,0.77454
0,0,0,0,98.99,-0.63817,-0.36477,0.77387
0,0,0,0,99,-0.62915,-0.37159,0.77291
0,0,0,0,99.01,-0.62012,-0.37835,0.77217
0,0,0,0,99.02,-0.61108,-0.38516,0.77172
0,0,0,0,99.03,-0.60179,-0.39193,0.77091
0,0,0,0,99.04,-0.59276,-0.39873,0.77034
0,0,0,0,99.05,-0.58332,-0.40561,0.76959
0,0,0,0,99.06,-0.57377,-0.41239,0.76879
0,0,0,0,99.07,-0.56436,-0.41904,0.76817
0,0,0,0,99.08,-0.55457,-0.42587,0.76756
0,0,0,0,99.09,-0.54506,-0.43264,0.7669
0,0,0,0,99.1,-0.53504,-0.43943,0.76607
0,0,0,0,99.11,-0.52521,-0.44634,0.76561
0,0,0,0,99.12,-0.51541,-0.45293,0.76496
0,0,0,0,99.13,-0.50559,-0.45971,0.76432
0,0,0,0,99.14,-0.49556,-0.46648,0.76376
0,0,0,0,99.15,-0.48515,-0.4732,0.76288
0,0,0,0,99.16,-0.475,-0.47994,0.76255
0,0,0,0,99.17,-0.4646,-0.48674,0.76194
0,0,0,0,99.18,-0.45392,-0.49356,0.76141
0,0,0,0,99.19,-0.44364,-0.50022,0.76087
0,0,0,0,99.2,-0.43293,-0.50701,0.76023
0,0,0,0,99.21,-0.42247,-0.51379,0.7597
0,0,0,0,99.22,-0.41183,-0.5205,0.75936
0,0,0,0,99.23,-0.40104,-0.52734,0.75872
0,0,0,0,99.24,-0.39012,-0.53411,0.75825
0,0,0,0,99.25,-0.37936,-0.54083,0.75776
0,0,0,0,99.26,-0.36833,-0.54762,0.75733
0,0,0,0,99.27,-0.3574,-0.55451,0.75695
0,0,0,0,99.28,-0.34618,-0.5613,0.75649
0,0,0,0,99.29,-0.33502,-0.56806,0.75604
0,0,0,0,99.3,-0.32386,-0.57488,0.75564
0,0,0,0,99.31,-0.31261,-0.58177,0.75519
0,0,0,0,99.32,-0.30132,-0.58854,0.75482
0,0,0,0,99.33,-0.28979,-0.59527,0.75428
0,0,0,0,99.34,-0.27823,-0.60218,0.75396
0,0,0,0,99.35,-0.26669,-0.60901,0.75368
0,0,0,0,99.36,-0.25516,-0.61574,0.7533
0,0,0,0,99.37,-0.24372,-0.62233,0.7529
0,0,0,0,99.38,-0.2319,-0.62904,0.75239
0,0,0,0,99.39,-0.22026,-0.63573,0.75213
0,0,0,0,99.4,-0.20871,-0.64228,0.75182
0,0,0,0,99.41,-0.19676,-0.64896,0.7513
0,0,0,0,99.42,-0.18502,-0.65559,0.75085
0,0,0,0,99.43,-0.17335,-0.66209,0.75042
0,0,0,0,99.44,-0.16158,-0.66857,0.75011
0,0,0,0,99.45,-0.14986,-0.67506,0.74973
0,0,0,0,99.46,-0.13787,-0.68157,0.74928
0,0,0,0,99.47,-0.12615,-0.68805,0.74887
0,0,0,0,99.48,-0.11434,-0.69446,0.74856
0,0,0,0,99.49,-0.10236,-0.70096,0.74817
0,0,0,0,99.5,-0.09044,-0.70739,0.74778
0,0,0,0,99.51,-0.07843,-0.71383,0.74727
0,0,0,0,99.52,-0.066545,-0.72023,0.74689
0,0,0,0,99.53,-0.054539,-0.72669,0.74662
0,0,0,0,99.54,-0.042537,-0.73306,0.74625
0,0,0,0,99.55,-0.030772,-0.73928,0.74584
0,0,0,0,99.56,-0.018793,-0.74572,0.74555
0,0,0,0,99.57,-0.006707,-0.75197,0.7452
0,0,0,0,99.58,0.005296,-0.7582,0.74474
0,0,0,0,99.59,0.017346,-0.76434,0.74428
0,0,0,0,99.6,0.029207,-0.77033,0.74388
0,0,0,0,99.61,0.040904,-0.7764,0.74365
0,0,0,0,99.62,0.052793,-0.78241,0.74324
0,0,0,0,99.63,0.06468,-0.78835,0.74273
0,0,0,0,99.64,0.076371,-0.79419,0.74222
0,0,0,0,99.65,0.08774,-0.79995,0.74193
0,0,0,0,99.66,0.099451,-0.80566,0.74154
0,0,0,0,99.67,0.1111,-0.81134,0.74108
0,0,0,0,99.68,0.12245,-0.81685,0.74057
0,0,0,0,99.69,0.13406,-0.8224,0.74006
0,0,0,0,99.7,0.14528,-0.82776,0.73973
0,0,0,0,99.71,0.15652,-0.83304,0.73923
0,0,0,0,99.72,0.16778,-0.83831,0.7388
0,0,0,0,99.73,0.17901,-0.84344,0.73827
0,0,0,0,99.74,0.19005,-0.84848,0.73798
0,0,0,0,99.75,0.20126,-0.85344,0.73756
0,0,0,0,99.76,0.21244,-0.85832,0.73704
0,0,0,0,99.77,0.22339,-0.86299,0.73667
0,0,0,0,99.78,0.23426,-0.86776,0.73638
0,0,0,0,99.79,0.24511,-0.87238,0.73616
0,0,0,0,99.8,0.25596,-0.87674,0.7357
0,0,0,0,99.81,0.26669,-0.88102,0.73537
0,0,0,0,99.82,0.27749,-0.88534,0.73496
0,0,0,0,99.83,0.28791,-0.88941,0.73473
0,0,0,0,99.84,0.29836,-0.89331,0.73445
0,0,0,0,99.85,0.30878,-0.89715,0.7342
0,0,0,0,99.86,0.31919,-0.90093,0.73388
0,0,0,0,99.87,0.32947,-0.9046,0.7337
0,0,0,0,99.88,0.33977,-0.90817,0.73349
0,0,0,0,99.89,0.34987,-0.91151,0.73326
0,0,0,0,99.9,0.35969,-0.91479,0.73329
0,0,0,0,99.91,0.36951,-0.91788,0.73338
0,0,0,0,99.92,0.37942,-0.92105,0.73334
0,0,0,0,99.93,0.38909,-0.92397,0.73331
0,0,0,0,99.94,0.39874,-0.92683,0.73333
0,0,0,0,99.95,0.40831,-0.92961,0.73342
0,0,0,0,99.96,0.41786,-0.93215,0.73343
0,0,0,0,99.97,0.42714,-0.93465,0.73351
0,0,0,0,99.98,0.43643,-0.93691,0.7336
0,0,0,0,99.99,0.44553,-0.939,0.73369
0,0,0,0,100,0.45466,-0.94092,0.73384
0,0,0,0,100.01,0.46364,-0.94279,0.73384
0,0,0,0,100.02,0.47227,-0.94445,0.73393
0,0,0,0,100.03,0.48112,-0.94591,0.73403
0,0,0,0,100.04,0.48996,-0.94722,0.73407
0,0,0,0,100.05,0.49822,-0.9483,0.7342
0,0,0,0,100.06,0.50672,-0.9493,0.7343
0,0,0,0,100.07,0.5151,-0.95017,0.73447
0,0,0,0,100.08,0.52342,-0.95094,0.73455
0,0,0,0,100.09,0.53153,-0.95159,0.73471
0,0,0,0,100.1,0.53949,-0.95206,0.73489
0,0,0,0,100.11,0.54762,-0.95249,0.73501
0,0,0,0,100.12,0.55563,-0.95266,0.73522
0,0,0,0,100.13,0.56344,-0.95278,0.73537
0,0,0,0,100.14,0.57136,-0.95299,0.73542
0,0,0,0,100.15,0.57898,-0.95286,0.73564
0,0,0,0,100.16,0.58651,-0.95269,0.73581
0,0,0,0,100.17,0.5939,-0.95231,0.73604
0,0,0,0,100.18,0.60149,-0.95198,0.73611
0,0,0,0,100.19,0.60877,-0.9514,0.73626
0,0,0,0,100.2,0.61585,-0.95068,0.73655
0,0,0,0,100.21,0.62298,-0.94998,0.73668
0,0,0,0,100.22,0.63004,-0.94917,0.73682
0,0,0,0,100.23,0.63723,-0.9484,0.73692
0,0,0,0,100.24,0.64418,-0.94728,0.73704
0,0,0,0,100.25,0.65096,-0.94608,0.73711
0,0,0,0,100.26,0.65758,-0.94484,0.73721
0,0,0,0,100.27,0.66427,-0.94363,0.73721
0,0,0,0,100.28,0.67082,-0.9421,0.73722
0,0,0,0,100.29,0.67737,-0.94062,0.73716
0,0,0,0,100.3,0.68385,-0.93914,0.7371
0,0,0,0,100.31,0.69008,-0.9376,0.73713
0,0,0,0,100.32,0.69632,-0.93591,0.73714
0,0,0,0,100.33,0.70232,-0.93429,0.73709
0,0,0,0,100.34,0.70817,-0.93279,0.73702
0,0,0,0,100.35,0.71375,-0.93122,0.73691
0,0,0,0,100.36,0.71932,-0.92971,0.73673
0,0,0,0,100.37,0.72469,-0.92828,0.73645
0,0,0,0,100.38,0.72977,-0.92668,0.73612
0,0,0,0,100.39,0.73472,-0.9252,0.73574
0,0,0,0,100.4,0.7397,-0.92373,0.73531
0,0,0,0,100.41,0.74463,-0.92236,0.73487
0,0,0,0,100.42,0.74965,-0.9209,0.73432
0,0,0,0,100.43,0.75431,-0.91948,0.73392
0,0,0,0,100.44,0.75906,-0.91802,0.73348
0,0,0,0,100.45,0.76362,-0.91643,0.73297
0,0,0,0,100.46,0.76802,-0.9148,0.73238
0,0,0,0,100.47,0.77266,-0.91322,0.73171
0,0,0,0,100.48,0.77664,-0.91163,0.73132
0,0,0,0,100.49,0.78114,-0.91004,0.73077
0,0,0,0,100.5,0.7857,-0.90845,0.73012
0,0,0,0,100.51,0.79009,-0.90672,0.72954
0,0,0,0,100.52,0.79424,-0.90496,0.72899
0,0,0,0,100.53,0.79812,-0.90314,0.72853
0,0,0,0,100.54,0.80219,-0.90125,0.72794
0,0,0,0,100.55,0.80597,-0.89946,0.72732
0,0,0,0,100.56,0.80956,-0.8976,0.72675
0,0,0,0,100.57,0.81332,-0.89569,0.72614
0,0,0,0,100.58,0.81724,-0.89396,0.72554
0,0,0,0,100.59,0.82073,-0.89224,0.72503
0,0,0,0,100.6,0.82396,-0.89041,0.72444
0,0,0,0,100.61,0.82713,-0.88871,0.72376
0,0,0,0,100.62,0.83003,-0.88708,0.72308
0,0,0,0,100.63,0.83323,-0.88548,0.72253
0,0,0,0,100.64,0.83637,-0.88394,0.72186
0,0,0,0,100.65,0.83934,-0.88253,0.72115
0,0,0,0,100.66,0.842,-0.88101,0.72058
0,0,0,0,100.67,0.84425,-0.87937,0.71995
0,0,0,0,100.68,0.8468,-0.87811,0.71926
0,0,0,0,100.69,0.84908,-0.87684,0.71864
0,0,0,0,100.7,0.85166,-0.87549,0.71795
0,0,0,0,100.71,0.85365,-0.87427,0.71741
0,0,0,0,100.72,0.85579,-0.87301,0.71673
0,0,0,0,100.73,0.85746,-0.87189,0.7162
0,0,0,0,100.74,0.8591,-0.8705,0.71542
0,0,0,0,100.75,0.86073,-0.86926,0.71473
0,0,0,0,100.76,0.86277,-0.86822,0.71409
0,0,0,0,100.77,0.86419,-0.86704,0.71349
0,0,0,0,100.78,0.86531,-0.86584,0.71296
0,0,0,0,100.79,0.86654,-0.86466,0.71238
0,0,0,0,100.8,0.86783,-0.86357,0.71184
0,0,0,0,100.81,0.86887,-0.86244,0.71122
0,0,0,0,100.82,0.86979,-0.86137,0.71059
0,0,0,0,100.83,0.87054,-0.86014,0.70989
0,0,0,0,100.84,0.87151,-0.85913,0.70928
0,0,0,0,100.85,0.87216,-0.85808,0.70872
0,0,0,0,100.86,0.8727,-0.85693,0.7082
0,0,0,0,100.87,0.87323,-0.85573,0.70768
0,0,0,0,100.88,0.87366,-0.85452,0.70719
0,0,0,0,100.89,0.87404,-0.85335,0.70669
0,0,0,0,100.9,0.87431,-0.85213,0.70625
0,0,0,0,100.91,0.87441,-0.85078,0.70582
0,0,0,0,100.92,0.87453,-0.84937,0.70542
0,0,0,0,100.93,0.87465,-0.84791,0.70506
0,0,0,0,100.94,0.87459,-0.84644,0.70469
0,0,0,0,100.95,0.87463,-0.84489,0.70433
0,0,0,0,100.96,0.8745,-0.84324,0.704
0,0,0,0,100.97,0.87448,-0.84159,0.70372
0,0,0,0,100.98,0.87461,-0.83994,0.70338
0,0,0,0,100.99,0.87436,-0.83809,0.70319
0,0,0,0,101,0.87411,-0.8362,0.70294
0,0,0,0,101.01,0.87385,-0.83418,0.70269
0,0,0,0,101.02,0.87344,-0.83207,0.70247
0,0,0,0,101.03,0.87298,-0.8301,0.70217
0,0,0,0,101.04,0.87239,-0.82798,0.70198
0,0,0,0,101.05,0.87168,-0.82578,0.70174
0,0,0,0,101.06,0.871,-0.82356,0.70154
0,0,0,0,101.07,0.87011,-0.82119,0.7014
0,0,0,0,101.08,0.86929,-0.8187,0.7012
0,0,0,0,101.09,0.8684,-0.81623,0.7011
0,0,0,0,101.1,0.86751,-0.81357,0.7009
0,0,0,0,101.11,0.86659,-0.81087,0.70081
0,0,0,0,101.12,0.8658,-0.80821,0.7007
0,0,0,0,101.13,0.86479,-0.80529,0.7007
0,0,0,0,101.14,0.86371,-0.80231,0.70067
0,0,0,0,101.15,0.8626,-0.79924,0.70058
0,0,0,0,101.16,0.86133,-0.79596,0.70056
0,0,0,0,101.17,0.86018,-0.79268,0.70055
0,0,0,0,101.18,0.85913,-0.78915,0.70058
0,0,0,0,101.19,0.85811,-0.78569,0.70054
0,0,0,0,101.2,0.8569,-0.78191,0.70063
0,0,0,0,101.21,0.85572,-0.77822,0.7007
0,0,0,0,101.22,0.85439,-0.77412,0.70076
0,0,0,0,101.23,0.85338,-0.76998,0.70086
0,0,0,0,101.24,0.85217,-0.76602,0.70093
0,0,0,0,101.25,0.85124,-0.7618,0.70101
0,0,0,0,101.26,0.84985,-0.75728,0.70117
0,0,0,0,101.27,0.84851,-0.7528,0.70125
0,0,0,0,101.28,0.84744,-0.74806,0.7013
0,0,0,0,101.29,0.84638,-0.74328,0.70139
0,0,0,0,101.3,0.84514,-0.73848,0.70151
0,0,0,0,101.31,0.84377,-0.73339,0.70163
0,0,0,0,101.32,0.84255,-0.72822,0.70171
0,0,0,0,101.33,0.84134,-0.72293,0.70183
0,0,0,0,101.34,0.83994,-0.7175,0.7019
0,0,0,0,101.35,0.83848,-0.71212,0.70202
0,0,0,0,101.36,0.83708,-0.70654,0.70206
0,0,0,0,101.37,0.83581,-0.7008,0.70213
0,0,0,0,101.38,0.83444,-0.69509,0.70232
0,0,0,0,101.39,0.83307,-0.68919,0.70237
0,0,0,0,101.4,0.83179,-0.68323,0.70252
0,0,0,0,101.41,0.8305,-0.67707,0.70265
0,0,0,0,101.42,0.82905,-0.67086,0.70283
0,0,0,0,101.43,0.82774,-0.66452,0.70302
0,0,0,0,101.44,0.82645,-0.65806,0.70319
0,0,0,0,101.45,0.82508,-0.65152,0.70331
0,0,0,0,101.46,0.82383,-0.64491,0.70341
0,0,0,0,101.47,0.8225,-0.6382,0.70348
0,0,0,0,101.48,0.82097,-0.63121,0.70363
0,0,0,0,101.49,0.81981,-0.62416,0.7037
0,0,0,0,101.5,0.8184,-0.61705,0.70378
0,0,0,0,101.51,0.81719,-0.60975,0.70378
0,0,0,0,101.52,0.81577,-0.60244,0.70403
0,0,0,0,101.53,0.81447,-0.59484,0.70409
0,0,0,0,101.54,0.81318,-0.58734,0.70418
0,0,0,0,101.55,0.81192,-0.57959,0.70426
0,0,0,0,101.56,0.81061,-0.5716,0.7043
0,0,0,0,101.57,0.80935,-0.56378,0.70432
0,0,0,0,101.58,0.80804,-0.5558,0.70441
0,0,0,0,101.59,0.80681,-0.54765,0.70444
0,0,0,0,101.6,0.80558,-0.53938,0.70449
0,0,0,0,101.61,0.80442,-0.5309,0.70449
0,0,0,0,101.62,0.80307,-0.52253,0.7047
0,0,0,0,101.63,0.80198,-0.51413,0.70469
0,0,0,0,101.64,0.8006,-0.50546,0.70482
0,0,0,0,101.65,0.79938,-0.49672,0.70489
0,0,0,0,101.66,0.7983,-0.488,0.70491
0,0,0,0,101.67,0.79695,-0.47922,0.705
0,0,0,0,101.68,0.79583,-0.47037,0.70502
0,0,0,0,101.69,0.79479,-0.4614,0.70492
0,0,0,0,101.7,0.7934,-0.45219,0.70509
0,0,0,0,101.71,0.79213,-0.44283,0.70518
0,0,0,0,101.72,0.79097,-0.43353,0.70522
0,0,0,0,101.73,0.78971,-0.42415,0.70509
0,0,0,0,101.74,0.78849,-0.41463,0.70505
0,0,0,0,101.75,0.78743,-0.40515,0.70505
0,0,0,0,101.76,0.78615,-0.39552,0.70516
0,0,0,0,101.77,0.78505,-0.38588,0.70514
0,0,0,0,101.78,0.78376,-0.37614,0.70531
0,0,0,0,101.79,0.78267,-0.36636,0.70537
0,0,0,0,101.8,0.78141,-0.35649,0.70542
0,0,0,0,101.81,0.78034,-0.34657,0.70552
0,0,0,0,101.82,0.77923,-0.33665,0.70556
0,0,0,0,101.83,0.77816,-0.32678,0.70566
0,0,0,0,101.84,0.77687,-0.31648,0.70578
0,0,0,0,101.85,0.7757,-0.30617,0.70594
0,0,0,0,101.86,NaN,NaN,NaN
0,0,0,0,101.87,NaN,NaN,NaN
0,0,0,0,101.88,NaN,NaN,NaN
0,0,0,0,101.89,NaN,NaN,NaN
0,0,0,0,101.9,NaN,NaN,NaN
0,0,0,0,101.91,NaN,NaN,NaN
0,0,0,0,101.92,NaN,NaN,NaN
0,0,0,0,101.93,NaN,NaN,NaN
0,0,0,0,101.94,NaN,NaN,NaN
0,0,0,0,101.95,NaN,NaN,NaN
0,0,0,0,101.96,NaN,NaN,NaN
0,0,0,0,101.97,NaN,NaN,NaN
0,0,0,0,101.98,NaN,NaN,NaN
0,0,0,0,101.99,NaN,NaN,NaN
0,0,0,0,102,NaN,NaN,NaN
0,0,0,0,102.01,NaN,NaN,NaN
0,0,0,0,102.02,NaN,NaN,NaN
0,0,0,0,102.03,NaN,NaN,NaN
0,0,0,0,102.04,NaN,NaN,NaN
0,0,0,0,102.05,NaN,NaN,NaN
0,0,0,0,102.06,NaN,NaN,NaN
0,0,0,0,102.07,NaN,NaN,NaN
0,0,0,0,102.08,NaN,NaN,NaN
0,0,0,0,102.09,NaN,NaN,NaN
0,0,0,0,102.1,NaN,NaN,NaN
0,0,0,0,102.11,NaN,NaN,NaN
0,0,0,0,102.12,NaN,NaN,NaN
0,0,0,0,102.13,NaN,NaN,NaN
0,0,0,0,102.14,NaN,NaN,NaN
0,0,0,0,102.15,NaN,NaN,NaN
0,0,0,0,102.16,NaN,NaN,NaN
0,0,0,0,102.17,NaN,NaN,NaN
0,0,0,0,102.18,NaN,NaN,NaN
0,0,0,0,102.19,NaN,NaN,NaN
0,0,0,0,102.2,NaN,NaN,NaN
0,0,0,0,102.21,NaN,NaN,NaN
0,0,0,0,102.22,NaN,NaN,NaN
0,0,0,0,102.23,NaN,NaN,NaN
0,0,0,0,102.24,NaN,NaN,NaN
0,0,0,0,102.25,NaN,NaN,NaN
0,0,0,0,102.26,NaN,NaN,NaN
0,0,0,0,102.27,NaN,NaN,NaN
0,0,0,0,102.28,NaN,NaN,NaN
0,0,0,0,102.29,NaN,NaN,NaN
0,0,0,0,102.3,NaN,NaN,NaN
0,0,0,0,102.31,NaN,NaN,NaN
0,0,0,0,102.32,NaN,NaN,NaN
0,0,0,0,102.33,NaN,NaN,NaN
0,0,0,0,102.34,NaN,NaN,NaN
0,0,0,0,102.35,NaN,NaN,NaN
0,0,0,0,102.36,NaN,NaN,NaN
0,0,0,0,102.37,NaN,NaN,NaN
0,0,0,0,102.38,NaN,NaN,NaN
0,0,0,0,102.39,0.70705,0.28621,0.72118
0,0,0,0,102.4,0.70523,0.29697,0.72142
0,0,0,0,102.41,0.70345,0.30747,0.72169
0,0,0,0,102.42,0.70137,0.31854,0.72223
0,0,0,0,102.43,0.69945,0.32916,0.72269
0,0,0,0,102.44,0.69749,0.33985,0.72287
0,0,0,0,102.45,0.69534,0.35042,0.72342
0,0,0,0,102.46,0.69321,0.36094,0.72377
0,0,0,0,102.47,0.69108,0.37138,0.72408
0,0,0,0,102.48,0.68889,0.38177,0.72449
0,0,0,0,102.49,0.68664,0.3922,0.72472
0,0,0,0,102.5,0.68437,0.40255,0.72505
0,0,0,0,102.51,0.68191,0.41273,0.72555
0,0,0,0,102.52,0.67954,0.42295,0.72589
0,0,0,0,102.53,0.67701,0.43318,0.72617
0,0,0,0,102.54,0.67451,0.44317,0.72646
0,0,0,0,102.55,0.672,0.45323,0.72675
0,0,0,0,102.56,0.6693,0.46323,0.72722
0,0,0,0,102.57,0.66663,0.4731,0.72759
0,0,0,0,102.58,0.66398,0.48307,0.72786
0,0,0,0,102.59,0.66132,0.49282,0.72812
0,0,0,0,102.6,0.65843,0.50253,0.72855
0,0,0,0,102.61,0.6555,0.5123,0.72893
0,0,0,0,102.62,0.65275,0.52184,0.72921
0,0,0,0,102.63,0.6498,0.53151,0.72967
0,0,0,0,102.64,0.64678,0.54107,0.73009
0,0,0,0,102.65,0.64392,0.55059,0.73049
0,0,0,0,102.66,0.64097,0.56006,0.73083
0,0,0,0,102.67,0.63792,0.56942,0.7312
0,0,0,0,102.68,0.63479,0.5787,0.73175
0,0,0,0,102.69,0.6317,0.58788,0.73225
0,0,0,0,102.7,0.62853,0.5969,0.73272
0,0,0,0,102.71,0.62525,0.60575,0.73339
0,0,0,0,102.72,0.62179,0.6146,0.73391
0,0,0,0,102.73,0.61836,0.62323,0.73446
0,0,0,0,102.74,0.61494,0.63158,0.73503
0,0,0,0,102.75,0.61137,0.64001,0.7356
0,0,0,0,102.76,0.6077,0.64818,0.73642
0,0,0,0,102.77,0.60389,0.65626,0.73704
0,0,0,0,102.78,0.60023,0.66414,0.73769
0,0,0,0,102.79,0.59637,0.67182,0.73849
0,0,0,0,102.8,0.59245,0.67945,0.73919
0,0,0,0,102.81,0.58848,0.68668,0.73998
0,0,0,0,102.82,0.5844,0.6939,0.74079
0,0,0,0,102.83,0.58019,0.70119,0.74154
0,0,0,0,102.84,0.57612,0.70819,0.74218
0,0,0,0,102.85,0.57186,0.71482,0.743
0,0,0,0,102.86,0.56752,0.72152,0.74366
0,0,0,0,102.87,0.56311,0.72802,0.74433
0,0,0,0,102.88,0.55868,0.73444,0.74508
0,0,0,0,102.89,0.55427,0.74075,0.74576
0,0,0,0,102.9,0.54973,0.7469,0.74638
0,0,0,0,102.91,0.54514,0.75295,0.74705
0,0,0,0,102.92,0.54051,0.75895,0.74759
0,0,0,0,102.93,0.53586,0.76486,0.74811
0,0,0,0,102.94,0.53106,0.77083,0.74872
0,0,0,0,102.95,0.52634,0.77651,0.74906
0,0,0,0,102.96,0.52157,0.78234,0.74942
0,0,0,0,102.97,0.51658,0.78777,0.74996
0,0,0,0,102.98,0.51173,0.79302,0.7504
0,0,0,0,102.99,0.50669,0.7988,0.75079
0,0,0,0,103,0.50155,0.80419,0.75119
0,0,0,0,103.01,0.4966,0.8092,0.75138
0,0,0,0,103.02,0.49141,0.81425,0.75169
0,0,0,0,103.03,0.48616,0.81937,0.75188
0,0,0,0,103.04,0.48077,0.82427,0.75217
0,0,0,0,103.05,0.47553,0.82894,0.75231
0,0,0,0,103.06,0.4702,0.83346,0.75238
0,0,0,0,103.07,0.46482,0.83777,0.75249
0,0,0,0,103.08,0.45915,0.8421,0.75272
0,0,0,0,103.09,0.45352,0.84641,0.75266
0,0,0,0,103.1,0.44796,0.85024,0.75266
0,0,0,0,103.11,0.44229,0.85407,0.75266
0,0,0,0,103.12,0.4364,0.85779,0.75265
0,0,0,0,103.13,0.4305,0.86129,0.75253
0,0,0,0,103.14,0.4247,0.86464,0.7523
0,0,0,0,103.15,0.41853,0.86799,0.75226
0,0,0,0,103.16,0.4124,0.87108,0.75213
0,0,0,0,103.17,0.40612,0.87411,0.75196
0,0,0,0,103.18,0.39975,0.87686,0.7518
0,0,0,0,103.19,0.39346,0.87938,0.75154
0,0,0,0,103.2,0.38701,0.88178,0.75138
0,0,0,0,103.21,0.38052,0.8844,0.75113
0,0,0,0,103.22,0.37389,0.88681,0.75079
0,0,0,0,103.23,0.36728,0.88874,0.75066
0,0,0,0,103.24,0.36044,0.89087,0.75051
0,0,0,0,103.25,0.35376,0.89306,0.75024
0,0,0,0,103.26,0.3468,0.89488,0.75006
0,0,0,0,103.27,0.33988,0.89669,0.74971
0,0,0,0,103.28,0.33303,0.89839,0.74947
0,0,0,0,103.29,0.32593,0.90014,0.74933
0,0,0,0,103.3,0.31888,0.90199,0.74899
0,0,0,0,103.31,0.31159,0.90382,0.74872
0,0,0,0,103.32,0.30441,0.90555,0.74835
0,0,0,0,103.33,0.29708,0.90725,0.74804
0,0,0,0,103.34,0.28969,0.90889,0.74769
0,0,0,0,103.35,0.28232,0.91058,0.74736
0,0,0,0,103.36,0.27469,0.91234,0.74709
0,0,0,0,103.37,0.26717,0.91385,0.74684
0,0,0,0,103.38,0.25939,0.91543,0.7464
0,0,0,0,103.39,0.25159,0.91716,0.74604
0,0,0,0,103.4,0.24378,0.91887,0.74556
0,0,0,0,103.41,0.23597,0.92045,0.74522
0,0,0,0,103.42,0.22787,0.92215,0.74494
0,0,0,0,103.43,0.21983,0.92398,0.7446
0,0,0,0,103.44,0.21159,0.92589,0.74417
0,0,0,0,103.45,0.20346,0.92752,0.74395
0,0,0,0,103.46,0.19514,0.92935,0.74361
0,0,0,0,103.47,0.18676,0.93101,0.74343
0,0,0,0,103.48,0.1781,0.9329,0.74303
0,0,0,0,103.49,0.16953,0.9346,0.74275
0,0,0,0,103.5,0.16071,0.93647,0.74239
0,0,0,0,103.51,0.15196,0.93829,0.74226
0,0,0,0,103.52,0.14296,0.94023,0.74192
0,0,0,0,103.53,0.13394,0.94222,0.74185
0,0,0,0,103.54,0.12499,0.94403,0.74177
0,0,0,0,103.55,0.11582,0.94617,0.74141
0,0,0,0,103.56,0.10669,0.94803,0.74139
0,0,0,0,103.57,0.097402,0.95019,0.74113
0,0,0,0,103.58,0.087886,0.95233,0.74112
0,0,0,0,103.59,0.078241,0.95453,0.74095
0,0,0,0,103.6,0.068564,0.95681,0.74084
0,0,0,0,103.61,0.058688,0.95931,0.74058
0,0,0,0,103.62,0.048666,0.96169,0.74054
0,0,0,0,103.63,0.038675,0.96412,0.74048
0,0,0,0,103.64,0.028361,0.96697,0.74024
0,0,0,0,103.65,0.018073,0.9697,0.74013
0,0,0,0,103.66,0.007938,0.97232,0.73987
0,0,0,0,103.67,-0.002709,0.97528,0.73977
0,0,0,0,103.68,-0.013263,0.97832,0.73975
0,0,0,0,103.69,-0.023988,0.98146,0.73974
0,0,0,0,103.7,-0.034697,0.98474,0.73959
0,0,0,0,103.71,-0.045542,0.98818,0.73967
0,0,0,0,103.72,-0.056421,0.9916,0.73946
0,0,0,0,103.73,-0.067452,0.99512,0.73958
0,0,0,0,103.74,-0.078455,0.99861,0.7396
0,0,0,0,103.75,-0.089422,1.0022,0.73987
0,0,0,0,103.76,-0.10052,1.0061,0.73992
0,0,0,0,103.77,-0.11142,1.0098,0.74004
0,0,0,0,103.78,-0.12234,1.0136,0.74041
0,0,0,0,103.79,-0.13374,1.0179,0.74064
0,0,0,0,103.8,-0.14471,1.0219,0.74075
0,0,0,0,103.81,-0.15585,1.0258,0.74139
0,0,0,0,103.82,-0.16737,1.0304,0.74165
0,0,0,0,103.83,-0.17911,1.0347,0.74214
0,0,0,0,103.84,-0.19003,1.0388,0.74267
0,0,0,0,103.85,-0.20126,1.0433,0.74316
0,0,0,0,103.86,-0.2127,1.0477,0.7437
0,0,0,0,103.87,-0.22391,1.052,0.7443
0,0,0,0,103.88,-0.2349,1.0563,0.74496
0,0,0,0,103.89,-0.24622,1.0607,0.74563
0,0,0,0,103.9,-0.25727,1.0648,0.74625
0,0,0,0,103.91,-0.26877,1.0693,0.74713
0,0,0,0,103.92,-0.27988,1.0735,0.7477
0,0,0,0,103.93,-0.29101,1.0779,0.74806
0,0,0,0,103.94,-0.30199,1.0819,0.74889
0,0,0,0,103.95,-0.31178,1.0854,0.74999
0,0,0,0,103.96,-0.32463,1.0903,0.7505
0,0,0,0,103.97,-0.33567,1.0942,0.7513
0,0,0,0,103.98,-0.34674,1.0984,0.75184
0,0,0,0,103.99,-0.35793,1.1026,0.75222
0,0,0,0,104,-0.36936,1.1069,0.75226
0,0,0,0,104.01,-0.3801,1.1111,0.75296
0,0,0,0,104.02,-0.39097,1.1151,0.75343
0,0,0,0,104.03,-0.40199,1.1192,0.75423
0,0,0,0,104.04,-0.41294,1.1235,0.75416
0,0,0,0,104.05,-0.42373,1.1274,0.75508
0,0,0,0,104.06,-0.43468,1.1315,0.75539
0,0,0,0,104.07,-0.44534,1.1357,0.75552
0,0,0,0,104.08,-0.45596,1.1396,0.75572
0,0,0,0,104.09,-0.46664,1.1436,0.75582
0,0,0,0,104.1,-0.47709,1.1474,0.75621
0,0,0,0,104.11,-0.48748,1.1514,0.75599
0,0,0,0,104.12,-0.49811,1.1551,0.75642
0,0,0,0,104.13,-0.50843,1.1588,0.75641
0,0,0,0,104.14,-0.51865,1.1623,0.75645
0,0,0,0,104.15,-0.5287,1.1657,0.75648
0,0,0,0,104.16,-0.53886,1.1698,0.7562
0,0,0,0,104.17,-0.54898,1.1728,0.75633
0,0,0,0,104.18,-0.55854,1.1746,0.7565
0,0,0,0,104.19,-0.5681,1.1775,0.75626
0,0,0,0,104.2,-0.57781,1.1805,0.756
0,0,0,0,104.21,-0.58748,1.1838,0.75582
0,0,0,0,104.22,-0.59674,1.1852,0.75575
0,0,0,0,104.23,-0.60619,1.1879,0.75566
0,0,0,0,104.24,-0.61521,1.1891,0.75554
0,0,0,0,104.25,-0.6246,1.1911,0.75532
0,0,0,0,104.26,-0.63375,1.1937,0.75493
0,0,0,0,104.27,-0.6427,1.1943,0.75445
0,0,0,0,104.28,-0.65175,1.1963,0.75423
0,0,0,0,104.29,-0.66032,1.198,0.7538
0,0,0,0,104.3,-0.66877,1.1984,0.75327
0,0,0,0,104.31,-0.67693,1.1986,0.75283
0,0,0,0,104.32,-0.68582,1.2003,0.75263
0,0,0,0,104.33,-0.69391,1.1997,0.75229
0,0,0,0,104.34,-0.70238,1.2019,0.75165
0,0,0,0,104.35,-0.71036,1.2021,0.75081
0,0,0,0,104.36,-0.71811,1.2018,0.75012
0,0,0,0,104.37,-0.72549,1.2007,0.74972
0,0,0,0,104.38,-0.73205,1.2002,0.74917
0,0,0,0,104.39,-0.73919,1.1996,0.74847
0,0,0,0,104.4,NaN,NaN,NaN
0,0,0,0,104.41,NaN,NaN,NaN
0,0,0,0,104.42,NaN,NaN,NaN
0,0,0,0,104.43,NaN,NaN,NaN
0,0,0,0,104.44,NaN,NaN,NaN
0,0,0,0,104.45,-0.78375,1.1975,0.74274
0,0,0,0,104.46,-0.79023,1.1946,0.74144
0,0,0,0,104.47,-0.79786,1.1932,0.74057
0,0,0,0,104.48,-0.8039,1.1913,0.73957
0,0,0,0,104.49,-0.80942,1.1887,0.73871
0,0,0,0,104.5,-0.81605,1.1867,0.73788
0,0,0,0,104.51,-0.82164,1.1842,0.73658
0,0,0,0,104.52,-0.82838,1.1819,0.7354
0,0,0,0,104.53,-0.83499,1.1799,0.73399
0,0,0,0,104.54,-0.83999,1.1768,0.73316
0,0,0,0,104.55,-0.8458,1.1733,0.73213
0,0,0,0,104.56,-0.85242,1.1712,0.73082
0,0,0,0,104.57,-0.85667,1.1668,0.73015
0,0,0,0,104.58,-0.86191,1.1633,0.72907
0,0,0,0,104.59,-0.86713,1.16,0.72761
0,0,0,0,104.6,-0.87225,1.1565,0.7263
0,0,0,0,104.61,-0.87717,1.1528,0.72531
0,0,0,0,104.62,-0.88187,1.1491,0.72418
0,0,0,0,104.63,-0.88642,1.1452,0.72289
0,0,0,0,104.64,-0.89071,1.1412,0.72177
0,0,0,0,104.65,-0.89516,1.1372,0.72077
0,0,0,0,104.66,-0.8995,1.1331,0.7196
0,0,0,0,104.67,-0.90324,1.1287,0.71828
0,0,0,0,104.68,-0.90674,1.1242,0.71718
0,0,0,0,104.69,-0.91125,1.1201,0.71564
0,0,0,0,104.7,-0.91494,1.1153,0.7146
0,0,0,0,104.71,-0.91835,1.1104,0.71337
0,0,0,0,104.72,-0.92244,1.1059,0.71201
0,0,0,0,104.73,-0.92741,1.1014,0.7107
0,0,0,0,104.74,-0.92854,1.0951,0.70988
0,0,0,0,104.75,-0.93192,1.0901,0.7083
0,0,0,0,104.76,-0.93539,1.0855,0.70695
0,0,0,0,104.77,-0.93898,1.0819,0.70587
0,0,0,0,104.78,-0.94205,1.0757,0.70485
0,0,0,0,104.79,-0.94382,1.0683,0.70347
0,0,0,0,104.8,-0.94682,1.0633,0.70227
0,0,0,0,104.81,-0.94915,1.0572,0.70105
0,0,0,0,104.82,-0.95121,1.051,0.6995
0,0,0,0,104.83,-0.95331,1.0451,0.69847
0,0,0,0,104.84,-0.95545,1.0389,0.69732
0,0,0,0,104.85,-0.95822,1.0333,0.69589
0,0,0,0,104.86,-0.95933,1.0271,0.69493
0,0,0,0,104.87,-0.96101,1.0209,0.69386
0,0,0,0,104.88,-0.96263,1.0149,0.69268
0,0,0,0,104.89,-0.96447,1.0095,0.69134
0,0,0,0,104.9,-0.96515,1.0023,0.68963
0,0,0,0,104.91,-0.9664,0.99601,0.68854
0,0,0,0,104.92,-0.96758,0.98972,0.68747
0,0,0,0,104.93,-0.96831,0.98326,0.6864
0,0,0,0,104.94,-0.96856,0.97659,0.68536
0,0,0,0,104.95,-0.96992,0.97043,0.68375
0,0,0,0,104.96,-0.97039,0.96394,0.68261
0,0,0,0,104.97,-0.97065,0.95742,0.68147
0,0,0,0,104.98,-0.97056,0.95062,0.68
0,0,0,0,104.99,-0.96945,0.94348,0.67951
0,0,0,0,105,-0.97087,0.93751,0.67817
0,0,0,0,105.01,-0.97056,0.93102,0.67671
0,0,0,0,105.02,-0.97023,0.92459,0.67547
0,0,0,0,105.03,NaN,NaN,NaN
0,0,0,0,105.04,NaN,NaN,NaN
0,0,0,0,105.05,NaN,NaN,NaN
0,0,0,0,105.06,NaN,NaN,NaN
0,0,0,0,105.07,NaN,NaN,NaN
0,0,0,0,105.08,NaN,NaN,NaN
0,0,0,0,105.09,NaN,NaN,NaN
0,0,0,0,105.1,NaN,NaN,NaN
0,0,0,0,105.11,NaN,NaN,NaN
0,0,0,0,105.12,-0.95747,0.86289,0.66158
0,0,0,0,105.13,-0.95583,0.85721,0.66017
0,0,0,0,105.14,-0.95326,0.85107,0.6586
0,0,0,0,105.15,-0.95088,0.84527,0.65698
0,0,0,0,105.16,-0.94934,0.83981,0.65551
0,0,0,0,105.17,-0.94716,0.83435,0.65406
0,0,0,0,105.18,-0.9432,0.82796,0.65237
0,0,0,0,105.19,-0.94099,0.82221,0.65098
0,0,0,0,105.2,-0.93902,0.81676,0.64964
0,0,0,0,105.21,-0.93608,0.81118,0.64829
0,0,0,0,105.22,-0.93228,0.80531,0.64656
0,0,0,0,105.23,-0.92927,0.7991,0.64501
0,0,0,0,105.24,-0.92512,0.79329,0.64328
0,0,0,0,105.25,-0.92256,0.78779,0.64201
0,0,0,0,105.26,-0.91949,0.78196,0.6406
0,0,0,0,105.27,-0.91577,0.77629,0.63923
0,0,0,0,105.28,-0.9116,0.77071,0.63762
0,0,0,0,105.29,-0.90791,0.76509,0.63627
0,0,0,0,105.3,-0.90281,0.75915,0.63464
0,0,0,0,105.31,-0.89925,0.75387,0.63331
0,0,0,0,105.32,-0.89535,0.74849,0.63189
0,0,0,0,105.33,-0.89016,0.74299,0.63021
0,0,0,0,105.34,-0.8861,0.73788,0.62883
0,0,0,0,105.35,-0.88168,0.73261,0.62736
0,0,0,0,105.36,-0.87641,0.72762,0.62574
0,0,0,0,105.37,-0.87191,0.7228,0.62422
0,0,0,0,105.38,-0.86726,0.71815,0.62274
0,0,0,0,105.39,-0.86178,0.71354,0.62114
0,0,0,0,105.4,-0.85703,0.70922,0.61941
0,0,0,0,105.41,-0.85181,0.70491,0.61785
0,0,0,0,105.42,-0.84668,0.70081,0.61635
0,0,0,0,105.43,-0.84101,0.69667,0.61468
0,0,0,0,105.44,-0.83569,0.69295,0.61298
0,0,0,0,105.45,-0.83016,0.68934,0.61139
0,0,0,0,105.46,-0.82418,0.68577,0.60964
0,0,0,0,105.47,-0.81858,0.68236,0.60802
0,0,0,0,105.48,-0.81276,0.67916,0.60631
0,0,0,0,105.49,-0.80683,0.67588,0.60474
0,0,0,0,105.5,-0.80047,0.6729,0.60284
0,0,0,0,105.51,-0.79474,0.67014,0.6012
0,0,0,0,105.52,-0.78858,0.66725,0.59964
0,0,0,0,105.53,-0.78183,0.66461,0.59781
0,0,0,0,105.54,-0.77548,0.66215,0.59597
0,0,0,0,105.55,-0.76945,0.65977,0.59459
0,0,0,0,105.56,-0.76251,0.6575,0.59257
0,0,0,0,105.57,-0.75649,0.65551,0.59085
0,0,0,0,105.58,-0.74956,0.65361,0.5891
0,0,0,0,105.59,-0.74306,0.65175,0.58754
0,0,0,0,105.6,-0.73603,0.65009,0.58587
0,0,0,0,105.61,-0.72954,0.64876,0.58417
0,0,0,0,105.62,-0.72273,0.64741,0.58241
0,0,0,0,105.63,-0.7163,0.6464,0.5811
0,0,0,0,105.64,-0.70947,0.64558,0.57919
0,0,0,0,105.65,-0.70242,0.64485,0.57737
0,0,0,0,105.66,-0.6952,0.64432,0.57569
0,0,0,0,105.67,-0.68841,0.644,0.57393
0,0,0,0,105.68,-0.68115,0.64384,0.57224
0,0,0,0,105.69,-0.67428,0.64394,0.5705
0,0,0,0,105.7,-0.66692,0.64403,0.5688
0,0,0,0,105.71,-0.65996,0.64436,0.56742
0,0,0,0,105.72,-0.65246,0.64481,0.56563
0,0,0,0,105.73,-0.64542,0.64546,0.56407
0,0,0,0,105.74,-0.63798,0.64622,0.56243
0,0,0,0,105.75,-0.6307,0.64721,0.56104
0,0,0,0,105.76,-0.62314,0.6483,0.55944
0,0,0,0,105.77,-0.61617,0.64977,0.55798
0,0,0,0,105.78,-0.60893,0.65125,0.55672
0,0,0,0,105.79,-0.60102,0.65269,0.55537
0,0,0,0,105.8,-0.59381,0.6544,0.55399
0,0,0,0,105.81,-0.58643,0.65656,0.55235
0,0,0,0,105.82,-0.5789,0.65843,0.55135
0,0,0,0,105.83,-0.57123,0.66011,0.55044
0,0,0,0,105.84,-0.56365,0.66274,0.54879
0,0,0,0,105.85,-0.5562,0.66532,0.54742
0,0,0,0,105.86,-0.54864,0.66771,0.5464
0,0,0,0,105.87,-0.54105,0.66999,0.54551
0,0,0,0,105.88,-0.53368,0.67337,0.54391
0,0,0,0,105.89,-0.52572,0.67624,0.54266
0,0,0,0,105.9,-0.51846,0.67937,0.54194
0,0,0,0,105.91,-0.51087,0.68269,0.54068
0,0,0,0,105.92,-0.50301,0.68605,0.53946
0,0,0,0,105.93,-0.49529,0.68942,0.53866
0,0,0,0,105.94,-0.48733,0.69315,0.53731
0,0,0,0,105.95,-0.47981,0.69685,0.53625
0,0,0,0,105.96,-0.47229,0.70075,0.53505
0,0,0,0,105.97,-0.46474,0.70472,0.53405
0,0,0,0,105.98,-0.45704,0.70867,0.53322
0,0,0,0,105.99,-0.4493,0.71271,0.53213
0,0,0,0,106,-0.44164,0.71693,0.5312
0,0,0,0,106.01,-0.43377,0.7211,0.5303
0,0,0,0,106.02,-0.42622,0.72533,0.52946
0,0,0,0,106.03,-0.41856,0.72972,0.52851
0,0,0,0,106.04,-0.41103,0.73425,0.52756
0,0,0,0,106.05,-0.403,0.73881,0.52659
0,0,0,0,106.06,-0.39527,0.74333,0.52596
0,0,0,0,106.07,-0.38757,0.74805,0.52516
0,0,0,0,106.08,-0.37989,0.75273,0.52425
0,0,0,0,106.09,-0.37216,0.75741,0.52349
0,0,0,0,106.1,-0.36437,0.76217,0.52262
0,0,0,0,106.11,-0.35653,0.76687,0.52206
0,0,0,0,106.12,-0.34882,0.77159,0.52141
0,0,0,0,106.13,-0.3409,0.77603,0.52092
0,0,0,0,106.14,-0.33332,0.78094,0.52026
0,0,0,0,106.15,-0.32576,0.78603,0.51934
0,0,0,0,106.16,-0.31789,0.79049,0.51918
0,0,0,0,106.17,-0.31007,0.79542,0.51897
0,0,0,0,106.18,-0.30186,0.8002,0.5181
0,0,0,0,106.19,-0.2937,0.80475,0.51812
0,0,0,0,106.2,-0.28599,0.80973,0.51795
0,0,0,0,106.21,-0.27813,0.81461,0.51778
0,0,0,0,106.22,-0.27045,0.81932,0.51753
0,0,0,0,106.23,-0.26252,0.82411,0.51739
0,0,0,0,106.24,-0.2548,0.82915,0.51703
0,0,0,0,106.25,-0.24694,0.83404,0.51665
0,0,0,0,106.26,-0.23877,0.8388,0.51653
0,0,0,0,106.27,-0.23076,0.84363,0.51668
0,0,0,0,106.28,-0.22276,0.84829,0.51633
0,0,0,0,106.29,-0.21466,0.85307,0.51697
0,0,0,0,106.3,-0.2069,0.85798,0.517
0,0,0,0,106.31,-0.19877,0.86274,0.51689
0,0,0,0,106.32,-0.19104,0.86777,0.51721
0,0,0,0,106.33,-0.18279,0.87226,0.51756
0,0,0,0,106.34,-0.1741,0.87628,0.5179
0,0,0,0,106.35,-0.16649,0.88128,0.5183
0,0,0,0,106.36,-0.15792,0.88585,0.5192
0,0,0,0,106.37,-0.15008,0.88982,0.51981
0,0,0,0,106.38,-0.1419,0.89445,0.52042
0,0,0,0,106.39,-0.13369,0.89855,0.52106
0,0,0,0,106.4,-0.12535,0.90283,0.52168
0,0,0,0,106.41,-0.11712,0.90698,0.5222
0,0,0,0,106.42,-0.10875,0.91106,0.52353
0,0,0,0,106.43,-0.10054,0.9151,0.52438
0,0,0,0,106.44,-0.092078,0.91912,0.52541
0,0,0,0,106.45,-0.083768,0.92297,0.52644
0,0,0,0,106.46,-0.075492,0.927,0.5269
0,0,0,0,106.47,-0.067107,0.93097,0.52835
0,0,0,0,106.48,-0.058895,0.93478,0.52954
0,0,0,0,106.49,-0.05032,0.93817,0.53069
0,0,0,0,106.5,-0.042143,0.94202,0.53211
0,0,0,0,106.51,-0.03375,0.94571,0.53345
0,0,0,0,106.52,-0.025536,0.94935,0.53526
0,0,0,0,106.53,-0.017193,0.95277,0.5364
0,0,0,0,106.54,-0.008603,0.9561,0.5379
0,0,0,0,106.55,-0.000616,0.95968,0.53949
0,0,0,0,106.56,0.007569,0.96313,0.54089
0,0,0,0,106.57,0.016225,0.96615,0.54248
0,0,0,0,106.58,0.02421,0.96965,0.54388
0,0,0,0,106.59,0.032216,0.97287,0.54601
0,0,0,0,106.6,0.040746,0.97599,0.54712
0,0,0,0,106.61,0.048527,0.9792,0.5492
0,0,0,0,106.62,0.056588,0.98216,0.5515
0,0,0,0,106.63,0.064802,0.9851,0.55318
0,0,0,0,106.64,0.073392,0.98769,0.55503
0,0,0,0,106.65,0.081792,0.99028,0.55693
0,0,0,0,106.66,0.089359,0.99365,0.55895
0,0,0,0,106.67,0.097228,0.99617,0.56112
0,0,0,0,106.68,0.10516,0.99917,0.56347
0,0,0,0,106.69,0.11272,1.0012,0.56536
0,0,0,0,106.7,0.11997,1.0035,0.56716
0,0,0,0,106.71,0.12777,1.0058,0.5695
0,0,0,0,106.72,0.1359,1.0082,0.57211
0,0,0,0,106.73,0.14364,1.0106,0.57415
0,0,0,0,106.74,0.15104,1.0125,0.57685
0,0,0,0,106.75,0.1583,1.0146,0.57903
0,0,0,0,106.76,0.1655,1.0166,0.58176
0,0,0,0,106.77,0.17278,1.019,0.58412
0,0,0,0,106.78,0.1797,1.0197,0.58639
0,0,0,0,106.79,0.18673,1.0216,0.58902
0,0,0,0,106.8,0.19363,1.0229,0.59167
0,0,0,0,106.81,0.20033,1.0248,0.59418
0,0,0,0,106.82,0.20693,1.0269,0.59666
0,0,0,0,106.83,0.21346,1.0275,0.59925
0,0,0,0,106.84,0.2199,1.0286,0.60188
0,0,0,0,106.85,0.22619,1.03,0.60433
0,0,0,0,106.86,0.23244,1.0309,0.60705
0,0,0,0,106.87,0.23851,1.0314,0.61001
0,0,0,0,106.88,0.24422,1.0326,0.61271
0,0,0,0,106.89,0.25052,1.0333,0.61564
0,0,0,0,106.9,0.2562,1.0339,0.6185
0,0,0,0,106.91,0.26224,1.0343,0.62155
0,0,0,0,106.92,0.26778,1.0348,0.62433
0,0,0,0,106.93,0.27332,1.0348,0.62761
0,0,0,0,106.94,0.27876,1.0354,0.63028
0,0,0,0,106.95,0.28425,1.0358,0.63287
0,0,0,0,106.96,0.28931,1.035,0.63654
0,0,0,0,106.97,0.29429,1.0351,0.63931
0,0,0,0,106.98,0.29915,1.0347,0.64285
0,0,0,0,106.99,0.30408,1.0344,0.64607
0,0,0,0,107,0.30877,1.0341,0.6491
0,0,0,0,107.01,0.31347,1.0336,0.65248
0,0,0,0,107.02,0.31792,1.033,0.65539
0,0,0,0,107.03,0.32221,1.0323,0.65872
0,0,0,0,107.04,0.32673,1.0321,0.66163
0,0,0,0,107.05,0.33101,1.031,0.66418
0,0,0,0,107.06,0.33443,1.0292,0.66817
0,0,0,0,107.07,0.33848,1.0282,0.67106
0,0,0,0,107.08,0.34221,1.0269,0.67427
0,0,0,0,107.09,0.34601,1.0252,0.6774
0,0,0,0,107.1,0.34917,1.0244,0.68018
0,0,0,0,107.11,0.35277,1.0226,0.68363
0,0,0,0,107.12,0.35594,1.0209,0.6867
0,0,0,0,107.13,0.35903,1.0192,0.68987
0,0,0,0,107.14,0.36207,1.0174,0.69263
0,0,0,0,107.15,0.36531,1.0153,0.69551
0,0,0,0,107.16,0.36815,1.0139,0.69803
0,0,0,0,107.17,0.37061,1.0112,0.70135
0,0,0,0,107.18,0.37331,1.0085,0.70456
0,0,0,0,107.19,0.37563,1.0066,0.70721
0,0,0,0,107.2,0.37816,1.0038,0.70998
0,0,0,0,107.21,0.38039,1.0013,0.7127
0,0,0,0,107.22,0.38248,0.99895,0.71525
0,0,0,0,107.23,0.3844,0.99533,0.71834
0,0,0,0,107.24,0.38646,0.99215,0.72105
0,0,0,0,107.25,0.38795,0.98929,0.72388
0,0,0,0,107.26,0.38982,0.98571,0.72652
0,0,0,0,107.27,0.39144,0.98247,0.72902
0,0,0,0,107.28,0.3928,0.97948,0.73167
0,0,0,0,107.29,0.3942,0.97593,0.73433
0,0,0,0,107.3,0.39575,0.97228,0.73671
0,0,0,0,107.31,0.39713,0.96867,0.73925
0,0,0,0,107.32,0.39824,0.96522,0.74186
0,0,0,0,107.33,0.39938,0.96178,0.7444
0,0,0,0,107.34,0.40056,0.95825,0.74671
0,0,0,0,107.35,0.40173,0.95449,0.74891
0,0,0,0,107.36,0.40275,0.95063,0.75154
0,0,0,0,107.37,0.40356,0.94703,0.75381
0,0,0,0,107.38,0.40448,0.94326,0.75593
0,0,0,0,107.39,0.40547,0.93927,0.75833
0,0,0,0,107.4,0.40603,0.93565,0.76055
0,0,0,0,107.41,0.40662,0.93198,0.76275
0,0,0,0,107.42,0.40717,0.92793,0.76503
0,0,0,0,107.43,0.40763,0.92409,0.76704
0,0,0,0,107.44,0.40801,0.92034,0.76917
0,0,0,0,107.45,0.40833,0.91619,0.77125
0,0,0,0,107.46,0.40835,0.91232,0.77325
0,0,0,0,107.47,0.4084,0.90829,0.77521
0,0,0,0,107.48,0.40836,0.90423,0.7773
0,0,0,0,107.49,0.40824,0.90013,0.77919
0,0,0,0,107.5,0.40796,0.89609,0.78108
0,0,0,0,107.51,0.40759,0.89212,0.78298
0,0,0,0,107.52,0.40717,0.88807,0.78496
0,0,0,0,107.53,0.40673,0.88416,0.78665
0,0,0,0,107.54,0.40618,0.88024,0.78843
0,0,0,0,107.55,0.40554,0.87637,0.7903
0,0,0,0,107.56,0.40481,0.87235,0.79232
0,0,0,0,107.57,0.40414,0.86843,0.79411
0,0,0,0,107.58,0.40345,0.8645,0.79592
0,0,0,0,107.59,0.40266,0.86043,0.79785
0,0,0,0,107.6,0.40185,0.85647,0.7999
0,0,0,0,107.61,0.40087,0.85247,0.80198
0,0,0,0,107.62,0.3999,0.84846,0.80385
0,0,0,0,107.63,0.39889,0.84447,0.80576
0,0,0,0,107.64,0.39801,0.84041,0.80781
0,0,0,0,107.65,0.39696,0.83646,0.81003
0,0,0,0,107.66,0.39594,0.83245,0.81203
0,0,0,0,107.67,0.39485,0.82851,0.81412
0,0,0,0,107.68,0.39364,0.82448,0.81619
0,0,0,0,107.69,0.39249,0.82059,0.81819
0,0,0,0,107.7,0.39125,0.81688,0.8204
0,0,0,0,107.71,0.39004,0.81306,0.82253
0,0,0,0,107.72,0.38888,0.80924,0.82455
0,0,0,0,107.73,0.38763,0.80563,0.82652
0,0,0,0,107.74,0.38613,0.8021,0.82896
0,0,0,0,107.75,0.38483,0.79846,0.83107
0,0,0,0,107.76,0.3836,0.79496,0.83311
0,0,0,0,107.77,0.38239,0.79143,0.83522
0,0,0,0,107.78,0.38099,0.78803,0.83745
0,0,0,0,107.79,0.37977,0.7846,0.83969
0,0,0,0,107.8,0.37849,0.78135,0.84178
0,0,0,0,107.81,0.37716,0.77805,0.84398
0,0,0,0,107.82,0.37578,0.77492,0.84612
0,0,0,0,107.83,0.37451,0.77173,0.84828
0,0,0,0,107.84,0.37325,0.76859,0.85044
0,0,0,0,107.85,0.37189,0.76565,0.85244
0,0,0,0,107.86,0.37034,0.76273,0.85463
0,0,0,0,107.87,0.36883,0.75986,0.85671
0,0,0,0,107.88,0.36768,0.75685,0.85884
0,0,0,0,107.89,0.3662,0.75398,0.86076
0,0,0,0,107.9,0.36466,0.75135,0.86276
0,0,0,0,107.91,0.3633,0.74848,0.86479
0,0,0,0,107.92,0.3619,0.74568,0.86671
0,0,0,0,107.93,0.36045,0.74296,0.86869
0,0,0,0,107.94,0.35901,0.74042,0.87057
0,0,0,0,107.95,0.35762,0.73774,0.87246
0,0,0,0,107.96,0.35609,0.73519,0.87432
0,0,0,0,107.97,0.35469,0.73265,0.87622
0,0,0,0,107.98,0.35332,0.73015,0.87809
0,0,0,0,107.99,0.35192,0.72771,0.87994
0,0,0,0,108,0.35056,0.72531,0.88171
0,0,0,0,108.01,0.34929,0.72296,0.88354
0,0,0,0,108.02,0.34806,0.72061,0.88521
0,0,0,0,108.03,0.34694,0.71805,0.88686
0,0,0,0,108.04,0.34554,0.716,0.88873
0,0,0,0,108.05,0.34438,0.71381,0.89036
0,0,0,0,108.06,0.3432,0.71157,0.8921
0,0,0,0,108.07,0.34224,0.70909,0.89367
0,0,0,0,108.08,0.34112,0.70694,0.89536
0,0,0,0,108.09,0.34009,0.70474,0.8969
0,0,0,0,108.1,0.33913,0.70238,0.89855
0,0,0,0,108.11,0.33821,0.70023,0.90005
0,0,0,0,108.12,0.33729,0.69806,0.9016
0,0,0,0,108.13,0.33647,0.69586,0.90304
0,0,0,0,108.14,0.33557,0.69388,0.90456
0,0,0,0,108.15,0.33488,0.69152,0.90602
0,0,0,0,108.16,0.33421,0.68927,0.90746
0,0,0,0,108.17,0.33352,0.68725,0.90899
0,0,0,0,108.18,0.3329,0.68509,0.91049
0,0,0,0,108.19,0.33227,0.68294,0.91183
0,0,0,0,108.2,0.33175,0.68076,0.91318
0,0,0,0,108.21,0.33129,0.67867,0.9144
0,0,0,0,108.22,0.33085,0.67651,0.9157
0,0,0,0,108.23,0.33044,0.67439,0.91702
0,0,0,0,108.24,0.33014,0.67233,0.91825
0,0,0,0,108.25,0.32985,0.67028,0.91948
0,0,0,0,108.26,0.32961,0.66825,0.92065
0,0,0,0,108.27,0.32943,0.66615,0.92176
0,0,0,0,108.28,0.32924,0.66417,0.92295
0,0,0,0,108.29,0.32917,0.66201,0.92405
0,0,0,0,108.3,0.32916,0.65994,0.9251
0,0,0,0,108.31,0.32916,0.6579,0.92615
0,0,0,0,108.32,0.32915,0.6558,0.92724
0,0,0,0,108.33,0.32922,0.65375,0.92821
0,0,0,0,108.34,0.32941,0.65159,0.92916
0,0,0,0,108.35,0.32957,0.64942,0.93011
0,0,0,0,108.36,0.32971,0.64738,0.93106
0,0,0,0,108.37,0.33,0.64521,0.93204
0,0,0,0,108.38,0.33027,0.64305,0.9329
0,0,0,0,108.39,0.33059,0.64098,0.93375
0,0,0,0,108.4,0.33097,0.63876,0.93461
0,0,0,0,108.41,0.33131,0.63656,0.9354
0,0,0,0,108.42,0.3317,0.63442,0.93617
0,0,0,0,108.43,0.33215,0.63225,0.93693
0,0,0,0,108.44,0.33262,0.63001,0.93766
0,0,0,0,108.45,0.33304,0.62785,0.93837
0,0,0,0,108.46,0.33352,0.62566,0.93903
0,0,0,0,108.47,0.33399,0.62346,0.93963
0,0,0,0,108.48,0.3344,0.62131,0.94021
0,0,0,0,108.49,0.33483,0.61918,0.9407
0,0,0,0,108.5,0.33522,0.6171,0.94118
0,0,0,0,108.51,0.33568,0.61497,0.94169
0,0,0,0,108.52,0.33608,0.61275,0.94225
0,0,0,0,108.53,0.33638,0.6109,0.94261
0,0,0,0,108.54,0.33662,0.60899,0.94303
0,0,0,0,108.55,0.33689,0.60696,0.94342
0,0,0,0,108.56,0.33702,0.60493,0.94361
0,0,0,0,108.57,0.33713,0.60292,0.9439
0,0,0,0,108.58,0.33728,0.60098,0.94414
0,0,0,0,108.59,0.33738,0.59887,0.94425
0,0,0,0,108.6,0.33732,0.59696,0.94444
0,0,0,0,108.61,0.33731,0.59503,0.94474
0,0,0,0,108.62,0.33724,0.59294,0.94492
0,0,0,0,108.63,0.33709,0.59088,0.94495
0,0,0,0,108.64,0.33685,0.58901,0.94511
0,0,0,0,108.65,0.33662,0.587,0.94523
0,0,0,0,108.66,0.33639,0.58505,0.94527
0,0,0,0,108.67,0.33603,0.58315,0.94542
0,0,0,0,108.68,0.33572,0.58111,0.94555
0,0,0,0,108.69,0.33532,0.57914,0.94568
0,0,0,0,108.7,0.33492,0.57719,0.94568
0,0,0,0,108.71,0.33452,0.57516,0.94582
0,0,0,0,108.72,0.33395,0.57337,0.9459
0,0,0,0,108.73,0.33351,0.57146,0.94589
0,0,0,0,108.74,0.3332,0.56942,0.9462
0,0,0,0,108.75,0.33273,0.56754,0.94643
0,0,0,0,108.76,0.33221,0.56573,0.94664
0,0,0,0,108.77,0.33156,0.56394,0.94678
0,0,0,0,108.78,0.33094,0.56214,0.94696
0,0,0,0,108.79,0.3304,0.56029,0.94729
0,0,0,0,108.8,0.32992,0.55834,0.94763
0,0,0,0,108.81,0.32916,0.55666,0.9479
0,0,0,0,108.82,0.32839,0.55497,0.94814
0,0,0,0,108.83,0.32764,0.55326,0.9483
0,0,0,0,108.84,0.32679,0.55169,0.94859
0,0,0,0,108.85,0.32607,0.54998,0.94886
0,0,0,0,108.86,0.32552,0.54807,0.94916
0,0,0,0,108.87,0.3246,0.54664,0.94955
0,0,0,0,108.88,0.32371,0.54511,0.94982
0,0,0,0,108.89,0.32292,0.54367,0.9502
0,0,0,0,108.9,0.32207,0.54208,0.95047
0,0,0,0,108.91,0.32122,0.5405,0.95082
0,0,0,0,108.92,0.32025,0.5392,0.95121
0,0,0,0,108.93,0.3194,0.53782,0.95142
0,0,0,0,108.94,0.31851,0.53636,0.95169
0,0,0,0,108.95,0.31761,0.53497,0.95195
0,0,0,0,108.96,0.31673,0.53353,0.95216
0,0,0,0,108.97,0.31581,0.53212,0.95232
0,0,0,0,108.98,0.31492,0.53078,0.95242
0,0,0,0,108.99,0.31396,0.52942,0.95249
0,0,0,0,109,0.31298,0.52804,0.95259
0,0,0,0,109.01,0.31194,0.52682,0.95264
0,0,0,0,109.02,0.31072,0.52561,0.95273
0,0,0,0,109.03,0.30967,0.52446,0.95256
0,0,0,0,109.04,0.30846,0.52335,0.9524
0,0,0,0,109.05,0.30728,0.52211,0.95221
0,0,0,0,109.06,0.30596,0.52104,0.95199
0,0,0,0,109.07,0.30467,0.52017,0.95161
0,0,0,0,109.08,0.30346,0.5193,0.9513
0,0,0,0,109.09,0.3022,0.51832,0.95092
0,0,0,0,109.1,0.30092,0.51731,0.95056
0,0,0,0,109.11,0.29963,0.51631,0.95015
0,0,0,0,109.12,0.29826,0.51547,0.9497
0,0,0,0,109.13,0.29702,0.51462,0.94912
0,0,0,0,109.14,0.29591,0.51363,0.9484
0,0,0,0,109.15,0.2946,0.51273,0.94776
0,0,0,0,109.16,0.29324,0.51198,0.94708
0,0,0,0,109.17,0.29197,0.51114,0.94642
0,0,0,0,109.18,0.29083,0.51025,0.94577
0,0,0,0,109.19,0.28966,0.50924,0.94501
0,0,0,0,109.2,0.28848,0.50835,0.9442
0,0,0,0,109.21,0.28735,0.50754,0.94345
0,0,0,0,109.22,0.28625,0.50677,0.94269
0,0,0,0,109.23,0.28525,0.50592,0.9419
0,0,0,0,109.24,0.28427,0.50511,0.94106
0,0,0,0,109.25,0.28331,0.50418,0.94009
0,0,0,0,109.26,0.28236,0.50321,0.93918
0,0,0,0,109.27,0.2815,0.50231,0.9383
0,0,0,0,109.28,0.28061,0.50151,0.93743
0,0,0,0,109.29,0.27977,0.50061,0.9365
0,0,0,0,109.3,0.27905,0.49962,0.93551
0,0,0,0,109.31,0.27844,0.49874,0.93444
0,0,0,0,109.32,0.2776,0.49797,0.93337
0,0,0,0,109.33,0.27691,0.49711,0.93248
0,0,0,0,109.34,0.27623,0.49627,0.93146
0,0,0,0,109.35,0.27563,0.49522,0.93036
0,0,0,0,109.36,0.2751,0.49427,0.92928
0,0,0,0,109.37,0.2747,0.49334,0.92812
0,0,0,0,109.38,0.27417,0.49258,0.92694
0,0,0,0,109.39,0.27369,0.4918,0.92574
0,0,0,0,109.4,0.27325,0.49085,0.92463
0,0,0,0,109.41,0.27287,0.48983,0.92345
0,0,0,0,109.42,0.27254,0.48887,0.92227
0,0,0,0,109.43,0.27202,0.48802,0.92102
0,0,0,0,109.44,0.27147,0.48724,0.9197
0,0,0,0,109.45,0.27124,0.48632,0.91839
0,0,0,0,109.46,0.27121,0.48514,0.91705
0,0,0,0,109.47,0.27101,0.48434,0.91575
0,0,0,0,109.48,0.2707,0.48342,0.9144
0,0,0,0,109.49,0.27038,0.48256,0.91307
0,0,0,0,109.5,0.2702,0.48167,0.91171
0,0,0,0,109.51,0.27024,0.48073,0.9101
0,0,0,0,109.52,0.26993,0.47991,0.90856
0,0,0,0,109.53,0.26981,0.47896,0.90721
0,0,0,0,109.54,0.26994,0.47774,0.90582
0,0,0,0,109.55,0.26977,0.47685,0.90432
0,0,0,0,109.56,0.26972,0.47582,0.90275
0,0,0,0,109.57,0.26954,0.475,0.90109
0,0,0,0,109.58,0.26974,0.47399,0.89964
0,0,0,0,109.59,0.26976,0.47295,0.89813
0,0,0,0,109.6,0.2698,0.47175,0.89654
0,0,0,0,109.61,0.26977,0.47062,0.89489
0,0,0,0,109.62,NaN,NaN,NaN
0,0,0,0,109.63,NaN,NaN,NaN
0,0,0,0,109.64,NaN,NaN,NaN
0,0,0,0,109.65,NaN,NaN,NaN
0,0,0,0,109.66,NaN,NaN,NaN
0,0,0,0,109.67,NaN,NaN,NaN
0,0,0,0,109.68,NaN,NaN,NaN
0,0,0,0,109.69,NaN,NaN,NaN
0,0,0,0,109.7,NaN,NaN,NaN
0,0,0,0,109.71,0.26983,0.45768,0.87811
0,0,0,0,109.72,NaN,NaN,NaN
0,0,0,0,109.73,0.26972,0.45441,0.87471
0,0,0,0,109.74,NaN,NaN,NaN
0,0,0,0,109.75,0.26947,0.45126,0.87108
0,0,0,0,109.76,NaN,NaN,NaN
0,0,0,0,109.77,0.26933,0.44795,0.86742
0,0,0,0,109.78,NaN,NaN,NaN
0,0,0,0,109.79,0.26869,0.44486,0.86363
0,0,0,0,109.8,NaN,NaN,NaN
0,0,0,0,109.81,0.26838,0.44167,0.85961
0,0,0,0,109.82,NaN,NaN,NaN
0,0,0,0,109.83,0.26763,0.43861,0.85564
0,0,0,0,109.84,NaN,NaN,NaN
0,0,0,0,109.85,0.2669,0.43544,0.85146
0,0,0,0,109.86,NaN,NaN,NaN
0,0,0,0,109.87,0.26607,0.4322,0.84739
0,0,0,0,109.88,NaN,NaN,NaN
0,0,0,0,109.89,0.26486,0.42925,0.84284
0,0,0,0,109.9,NaN,NaN,NaN
0,0,0,0,109.91,0.26354,0.42619,0.83833
0,0,0,0,109.92,NaN,NaN,NaN
0,0,0,0,109.93,0.26198,0.42329,0.83359
0,0,0,0,109.94,NaN,NaN,NaN
0,0,0,0,109.95,0.26043,0.4198,0.82916
0,0,0,0,109.96,NaN,NaN,NaN
0,0,0,0,109.97,0.25857,0.41666,0.8245
0,0,0,0,109.98,NaN,NaN,NaN
0,0,0,0,109.99,0.25656,0.41305,0.82013
0,0,0,0,110,NaN,NaN,NaN
0,0,0,0,110.01,0.25438,0.40965,0.81572
0,0,0,0,110.02,NaN,NaN,NaN
0,0,0,0,110.03,0.25196,0.40605,0.81145
0,0,0,0,110.04,NaN,NaN,NaN
0,0,0,0,110.05,0.24937,0.4022,0.80737
0,0,0,0,110.06,NaN,NaN,NaN
0,0,0,0,110.07,0.24662,0.39822,0.80322
0,0,0,0,110.08,NaN,NaN,NaN
0,0,0,0,110.09,0.24361,0.39432,0.79885
0,0,0,0,110.1,NaN,NaN,NaN
0,0,0,0,110.11,0.24012,0.39041,0.79506
0,0,0,0,110.12,NaN,NaN,NaN
0,0,0,0,110.13,0.2367,0.38633,0.79094
0,0,0,0,110.14,NaN,NaN,NaN
0,0,0,0,110.15,0.23284,0.3824,0.78686
0,0,0,0,110.16,NaN,NaN,NaN
0,0,0,0,110.17,0.22902,0.37837,0.78281
0,0,0,0,110.18,NaN,NaN,NaN
0,0,0,0,110.19,0.22446,0.37445,0.77902
0,0,0,0,110.2,NaN,NaN,NaN
0,0,0,0,110.21,0.22018,0.37019,0.77504
0,0,0,0,110.22,NaN,NaN,NaN
0,0,0,0,110.23,0.21537,0.36642,0.77097
0,0,0,0,110.24,0.213,0.36449,0.76886
0,0,0,0,110.25,0.21056,0.36271,0.76688
0,0,0,0,110.26,0.20792,0.36051,0.76475
0,0,0,0,110.27,0.20525,0.35877,0.76277
0,0,0,0,110.28,0.20256,0.35676,0.76056
0,0,0,0,110.29,0.19986,0.35473,0.75842
0,0,0,0,110.3,0.19694,0.35309,0.7562
0,0,0,0,110.31,0.1942,0.35113,0.7541
0,0,0,0,110.32,0.19122,0.34932,0.75172
0,0,0,0,110.33,0.18843,0.34725,0.74975
0,0,0,0,110.34,0.18534,0.34543,0.74742
0,0,0,0,110.35,0.18234,0.34359,0.74531
0,0,0,0,110.36,0.17932,0.34166,0.74301
0,0,0,0,110.37,0.17633,0.3397,0.74072
0,0,0,0,110.38,0.17315,0.33783,0.73845
0,0,0,0,110.39,0.17025,0.33574,0.73633
0,0,0,0,110.4,0.16712,0.33382,0.73406
0,0,0,0,110.41,0.16391,0.33197,0.73189
0,0,0,0,110.42,0.16079,0.33006,0.72954
0,0,0,0,110.43,0.1577,0.32807,0.72728
0,0,0,0,110.44,0.15441,0.32622,0.72523
0,0,0,0,110.45,0.15152,0.32387,0.72296
0,0,0,0,110.46,0.14841,0.32204,0.72065
0,0,0,0,110.47,0.1452,0.32005,0.71843
0,0,0,0,110.48,0.14193,0.31806,0.71624
0,0,0,0,110.49,0.1389,0.31598,0.7142
0,0,0,0,110.5,0.13556,0.31385,0.71203
0,0,0,0,110.51,0.13265,0.31176,0.70994
0,0,0,0,110.52,0.1294,0.30952,0.70769
0,0,0,0,110.53,0.12627,0.30742,0.7055
0,0,0,0,110.54,0.12317,0.30534,0.70327
0,0,0,0,110.55,0.12019,0.30314,0.70129
0,0,0,0,110.56,0.11724,0.30087,0.69929
0,0,0,0,110.57,0.11418,0.2986,0.69702
0,0,0,0,110.58,0.1111,0.29638,0.69478
0,0,0,0,110.59,0.10797,0.2941,0.69288
0,0,0,0,110.6,0.10483,0.29187,0.69065
0,0,0,0,110.61,0.10177,0.28941,0.68844
0,0,0,0,110.62,0.098629,0.28724,0.68608
0,0,0,0,110.63,0.095597,0.28492,0.68391
0,0,0,0,110.64,0.092364,0.28251,0.68181
0,0,0,0,110.65,0.089176,0.28016,0.67964
0,0,0,0,110.66,0.086091,0.27772,0.67755
0,0,0,0,110.67,0.083066,0.2752,0.67518
0,0,0,0,110.68,0.079721,0.27298,0.673
0,0,0,0,110.69,0.076922,0.27025,0.67085
0,0,0,0,110.7,0.073783,0.2678,0.66866
0,0,0,0,110.71,0.070786,0.26538,0.66641
0,0,0,0,110.72,0.067667,0.26289,0.66428
0,0,0,0,110.73,0.064723,0.26027,0.66212
0,0,0,0,110.74,0.061798,0.25767,0.65999
0,0,0,0,110.75,0.058884,0.25515,0.65768
0,0,0,0,110.76,0.056059,0.2525,0.65551
0,0,0,0,110.77,0.053295,0.24984,0.65327
0,0,0,0,110.78,0.050478,0.24713,0.65115
0,0,0,0,110.79,0.047626,0.24452,0.64897
0,0,0,0,110.8,0.044913,0.24178,0.64681
0,0,0,0,110.81,0.042138,0.23903,0.64477
0,0,0,0,110.82,0.039462,0.23619,0.64254
0,0,0,0,110.83,0.036739,0.2335,0.64033
0,0,0,0,110.84,0.034272,0.23055,0.63814
0,0,0,0,110.85,0.031427,0.22779,0.63602
0,0,0,0,110.86,0.028842,0.22485,0.63401
0,0,0,0,110.87,0.026229,0.22191,0.63189
0,0,0,0,110.88,0.023688,0.21882,0.62983
0,0,0,0,110.89,0.021077,0.21597,0.62767
0,0,0,0,110.9,0.018659,0.21281,0.62555
0,0,0,0,110.91,0.016005,0.20974,0.62358
0,0,0,0,110.92,0.013608,0.20658,0.62142
0,0,0,0,110.93,0.011164,0.20345,0.61945
0,0,0,0,110.94,0.008653,0.20012,0.61751
0,0,0,0,110.95,0.006264,0.19672,0.6155
0,0,0,0,110.96,0.003734,0.19352,0.61351
0,0,0,0,110.97,0.001443,0.19013,0.61138
0,0,0,0,110.98,-0.001148,0.18687,0.60942
0,0,0,0,110.99,-0.003699,0.18344,0.60746
0,0,0,0,111,-0.006214,0.17999,0.60548
0,0,0,0,111.01,-0.008808,0.17676,0.60343
0,0,0,0,111.02,-0.011407,0.17319,0.6013
0,0,0,0,111.03,-0.014052,0.16978,0.59948
0,0,0,0,111.04,-0.01674,0.16628,0.59743
0,0,0,0,111.05,-0.019342,0.16268,0.59522
0,0,0,0,111.06,-0.021946,0.15925,0.59311
0,0,0,0,111.07,-0.024693,0.15564,0.59123
0,0,0,0,111.08,-0.027439,0.15201,0.58938
0,0,0,0,111.09,-0.030056,0.14845,0.5872
0,0,0,0,111.1,-0.032629,0.14474,0.58512
0,0,0,0,111.11,-0.035354,0.14121,0.58333
0,0,0,0,111.12,-0.037973,0.13739,0.5813
0,0,0,0,111.13,-0.040622,0.13371,0.57935
0,0,0,0,111.14,-0.043182,0.12995,0.57736
0,0,0,0,111.15,-0.045754,0.12624,0.57552
0,0,0,0,111.16,-0.04835,0.1224,0.57365
0,0,0,0,111.17,-0.050951,0.11868,0.57164
0,0,0,0,111.18,-0.053429,0.11501,0.56983
0,0,0,0,111.19,-0.055818,0.11128,0.56775
0,0,0,0,111.2,-0.058402,0.10765,0.56605
0,0,0,0,111.21,-0.060913,0.10407,0.56407
0,0,0,0,111.22,-0.063264,0.10066,0.56207
0,0,0,0,111.23,-0.06556,0.097241,0.56005
0,0,0,0,111.24,-0.067979,0.093876,0.55817
0,0,0,0,111.25,-0.070346,0.090679,0.55627
0,0,0,0,111.26,-0.072589,0.087614,0.55417
0,0,0,0,111.27,-0.07467,0.084731,0.55187
0,0,0,0,111.28,-0.077111,0.081793,0.55002
0,0,0,0,111.29,-0.079604,0.079159,0.54784
0,0,0,0,111.3,-0.081922,0.076476,0.54577
0,0,0,0,111.31,-0.084193,0.073861,0.5436
0,0,0,0,111.32,-0.086531,0.071252,0.54144
0,0,0,0,111.33,-0.088897,0.068791,0.53927
0,0,0,0,111.34,-0.091225,0.066201,0.53724
0,0,0,0,111.35,-0.093608,0.063718,0.53506
0,0,0,0,111.36,-0.096217,0.061239,0.53307
0,0,0,0,111.37,-0.098656,0.058611,0.53116
0,0,0,0,111.38,-0.10108,0.05615,0.52916
0,0,0,0,111.39,-0.10341,0.05356,0.5271
0,0,0,0,111.4,-0.10601,0.051365,0.52513
0,0,0,0,111.41,-0.10859,0.048759,0.52344
0,0,0,0,111.42,-0.11099,0.046541,0.52188
0,0,0,0,111.43,NaN,NaN,NaN
0,0,0,0,111.44,NaN,NaN,NaN
0,0,0,0,111.45,NaN,NaN,NaN
0,0,0,0,111.46,NaN,NaN,NaN
0,0,0,0,111.47,NaN,NaN,NaN
0,0,0,0,111.48,NaN,NaN,NaN
0,0,0,0,111.49,NaN,NaN,NaN
0,0,0,0,111.5,NaN,NaN,NaN
0,0,0,0,111.51,NaN,NaN,NaN
0,0,0,0,111.52,NaN,NaN,NaN
0,0,0,0,111.53,NaN,NaN,NaN
0,0,0,0,111.54,NaN,NaN,NaN
0,0,0,0,111.55,NaN,NaN,NaN
0,0,0,0,111.56,NaN,NaN,NaN
0,0,0,0,111.57,NaN,NaN,NaN
0,0,0,0,111.58,NaN,NaN,NaN
0,0,0,0,111.59,NaN,NaN,NaN
0,0,0,0,111.6,NaN,NaN,NaN
0,0,0,0,111.61,NaN,NaN,NaN
0,0,0,0,111.62,NaN,NaN,NaN
0,0,0,0,111.63,NaN,NaN,NaN
0,0,0,0,111.64,NaN,NaN,NaN
0,0,0,0,111.65,NaN,NaN,NaN
0,0,0,0,111.66,NaN,NaN,NaN
0,0,0,0,111.67,NaN,NaN,NaN
0,0,0,0,111.68,NaN,NaN,NaN
0,0,0,0,111.69,NaN,NaN,NaN
0,0,0,0,111.7,NaN,NaN,NaN
0,0,0,0,111.71,NaN,NaN,NaN
0,0,0,0,111.72,NaN,NaN,NaN
0,0,0,0,111.73,NaN,NaN,NaN
0,0,0,0,111.74,NaN,NaN,NaN
0,0,0,0,111.75,NaN,NaN,NaN
0,0,0,0,111.76,NaN,NaN,NaN
0,0,0,0,111.77,NaN,NaN,NaN
0,0,0,0,111.78,NaN,NaN,NaN
0,0,0,0,111.79,NaN,NaN,NaN
0,0,0,0,111.8,NaN,NaN,NaN
0,0,0,0,111.81,NaN,NaN,NaN
0,0,0,0,111.82,NaN,NaN,NaN
0,0,0,0,111.83,NaN,NaN,NaN
0,0,0,0,111.84,NaN,NaN,NaN
0,0,0,0,111.85,NaN,NaN,NaN
0,0,0,0,111.86,NaN,NaN,NaN
0,0,0,0,111.87,NaN,NaN,NaN
0,0,0,0,111.88,NaN,NaN,NaN
0,0,0,0,111.89,NaN,NaN,NaN
0,0,0,0,111.9,-0.22654,0.030046,0.47857
0,0,0,0,111.91,NaN,NaN,NaN
0,0,0,0,111.92,-0.23106,0.032615,0.47769
0,0,0,0,111.93,NaN,NaN,NaN
0,0,0,0,111.94,-0.23563,0.035077,0.47701
0,0,0,0,111.95,NaN,NaN,NaN
0,0,0,0,111.96,-0.23995,0.03758,0.47609
0,0,0,0,111.97,NaN,NaN,NaN
0,0,0,0,111.98,-0.24447,0.040278,0.47538
0,0,0,0,111.99,NaN,NaN,NaN
0,0,0,0,112,-0.24896,0.042933,0.47469
0,0,0,0,112.01,NaN,NaN,NaN
0,0,0,0,112.02,-0.25356,0.045577,0.47374
0,0,0,0,112.03,NaN,NaN,NaN
0,0,0,0,112.04,-0.25802,0.048129,0.47284
0,0,0,0,112.05,NaN,NaN,NaN
0,0,0,0,112.06,-0.26239,0.050687,0.47189
0,0,0,0,112.07,NaN,NaN,NaN
0,0,0,0,112.08,-0.26697,0.053352,0.47097
0,0,0,0,112.09,NaN,NaN,NaN
0,0,0,0,112.1,-0.27123,0.056135,0.46999
0,0,0,0,112.11,NaN,NaN,NaN
0,0,0,0,112.12,-0.27556,0.059035,0.46933
0,0,0,0,112.13,NaN,NaN,NaN
0,0,0,0,112.14,-0.27885,0.061912,0.46849
0,0,0,0,112.15,NaN,NaN,NaN
0,0,0,0,112.16,-0.2835,0.064683,0.46825
0,0,0,0,112.17,NaN,NaN,NaN
0,0,0,0,112.18,-0.28734,0.067578,0.46747
0,0,0,0,112.19,NaN,NaN,NaN
0,0,0,0,112.2,-0.29123,0.070241,0.46698
0,0,0,0,112.21,NaN,NaN,NaN
0,0,0,0,112.22,-0.29495,0.072817,0.46652
0,0,0,0,112.23,NaN,NaN,NaN
0,0,0,0,112.24,-0.29866,0.075342,0.4659
0,0,0,0,112.25,NaN,NaN,NaN
0,0,0,0,112.26,-0.30245,0.078012,0.46537
0,0,0,0,112.27,NaN,NaN,NaN
0,0,0,0,112.28,-0.30643,0.080172,0.46501
0,0,0,0,112.29,NaN,NaN,NaN
0,0,0,0,112.3,-0.31047,0.082276,0.46481
0,0,0,0,112.31,NaN,NaN,NaN
0,0,0,0,112.32,-0.31402,0.084541,0.46459
0,0,0,0,112.33,NaN,NaN,NaN
0,0,0,0,112.34,-0.31753,0.086589,0.46446
0,0,0,0,112.35,-0.31933,0.087409,0.46435
0,0,0,0,112.36,-0.32086,0.088338,0.46443
0,0,0,0,112.37,-0.32243,0.08935,0.46438
0,0,0,0,112.38,-0.32404,0.09022,0.46448
0,0,0,0,112.39,-0.32562,0.091075,0.46455
0,0,0,0,112.4,-0.3272,0.091857,0.46471
0,0,0,0,112.41,-0.32852,0.092669,0.46476
0,0,0,0,112.42,-0.32994,0.093381,0.46488
0,0,0,0,112.43,-0.33113,0.094084,0.46508
0,0,0,0,112.44,-0.3324,0.094879,0.46532
0,0,0,0,112.45,-0.33351,0.095486,0.46562
0,0,0,0,112.46,-0.33455,0.096193,0.46586
0,0,0,0,112.47,-0.33559,0.097018,0.46613
0,0,0,0,112.48,-0.33643,0.097706,0.4665
0,0,0,0,112.49,-0.33722,0.098302,0.46696
0,0,0,0,112.5,-0.33803,0.098889,0.46742
0,0,0,0,112.51,-0.3387,0.099401,0.46779
0,0,0,0,112.52,-0.33938,0.10001,0.46825
0,0,0,0,112.53,-0.33991,0.10074,0.46865
0,0,0,0,112.54,-0.34046,0.1012,0.46917
0,0,0,0,112.55,-0.34108,0.10173,0.46968
0,0,0,0,112.56,-0.34151,0.10223,0.47016
0,0,0,0,112.57,-0.34182,0.10267,0.47068
0,0,0,0,112.58,NaN,NaN,NaN
0,0,0,0,112.59,NaN,NaN,NaN
0,0,0,0,112.6,NaN,NaN,NaN
0,0,0,0,112.61,NaN,NaN,NaN
0,0,0,0,112.62,NaN,NaN,NaN
0,0,0,0,112.63,NaN,NaN,NaN
0,0,0,0,112.64,NaN,NaN,NaN
0,0,0,0,112.65,NaN,NaN,NaN
0,0,0,0,112.66,NaN,NaN,NaN
0,0,0,0,112.67,-0.34363,0.1072,0.47646
0,0,0,0,112.68,NaN,NaN,NaN
0,0,0,0,112.69,-0.34337,0.10786,0.47751
0,0,0,0,112.7,NaN,NaN,NaN
0,0,0,0,112.71,-0.34302,0.10862,0.47864
0,0,0,0,112.72,NaN,NaN,NaN
0,0,0,0,112.73,-0.34249,0.10941,0.47974
0,0,0,0,112.74,-0.34215,0.10957,0.48039
0,0,0,0,112.75,-0.34184,0.10978,0.48082
0,0,0,0,112.76,-0.34113,0.11026,0.48139
0,0,0,0,112.77,-0.34063,0.11062,0.48201
0,0,0,0,112.78,-0.34002,0.11111,0.48259
0,0,0,0,112.79,-0.33936,0.11142,0.48321
0,0,0,0,112.8,-0.33863,0.11174,0.48372
0,0,0,0,112.81,-0.33827,0.11198,0.48437
0,0,0,0,112.82,-0.33736,0.11218,0.48494
0,0,0,0,112.83,-0.33653,0.11241,0.48557
0,0,0,0,112.84,NaN,NaN,NaN
0,0,0,0,112.85,NaN,NaN,NaN
0,0,0,0,112.86,NaN,NaN,NaN
0,0,0,0,112.87,NaN,NaN,NaN
0,0,0,0,112.88,NaN,NaN,NaN
0,0,0,0,112.89,NaN,NaN,NaN
0,0,0,0,112.9,NaN,NaN,NaN
0,0,0,0,112.91,NaN,NaN,NaN
0,0,0,0,112.92,NaN,NaN,NaN
0,0,0,0,112.93,NaN,NaN,NaN
0,0,0,0,112.94,NaN,NaN,NaN
0,0,0,0,112.95,-0.32339,0.11475,0.49389
0,0,0,0,112.96,NaN,NaN,NaN
0,0,0,0,112.97,-0.32067,0.11451,0.49544
0,0,0,0,112.98,NaN,NaN,NaN
0,0,0,0,112.99,-0.318,0.11421,0.49726
0,0,0,0,113,NaN,NaN,NaN
0,0,0,0,113.01,-0.31521,0.11396,0.49883
0,0,0,0,113.02,NaN,NaN,NaN
0,0,0,0,113.03,-0.31203,0.1135,0.50084
0,0,0,0,113.04,NaN,NaN,NaN
0,0,0,0,113.05,-0.30902,0.11319,0.50265
0,0,0,0,113.06,NaN,NaN,NaN
0,0,0,0,113.07,-0.3058,0.11273,0.5045
0,0,0,0,113.08,NaN,NaN,NaN
0,0,0,0,113.09,-0.30238,0.11223,0.50655
0,0,0,0,113.1,NaN,NaN,NaN
0,0,0,0,113.11,-0.29916,0.11171,0.50847
0,0,0,0,113.12,NaN,NaN,NaN
0,0,0,0,113.13,-0.2955,0.11091,0.51039
0,0,0,0,113.14,NaN,NaN,NaN
0,0,0,0,113.15,-0.29208,0.11038,0.51241
0,0,0,0,113.16,NaN,NaN,NaN
0,0,0,0,113.17,-0.2884,0.10967,0.51433
0,0,0,0,113.18,NaN,NaN,NaN
0,0,0,0,113.19,-0.28469,0.109,0.5161
0,0,0,0,113.2,NaN,NaN,NaN
0,0,0,0,113.21,-0.28075,0.10801,0.51801
0,0,0,0,113.22,NaN,NaN,NaN
0,0,0,0,113.23,-0.27707,0.10705,0.52004
0,0,0,0,113.24,NaN,NaN,NaN
0,0,0,0,113.25,-0.27309,0.10583,0.52217
0,0,0,0,113.26,NaN,NaN,NaN
0,0,0,0,113.27,-0.26902,0.10465,0.52412
0,0,0,0,113.28,NaN,NaN,NaN
0,0,0,0,113.29,-0.26505,0.10348,0.52588
0,0,0,0,113.3,NaN,NaN,NaN
0,0,0,0,113.31,-0.26108,0.10221,0.52756
0,0,0,0,113.32,NaN,NaN,NaN
0,0,0,0,113.33,-0.25717,0.10091,0.52921
0,0,0,0,113.34,NaN,NaN,NaN
0,0,0,0,113.35,-0.25322,0.099449,0.53062
0,0,0,0,113.36,NaN,NaN,NaN
0,0,0,0,113.37,-0.2491,0.098026,0.53219
0,0,0,0,113.38,NaN,NaN,NaN
0,0,0,0,113.39,-0.24488,0.09643,0.53383
0,0,0,0,113.4,NaN,NaN,NaN
0,0,0,0,113.41,-0.24083,0.094912,0.53509
0,0,0,0,113.42,NaN,NaN,NaN
0,0,0,0,113.43,-0.23644,0.093017,0.5365
0,0,0,0,113.44,NaN,NaN,NaN
0,0,0,0,113.45,-0.23238,0.091131,0.53786
0,0,0,0,113.46,NaN,NaN,NaN
0,0,0,0,113.47,-0.2284,0.089189,0.5391
0,0,0,0,113.48,NaN,NaN,NaN
0,0,0,0,113.49,-0.22465,0.087224,0.54012
0,0,0,0,113.5,NaN,NaN,NaN
0,0,0,0,113.51,-0.22067,0.085008,0.54112
0,0,0,0,113.52,NaN,NaN,NaN
0,0,0,0,113.53,-0.21671,0.082769,0.54211
0,0,0,0,113.54,NaN,NaN,NaN
0,0,0,0,113.55,-0.21274,0.08046,0.5432
0,0,0,0,113.56,NaN,NaN,NaN
0,0,0,0,113.57,-0.20867,0.077914,0.54416
0,0,0,0,113.58,NaN,NaN,NaN
0,0,0,0,113.59,-0.20463,0.075385,0.54514
0,0,0,0,113.6,NaN,NaN,NaN
0,0,0,0,113.61,-0.20072,0.072807,0.54606
0,0,0,0,113.62,NaN,NaN,NaN
0,0,0,0,113.63,-0.19654,0.070153,0.54682
0,0,0,0,113.64,NaN,NaN,NaN
0,0,0,0,113.65,-0.19243,0.067361,0.5477
0,0,0,0,113.66,NaN,NaN,NaN
0,0,0,0,113.67,-0.18854,0.064488,0.5486
0,0,0,0,113.68,NaN,NaN,NaN
0,0,0,0,113.69,-0.18475,0.061542,0.54927
0,0,0,0,113.7,NaN,NaN,NaN
0,0,0,0,113.71,-0.18109,0.058603,0.5499
0,0,0,0,113.72,NaN,NaN,NaN
0,0,0,0,113.73,-0.17792,0.055526,0.55054
0,0,0,0,113.74,NaN,NaN,NaN
0,0,0,0,113.75,-0.17472,0.052619,0.5509
0,0,0,0,113.76,NaN,NaN,NaN
0,0,0,0,113.77,-0.17154,0.049676,0.55092
0,0,0,0,113.78,NaN,NaN,NaN
0,0,0,0,113.79,-0.16892,0.046654,0.55104
0,0,0,0,113.8,NaN,NaN,NaN
0,0,0,0,113.81,-0.16658,0.043617,0.55113
0,0,0,0,113.82,NaN,NaN,NaN
0,0,0,0,113.83,-0.16413,0.040402,0.55108
0,0,0,0,113.84,NaN,NaN,NaN
0,0,0,0,113.85,-0.16195,0.037122,0.5509
0,0,0,0,113.86,NaN,NaN,NaN
0,0,0,0,113.87,-0.15999,0.033856,0.55089
0,0,0,0,113.88,NaN,NaN,NaN
0,0,0,0,113.89,-0.15807,0.030335,0.55094
0,0,0,0,113.9,NaN,NaN,NaN
0,0,0,0,113.91,-0.15634,0.026903,0.55088
0,0,0,0,113.92,NaN,NaN,NaN
0,0,0,0,113.93,-0.15467,0.023259,0.55099
0,0,0,0,113.94,NaN,NaN,NaN
0,0,0,0,113.95,-0.15328,0.019498,0.55111
0,0,0,0,113.96,NaN,NaN,NaN
0,0,0,0,113.97,-0.15208,0.015718,0.55128
0,0,0,0,113.98,NaN,NaN,NaN
0,0,0,0,113.99,-0.15101,0.011798,0.55149
0,0,0,0,114,NaN,NaN,NaN
0,0,0,0,114.01,-0.15005,0.007884,0.55166
0,0,0,0,114.02,NaN,NaN,NaN
0,0,0,0,114.03,-0.14918,0.003991,0.55185
0,0,0,0,114.04,NaN,NaN,NaN
0,0,0,0,114.05,-0.14856,0.000209,0.5523
0,0,0,0,114.06,NaN,NaN,NaN
0,0,0,0,114.07,-0.14796,-0.003518,0.55257
0,0,0,0,114.08,NaN,NaN,NaN
0,0,0,0,114.09,-0.14755,-0.007157,0.55294
0,0,0,0,114.1,NaN,NaN,NaN
0,0,0,0,114.11,-0.14739,-0.010976,0.55339
0,0,0,0,114.12,NaN,NaN,NaN
0,0,0,0,114.13,-0.14712,-0.014924,0.554
0,0,0,0,114.14,NaN,NaN,NaN
0,0,0,0,114.15,-0.1473,-0.018975,0.55453
0,0,0,0,114.16,NaN,NaN,NaN
0,0,0,0,114.17,-0.14758,-0.023137,0.55514
0,0,0,0,114.18,NaN,NaN,NaN
0,0,0,0,114.19,-0.14787,-0.027437,0.55582
0,0,0,0,114.2,NaN,NaN,NaN
0,0,0,0,114.21,-0.14844,-0.031537,0.55657
0,0,0,0,114.22,NaN,NaN,NaN
0,0,0,0,114.23,-0.14922,-0.035909,0.55737
0,0,0,0,114.24,NaN,NaN,NaN
0,0,0,0,114.25,-0.14993,-0.040084,0.55819
0,0,0,0,114.26,NaN,NaN,NaN
0,0,0,0,114.27,-0.15065,-0.044504,0.55898
0,0,0,0,114.28,NaN,NaN,NaN
0,0,0,0,114.29,-0.15163,-0.048876,0.55993
0,0,0,0,114.3,NaN,NaN,NaN
0,0,0,0,114.31,-0.15235,-0.053339,0.56095
0,0,0,0,114.32,NaN,NaN,NaN
0,0,0,0,114.33,-0.15366,-0.057791,0.56211
0,0,0,0,114.34,NaN,NaN,NaN
0,0,0,0,114.35,-0.15467,-0.062116,0.56321
0,0,0,0,114.36,NaN,NaN,NaN
0,0,0,0,114.37,-0.15586,-0.066692,0.56458
0,0,0,0,114.38,NaN,NaN,NaN
0,0,0,0,114.39,-0.15699,-0.071156,0.56566
0,0,0,0,114.4,NaN,NaN,NaN
0,0,0,0,114.41,-0.1582,-0.075568,0.56684
0,0,0,0,114.42,NaN,NaN,NaN
0,0,0,0,114.43,-0.15937,-0.080123,0.56826
0,0,0,0,114.44,NaN,NaN,NaN
0,0,0,0,114.45,-0.16062,-0.084393,0.5696
0,0,0,0,114.46,NaN,NaN,NaN
0,0,0,0,114.47,-0.16185,-0.088406,0.57094
0,0,0,0,114.48,NaN,NaN,NaN
0,0,0,0,114.49,-0.1628,-0.092191,0.57207
0,0,0,0,114.5,NaN,NaN,NaN
0,0,0,0,114.51,-0.16382,-0.095765,0.57325
0,0,0,0,114.52,NaN,NaN,NaN
0,0,0,0,114.53,-0.16469,-0.099359,0.57453
0,0,0,0,114.54,NaN,NaN,NaN
0,0,0,0,114.55,-0.16553,-0.10299,0.57571
0,0,0,0,114.56,NaN,NaN,NaN
0,0,0,0,114.57,-0.16673,-0.10619,0.57709
0,0,0,0,114.58,NaN,NaN,NaN
0,0,0,0,114.59,-0.16761,-0.10972,0.57826
0,0,0,0,114.6,NaN,NaN,NaN
0,0,0,0,114.61,-0.16859,-0.11275,0.57937
0,0,0,0,114.62,NaN,NaN,NaN
0,0,0,0,114.63,-0.16954,-0.11569,0.58037
0,0,0,0,114.64,NaN,NaN,NaN
0,0,0,0,114.65,-0.17046,-0.11855,0.58132
0,0,0,0,114.66,NaN,NaN,NaN
0,0,0,0,114.67,-0.17139,-0.12114,0.58228
0,0,0,0,114.68,NaN,NaN,NaN
0,0,0,0,114.69,-0.17214,-0.12368,0.58331
0,0,0,0,114.7,NaN,NaN,NaN
0,0,0,0,114.71,-0.17319,-0.12618,0.58444
0,0,0,0,114.72,NaN,NaN,NaN
0,0,0,0,114.73,-0.17413,-0.12839,0.58567
0,0,0,0,114.74,NaN,NaN,NaN
0,0,0,0,114.75,-0.17508,-0.13073,0.587
0,0,0,0,114.76,NaN,NaN,NaN
0,0,0,0,114.77,-0.17576,-0.13296,0.58832
0,0,0,0,114.78,NaN,NaN,NaN
0,0,0,0,114.79,-0.17638,-0.13502,0.58971
0,0,0,0,114.8,NaN,NaN,NaN
0,0,0,0,114.81,-0.17742,-0.13703,0.59127
0,0,0,0,114.82,NaN,NaN,NaN
0,0,0,0,114.83,-0.17816,-0.13902,0.59278
0,0,0,0,114.84,NaN,NaN,NaN
0,0,0,0,114.85,-0.17901,-0.14069,0.59432
0,0,0,0,114.86,NaN,NaN,NaN
0,0,0,0,114.87,-0.17994,-0.14221,0.59573
0,0,0,0,114.88,NaN,NaN,NaN
0,0,0,0,114.89,-0.18113,-0.14338,0.59725
0,0,0,0,114.9,NaN,NaN,NaN
0,0,0,0,114.91,-0.18201,-0.14431,0.59856
0,0,0,0,114.92,NaN,NaN,NaN
0,0,0,0,114.93,-0.18273,-0.145,0.59981
0,0,0,0,114.94,NaN,NaN,NaN
0,0,0,0,114.95,-0.18361,-0.14551,0.60111
0,0,0,0,114.96,NaN,NaN,NaN
0,0,0,0,114.97,-0.18464,-0.14569,0.60259
0,0,0,0,114.98,NaN,NaN,NaN
0,0,0,0,114.99,-0.1854,-0.1457,0.60392
0,0,0,0,115,NaN,NaN,NaN
0,0,0,0,115.01,-0.18599,-0.14553,0.60527
0,0,0,0,115.02,NaN,NaN,NaN
0,0,0,0,115.03,-0.18674,-0.14508,0.60656
0,0,0,0,115.04,NaN,NaN,NaN
0,0,0,0,115.05,-0.18743,-0.14448,0.60769
0,0,0,0,115.06,NaN,NaN,NaN
0,0,0,0,115.07,-0.18812,-0.14381,0.60886
0,0,0,0,115.08,NaN,NaN,NaN
0,0,0,0,115.09,-0.1889,-0.14284,0.60975
0,0,0,0,115.1,NaN,NaN,NaN
0,0,0,0,115.11,-0.18952,-0.14181,0.61066
0,0,0,0,115.12,NaN,NaN,NaN
0,0,0,0,115.13,-0.19016,-0.14051,0.61127
0,0,0,0,115.14,NaN,NaN,NaN
0,0,0,0,115.15,-0.19077,-0.13903,0.61179
0,0,0,0,115.16,NaN,NaN,NaN
0,0,0,0,115.17,-0.19156,-0.13755,0.61235
0,0,0,0,115.18,NaN,NaN,NaN
0,0,0,0,115.19,-0.1921,-0.13586,0.61266
0,0,0,0,115.2,NaN,NaN,NaN
0,0,0,0,115.21,-0.19267,-0.13408,0.61284
0,0,0,0,115.22,NaN,NaN,NaN
0,0,0,0,115.23,-0.19333,-0.1322,0.6129
0,0,0,0,115.24,NaN,NaN,NaN
0,0,0,0,115.25,-0.1939,-0.13028,0.61288
0,0,0,0,115.26,NaN,NaN,NaN
0,0,0,0,115.27,-0.1945,-0.12842,0.61274
0,0,0,0,115.28,NaN,NaN,NaN
0,0,0,0,115.29,-0.1951,-0.12609,0.61251
0,0,0,0,115.3,NaN,NaN,NaN
0,0,0,0,115.31,-0.19552,-0.12388,0.61208
0,0,0,0,115.32,NaN,NaN,NaN
0,0,0,0,115.33,-0.19627,-0.12135,0.61164
0,0,0,0,115.34,NaN,NaN,NaN
0,0,0,0,115.35,-0.19683,-0.119,0.61107
0,0,0,0,115.36,NaN,NaN,NaN
0,0,0,0,115.37,-0.19756,-0.11636,0.6103
0,0,0,0,115.38,NaN,NaN,NaN
0,0,0,0,115.39,-0.19826,-0.11369,0.60947
0,0,0,0,115.4,NaN,NaN,NaN
0,0,0,0,115.41,-0.19895,-0.11121,0.60855
0,0,0,0,115.42,NaN,NaN,NaN
0,0,0,0,115.43,-0.1998,-0.10849,0.60751
0,0,0,0,115.44,NaN,NaN,NaN
0,0,0,0,115.45,-0.20059,-0.10595,0.60648
0,0,0,0,115.46,NaN,NaN,NaN
0,0,0,0,115.47,-0.20138,-0.10336,0.60526
0,0,0,0,115.48,NaN,NaN,NaN
0,0,0,0,115.49,-0.20206,-0.10068,0.60387
0,0,0,0,115.5,NaN,NaN,NaN
0,0,0,0,115.51,-0.20282,-0.097842,0.6025
0,0,0,0,115.52,NaN,NaN,NaN
0,0,0,0,115.53,-0.20364,-0.094897,0.60097
0,0,0,0,115.54,NaN,NaN,NaN
0,0,0,0,115.55,-0.20447,-0.0918,0.59942
0,0,0,0,115.56,NaN,NaN,NaN
0,0,0,0,115.57,-0.20519,-0.08853,0.59735
0,0,0,0,115.58,NaN,NaN,NaN
0,0,0,0,115.59,-0.20607,-0.085172,0.59578
0,0,0,0,115.6,NaN,NaN,NaN
0,0,0,0,115.61,-0.20675,-0.08175,0.59378
0,0,0,0,115.62,NaN,NaN,NaN
0,0,0,0,115.63,-0.20752,-0.07827,0.59176
0,0,0,0,115.64,NaN,NaN,NaN
0,0,0,0,115.65,-0.20846,-0.07476,0.58971
0,0,0,0,115.66,NaN,NaN,NaN
0,0,0,0,115.67,-0.20922,-0.07114,0.58739
0,0,0,0,115.68,NaN,NaN,NaN
0,0,0,0,115.69,-0.20996,-0.067568,0.58492
0,0,0,0,115.7,NaN,NaN,NaN
0,0,0,0,115.71,-0.21102,-0.063963,0.5826
0,0,0,0,115.72,NaN,NaN,NaN
0,0,0,0,115.73,-0.2121,-0.060513,0.58021
0,0,0,0,115.74,NaN,NaN,NaN
0,0,0,0,115.75,-0.21313,-0.056844,0.57771
0,0,0,0,115.76,NaN,NaN,NaN
0,0,0,0,115.77,-0.21387,-0.053448,0.57524
0,0,0,0,115.78,NaN,NaN,NaN
0,0,0,0,115.79,-0.21485,-0.05004,0.57245
0,0,0,0,115.8,NaN,NaN,NaN
0,0,0,0,115.81,-0.21546,-0.04673,0.5698
0,0,0,0,115.82,NaN,NaN,NaN
0,0,0,0,115.83,-0.21652,-0.043454,0.56708
0,0,0,0,115.84,NaN,NaN,NaN
0,0,0,0,115.85,-0.21759,-0.040154,0.56441
0,0,0,0,115.86,NaN,NaN,NaN
0,0,0,0,115.87,-0.21833,-0.036941,0.56134
0,0,0,0,115.88,NaN,NaN,NaN
0,0,0,0,115.89,-0.21934,-0.033688,0.55865
0,0,0,0,115.9,NaN,NaN,NaN
0,0,0,0,115.91,-0.22008,-0.030479,0.55588
0,0,0,0,115.92,NaN,NaN,NaN
0,0,0,0,115.93,-0.22051,-0.027286,0.5528
0,0,0,0,115.94,NaN,NaN,NaN
0,0,0,0,115.95,-0.22118,-0.024309,0.55019
0,0,0,0,115.96,NaN,NaN,NaN
0,0,0,0,115.97,-0.22191,-0.021297,0.54751
0,0,0,0,115.98,NaN,NaN,NaN
0,0,0,0,115.99,-0.22235,-0.018637,0.54494
0,0,0,0,116,NaN,NaN,NaN
0,0,0,0,116.01,-0.22261,-0.015956,0.54206
0,0,0,0,116.02,NaN,NaN,NaN
0,0,0,0,116.03,-0.2229,-0.0135,0.53947
0,0,0,0,116.04,NaN,NaN,NaN
0,0,0,0,116.05,-0.22297,-0.01134,0.5368
0,0,0,0,116.06,NaN,NaN,NaN
0,0,0,0,116.07,-0.22336,-0.009228,0.53389
0,0,0,0,116.08,NaN,NaN,NaN
0,0,0,0,116.09,-0.22324,-0.007102,0.53096
0,0,0,0,116.1,NaN,NaN,NaN
0,0,0,0,116.11,-0.22325,-0.005365,0.52774
0,0,0,0,116.12,NaN,NaN,NaN
0,0,0,0,116.13,-0.22332,-0.003686,0.52444
0,0,0,0,116.14,NaN,NaN,NaN
0,0,0,0,116.15,-0.2233,-0.002094,0.52113
0,0,0,0,116.16,NaN,NaN,NaN
0,0,0,0,116.17,-0.22311,-0.00031,0.51762
0,0,0,0,116.18,NaN,NaN,NaN
0,0,0,0,116.19,-0.22258,0.001181,0.51383
0,0,0,0,116.2,NaN,NaN,NaN
0,0,0,0,116.21,-0.22213,0.002528,0.51019
0,0,0,0,116.22,NaN,NaN,NaN
0,0,0,0,116.23,-0.22125,0.003732,0.50612
0,0,0,0,116.24,NaN,NaN,NaN
0,0,0,0,116.25,-0.2205,0.004629,0.50249
0,0,0,0,116.26,NaN,NaN,NaN
0,0,0,0,116.27,-0.21976,0.005529,0.49861
0,0,0,0,116.28,NaN,NaN,NaN
0,0,0,0,116.29,-0.21859,0.006134,0.49456
0,0,0,0,116.3,NaN,NaN,NaN
0,0,0,0,116.31,-0.21713,0.00672,0.49059
0,0,0,0,116.32,NaN,NaN,NaN
0,0,0,0,116.33,-0.21548,0.006983,0.48652
0,0,0,0,116.34,NaN,NaN,NaN
0,0,0,0,116.35,-0.2138,0.007023,0.48256
0,0,0,0,116.36,NaN,NaN,NaN
0,0,0,0,116.37,-0.21189,0.007024,0.47831
0,0,0,0,116.38,NaN,NaN,NaN
0,0,0,0,116.39,-0.21025,0.006937,0.47444
0,0,0,0,116.4,NaN,NaN,NaN
0,0,0,0,116.41,-0.2083,0.007003,0.46993
0,0,0,0,116.42,NaN,NaN,NaN
0,0,0,0,116.43,-0.20659,0.00705,0.46547
0,0,0,0,116.44,NaN,NaN,NaN
0,0,0,0,116.45,-0.20477,0.007013,0.46087
0,0,0,0,116.46,NaN,NaN,NaN
0,0,0,0,116.47,-0.20308,0.006895,0.45614
0,0,0,0,116.48,NaN,NaN,NaN
0,0,0,0,116.49,-0.20115,0.006597,0.45138
0,0,0,0,116.5,NaN,NaN,NaN
0,0,0,0,116.51,-0.19925,0.006166,0.44675
0,0,0,0,116.52,NaN,NaN,NaN
0,0,0,0,116.53,-0.19724,0.00565,0.44181
0,0,0,0,116.54,NaN,NaN,NaN
0,0,0,0,116.55,-0.19524,0.004983,0.43713
0,0,0,0,116.56,NaN,NaN,NaN
0,0,0,0,116.57,-0.19326,0.004186,0.43236
0,0,0,0,116.58,NaN,NaN,NaN
0,0,0,0,116.59,-0.19108,0.003395,0.42735
0,0,0,0,116.6,NaN,NaN,NaN
0,0,0,0,116.61,-0.18878,0.00237,0.4225
0,0,0,0,116.62,NaN,NaN,NaN
0,0,0,0,116.63,-0.18671,0.001599,0.4176
0,0,0,0,116.64,NaN,NaN,NaN
0,0,0,0,116.65,-0.1847,0.000739,0.41273
0,0,0,0,116.66,NaN,NaN,NaN
0,0,0,0,116.67,-0.18272,-0.000274,0.40799
0,0,0,0,116.68,NaN,NaN,NaN
0,0,0,0,116.69,-0.18086,-0.001017,0.40313
0,0,0,0,116.7,NaN,NaN,NaN
0,0,0,0,116.71,-0.17894,-0.001838,0.39818
0,0,0,0,116.72,NaN,NaN,NaN
0,0,0,0,116.73,-0.1765,-0.002696,0.39312
0,0,0,0,116.74,-0.17588,-0.003057,0.39122
0,0,0,0,116.75,-0.17461,-0.00352,0.38899
0,0,0,0,116.76,-0.17358,-0.003927,0.38666
0,0,0,0,116.77,-0.17245,-0.004337,0.38457
0,0,0,0,116.78,-0.17126,-0.004785,0.38229
0,0,0,0,116.79,-0.17036,-0.005054,0.38007
0,0,0,0,116.8,-0.16906,-0.005465,0.37795
0,0,0,0,116.81,-0.16817,-0.00574,0.37583
0,0,0,0,116.82,-0.16728,-0.005991,0.37345
0,0,0,0,116.83,-0.16598,-0.006398,0.37128
0,0,0,0,116.84,-0.16525,-0.006676,0.36923
0,0,0,0,116.85,-0.16425,-0.007028,0.36727
0,0,0,0,116.86,-0.16298,-0.00743,0.36499
0,0,0,0,116.87,-0.16224,-0.007746,0.36301
0,0,0,0,116.88,-0.16129,-0.007937,0.36116
0,0,0,0,116.89,-0.16016,-0.008602,0.35902
0,0,0,0,116.9,-0.15942,-0.008701,0.35666
0,0,0,0,116.91,-0.15846,-0.009108,0.35499
0,0,0,0,116.92,-0.15741,-0.009339,0.35324
0,0,0,0,116.93,-0.15669,-0.009968,0.35111
0,0,0,0,116.94,-0.15565,-0.010338,0.34923
0,0,0,0,116.95,-0.15448,-0.010416,0.34734
0,0,0,0,116.96,-0.15385,-0.010866,0.34531
0,0,0,0,116.97,-0.15281,-0.010857,0.34365
0,0,0,0,116.98,-0.15212,-0.011259,0.34185
0,0,0,0,116.99,-0.15096,-0.011576,0.34004
0,0,0,0,117,-0.15014,-0.01161,0.3382
0,0,0,0,117.01,-0.14909,-0.011906,0.3367
0,0,0,0,117.02,-0.14781,-0.01238,0.33506
0,0,0,0,117.03,-0.14707,-0.012698,0.33327
0,0,0,0,117.04,-0.14591,-0.012767,0.33158
0,0,0,0,117.05,-0.14492,-0.013097,0.33014
0,0,0,0,117.06,-0.14398,-0.013585,0.32861
0,0,0,0,117.07,-0.14282,-0.01413,0.32723
0,0,0,0,117.08,-0.14188,-0.01447,0.32584
0,0,0,0,117.09,-0.14079,-0.014842,0.32419
0,0,0,0,117.1,-0.13991,-0.015231,0.32285
0,0,0,0,117.11,-0.13908,-0.015583,0.3214
0,0,0,0,117.12,-0.13815,-0.015998,0.32007
0,0,0,0,117.13,-0.13682,-0.016372,0.31842
0,0,0,0,117.14,-0.13584,-0.016773,0.31694
0,0,0,0,117.15,-0.13494,-0.017175,0.31569
0,0,0,0,117.16,-0.13403,-0.017465,0.31457
0,0,0,0,117.17,-0.13278,-0.018014,0.31336
0,0,0,0,117.18,-0.13176,-0.018461,0.31211
0,0,0,0,117.19,-0.13083,-0.018956,0.31088
0,0,0,0,117.2,-0.13014,-0.019418,0.30961
0,0,0,0,117.21,-0.12894,-0.019887,0.30843
0,0,0,0,117.22,-0.12749,-0.020407,0.30724
0,0,0,0,117.23,-0.12627,-0.021112,0.30606
0,0,0,0,117.24,-0.12521,-0.021581,0.30507
0,0,0,0,117.25,-0.12427,-0.022169,0.30412
0,0,0,0,117.26,-0.12295,-0.022868,0.30314
0,0,0,0,117.27,-0.12103,-0.023579,0.30204
0,0,0,0,117.28,-0.11995,-0.024198,0.30098
0,0,0,0,117.29,-0.11894,-0.024823,0.30024
0,0,0,0,117.3,-0.11776,-0.025658,0.29925
0,0,0,0,117.31,-0.11624,-0.026444,0.29847
0,0,0,0,117.32,-0.11468,-0.027152,0.29742
0,0,0,0,117.33,-0.11364,-0.027877,0.29674
0,0,0,0,117.34,-0.11259,-0.028765,0.29587
0,0,0,0,117.35,-0.11162,-0.029498,0.29486
0,0,0,0,117.36,-0.11035,-0.030326,0.29401
0,0,0,0,117.37,-0.10905,-0.03107,0.29314
0,0,0,0,117.38,-0.10746,-0.031986,0.29233
0,0,0,0,117.39,-0.10618,-0.03282,0.29163
0,0,0,0,117.4,-0.10472,-0.033636,0.2908
0,0,0,0,117.41,-0.10337,-0.034667,0.28992
0,0,0,0,117.42,-0.10245,-0.035608,0.2892
0,0,0,0,117.43,-0.10082,-0.036526,0.2885
0,0,0,0,117.44,-0.099218,-0.037568,0.28775
0,0,0,0,117.45,-0.097975,-0.038511,0.28721
0,0,0,0,117.46,-0.096699,-0.039559,0.28668
0,0,0,0,117.47,-0.09471,-0.040789,0.2859
0,0,0,0,117.48,-0.093524,-0.041739,0.28522
0,0,0,0,117.49,-0.09204,-0.042882,0.28459
0,0,0,0,117.5,-0.090592,-0.044134,0.28411
0,0,0,0,117.51,-0.089448,-0.045455,0.28365
0,0,0,0,117.52,-0.08801,-0.046579,0.28313
0,0,0,0,117.53,-0.086135,-0.047713,0.28273
0,0,0,0,117.54,-0.084801,-0.048648,0.28184
0,0,0,0,117.55,-0.083349,-0.049589,0.28113
0,0,0,0,117.56,-0.082288,-0.050816,0.28068
0,0,0,0,117.57,-0.080607,-0.051791,0.2801
0,0,0,0,117.58,-0.07928,-0.052787,0.27963
0,0,0,0,117.59,-0.077842,-0.053734,0.27917
0,0,0,0,117.6,-0.07667,-0.05473,0.27864
0,0,0,0,117.61,-0.074974,-0.055593,0.27776
0,0,0,0,117.62,-0.073544,-0.056568,0.27718
0,0,0,0,117.63,-0.072171,-0.057789,0.2767
0,0,0,0,117.64,-0.070935,-0.058844,0.27606
0,0,0,0,117.65,-0.069446,-0.060005,0.27561
0,0,0,0,117.66,-0.06807,-0.061133,0.27514
0,0,0,0,117.67,-0.067017,-0.062365,0.27429
0,0,0,0,117.68,-0.065403,-0.063705,0.27382
0,0,0,0,117.69,-0.063796,-0.065205,0.27329
0,0,0,0,117.7,-0.062658,-0.066344,0.27283
0,0,0,0,117.71,-0.061338,-0.067745,0.27235
0,0,0,0,117.72,-0.059577,-0.069111,0.27171
0,0,0,0,117.73,-0.058396,-0.070399,0.27144
0,0,0,0,117.74,-0.056868,-0.071752,0.27082
0,0,0,0,117.75,-0.055629,-0.073169,0.27047
0,0,0,0,117.76,-0.054344,-0.074522,0.26989
0,0,0,0,117.77,-0.05322,-0.07566,0.26942
0,0,0,0,117.78,-0.051641,-0.076843,0.26888
0,0,0,0,117.79,-0.050277,-0.078134,0.26818
0,0,0,0,117.8,-0.04877,-0.079298,0.26736
0,0,0,0,117.81,-0.047396,-0.080442,0.26676
0,0,0,0,117.82,-0.046111,-0.081614,0.26601
0,0,0,0,117.83,-0.044841,-0.082593,0.26527
0,0,0,0,117.84,-0.043634,-0.083682,0.26462
0,0,0,0,117.85,-0.042181,-0.08488,0.26365
0,0,0,0,117.86,-0.041019,-0.085941,0.26274
0,0,0,0,117.87,-0.039915,-0.086939,0.26192
0,0,0,0,117.88,-0.03921,-0.087904,0.26079
0,0,0,0,117.89,-0.037733,-0.089011,0.25987
0,0,0,0,117.9,-0.036321,-0.089975,0.25857
0,0,0,0,117.91,-0.035202,-0.091129,0.25757
0,0,0,0,117.92,-0.034188,-0.092345,0.25641
0,0,0,0,117.93,-0.033076,-0.093402,0.25546
0,0,0,0,117.94,-0.032007,-0.094393,0.2545
0,0,0,0,117.95,-0.030462,-0.095381,0.25314
0,0,0,0,117.96,-0.029396,-0.096623,0.25211
0,0,0,0,117.97,-0.028345,-0.097912,0.25103
0,0,0,0,117.98,-0.027082,-0.099105,0.25012
0,0,0,0,117.99,-0.026052,-0.10034,0.24902
0,0,0,0,118,-0.024762,-0.10167,0.24751
0,0,0,0,118.01,-0.023765,-0.10281,0.24627
0,0,0,0,118.02,-0.022724,-0.10399,0.24515
0,0,0,0,118.03,-0.021648,-0.1049,0.24397
0,0,0,0,118.04,-0.020626,-0.10583,0.24217
0,0,0,0,118.05,-0.019757,-0.10687,0.24098
0,0,0,0,118.06,-0.018872,-0.10784,0.23959
0,0,0,0,118.07,-0.017898,-0.10856,0.23819
0,0,0,0,118.08,-0.017164,-0.10946,0.23675
0,0,0,0,118.09,-0.016214,-0.11057,0.23525
0,0,0,0,118.1,-0.015486,-0.11146,0.23375
0,0,0,0,118.11,-0.014508,-0.11197,0.23202
0,0,0,0,118.12,-0.01399,-0.11278,0.23064
0,0,0,0,118.13,-0.012965,-0.11346,0.22907
0,0,0,0,118.14,-0.012309,-0.11413,0.22764
0,0,0,0,118.15,-0.011454,-0.11478,0.22601
0,0,0,0,118.16,-0.010639,-0.11529,0.22445
0,0,0,0,118.17,-0.009553,-0.11608,0.2229
0,0,0,0,118.18,-0.008738,-0.1169,0.22157
0,0,0,0,118.19,-0.007992,-0.11753,0.22014
0,0,0,0,118.2,-0.007176,-0.1183,0.21866
0,0,0,0,118.21,-0.006149,-0.11891,0.21702
0,0,0,0,118.22,-0.005459,-0.1197,0.21559
0,0,0,0,118.23,-0.004721,-0.12023,0.21418
0,0,0,0,118.24,-0.004061,-0.1207,0.21282
0,0,0,0,118.25,-0.00321,-0.12176,0.21109
0,0,0,0,118.26,-0.002618,-0.12233,0.20957
0,0,0,0,118.27,-0.002045,-0.12304,0.2081
0,0,0,0,118.28,-0.001513,-0.1235,0.20695
0,0,0,0,118.29,-0.00067,-0.12367,0.20551
0,0,0,0,118.3,-1.5e-05,-0.12449,0.2042
0,0,0,0,118.31,0.000534,-0.12488,0.20314
0,0,0,0,118.32,0.001268,-0.12523,0.20227
0,0,0,0,118.33,0.001876,-0.12594,0.20157
0,0,0,0,118.34,0.002627,-0.12688,0.20149
0,0,0,0,118.35,0.003392,-0.12765,0.20127
0,0,0,0,118.36,0.004069,-0.12813,0.20111
0,0,0,0,118.37,0.004628,-0.12882,0.20107
0,0,0,0,118.38,0.005268,-0.12977,0.20098
0,0,0,0,118.39,0.005349,-0.13018,0.20119
0,0,0,0,118.4,0.006511,-0.13043,0.20123
0,0,0,0,118.41,0.006774,-0.13067,0.20149
0,0,0,0,118.42,0.006971,-0.13057,0.20187
0,0,0,0,118.43,0.006628,-0.13096,0.20238
0,0,0,0,118.44,0.006902,-0.13112,0.20278
0,0,0,0,118.45,0.007092,-0.13103,0.20334
0,0,0,0,118.46,0.007729,-0.13131,0.20408
0,0,0,0,118.47,0.008024,-0.13132,0.20482
0,0,0,0,118.48,0.008061,-0.1311,0.20532
0,0,0,0,118.49,0.008242,-0.13111,0.20584
0,0,0,0,118.5,0.008356,-0.13111,0.20641
0,0,0,0,118.51,0.008596,-0.13102,0.20713
0,0,0,0,118.52,0.008678,-0.13098,0.20795
0,0,0,0,118.53,0.008877,-0.13083,0.20883
0,0,0,0,118.54,0.009049,-0.13025,0.2097
0,0,0,0,118.55,0.009164,-0.13082,0.21076
0,0,0,0,118.56,0.009616,-0.13057,0.21171
0,0,0,0,118.57,0.009976,-0.13049,0.21266
0,0,0,0,118.58,0.010363,-0.13043,0.21364
0,0,0,0,118.59,0.010609,-0.13047,0.21467
0,0,0,0,118.6,0.011143,-0.13022,0.2157
0,0,0,0,118.61,0.011626,-0.13059,0.21648
0,0,0,0,118.62,0.011937,-0.13048,0.21759
0,0,0,0,118.63,0.012121,-0.13074,0.21863
0,0,0,0,118.64,0.01276,-0.13023,0.21953
0,0,0,0,118.65,0.012906,-0.13018,0.22072
0,0,0,0,118.66,0.012841,-0.13037,0.22212
0,0,0,0,118.67,0.012944,-0.13036,0.22311
0,0,0,0,118.68,0.013248,-0.13028,0.22395
0,0,0,0,118.69,0.013428,-0.13009,0.22496
0,0,0,0,118.7,0.013533,-0.12996,0.22599
0,0,0,0,118.71,0.013723,-0.12977,0.22699
0,0,0,0,118.72,0.013857,-0.12976,0.2278
0,0,0,0,118.73,0.013894,-0.12967,0.2287
0,0,0,0,118.74,0.013969,-0.12969,0.22969
0,0,0,0,118.75,0.013977,-0.13008,0.23103
0,0,0,0,118.76,0.014079,-0.12967,0.23181
0,0,0,0,118.77,0.014285,-0.12911,0.23299
0,0,0,0,118.78,0.014369,-0.1292,0.23399
0,0,0,0,118.79,0.01447,-0.12924,0.23496
0,0,0,0,118.8,0.014524,-0.129,0.23589
0,0,0,0,118.81,0.014715,-0.12889,0.23688
0,0,0,0,118.82,0.014965,-0.1289,0.23794
0,0,0,0,118.83,0.014909,-0.12865,0.23939
0,0,0,0,118.84,0.014916,-0.12843,0.24058
0,0,0,0,118.85,0.015057,-0.12829,0.24143
0,0,0,0,118.86,0.015049,-0.12811,0.24238
0,0,0,0,118.87,0.015194,-0.12761,0.24355
0,0,0,0,118.88,0.015231,-0.1275,0.24473
0,0,0,0,118.89,0.015416,-0.1273,0.2459
0,0,0,0,118.9,0.015367,-0.12699,0.24681
0,0,0,0,118.91,0.015503,-0.12679,0.24788
0,0,0,0,118.92,0.015449,-0.12651,0.2492
0,0,0,0,118.93,0.015439,-0.12599,0.25025
0,0,0,0,118.94,0.015641,-0.1251,0.2515
0,0,0,0,118.95,0.015673,-0.12465,0.25251
0,0,0,0,118.96,0.015687,-0.1243,0.25343
0,0,0,0,118.97,0.015708,-0.12378,0.25433
0,0,0,0,118.98,0.015696,-0.12336,0.25523
0,0,0,0,118.99,0.015508,-0.12268,0.25629
0,0,0,0,119,0.015258,-0.12225,0.2575
0,0,0,0,119.01,0.015143,-0.12159,0.25833
0,0,0,0,119.02,0.015064,-0.12122,0.2594
0,0,0,0,119.03,0.014892,-0.12051,0.26023
0,0,0,0,119.04,0.014778,-0.11984,0.26104
0,0,0,0,119.05,0.014543,-0.11925,0.26181
0,0,0,0,119.06,0.014552,-0.11837,0.2627
0,0,0,0,119.07,0.014538,-0.11705,0.26348
0,0,0,0,119.08,0.014446,-0.11664,0.26464
0,0,0,0,119.09,0.014196,-0.11583,0.26569
0,0,0,0,119.1,0.014125,-0.11519,0.26649
0,0,0,0,119.11,0.014009,-0.11441,0.26733
0,0,0,0,119.12,0.013959,-0.1137,0.26816
0,0,0,0,119.13,0.01396,-0.11265,0.26904
0,0,0,0,119.14,0.013905,-0.11171,0.26991
0,0,0,0,119.15,0.01372,-0.11046,0.27085
0,0,0,0,119.16,0.013517,-0.10963,0.27179
0,0,0,0,119.17,0.013199,-0.10887,0.27282
0,0,0,0,119.18,0.013074,-0.10801,0.27364
0,0,0,0,119.19,0.012918,-0.10695,0.27456
0,0,0,0,119.2,0.012782,-0.10579,0.27534
0,0,0,0,119.21,0.012301,-0.10496,0.27613
0,0,0,0,119.22,0.012177,-0.10377,0.27693
0,0,0,0,119.23,0.012099,-0.10228,0.27777
0,0,0,0,119.24,0.011782,-0.10118,0.27874
0,0,0,0,119.25,0.011228,-0.099923,0.27964
0,0,0,0,119.26,0.011024,-0.09873,0.28052
0,0,0,0,119.27,0.010463,-0.097563,0.28111
0,0,0,0,119.28,0.010026,-0.096468,0.2818
0,0,0,0,119.29,0.009735,-0.095094,0.28256
0,0,0,0,119.3,0.009364,-0.094042,0.28321
0,0,0,0,119.31,0.008821,-0.092793,0.28371
0,0,0,0,119.32,0.007979,-0.091804,0.28478
0,0,0,0,119.33,0.007543,-0.090702,0.28546
0,0,0,0,119.34,0.006938,-0.089557,0.28603
0,0,0,0,119.35,0.006549,-0.088004,0.28685
0,0,0,0,119.36,0.006003,-0.086752,0.2875
0,0,0,0,119.37,0.005603,-0.085867,0.28786
0,0,0,0,119.38,0.005157,-0.084659,0.28835
0,0,0,0,119.39,0.004525,-0.08337,0.28886
0,0,0,0,119.4,0.004201,-0.081969,0.28933
0,0,0,0,119.41,0.003898,-0.080684,0.28954
0,0,0,0,119.42,0.003567,-0.079695,0.28981
0,0,0,0,119.43,0.003164,-0.078377,0.29012
0,0,0,0,119.44,0.002794,-0.07741,0.29038
0,0,0,0,119.45,0.002487,-0.075973,0.29063
0,0,0,0,119.46,0.001977,-0.075224,0.29077
0,0,0,0,119.47,0.001666,-0.074119,0.29074
0,0,0,0,119.48,0.001183,-0.072958,0.29067
0,0,0,0,119.49,0.000829,-0.071508,0.29058
0,0,0,0,119.5,0.000369,-0.070446,0.29023
0,0,0,0,119.51,3e-06,-0.069204,0.29006
0,0,0,0,119.52,-0.000476,-0.06789,0.28961
0,0,0,0,119.53,-0.000969,-0.06597,0.28905
0,0,0,0,119.54,-0.001433,-0.065106,0.28833
0,0,0,0,119.55,-0.002303,-0.063727,0.28781
0,0,0,0,119.56,-0.00296,-0.062371,0.28727
0,0,0,0,119.57,-0.00334,-0.060418,0.2865
0,0,0,0,119.58,-0.003763,-0.059765,0.28547
0,0,0,0,119.59,-0.004381,-0.058522,0.28477
0,0,0,0,119.6,-0.004792,-0.056669,0.2841
0,0,0,0,119.61,-0.005162,-0.055523,0.28324
0,0,0,0,119.62,-0.005851,-0.054346,0.28216
0,0,0,0,119.63,-0.006299,-0.052848,0.28122
0,0,0,0,119.64,-0.006694,-0.051636,0.28005
0,0,0,0,119.65,-0.006892,-0.04998,0.27901
0,0,0,0,119.66,-0.007332,-0.048736,0.2782
0,0,0,0,119.67,-0.007905,-0.047477,0.27703
0,0,0,0,119.68,-0.00844,-0.046315,0.27586
0,0,0,0,119.69,-0.008932,-0.044988,0.27474
0,0,0,0,119.7,-0.009231,-0.043785,0.27353
0,0,0,0,119.71,-0.009551,-0.042171,0.27255
0,0,0,0,119.72,-0.009967,-0.041084,0.27134
0,0,0,0,119.73,-0.010223,-0.040011,0.27004
0,0,0,0,119.74,-0.010409,-0.039013,0.26861
0,0,0,0,119.75,-0.01074,-0.037696,0.26733
0,0,0,0,119.76,-0.011053,-0.036618,0.26612
0,0,0,0,119.77,-0.011101,-0.035738,0.26517
0,0,0,0,119.78,-0.011048,-0.034007,0.26392
0,0,0,0,119.79,-0.011057,-0.032844,0.26265
0,0,0,0,119.8,-0.011397,-0.031832,0.2611
0,0,0,0,119.81,-0.011278,-0.03099,0.25929
0,0,0,0,119.82,-0.01139,-0.0296,0.25793
0,0,0,0,119.83,-0.011657,-0.028546,0.25669
0,0,0,0,119.84,-0.011756,-0.026891,0.25542
0,0,0,0,119.85,-0.011783,-0.026403,0.25371
0,0,0,0,119.86,-0.011864,-0.025252,0.25251
0,0,0,0,119.87,-0.012376,-0.024299,0.25073
0,0,0,0,119.88,-0.012227,-0.022615,0.24908
0,0,0,0,119.89,-0.012244,-0.022144,0.24749
0,0,0,0,119.9,-0.012116,-0.021458,0.24607
0,0,0,0,119.91,-0.012548,-0.020008,0.24416
0,0,0,0,119.92,-0.012378,-0.019022,0.24282
0,0,0,0,119.93,-0.012563,-0.017894,0.24107
0,0,0,0,119.94,-0.012174,-0.017215,0.23927
0,0,0,0,119.95,-0.01254,-0.016031,0.23761
0,0,0,0,119.96,-0.01252,-0.014839,0.23583
0,0,0,0,119.97,-0.012459,-0.013666,0.23423
0,0,0,0,119.98,-0.012443,-0.012951,0.23261
0,0,0,0,119.99,-0.012093,-0.011839,0.2307
0,0,0,0,120,-0.012081,-0.011107,0.22917
0,0,0,0,120.01,-0.012061,-0.010244,0.22766
0,0,0,0,120.02,-0.011933,-0.008936,0.22574
0,0,0,0,120.03,-0.011704,-0.007688,0.22437
0,0,0,0,120.04,-0.011207,-0.007188,0.22237
0,0,0,0,120.05,-0.010977,-0.006209,0.22104
0,0,0,0,120.06,-0.011256,-0.004803,0.2192
0,0,0,0,120.07,-0.010879,-0.003382,0.21778
0,0,0,0,120.08,-0.01055,-0.003194,0.21613
0,0,0,0,120.09,-0.010548,-0.00222,0.21436
0,0,0,0,120.1,-0.010321,-0.001167,0.21259
0,0,0,0,120.11,-0.010066,0.000141,0.21085
0,0,0,0,120.12,-0.009813,0.001174,0.20915
0,0,0,0,120.13,-0.009916,0.002271,0.20726
0,0,0,0,120.14,-0.01033,0.003038,0.20565
0,0,0,0,120.15,-0.010615,0.00443,0.20405
0,0,0,0,120.16,-0.011514,0.005984,0.20221
0,0,0,0,120.17,-0.011706,0.008056,0.2006
0,0,0,0,120.18,-0.012376,0.008373,0.19922
0,0,0,0,120.19,-0.012371,0.008886,0.19915
0,0,0,0,120.2,-0.0121,0.009313,0.19957
0,0,0,0,120.21,-0.012381,0.010117,0.19959
0,0,0,0,120.22,-0.012256,0.01156,0.19969
0,0,0,0,120.23,-0.012291,0.011641,0.19994
0,0,0,0,120.24,-0.012143,0.011852,0.20013
0,0,0,0,120.25,-0.012579,0.01218,0.20044
0,0,0,0,120.26,-0.012828,0.012796,0.20052
0,0,0,0,120.27,-0.012758,0.012886,0.20055
0,0,0,0,120.28,-0.012828,0.013611,0.20043
0,0,0,0,120.29,-0.012916,0.01471,0.20004
0,0,0,0,120.3,-0.012886,0.015014,0.19965
0,0,0,0,120.31,-0.012706,0.015397,0.19943
0,0,0,0,120.32,-0.01291,0.015727,0.19932
0,0,0,0,120.33,-0.013125,0.015699,0.19931
0,0,0,0,120.34,-0.013122,0.015501,0.19925
0,0,0,0,120.35,-0.013508,0.015796,0.1994
0,0,0,0,120.36,-0.013501,0.015715,0.19941
0,0,0,0,120.37,-0.013022,0.015757,0.19936
0,0,0,0,120.38,-0.013138,0.015898,0.19936
0,0,0,0,120.39,-0.01332,0.015778,0.19928
0,0,0,0,120.4,-0.013516,0.01577,0.19931
0,0,0,0,120.41,-0.013147,0.015713,0.1993
0,0,0,0,120.42,-0.013231,0.015726,0.19939
0,0,0,0,120.43,-0.013152,0.015654,0.19935
0,0,0,0,120.44,-0.013152,0.015558,0.19923
0,0,0,0,120.45,-0.013197,0.015735,0.19932
0,0,0,0,120.46,-0.012901,0.015725,0.19934
0,0,0,0,120.47,-0.013224,0.015772,0.19926
0,0,0,0,120.48,-0.01352,0.015747,0.19928
0,0,0,0,120.49,-0.01284,0.015589,0.1992
0,0,0,0,120.5,-0.012797,0.015691,0.19933
0,0,0,0,120.51,-0.012872,0.015816,0.19929
0,0,0,0,120.52,-0.0134,0.015665,0.19923
0,0,0,0,120.53,-0.012942,0.015684,0.19932
0,0,0,0,120.54,-0.012861,0.015729,0.19929
0,0,0,0,120.55,-0.013263,0.015664,0.19914
0,0,0,0,120.56,-0.013237,0.015809,0.19927
0,0,0,0,120.57,-0.012831,0.015639,0.19932
0,0,0,0,120.58,-0.013053,0.015701,0.19922
0,0,0,0,120.59,-0.012865,0.015528,0.19916
0,0,0,0,120.6,-0.012856,0.015568,0.19916
0,0,0,0,120.61,-0.013086,0.015659,0.19928
0,0,0,0,120.62,-0.012855,0.015782,0.19927
0,0,0,0,120.63,-0.012834,0.015661,0.19932
0,0,0,0,120.64,-0.013125,0.015735,0.19925
0,0,0,0,120.65,-0.013144,0.015719,0.19925
0,0,0,0,120.66,-0.012833,0.015629,0.1993
0,0,0,0,120.67,-0.012905,0.015728,0.19927
0,0,0,0,120.68,-0.012818,0.015651,0.19931
0,0,0,0,120.69,-0.01298,0.015643,0.19924
0,0,0,0,120.7,-0.012811,0.015623,0.19916
0,0,0,0,120.71,-0.012828,0.015606,0.19912
0,0,0,0,120.72,-0.012769,0.015478,0.19917
0,0,0,0,120.73,-0.012758,0.0155,0.19919
0,0,0,0,120.74,-0.012873,0.015658,0.19912
0,0,0,0,120.75,-0.012813,0.015646,0.19915
0,0,0,0,120.76,-0.013008,0.015731,0.1992
0,0,0,0,120.77,-0.01284,0.015774,0.19925
0,0,0,0,120.78,-0.012881,0.015776,0.19926
0,0,0,0,120.79,-0.012863,0.015683,0.1993
0,0,0,0,120.8,-0.013034,0.015602,0.19929
0,0,0,0,120.81,-0.012869,0.015705,0.19926
0,0,0,0,120.82,-0.012984,0.015701,0.19918
0,0,0,0,120.83,-0.012819,0.01553,0.19916
0,0,0,0,120.84,-0.012805,0.015559,0.19914
0,0,0,0,120.85,-0.012838,0.015692,0.19931
0,0,0,0,120.86,-0.012831,0.015688,0.19927
0,0,0,0,120.87,-0.012967,0.01564,0.19922
0,0,0,0,120.88,-0.012837,0.015572,0.19909
0,0,0,0,120.89,-0.012823,0.015598,0.19913
0,0,0,0,120.9,-0.012839,0.015693,0.19928
0,0,0,0,120.91,-0.012994,0.015709,0.19918
0,0,0,0,120.92,-0.012827,0.015546,0.19913
0,0,0,0,120.93,-0.01308,0.01576,0.19924
0,0,0,0,120.94,-0.012849,0.015721,0.19924
0,0,0,0,120.95,-0.012784,0.015489,0.19914
0,0,0,0,120.96,-0.012833,0.015669,0.19914
0,0,0,0,120.97,-0.01283,0.015676,0.19925
0,0,0,0,120.98,-0.012965,0.0156,0.19918
0,0,0,0,120.99,-0.012984,0.015694,0.19922
0,0,0,0,121,-0.012812,0.015727,0.19924
0,0,0,0,121.01,-0.012767,0.015443,0.19917
0,0,0,0,121.02,-0.013153,0.01577,0.19922
0,0,0,0,121.03,-0.01306,0.01567,0.19923
0,0,0,0,121.04,-0.012821,0.015613,0.19912
0,0,0,0,121.05,-0.012913,0.015678,0.19928
0,0,0,0,121.06,-0.012841,0.015658,0.19913
0,0,0,0,121.07,-0.013077,0.015644,0.19926
0,0,0,0,121.08,-0.012769,0.015443,0.19916
0,0,0,0,121.09,-0.013071,0.015703,0.19925
0,0,0,0,121.1,-0.012815,0.01566,0.19925
0,0,0,0,121.11,-0.012767,0.015536,0.19914
0,0,0,0,121.12,-0.012849,0.015743,0.19922
0,0,0,0,121.13,-0.012822,0.015681,0.19911
0,0,0,0,121.14,-0.012848,0.015725,0.19922
0,0,0,0,121.15,-0.012776,0.015535,0.19914
0,0,0,0,121.16,-0.012873,0.015769,0.19921
0,0,0,0,121.17,-0.012802,0.015535,0.19916
0,0,0,0,121.18,-0.012841,0.015735,0.19922
0,0,0,0,121.19,-0.012814,0.015622,0.19909
0,0,0,0,121.2,-0.012824,0.015674,0.19925
0,0,0,0,121.21,-0.012809,0.015593,0.19912
0,0,0,0,121.22,-0.012948,0.015626,0.19921
0,0,0,0,121.23,-0.012839,0.01576,0.19923
0,0,0,0,121.24,-0.01279,0.015543,0.19917
0,0,0,0,121.25,-0.012812,0.015638,0.19926
0,0,0,0,121.26,-0.012788,0.015529,0.19915
0,0,0,0,121.27,-0.012822,0.015662,0.19926
0,0,0,0,121.28,-0.012777,0.01553,0.19913
0,0,0,0,121.29,-0.012838,0.015762,0.19922
0,0,0,0,121.3,-0.012944,0.015648,0.19921
0,0,0,0,121.31,-0.012829,0.015627,0.19913
0,0,0,0,121.32,-0.013062,0.015668,0.19925
0,0,0,0,121.33,-0.01279,0.015569,0.19913
0,0,0,0,121.34,-0.012825,0.015635,0.19927
0,0,0,0,121.35,-0.013083,0.015762,0.19923
0,0,0,0,121.36,-0.013004,0.015723,0.19916
0,0,0,0,121.37,-0.012854,0.015775,0.19925
0,0,0,0,121.38,-0.012778,0.01564,0.19928
0,0,0,0,121.39,-0.013064,0.015665,0.19923
0,0,0,0,121.4,-0.013073,0.015703,0.19924
0,0,0,0,121.41,-0.012809,0.015543,0.19913
0,0,0,0,121.42,-0.012988,0.015735,0.1992
0,0,0,0,121.43,-0.013061,0.015663,0.19927
0,0,0,0,121.44,-0.012768,0.015519,0.19914
0,0,0,0,121.45,-0.012984,0.015704,0.19919
0,0,0,0,121.46,-0.013027,0.015624,0.19927
0,0,0,0,121.47,-0.012815,0.015607,0.19911
0,0,0,0,121.48,-0.013076,0.015737,0.19922
0,0,0,0,121.49,-0.01283,0.015649,0.19925
0,0,0,0,121.5,-0.012777,0.015533,0.19914
0,0,0,0,121.51,-0.012937,0.015627,0.19919
0,0,0,0,121.52,-0.012869,0.015752,0.19923
0,0,0,0,121.53,-0.012839,0.015739,0.19922
0,0,0,0,121.54,-0.012787,0.015551,0.19912
0,0,0,0,121.55,-0.012933,0.015791,0.19924
0,0,0,0,121.56,-0.012853,0.01577,0.19923
0,0,0,0,121.57,-0.012802,0.015598,0.19912
0,0,0,0,121.58,-0.012989,0.015637,0.19919
0,0,0,0,121.59,-0.012869,0.015752,0.19924
0,0,0,0,121.6,-0.013013,0.015651,0.19926
0,0,0,0,121.61,-0.012813,0.015632,0.1991
0,0,0,0,121.62,-0.01285,0.015744,0.19924
0,0,0,0,121.63,-0.013084,0.015677,0.19925
0,0,0,0,121.64,-0.012818,0.015646,0.19911
0,0,0,0,121.65,-0.012984,0.015649,0.19921
0,0,0,0,121.66,-0.01286,0.015752,0.19924
0,0,0,0,121.67,-0.013083,0.015666,0.19927
0,0,0,0,121.68,-0.012805,0.015729,0.19923
0,0,0,0,121.69,-0.01285,0.015659,0.1991
0,0,0,0,121.7,-0.013083,0.015756,0.19922
0,0,0,0,121.71,-0.012817,0.015657,0.1993
0,0,0,0,121.72,-0.013058,0.015664,0.19923
0,0,0,0,121.73,-0.012773,0.01554,0.19913
0,0,0,0,121.74,-0.01306,0.015738,0.19921
0,0,0,0,121.75,-0.012864,0.015757,0.19923
0,0,0,0,121.76,-0.013127,0.015743,0.19923
0,0,0,0,121.77,-0.012724,0.015561,0.1993
0,0,0,0,121.78,-0.012806,0.015542,0.19912
0,0,0,0,121.79,-0.01299,0.015722,0.19916
0,0,0,0,121.8,-0.012765,0.015592,0.19929
0,0,0,0,121.81,-0.013145,0.015752,0.19919
0,0,0,0,121.82,-0.012953,0.015662,0.1992
0,0,0,0,121.83,-0.012766,0.015526,0.19912
0,0,0,0,121.84,-0.012964,0.01564,0.19918
0,0,0,0,121.85,-0.012816,0.01567,0.19925
0,0,0,0,121.86,-0.01287,0.015753,0.19923
0,0,0,0,121.87,-0.012807,0.015705,0.19926
0,0,0,0,121.88,-0.01277,0.015534,0.19913
0,0,0,0,121.89,-0.012794,0.015531,0.19911
0,0,0,0,121.9,-0.012982,0.01558,0.19925
0,0,0,0,121.91,-0.012845,0.015737,0.19924
0,0,0,0,121.92,-0.012835,0.015684,0.19926
0,0,0,0,121.93,-0.013006,0.015595,0.19929
0,0,0,0,121.94,-0.012771,0.015547,0.19915
0,0,0,0,121.95,-0.012772,0.015526,0.19913
0,0,0,0,121.96,-0.012795,0.015539,0.19914
0,0,0,0,121.97,-0.013098,0.015744,0.1992
0,0,0,0,121.98,-0.012769,0.015594,0.19929
0,0,0,0,121.99,-0.013005,0.015593,0.1993
0,0,0,0,122,-0.013121,0.015777,0.19921
0,0,0,0,122.01,-0.012787,0.015661,0.19925
0,0,0,0,122.02,-0.012766,0.015549,0.19913
0,0,0,0,122.03,-0.012817,0.015635,0.19912
0,0,0,0,122.04,-0.012986,0.015665,0.1992
0,0,0,0,122.05,-0.013064,0.015665,0.19921
0,0,0,0,122.06,-0.012847,0.015757,0.19924
0,0,0,0,122.07,-0.012856,0.015748,0.19926
0,0,0,0,122.08,-0.013056,0.015655,0.19928
0,0,0,0,122.09,-0.013059,0.015691,0.19924
0,0,0,0,122.1,-0.012796,0.015524,0.19913
0,0,0,0,122.11,-0.012775,0.01553,0.19913
0,0,0,0,122.12,-0.012826,0.015625,0.19911
0,0,0,0,122.13,-0.012958,0.015632,0.1992
0,0,0,0,122.14,-0.01306,0.015657,0.19922
0,0,0,0,122.15,-0.013064,0.015661,0.19923
0,0,0,0,122.16,-0.012861,0.015747,0.19923
0,0,0,0,122.17,-0.012829,0.015662,0.19927
0,0,0,0,122.18,-0.013067,0.015648,0.19927
0,0,0,0,122.19,-0.013122,0.015765,0.19923
0,0,0,0,122.2,-0.012864,0.015756,0.19924
0,0,0,0,122.21,-0.01279,0.015664,0.19926
0,0,0,0,122.22,-0.012778,0.015527,0.19914
0,0,0,0,122.23,-0.012771,0.015532,0.19914
0,0,0,0,122.24,-0.012782,0.015602,0.19912
0,0,0,0,122.25,-0.012746,0.015485,0.19916
0,0,0,0,122.26,-0.012825,0.015638,0.19911
0,0,0,0,122.27,-0.012919,0.015575,0.19923
0,0,0,0,122.28,-0.0131,0.015727,0.19921
0,0,0,0,122.29,-0.013066,0.015663,0.19924
0,0,0,0,122.3,-0.01288,0.015772,0.19924
0,0,0,0,122.31,-0.012835,0.015746,0.19924
0,0,0,0,122.32,-0.012854,0.015759,0.19924
0,0,0,0,122.33,-0.012871,0.015779,0.19922
0,0,0,0,122.34,-0.012858,0.015774,0.19923
0,0,0,0,122.35,-0.012859,0.015754,0.19924
0,0,0,0,122.36,-0.01311,0.015737,0.19923
0,0,0,0,122.37,-0.013101,0.015647,0.19924
0,0,0,0,122.38,-0.013087,0.015667,0.19926
0,0,0,0,122.39,-0.013072,0.01566,0.19927
0,0,0,0,122.4,-0.013088,0.015674,0.19925
0,0,0,0,122.41,-0.013084,0.015682,0.19925
0,0,0,0,122.42,-0.012876,0.015761,0.19923
0,0,0,0,122.43,-0.013003,0.015608,0.19926
0,0,0,0,122.44,-0.012808,0.015674,0.19926
0,0,0,0,122.45,-0.012811,0.01568,0.19927
0,0,0,0,122.46,-0.013067,0.015665,0.19922
0,0,0,0,122.47,-0.013054,0.015718,0.19922
0,0,0,0,122.48,-0.012804,0.015662,0.19928
0,0,0,0,122.49,-0.012872,0.015769,0.19922
0,0,0,0,122.5,-0.01286,0.015774,0.19924
0,0,0,0,122.51,-0.012827,0.015697,0.19927
0,0,0,0,122.52,-0.013095,0.015776,0.1992
0,0,0,0,122.53,-0.01277,0.015623,0.19928
0,0,0,0,122.54,-0.012815,0.01567,0.19925
0,0,0,0,122.55,-0.012765,0.015598,0.19929
0,0,0,0,122.56,-0.012812,0.015668,0.19926
0,0,0,0,122.57,-0.012837,0.015609,0.19924
0,0,0,0,122.58,-0.012753,0.015593,0.19929
0,0,0,0,122.59,-0.01301,0.01566,0.19928
0,0,0,0,122.6,-0.013053,0.015659,0.19926
0,0,0,0,122.61,-0.01301,0.015617,0.19927
0,0,0,0,122.62,-0.012852,0.015761,0.19923
0,0,0,0,122.63,-0.012844,0.015762,0.19923
0,0,0,0,122.64,-0.012826,0.015687,0.19926
0,0,0,0,122.65,-0.013081,0.015754,0.19922
0,0,0,0,122.66,-0.012841,0.015774,0.19922
0,0,0,0,122.67,-0.012819,0.015674,0.19928
0,0,0,0,122.68,-0.012867,0.015764,0.19922
0,0,0,0,122.69,-0.013,0.015742,0.19918
0,0,0,0,122.7,-0.012799,0.015666,0.19927
0,0,0,0,122.71,-0.012808,0.015658,0.19925
0,0,0,0,122.72,-0.012805,0.015667,0.19925
0,0,0,0,122.73,-0.012855,0.015741,0.19924
0,0,0,0,122.74,-0.013055,0.015743,0.1992
0,0,0,0,122.75,-0.012833,0.015746,0.19923
0,0,0,0,122.76,-0.01282,0.015748,0.19924
0,0,0,0,122.77,-0.012813,0.015731,0.19925
0,0,0,0,122.78,-0.012803,0.015725,0.19926
0,0,0,0,122.79,-0.012784,0.015659,0.19929
0,0,0,0,122.8,-0.012837,0.015733,0.19925
0,0,0,0,122.81,-0.01281,0.015676,0.19928
0,0,0,0,122.82,-0.012845,0.015764,0.19921
0,0,0,0,122.83,-0.012848,0.01577,0.19922
0,0,0,0,122.84,-0.012842,0.015747,0.19924
0,0,0,0,122.85,-0.012797,0.015672,0.19927
0,0,0,0,122.86,-0.012855,0.015779,0.19923
0,0,0,0,122.87,-0.01285,0.01577,0.19925
0,0,0,0,122.88,-0.012808,0.015682,0.19927
0,0,0,0,122.89,-0.013088,0.015773,0.1992
0,0,0,0,122.9,-0.012846,0.015768,0.19922
0,0,0,0,122.91,-0.012992,0.015756,0.19917
0,0,0,0,122.92,-0.012848,0.015769,0.19922
0,0,0,0,122.93,-0.012982,0.015669,0.19921
0,0,0,0,122.94,-0.012855,0.015767,0.19924
0,0,0,0,122.95,-0.012849,0.015771,0.19922
0,0,0,0,122.96,-0.012815,0.01568,0.19925
0,0,0,0,122.97,-0.01281,0.015686,0.19926
0,0,0,0,122.98,-0.012799,0.015676,0.19925
0,0,0,0,122.99,-0.012821,0.015688,0.19924
0,0,0,0,123,-0.012958,0.015655,0.1992
0,0,0,0,123.01,-0.012842,0.01574,0.19921
0,0,0,0,123.02,-0.012763,0.01562,0.19928
0,0,0,0,123.03,-0.012866,0.015761,0.19923
0,0,0,0,123.04,-0.012994,0.015762,0.19917
0,0,0,0,123.05,-0.012848,0.01577,0.19923
0,0,0,0,123.06,-0.013066,0.015757,0.19919
0,0,0,0,123.07,-0.012849,0.015763,0.19923
0,0,0,0,123.08,-0.013066,0.015762,0.19922
0,0,0,0,123.09,-0.012834,0.015762,0.19923
0,0,0,0,123.1,-0.012771,0.015608,0.19928
0,0,0,0,123.11,-0.012847,0.015763,0.19921
0,0,0,0,123.12,-0.012945,0.015655,0.1992
0,0,0,0,123.13,-0.013008,0.015749,0.19919
0,0,0,0,123.14,-0.013049,0.015684,0.19925
0,0,0,0,123.15,-0.012848,0.015758,0.19923
0,0,0,0,123.16,-0.012978,0.015715,0.19919
0,0,0,0,123.17,-0.012751,0.015611,0.19929
0,0,0,0,123.18,-0.012816,0.015671,0.19925
0,0,0,0,123.19,-0.013062,0.015762,0.1992
0,0,0,0,123.2,-0.012846,0.01576,0.19922
0,0,0,0,123.21,-0.012837,0.015771,0.19923
0,0,0,0,123.22,-0.013003,0.015743,0.19917
0,0,0,0,123.23,-0.012795,0.015678,0.19927
0,0,0,0,123.24,-0.012822,0.015691,0.19927
0,0,0,0,123.25,-0.013053,0.015673,0.19923
0,0,0,0,123.26,-0.012985,0.015761,0.19916
0,0,0,0,123.27,-0.01295,0.015675,0.1992
0,0,0,0,123.28,-0.012842,0.015759,0.19923
0,0,0,0,123.29,-0.01274,0.015602,0.19928
0,0,0,0,123.3,-0.012834,0.015773,0.19923
0,0,0,0,123.31,-0.012791,0.015685,0.19926
0,0,0,0,123.32,-0.012847,0.015773,0.19923
0,0,0,0,123.33,-0.012838,0.015766,0.19922
0,0,0,0,123.34,-0.012815,0.015753,0.19923
0,0,0,0,123.35,-0.01275,0.015599,0.19928
0,0,0,0,123.36,-0.012807,0.015669,0.19926
0,0,0,0,123.37,-0.012845,0.015773,0.19922
0,0,0,0,123.38,-0.012798,0.015655,0.19926
0,0,0,0,123.39,-0.01285,0.01577,0.19922
0,0,0,0,123.4,-0.01284,0.015766,0.19922
0,0,0,0,123.41,-0.012838,0.015759,0.19922
0,0,0,0,123.42,-0.012801,0.015685,0.19926
0,0,0,0,123.43,-0.012856,0.0157,0.19919
0,0,0,0,123.44,-0.012841,0.015772,0.19923
0,0,0,0,123.45,-0.012838,0.015771,0.19924
0,0,0,0,123.46,-0.012839,0.015762,0.19924
0,0,0,0,123.47,-0.012789,0.015677,0.19926
0,0,0,0,123.48,-0.012843,0.015747,0.19923
0,0,0,0,123.49,-0.012984,0.015594,0.19926
0,0,0,0,123.5,-0.012805,0.015686,0.19927
0,0,0,0,123.51,-0.013093,0.01576,0.19921
0,0,0,0,123.52,-0.012857,0.015765,0.19921
0,0,0,0,123.53,-0.013054,0.015658,0.19924
0,0,0,0,123.54,-0.013057,0.015674,0.19925
0,0,0,0,123.55,-0.012854,0.015778,0.19922
0,0,0,0,123.56,-0.013096,0.015766,0.19919
0,0,0,0,123.57,-0.013053,0.015668,0.19921
0,0,0,0,123.58,-0.012847,0.015779,0.19922
0,0,0,0,123.59,-0.012844,0.015773,0.19923
0,0,0,0,123.6,-0.013009,0.015742,0.19917
0,0,0,0,123.61,-0.013047,0.015673,0.19924
0,0,0,0,123.62,-0.012854,0.01578,0.19923
0,0,0,0,123.63,-0.012837,0.015772,0.19921
0,0,0,0,123.64,-0.012844,0.015752,0.19923
0,0,0,0,123.65,-0.012811,0.01568,0.19926
0,0,0,0,123.66,-0.013058,0.015683,0.19924
0,0,0,0,123.67,-0.012866,0.015767,0.19923
0,0,0,0,123.68,-0.012999,0.0156,0.19926
0,0,0,0,123.69,-0.012851,0.015781,0.19924
0,0,0,0,123.7,-0.012856,0.015778,0.19923
0,0,0,0,123.71,-0.013064,0.015743,0.19921
0,0,0,0,123.72,-0.012809,0.015674,0.19926
0,0,0,0,123.73,-0.012859,0.015781,0.19923
0,0,0,0,123.74,-0.012848,0.015762,0.19924
0,0,0,0,123.75,-0.012854,0.015764,0.19922
0,0,0,0,123.76,-0.013069,0.015759,0.19923
0,0,0,0,123.77,-0.012815,0.015692,0.19926
0,0,0,0,123.78,-0.012856,0.015777,0.19922
0,0,0,0,123.79,-0.013091,0.015761,0.1992
0,0,0,0,123.8,-0.012807,0.01566,0.19926
0,0,0,0,123.81,-0.012843,0.015761,0.19923
0,0,0,0,123.82,-0.012828,0.015673,0.19926
0,0,0,0,123.83,-0.013073,0.01577,0.19921
0,0,0,0,123.84,-0.012854,0.015762,0.19922
0,0,0,0,123.85,-0.012847,0.01576,0.19923
0,0,0,0,123.86,-0.012849,0.01578,0.19923
0,0,0,0,123.87,-0.012854,0.01576,0.19921
0,0,0,0,123.88,-0.012817,0.01566,0.19925
0,0,0,0,123.89,-0.01282,0.015688,0.19924
0,0,0,0,123.9,-0.012848,0.015761,0.19922
0,0,0,0,123.91,-0.012832,0.01575,0.19924
0,0,0,0,123.92,-0.012844,0.015762,0.19923
0,0,0,0,123.93,-0.012965,0.015663,0.19918
0,0,0,0,123.94,-0.012846,0.015742,0.19922
0,0,0,0,123.95,-0.012903,0.015591,0.19923
0,0,0,0,123.96,-0.012852,0.01575,0.19923
0,0,0,0,123.97,-0.012854,0.015759,0.19924
0,0,0,0,123.98,-0.013056,0.015676,0.19924
0,0,0,0,123.99,-0.012846,0.015778,0.19922
0,0,0,0,124,-0.012852,0.015763,0.19924
0,0,0,0,124.01,-0.012811,0.01568,0.19926
0,0,0,0,124.02,-0.012838,0.015755,0.19922
0,0,0,0,124.03,-0.012809,0.015695,0.19925
0,0,0,0,124.04,-0.012852,0.015772,0.19922
0,0,0,0,124.05,-0.012988,0.015659,0.1992
0,0,0,0,124.06,-0.013047,0.015663,0.19922
0,0,0,0,124.07,-0.012811,0.015693,0.19925
0,0,0,0,124.08,-0.012857,0.015766,0.19924
0,0,0,0,124.09,-0.012995,0.015737,0.19918
0,0,0,0,124.1,-0.013015,0.015603,0.19926
0,0,0,0,124.11,-0.012864,0.015763,0.19922
0,0,0,0,124.12,-0.013003,0.015757,0.19917
0,0,0,0,124.13,-0.012822,0.015672,0.19927
0,0,0,0,124.14,-0.013012,0.015614,0.19925
0,0,0,0,124.15,-0.012844,0.015768,0.19923
0,0,0,0,124.16,-0.012847,0.015758,0.19923
0,0,0,0,124.17,-0.012817,0.015677,0.19925
0,0,0,0,124.18,-0.012852,0.015764,0.19923
0,0,0,0,124.19,-0.012854,0.015768,0.19922
0,0,0,0,124.2,-0.012825,0.015673,0.19925
0,0,0,0,124.21,-0.012833,0.015665,0.19926
0,0,0,0,124.22,-0.012858,0.015762,0.19924
0,0,0,0,124.23,-0.012817,0.015664,0.19925
0,0,0,0,124.24,-0.012814,0.015677,0.19925
0,0,0,0,124.25,-0.012851,0.015759,0.19922
0,0,0,0,124.26,-0.012823,0.015658,0.19911
0,0,0,0,124.27,-0.012999,0.015758,0.19916
0,0,0,0,124.28,-0.012855,0.015766,0.19923
0,0,0,0,124.29,-0.012816,0.015682,0.19926
0,0,0,0,124.3,-0.012854,0.015757,0.19923
0,0,0,0,124.31,-0.012962,0.015667,0.19919
0,0,0,0,124.32,-0.012844,0.015765,0.19923
0,0,0,0,124.33,-0.012819,0.015674,0.19928
0,0,0,0,124.34,-0.012855,0.01577,0.19924
0,0,0,0,124.35,-0.01304,0.015684,0.19925
0,0,0,0,124.36,-0.012843,0.01577,0.19925
0,0,0,0,124.37,-0.013045,0.015664,0.19924
0,0,0,0,124.38,-0.013014,0.015746,0.19919
0,0,0,0,124.39,-0.013061,0.015676,0.19922
0,0,0,0,124.4,-0.012827,0.015753,0.19923
0,0,0,0,124.41,-0.012998,0.015751,0.19918
0,0,0,0,124.42,-0.012856,0.015773,0.19922
0,0,0,0,124.43,-0.012802,0.015668,0.19926
0,0,0,0,124.44,-0.012808,0.015674,0.19926
0,0,0,0,124.45,-0.012806,0.015667,0.19927
0,0,0,0,124.46,-0.012818,0.015665,0.19926
0,0,0,0,124.47,-0.01311,0.015754,0.19919
0,0,0,0,124.48,-0.01308,0.015753,0.19919
0,0,0,0,124.49,-0.01281,0.015696,0.19925
0,0,0,0,124.5,-0.012837,0.015759,0.19923
0,0,0,0,124.51,-0.012846,0.015748,0.19924
0,0,0,0,124.52,-0.012842,0.015769,0.19924
0,0,0,0,124.53,-0.012823,0.015687,0.19926
0,0,0,0,124.54,-0.013062,0.015671,0.19924
0,0,0,0,124.55,-0.013082,0.01575,0.1992
0,0,0,0,124.56,-0.012848,0.015776,0.19922
0,0,0,0,124.57,-0.012818,0.015681,0.19926
0,0,0,0,124.58,-0.012991,0.015763,0.19918
0,0,0,0,124.59,-0.012829,0.015757,0.19923
0,0,0,0,124.6,-0.012813,0.015687,0.19925
0,0,0,0,124.61,-0.013045,0.015665,0.19924
0,0,0,0,124.62,-0.012818,0.015696,0.19925
0,0,0,0,124.63,-0.013053,0.015757,0.1992
0,0,0,0,124.64,-0.012843,0.015764,0.19922
0,0,0,0,124.65,-0.012843,0.015764,0.19923
0,0,0,0,124.66,-0.013044,0.01567,0.19923
0,0,0,0,124.67,-0.012841,0.01578,0.19922
0,0,0,0,124.68,-0.012832,0.015752,0.19922
0,0,0,0,124.69,-0.013045,0.015657,0.19923
0,0,0,0,124.7,-0.012985,0.01574,0.19917
0,0,0,0,124.71,-0.012833,0.015757,0.19922
0,0,0,0,124.72,-0.012825,0.015763,0.19922
0,0,0,0,124.73,-0.01283,0.015755,0.19922
0,0,0,0,124.74,-0.012999,0.015761,0.19916
0,0,0,0,124.75,-0.013089,0.015781,0.19919
0,0,0,0,124.76,-0.012846,0.015765,0.19922
0,0,0,0,124.77,-0.012842,0.015764,0.19922
0,0,0,0,124.78,-0.012843,0.01576,0.19923
0,0,0,0,124.79,-0.012754,0.015611,0.19928
0,0,0,0,124.8,-0.012849,0.015786,0.19923
0,0,0,0,124.81,-0.012831,0.015769,0.19922
0,0,0,0,124.82,-0.012846,0.015765,0.19922
0,0,0,0,124.83,-0.012804,0.015674,0.19925
0,0,0,0,124.84,-0.01286,0.015763,0.19923
0,0,0,0,124.85,-0.013036,0.015672,0.19923
0,0,0,0,124.86,-0.01299,0.015753,0.19917
0,0,0,0,124.87,-0.012842,0.015771,0.19923
0,0,0,0,124.88,-0.012997,0.015751,0.19919
0,0,0,0,124.89,-0.012818,0.015674,0.19926
0,0,0,0,124.9,-0.012993,0.015583,0.19927
0,0,0,0,124.91,-0.012763,0.015605,0.19928
0,0,0,0,124.92,-0.013078,0.015769,0.1992
0,0,0,0,124.93,-0.013099,0.01575,0.19919
0,0,0,0,124.94,-0.013001,0.015758,0.19919
0,0,0,0,124.95,-0.013074,0.015762,0.1992
0,0,0,0,124.96,-0.012814,0.015675,0.19925
0,0,0,0,124.97,-0.013081,0.015753,0.1992
0,0,0,0,124.98,-0.012992,0.015582,0.19926
0,0,0,0,124.99,-0.012913,0.015588,0.19921
0,0,0,0,125,-0.012818,0.015676,0.19925
0,0,0,0,125.01,-0.012758,0.015602,0.19929
0,0,0,0,125.02,-0.012741,0.015618,0.19928
0,0,0,0,125.03,-0.012852,0.015773,0.19922
0,0,0,0,125.04,-0.012848,0.015756,0.19921
0,0,0,0,125.05,-0.012842,0.015748,0.19922
0,0,0,0,125.06,-0.012801,0.015667,0.19925
0,0,0,0,125.07,-0.01282,0.015684,0.19925
0,0,0,0,125.08,-0.013102,0.015762,0.1992
0,0,0,0,125.09,-0.012866,0.015778,0.19922
0,0,0,0,125.1,-0.012855,0.01577,0.19922
0,0,0,0,125.11,-0.012822,0.015679,0.19925
0,0,0,0,125.12,-0.012764,0.01561,0.19929
0,0,0,0,125.13,-0.012848,0.015765,0.19921
0,0,0,0,125.14,-0.012807,0.015683,0.19926
0,0,0,0,125.15,-0.012847,0.01576,0.19922
0,0,0,0,125.16,-0.012798,0.015675,0.19926
0,0,0,0,125.17,-0.012845,0.015765,0.19924
0,0,0,0,125.18,-0.012992,0.015767,0.19917
0,0,0,0,125.19,-0.012791,0.01568,0.19926
0,0,0,0,125.2,-0.012846,0.015783,0.19922
0,0,0,0,125.21,-0.012844,0.015758,0.19922
0,0,0,0,125.22,-0.012842,0.015748,0.19923
0,0,0,0,125.23,-0.012988,0.015737,0.19918
0,0,0,0,125.24,-0.012793,0.01569,0.19926
0,0,0,0,125.25,-0.012842,0.015759,0.19924
0,0,0,0,125.26,-0.012815,0.015682,0.19925
0,0,0,0,125.27,-0.012984,0.01575,0.19919
0,0,0,0,125.28,-0.012994,0.015739,0.19919
0,0,0,0,125.29,-0.013053,0.01575,0.19921
0,0,0,0,125.3,-0.012767,0.015639,0.19926
0,0,0,0,125.31,-0.012846,0.015772,0.19923
0,0,0,0,125.32,-0.012847,0.01576,0.19921
0,0,0,0,125.33,-0.012759,0.015617,0.19926
0,0,0,0,125.34,-0.01285,0.015787,0.19921
0,0,0,0,125.35,-0.012999,0.01577,0.19916
0,0,0,0,125.36,-0.013093,0.015751,0.19919
0,0,0,0,125.37,-0.012758,0.015619,0.19927
0,0,0,0,125.38,-0.013076,0.015753,0.19922
0,0,0,0,125.39,-0.012987,0.015753,0.19918
0,0,0,0,125.4,-0.012853,0.015768,0.19922
0,0,0,0,125.41,-0.012807,0.015693,0.19927
0,0,0,0,125.42,-0.012852,0.015779,0.19923
0,0,0,0,125.43,-0.012868,0.015793,0.19922
0,0,0,0,125.44,-0.012841,0.01577,0.19923
0,0,0,0,125.45,-0.012844,0.015784,0.19923
0,0,0,0,125.46,-0.012851,0.015773,0.19923
0,0,0,0,125.47,-0.013084,0.015765,0.19919
0,0,0,0,125.48,-0.012835,0.015768,0.19922
0,0,0,0,125.49,-0.012848,0.015781,0.19922
0,0,0,0,125.5,-0.012851,0.015746,0.19923
0,0,0,0,125.51,-0.012842,0.015771,0.19922
0,0,0,0,125.52,-0.013063,0.01566,0.19923
0,0,0,0,125.53,-0.012987,0.015747,0.19917
0,0,0,0,125.54,-0.012807,0.015688,0.19927
0,0,0,0,125.55,-0.012807,0.015675,0.19926
0,0,0,0,125.56,-0.012797,0.015674,0.19927
0,0,0,0,125.57,-0.012749,0.01561,0.19928
0,0,0,0,125.58,-0.012809,0.015667,0.19926
0,0,0,0,125.59,-0.012849,0.01576,0.19923
0,0,0,0,125.6,-0.012754,0.01561,0.19929
0,0,0,0,125.61,-0.012765,0.015605,0.19929
0,0,0,0,125.62,-0.012812,0.015681,0.19924
0,0,0,0,125.63,-0.012831,0.015769,0.19922
0,0,0,0,125.64,-0.012841,0.015756,0.19922
0,0,0,0,125.65,-0.012848,0.01575,0.19921
0,0,0,0,125.66,-0.012852,0.015767,0.19922
0,0,0,0,125.67,-0.012827,0.015674,0.19925
0,0,0,0,125.68,-0.012841,0.015765,0.19922
0,0,0,0,125.69,-0.012845,0.015766,0.19922
0,0,0,0,125.7,-0.013055,0.015666,0.19923
0,0,0,0,125.71,-0.012849,0.015776,0.19923
0,0,0,0,125.72,-0.012837,0.015758,0.19923
0,0,0,0,125.73,-0.013093,0.015759,0.19919
0,0,0,0,125.74,-0.012798,0.015667,0.19927
0,0,0,0,125.75,-0.012846,0.015762,0.19924
0,0,0,0,125.76,-0.012923,0.0156,0.19922
0,0,0,0,125.77,-0.012982,0.015749,0.19918
0,0,0,0,125.78,-0.012749,0.01562,0.19928
0,0,0,0,125.79,-0.012998,0.015761,0.19916
0,0,0,0,125.8,-0.01283,0.015683,0.19925
0,0,0,0,125.81,-0.013084,0.015762,0.1992
0,0,0,0,125.82,-0.012991,0.015754,0.19916
0,0,0,0,125.83,-0.012811,0.015668,0.19926
0,0,0,0,125.84,-0.012788,0.015661,0.19927
0,0,0,0,125.85,-0.012818,0.01567,0.19926
0,0,0,0,125.86,-0.012973,0.015645,0.1992
0,0,0,0,125.87,-0.012954,0.015665,0.1992
0,0,0,0,125.88,-0.012779,0.015655,0.19927
0,0,0,0,125.89,-0.012746,0.01561,0.19928
0,0,0,0,125.9,-0.012798,0.015692,0.19925
0,0,0,0,125.91,-0.012836,0.015769,0.19923
0,0,0,0,125.92,-0.012826,0.01575,0.19921
0,0,0,0,125.93,-0.0128,0.015681,0.19925
0,0,0,0,125.94,-0.012837,0.015764,0.19923
0,0,0,0,125.95,-0.012831,0.01577,0.19921
0,0,0,0,125.96,-0.012844,0.015771,0.19921
0,0,0,0,125.97,-0.012801,0.015675,0.19926
0,0,0,0,125.98,-0.012837,0.015771,0.19921
0,0,0,0,125.99,-0.012856,0.015766,0.19922
0,0,0,0,126,-0.013061,0.015674,0.19923
0,0,0,0,126.01,-0.012861,0.015766,0.19921
0,0,0,0,126.02,-0.012857,0.015778,0.19924
0,0,0,0,126.03,-0.013094,0.015749,0.1992
0,0,0,0,126.04,-0.012845,0.015782,0.19923
0,0,0,0,126.05,-0.012851,0.015766,0.19923
0,0,0,0,126.06,-0.013079,0.015745,0.19919
0,0,0,0,126.07,-0.012839,0.015775,0.19923
0,0,0,0,126.08,-0.012823,0.015683,0.19925
0,0,0,0,126.09,-0.012843,0.015782,0.19922
0,0,0,0,126.1,-0.013008,0.015612,0.19925
0,0,0,0,126.11,-0.012842,0.015756,0.19922
0,0,0,0,126.12,-0.012828,0.015756,0.19923
0,0,0,0,126.13,-0.012843,0.015776,0.19922
0,0,0,0,126.14,-0.012843,0.015764,0.19923
0,0,0,0,126.15,-0.012838,0.01578,0.19922
0,0,0,0,126.16,-0.012851,0.015753,0.19923
0,0,0,0,126.17,-0.012836,0.015763,0.19922
0,0,0,0,126.18,-0.012815,0.015677,0.19925
0,0,0,0,126.19,-0.012951,0.015656,0.1992
0,0,0,0,126.2,-0.01281,0.01566,0.19926
0,0,0,0,126.21,-0.012834,0.015696,0.19925
0,0,0,0,126.22,-0.012848,0.015784,0.19924
0,0,0,0,126.23,-0.012833,0.015775,0.19922
0,0,0,0,126.24,-0.012794,0.015563,0.19914
0,0,0,0,126.25,-0.012845,0.015774,0.19924
0,0,0,0,126.26,-0.012808,0.01568,0.19927
0,0,0,0,126.27,-0.012831,0.015765,0.19922
0,0,0,0,126.28,-0.012751,0.015589,0.19928
0,0,0,0,126.29,-0.012808,0.015671,0.19925
0,0,0,0,126.3,-0.012823,0.01568,0.19924
0,0,0,0,126.31,-0.013098,0.015763,0.19919
0,0,0,0,126.32,-0.012862,0.015771,0.19922
0,0,0,0,126.33,-0.012841,0.015763,0.19921
0,0,0,0,126.34,-0.012813,0.015689,0.19925
0,0,0,0,126.35,-0.013006,0.015751,0.19918
0,0,0,0,126.36,-0.013071,0.01575,0.1992
0,0,0,0,126.37,-0.012821,0.01568,0.19925
0,0,0,0,126.38,-0.012844,0.015776,0.19922
0,0,0,0,126.39,-0.01285,0.015776,0.19921
0,0,0,0,126.4,-0.012998,0.015761,0.19917
0,0,0,0,126.41,-0.01283,0.015758,0.19923
0,0,0,0,126.42,-0.012995,0.015752,0.19918
0,0,0,0,126.43,-0.012763,0.015606,0.19929
0,0,0,0,126.44,-0.012846,0.015753,0.19923
0,0,0,0,126.45,-0.012996,0.015741,0.19916
0,0,0,0,126.46,-0.012846,0.015755,0.19923
0,0,0,0,126.47,-0.012837,0.015752,0.1992
0,0,0,0,126.48,-0.012827,0.015617,0.19921
0,0,0,0,126.49,-0.013091,0.015766,0.19919
0,0,0,0,126.5,-0.012846,0.015767,0.19924
0,0,0,0,126.51,-0.01284,0.0156,0.19921
0,0,0,0,126.52,-0.012848,0.015754,0.19923
0,0,0,0,126.53,-0.012857,0.015765,0.19923
0,0,0,0,126.54,-0.013061,0.015679,0.19922
0,0,0,0,126.55,-0.012852,0.015778,0.19923
0,0,0,0,126.56,-0.013071,0.015647,0.19924
0,0,0,0,126.57,-0.012809,0.015688,0.19924
0,0,0,0,126.58,-0.012816,0.015688,0.19926
0,0,0,0,126.59,-0.012854,0.015772,0.19922
0,0,0,0,126.6,-0.012814,0.015698,0.19926
0,0,0,0,126.61,-0.012839,0.015758,0.19922
0,0,0,0,126.62,-0.012844,0.01576,0.19922
0,0,0,0,126.63,-0.012759,0.01562,0.19928
0,0,0,0,126.64,-0.012862,0.015775,0.19922
0,0,0,0,126.65,-0.013097,0.01577,0.19919
0,0,0,0,126.66,-0.013012,0.015758,0.19917
0,0,0,0,126.67,-0.013011,0.015608,0.19924
0,0,0,0,126.68,-0.013082,0.015782,0.19919
0,0,0,0,126.69,-0.012804,0.015679,0.19925
0,0,0,0,126.7,-0.01284,0.01578,0.19923
0,0,0,0,126.71,-0.012849,0.01578,0.19921
0,0,0,0,126.72,-0.012847,0.015767,0.19923
0,0,0,0,126.73,-0.013043,0.015679,0.19923
0,0,0,0,126.74,-0.012772,0.015617,0.19929
0,0,0,0,126.75,-0.012994,0.015738,0.19916
0,0,0,0,126.76,-0.012842,0.015768,0.19922
0,0,0,0,126.77,-0.01284,0.015776,0.19922
0,0,0,0,126.78,-0.012997,0.015751,0.19916
0,0,0,0,126.79,-0.012858,0.015784,0.19924
0,0,0,0,126.8,-0.013083,0.015769,0.19919
0,0,0,0,126.81,-0.012831,0.015784,0.19922
0,0,0,0,126.82,-0.012912,0.015603,0.19924
0,0,0,0,126.83,-0.012799,0.015684,0.19925
0,0,0,0,126.84,-0.012835,0.015783,0.19923
0,0,0,0,126.85,-0.013013,0.01574,0.19917
0,0,0,0,126.86,-0.012808,0.01568,0.19925
0,0,0,0,126.87,-0.012849,0.015798,0.19923
0,0,0,0,126.88,-0.012842,0.015766,0.19923
0,0,0,0,126.89,-0.012803,0.015676,0.19926
0,0,0,0,126.9,-0.012846,0.015774,0.19922
0,0,0,0,126.91,-0.012811,0.01566,0.19912
0,0,0,0,126.92,-0.012858,0.01577,0.19922
0,0,0,0,126.93,-0.012855,0.015779,0.19923
0,0,0,0,126.94,-0.012745,0.015616,0.19927
0,0,0,0,126.95,-0.01285,0.01579,0.19923
0,0,0,0,126.96,-0.012759,0.015627,0.19928
0,0,0,0,126.97,-0.012838,0.015778,0.19921
0,0,0,0,126.98,-0.012857,0.015777,0.19922
0,0,0,0,126.99,-0.012848,0.015778,0.19922
0,0,0,0,127,-0.012807,0.015674,0.19925
0,0,0,0,127.01,-0.013079,0.015767,0.1992
0,0,0,0,127.02,-0.012846,0.015765,0.19923
0,0,0,0,127.03,-0.012843,0.015774,0.19922
0,0,0,0,127.04,-0.012985,0.01576,0.19916
0,0,0,0,127.05,-0.013053,0.015676,0.19922
0,0,0,0,127.06,-0.012998,0.015587,0.19927
0,0,0,0,127.07,-0.012796,0.015671,0.19928
0,0,0,0,127.08,-0.012957,0.015664,0.19919
0,0,0,0,127.09,-0.012845,0.015752,0.19922
0,0,0,0,127.1,-0.012812,0.015676,0.19925
0,0,0,0,127.11,-0.012836,0.015612,0.1992
0,0,0,0,127.12,-0.012852,0.015806,0.19918
0,0,0,0,127.13,-0.012802,0.015659,0.19926
0,0,0,0,127.14,-0.012845,0.015757,0.19922
0,0,0,0,127.15,-0.012856,0.015777,0.19922
0,0,0,0,127.16,-0.012843,0.015763,0.19922
0,0,0,0,127.17,-0.012805,0.015687,0.19926
0,0,0,0,127.18,-0.012834,0.015756,0.19921
0,0,0,0,127.19,-0.013047,0.015663,0.19924
0,0,0,0,127.2,-0.012847,0.015752,0.19921
0,0,0,0,127.21,-0.013065,0.015682,0.19922
0,0,0,0,127.22,-0.012807,0.015699,0.19924
0,0,0,0,127.23,-0.012865,0.015755,0.19922
0,0,0,0,127.24,-0.012841,0.015783,0.19922
0,0,0,0,127.25,-0.012812,0.015674,0.19926
0,0,0,0,127.26,-0.012813,0.015674,0.19925
0,0,0,0,127.27,-0.012843,0.015781,0.19922
0,0,0,0,127.28,-0.012812,0.015681,0.19925
0,0,0,0,127.29,-0.012846,0.015774,0.19922
0,0,0,0,127.3,-0.01282,0.015671,0.19925
0,0,0,0,127.31,-0.01283,0.015762,0.19922
0,0,0,0,127.32,-0.012842,0.015772,0.19922
0,0,0,0,127.33,-0.012747,0.015622,0.19928
0,0,0,0,127.34,-0.012804,0.01569,0.19925
0,0,0,0,127.35,-0.013099,0.015754,0.1992
0,0,0,0,127.36,-0.012846,0.015774,0.19922
0,0,0,0,127.37,-0.012808,0.015676,0.19927
0,0,0,0,127.38,-0.012882,0.015699,0.19917
0,0,0,0,127.39,-0.01282,0.015683,0.19925
0,0,0,0,127.4,-0.012977,0.01567,0.1992
0,0,0,0,127.41,-0.01284,0.01576,0.19924
0,0,0,0,127.42,-0.012852,0.015778,0.19922
0,0,0,0,127.43,-0.01281,0.015689,0.19926
0,0,0,0,127.44,-0.012851,0.015769,0.19923
0,0,0,0,127.45,-0.012835,0.015766,0.19921
0,0,0,0,127.46,-0.012827,0.015744,0.19923
0,0,0,0,127.47,-0.012777,0.015556,0.19913
0,0,0,0,127.48,-0.013077,0.015746,0.1992
0,0,0,0,127.49,-0.012837,0.015751,0.19922
0,0,0,0,127.5,-0.012824,0.015755,0.19922
0,0,0,0,127.51,-0.012846,0.015778,0.19922
0,0,0,0,127.52,-0.012841,0.015776,0.19921
0,0,0,0,127.53,-0.012999,0.015756,0.19917
0,0,0,0,127.54,-0.012845,0.015768,0.19921
0,0,0,0,127.55,-0.013051,0.015681,0.19924
0,0,0,0,127.56,-0.012853,0.015776,0.19922
0,0,0,0,127.57,-0.012838,0.015772,0.19921
0,0,0,0,127.58,-0.012845,0.015772,0.19922
0,0,0,0,127.59,-0.012815,0.015676,0.19925
0,0,0,0,127.6,-0.012834,0.015764,0.19923
0,0,0,0,127.61,-0.012821,0.015684,0.19925
0,0,0,0,127.62,-0.012841,0.01577,0.19921
0,0,0,0,127.63,-0.0128,0.015685,0.19927
0,0,0,0,127.64,-0.012845,0.015765,0.19922
0,0,0,0,127.65,-0.012775,0.01563,0.19927
0,0,0,0,127.66,-0.013061,0.015666,0.19923
0,0,0,0,127.67,-0.012852,0.015762,0.19922
