0,0.009,0.026,1.832,1.22,NaN,NaN,NaN
0.20637,0.009,0.026,1.832,NaN,NaN,NaN,NaN
0.2564,0.009,0.026,1.832,NaN,1,-1,1
0.30638,0.009,0.026,1.832,NaN,NaN,NaN,NaN
0.35641,0.009,0.027,1.834,NaN,NaN,NaN,NaN
0.40641,0.009,0.027,1.834,NaN,NaN,NaN,NaN
0.45645,0.009,0.027,1.834,0,-0.14562,0.011161,0.1995
0.50643,0.008,0.027,1.836,0.01,-0.14556,0.011121,0.19958
0.55645,0.008,0.027,1.836,0.02,-0.14561,0.01118,0.19948
0.60642,0.008,0.027,1.836,0.03,-0.14556,0.011144,0.19954
0.65649,0.009,0.026,1.835,0.04,NaN,NaN,NaN
0.70647,0.009,0.026,1.835,0.05,-0.14546,0.010992,0.19962
0.75651,0.009,0.026,1.835,0.06,-0.1456,0.011163,0.19948
0.80651,0.01,0.026,1.833,0.07,-0.14559,0.011147,0.19948
0.8565,0.01,0.026,1.833,0.08,-0.14561,0.011163,0.19949
0.90654,0.01,0.026,1.833,0.09,-0.14561,0.011164,0.19947
0.95653,0.01,0.026,1.832,0.1,-0.14557,0.011143,0.19945
1.0065,0.01,0.026,1.832,0.11,-0.1456,0.011154,0.19944
1.0565,0.01,0.026,1.832,0.12,-0.14559,0.011164,0.19945
1.1065,0.01,0.028,1.84,0.13,-0.14541,0.01099,0.19956
1.1565,0.01,0.028,1.84,0.14,-0.14543,0.011004,0.19957
1.2066,0.008,0.03,1.841,0.15,-0.14545,0.011003,0.19957
1.2566,0.008,0.03,1.841,0.16,-0.14551,0.011054,0.19953
1.3066,0.008,0.03,1.841,0.17,-0.1456,0.011076,0.19961
1.3566,0.003,0.035,1.843,0.18,-0.14559,0.011158,0.19947
1.4066,0.003,0.035,1.843,0.19,-0.14543,0.011001,0.19956
1.4566,0.003,0.035,1.843,0.2,-0.14562,0.011146,0.19948
1.5066,-0.003,0.04,1.849,0.21,-0.14561,0.011163,0.19947
1.5566,-0.003,0.04,1.849,0.22,-0.1456,0.011155,0.19946
1.6066,-0.003,0.04,1.849,0.23,-0.1456,0.011175,0.19948
1.6567,-0.014,0.045,1.836,0.24,-0.14557,0.011164,0.19945
1.7066,-0.014,0.045,1.836,0.25,-0.14547,0.010991,0.19958
1.7567,-0.014,0.045,1.836,0.26,-0.14555,0.01112,0.19957
1.8067,-0.025,0.053,1.836,0.27,-0.14553,0.0112,0.19951
1.8567,-0.025,0.053,1.836,0.28,-0.14556,0.011078,0.19959
1.9067,-0.025,0.053,1.836,0.29,-0.14558,0.011161,0.1995
1.9567,-0.039,0.062,1.831,0.3,-0.14562,0.011167,0.19948
2.0067,-0.039,0.062,1.831,0.31,-0.14544,0.010989,0.1996
2.0567,-0.039,0.062,1.831,0.32,-0.14558,0.011136,0.19954
2.1068,-0.054,0.074,1.829,0.33,-0.14543,0.010995,0.19959
2.1567,-0.054,0.074,1.829,0.34,-0.1456,0.011146,0.19948
2.2067,-0.054,0.074,1.829,0.35,-0.14544,0.011006,0.19961
2.2567,-0.073,0.087,1.839,0.36,-0.1456,0.011162,0.19949
2.3068,-0.073,0.087,1.839,0.37,-0.14558,0.011155,0.19946
2.3568,-0.073,0.087,1.839,0.38,-0.14558,0.011162,0.19945
2.4068,-0.095,0.094,1.844,0.39,-0.14544,0.011007,0.19958
2.4568,-0.095,0.094,1.844,0.4,-0.14556,0.011156,0.19945
2.5068,-0.119,0.099,1.862,0.41,-0.1456,0.011162,0.19948
2.5568,-0.119,0.099,1.862,0.42,-0.14542,0.011001,0.19957
2.6068,-0.119,0.099,1.862,0.43,-0.14562,0.011223,0.19941
2.6568,-0.15,0.097,1.873,0.44,-0.14559,0.011166,0.19948
2.7068,-0.15,0.097,1.873,0.45,-0.1456,0.011161,0.19948
2.7569,-0.15,0.097,1.873,0.46,-0.14544,0.010977,0.19959
2.8069,-0.185,0.093,1.88,0.47,-0.14559,0.011141,0.19949
2.8569,-0.185,0.093,1.88,0.48,-0.1454,0.010976,0.19964
2.9069,-0.185,0.093,1.88,0.49,-0.14562,0.011154,0.19948
2.9569,-0.224,0.093,1.887,0.5,-0.14545,0.011008,0.19959
3.0069,-0.224,0.093,1.887,0.51,-0.14546,0.010998,0.19959
3.0569,-0.224,0.093,1.887,0.52,-0.1456,0.011162,0.1995
3.1069,-0.269,0.097,1.884,0.53,-0.14569,0.011025,0.19959
3.1569,-0.269,0.097,1.884,0.54,-0.14541,0.010985,0.19957
3.207,-0.269,0.097,1.884,0.55,-0.1454,0.01097,0.19964
3.2569,-0.316,0.106,1.875,0.56,-0.14558,0.011158,0.19945
3.3069,-0.316,0.106,1.875,0.57,-0.14546,0.011006,0.19958
3.357,-0.316,0.106,1.875,0.58,-0.14558,0.011166,0.19946
3.407,-0.362,0.12,1.881,0.59,-0.14545,0.010999,0.19958
3.457,-0.362,0.12,1.881,0.6,-0.1456,0.011167,0.19948
3.5071,-0.406,-0.135,1.872,0.61,-0.14546,0.011016,0.1996
3.557,-0.406,0.135,1.872,0.62,-0.1454,0.010958,0.19962
3.6071,-0.406,0.135,1.872,0.63,-0.14557,0.011157,0.19946
3.657,-0.444,0.153,1.865,0.64,-0.1456,0.011163,0.19947
3.707,-0.444,0.153,1.865,0.65,-0.14562,0.011171,0.19948
3.7571,-0.444,0.153,1.865,0.66,-0.1456,0.011163,0.19949
3.8071,-0.474,0.175,1.863,0.67,-0.14558,0.011169,0.19945
3.8571,-0.474,0.175,1.863,0.68,-0.14537,0.010975,0.19962
3.9071,-0.474,0.175,1.863,0.69,-0.14554,0.011121,0.19952
3.9572,-0.49,0.197,1.837,0.7,-0.14538,0.010964,0.19962
4.0071,-0.49,0.197,1.837,0.71,-0.14557,0.011158,0.19946
4.0571,-0.49,0.197,1.837,0.72,-0.14559,0.011157,0.19947
4.1071,-0.501,0.219,1.835,0.73,-0.14542,0.010986,0.19957
4.1572,-0.501,0.219,1.835,0.74,-0.14561,0.011167,0.19949
4.2071,-0.501,0.219,1.835,0.75,-0.14557,0.011166,0.19946
4.2572,-0.5,0.235,1.835,0.76,-0.14552,0.011118,0.19952
4.3072,-0.5,0.235,1.835,0.77,-0.14559,0.011166,0.19948
4.3572,-0.5,0.235,1.835,0.78,-0.14561,0.011164,0.19947
4.4072,-0.487,0.245,1.836,0.79,-0.14561,0.011164,0.19948
4.4572,-0.487,0.245,1.836,0.8,-0.14544,0.010987,0.19959
4.5072,-0.487,0.245,1.836,0.81,-0.14558,0.011147,0.19947
4.5572,-0.472,0.25,1.855,0.82,-0.14544,0.010966,0.19956
4.6073,-0.472,0.25,1.855,0.83,-0.14545,0.011001,0.19959
4.6623,-0.447,0.249,1.863,0.84,-0.14557,0.011168,0.19946
4.7123,-0.447,0.249,1.863,0.85,-0.14547,0.011026,0.19959
4.7673,-0.447,0.249,1.863,0.86,-0.14556,0.011135,0.19953
4.8173,-0.417,0.244,1.868,0.87,-0.14544,0.010908,0.19964
4.8723,-0.417,0.244,1.868,0.88,-0.14549,0.010942,0.19958
4.9223,-0.417,0.244,1.868,0.89,-0.14549,0.010882,0.19974
4.9773,-0.399,0.235,1.879,0.9,-0.14558,0.011077,0.19961
5.0273,-0.399,0.235,1.879,0.91,-0.14544,0.011006,0.19955
5.0823,-0.399,0.235,1.879,0.92,-0.14552,0.0111,0.19952
5.1323,-0.389,0.226,1.881,0.93,-0.14559,0.011122,0.19949
5.1873,-0.389,0.226,1.881,0.94,-0.14542,0.010933,0.19963
5.2427,-0.393,0.216,1.893,0.95,-0.14555,0.011113,0.1994
5.2924,-0.393,0.216,1.893,0.96,-0.14552,0.011081,0.19946
5.3474,-0.393,0.216,1.893,0.97,-0.14563,0.011111,0.19948
5.3974,-0.407,0.206,1.903,0.98,-0.14557,0.011117,0.19945
5.4524,-0.407,0.206,1.903,0.99,-0.14558,0.011117,0.19945
5.5024,-0.407,0.206,1.903,1,-0.14557,0.011024,0.19953
5.5574,-0.417,0.195,1.902,1.01,-0.14565,0.011113,0.19948
5.6075,-0.417,0.195,1.902,1.02,-0.14557,0.011082,0.19953
5.6625,-0.417,0.195,1.902,1.03,-0.14556,0.011101,0.1994
5.7124,-0.432,0.183,1.914,1.04,-0.14562,0.011054,0.19959
5.7675,-0.432,0.183,1.914,1.05,-0.14561,0.011133,0.19947
5.8175,-0.443,0.171,1.907,1.06,-0.1454,0.010964,0.19949
5.8725,-0.443,0.171,1.907,1.07,-0.14541,0.010949,0.19956
5.9225,-0.443,0.171,1.907,1.08,-0.14555,0.011096,0.19939
5.9775,-0.461,0.161,1.906,1.09,-0.14561,0.011173,0.19946
6.0276,-0.461,0.161,1.906,1.1,-0.14556,0.01113,0.19941
6.0825,-0.461,0.161,1.906,1.11,-0.14558,0.011142,0.19948
6.1325,-0.482,0.149,1.913,1.12,-0.14549,0.011068,0.19948
6.1875,-0.482,0.149,1.913,1.13,-0.14556,0.011134,0.19945
6.2429,-0.482,0.149,1.913,1.14,-0.14543,0.010968,0.19953
6.2926,-0.494,0.136,1.897,1.15,-0.1454,0.011008,0.19956
6.3476,-0.494,0.136,1.897,1.16,-0.14563,0.011117,0.19947
6.3976,-0.529,0.128,1.902,1.17,-0.14555,0.011138,0.19945
6.4526,-0.529,0.128,1.902,1.18,-0.14556,0.011121,0.1994
6.5026,-0.529,0.128,1.902,1.19,-0.14546,0.010988,0.19959
6.5576,-0.57,0.118,1.905,1.2,-0.14552,0.011069,0.19946
6.6076,-0.57,0.118,1.905,1.21,-0.14545,0.010936,0.19954
6.6626,-0.57,0.118,1.905,1.22,-0.14563,0.011126,0.19945
6.7127,-0.627,0.112,1.911,1.23,-0.14479,0.010932,0.19942
6.7677,-0.627,0.112,1.911,1.24,-0.14539,0.010919,0.19952
6.8177,-0.627,0.112,1.911,1.25,-0.14557,0.011114,0.19945
6.8727,-0.697,0.108,1.928,1.26,-0.14547,0.01102,0.1996
6.9227,-0.697,0.108,1.928,1.27,-0.14537,0.010895,0.19956
6.9777,-0.759,0.102,1.945,1.28,-0.1456,0.011082,0.19951
7.0277,-0.759,0.102,1.945,1.29,-0.14536,0.010918,0.19957
7.0827,-0.759,0.102,1.945,1.3,-0.14546,0.010976,0.19953
7.1327,-0.827,0.096,1.967,1.31,-0.14557,0.011097,0.1994
7.1877,-0.827,0.096,1.967,1.32,-0.14559,0.011125,0.19941
7.2432,-0.827,0.096,1.967,1.33,-0.14559,0.011153,0.19944
7.2927,-0.891,0.089,1.977,1.34,-0.14553,0.011102,0.1994
7.3477,-0.891,0.089,1.977,1.35,-0.14558,0.011098,0.19948
7.3977,-0.959,0.082,2,1.36,-0.1454,0.010962,0.19964
7.4528,-0.959,0.082,2,1.37,-0.1454,0.010953,0.19953
7.5028,-0.959,0.082,2,1.38,-0.14555,0.011106,0.19941
7.5578,-1.003,0.082,1.968,1.39,-0.14553,0.011104,0.19942
7.6078,-1.003,0.082,1.968,1.4,-0.14541,0.010953,0.19963
7.6628,-1.003,0.082,1.968,1.41,-0.14558,0.011092,0.19944
7.7129,-1.027,0.092,1.937,1.42,-0.14554,0.011103,0.19941
7.7679,-1.027,0.092,1.937,1.43,-0.14556,0.011139,0.1994
7.8179,-1.027,0.092,1.937,1.44,-0.14549,0.010972,0.19958
7.8729,-1.041,0.112,1.925,1.45,-0.14563,0.01108,0.19947
7.9229,-1.041,0.112,1.925,1.46,-0.14553,0.01103,0.1995
7.9779,-1.034,0.146,1.892,1.47,-0.14563,0.011132,0.19947
8.0279,-1.034,0.146,1.892,1.48,-0.14555,0.011146,0.19952
8.0829,-1.034,0.146,1.892,1.49,-0.14541,0.010963,0.19951
8.1329,-1.028,0.188,1.918,1.5,-0.14562,0.011127,0.19948
8.1879,-1.028,0.188,1.918,1.51,-0.14549,0.011046,0.19947
8.2433,-1.028,0.188,1.918,1.52,-0.14549,0.011087,0.19947
8.2929,-1.008,0.238,1.941,1.53,-0.14555,0.011128,0.19942
8.3479,-1.008,0.238,1.941,1.54,-0.14551,0.01108,0.19945
8.3979,-1.008,0.238,1.941,1.55,-0.14556,0.011095,0.19941
8.453,-0.968,0.299,1.958,1.56,-0.14563,0.011119,0.19948
8.503,-0.968,0.299,1.958,1.57,-0.14559,0.011114,0.19947
8.558,-0.914,0.36,1.981,1.58,-0.14552,0.011074,0.19945
8.608,-0.914,0.36,1.981,1.59,-0.14558,0.011091,0.19946
8.663,-0.914,0.36,1.981,1.6,-0.14553,0.011062,0.19948
8.7131,-0.838,0.411,1.979,1.61,-0.1455,0.011065,0.19949
8.7681,-0.838,0.411,1.979,1.62,-0.1454,0.010939,0.19953
8.8181,-0.838,0.411,1.979,1.63,-0.14513,0.011062,0.1992
8.8731,-0.751,0.446,1.96,1.64,-0.1455,0.011112,0.19938
8.9231,-0.751,0.446,1.96,1.65,-0.14557,0.01104,0.19957
8.9782,-0.656,0.458,1.942,1.66,-0.14552,0.011068,0.19941
9.028,-0.656,0.458,1.942,1.67,-0.14556,0.011072,0.1994
9.0831,-0.656,0.458,1.942,1.68,-0.1455,0.011072,0.19942
9.1331,-0.583,0.461,1.942,1.69,-0.1456,0.011095,0.19945
9.1881,-0.583,0.461,1.942,1.7,-0.14564,0.011105,0.19946
9.2436,-0.583,0.461,1.942,1.71,-0.14554,0.011108,0.1994
9.2931,-0.497,0.463,1.92,1.72,-0.14551,0.011133,0.19944
9.3481,-0.497,0.463,1.92,1.73,-0.14561,0.011064,0.19946
9.3982,-0.497,0.463,1.92,1.74,-0.14557,0.011057,0.1994
9.4532,-0.422,0.466,1.917,1.75,-0.14537,0.010924,0.19953
9.5032,-0.422,0.466,1.917,1.76,-0.14558,0.010946,0.1996
9.5582,-0.345,0.469,1.906,1.77,-0.14563,0.01105,0.19948
9.6082,-0.345,0.469,1.906,1.78,-0.14557,0.011048,0.19946
9.6632,-0.345,0.469,1.906,1.79,-0.14558,0.011097,0.19948
9.7132,-0.26,0.458,1.919,1.8,-0.14566,0.011031,0.19947
9.7683,-0.26,0.458,1.919,1.81,-0.14566,0.011016,0.19945
9.8182,-0.26,0.458,1.919,1.82,-0.14557,0.010995,0.19958
9.8732,-0.198,0.421,1.956,1.83,-0.14541,0.010845,0.19963
9.9233,-0.198,0.421,1.956,1.84,-0.14556,0.010979,0.19956
9.9783,-0.198,0.421,1.956,1.85,-0.14558,0.010974,0.19953
10.028,-0.143,0.359,1.976,1.86,-0.14558,0.011019,0.19959
10.083,-0.143,0.359,1.976,1.87,-0.14558,0.010978,0.19951
10.133,-0.099,0.284,1.984,1.88,-0.1455,0.01078,0.19956
10.188,-0.099,0.284,1.984,1.89,-0.14557,0.010901,0.19953
10.244,-0.099,0.284,1.984,1.9,-0.14564,0.010868,0.19954
10.293,-0.054,0.204,1.96,1.91,-0.14555,0.010934,0.19954
10.348,-0.054,0.204,1.96,1.92,-0.14495,0.010965,0.1993
10.398,-0.054,0.204,1.96,1.93,-0.1456,0.01099,0.19947
10.453,-0.012,0.134,1.957,1.94,-0.14562,0.010966,0.19947
10.503,-0.012,0.134,1.957,1.95,-0.14562,0.010989,0.19946
10.558,-0.012,0.134,1.957,1.96,-0.14564,0.011042,0.19946
10.608,0.037,0.078,1.94,1.97,-0.14573,0.010833,0.19959
10.663,0.037,0.078,1.94,1.98,-0.14571,0.011076,0.19945
10.713,0.068,0.028,1.964,1.99,-0.14568,0.010795,0.19959
10.768,0.068,0.028,1.964,2,-0.1455,0.010857,0.19959
10.818,0.068,0.028,1.964,2.01,-0.14554,0.010869,0.19964
10.873,0.091,-0.012,1.992,2.02,-0.14564,0.010821,0.19962
10.923,0.091,-0.012,1.992,2.03,-0.14566,0.010854,0.19962
10.978,0.091,-0.012,1.992,2.04,-0.14566,0.010873,0.19964
11.028,0.108,-0.052,1.989,2.05,-0.14517,0.0108,0.19938
11.083,0.108,-0.052,1.989,2.06,-0.14563,0.010775,0.19963
11.134,0.108,-0.052,1.989,2.07,-0.14557,0.010864,0.19961
11.188,0.108,-0.091,2.007,2.08,-0.145,0.010833,0.19945
11.244,0.108,-0.091,2.007,2.09,-0.1455,0.010794,0.19965
11.293,0.105,-0.121,2.02,2.1,-0.1456,0.010797,0.19966
11.348,0.105,-0.121,2.02,2.11,-0.14563,0.010811,0.19966
11.399,0.105,-0.121,2.02,2.12,-0.14572,0.010741,0.19964
11.454,0.102,-0.151,1.996,2.13,-0.14558,0.010811,0.19956
11.504,0.102,-0.151,1.996,2.14,-0.14561,0.01086,0.19959
11.559,0.102,-0.151,1.996,2.15,-0.14569,0.01079,0.19965
11.609,0.092,-0.175,1.985,2.16,-0.14548,0.010574,0.19981
11.664,0.092,-0.175,1.985,2.17,-0.14561,0.010705,0.1997
11.714,0.081,-0.192,1.983,2.18,-0.14549,0.010787,0.1996
11.769,0.081,-0.192,1.983,2.19,-0.14557,0.010767,0.19966
11.819,0.081,-0.192,1.983,2.2,-0.14553,0.010794,0.19959
11.874,0.076,-0.207,1.971,2.21,-0.14569,0.010861,0.19952
11.924,0.076,-0.207,1.971,2.22,-0.14555,0.010712,0.1996
11.979,0.076,-0.207,1.971,2.23,-0.1455,0.010515,0.19971
12.029,0.063,-0.215,1.967,2.24,-0.14566,0.010698,0.19958
12.084,0.063,-0.215,1.967,2.25,-0.14567,0.010495,0.19972
12.134,0.063,-0.215,1.967,2.26,-0.14577,0.010459,0.19967
12.189,0.05,-0.217,1.967,2.27,-0.14565,0.010474,0.19973
12.244,0.05,-0.217,1.967,2.28,-0.1456,0.010339,0.19977
12.294,0.031,-0.209,1.958,2.29,-0.14556,0.010286,0.19975
12.349,0.031,-0.209,1.958,2.3,-0.14556,0.010343,0.19977
12.399,0.031,-0.209,1.958,2.31,-0.1456,0.010235,0.19974
12.454,0.01,-0.192,1.942,2.32,-0.14508,0.010043,0.19948
12.504,0.01,-0.192,1.942,2.33,-0.14487,0.010089,0.19943
12.559,0.01,-0.192,1.942,2.34,-0.14491,0.010052,0.19947
12.609,-0.006,-0.163,1.921,2.35,-0.14487,0.009943,0.19943
12.664,-0.006,-0.163,1.921,2.36,-0.1449,0.009914,0.19949
12.714,-0.006,-0.163,1.921,2.37,-0.14504,0.009887,0.19936
12.769,-0.022,-0.128,1.895,2.38,-0.14482,0.009839,0.19943
12.819,-0.022,-0.128,1.895,2.39,-0.14472,0.009742,0.19947
12.874,-0.033,-0.091,1.871,2.4,-0.14462,0.009725,0.19953
12.924,-0.033,-0.091,1.871,2.41,-0.14464,0.009658,0.19958
12.979,-0.033,-0.091,1.871,2.42,-0.1445,0.009577,0.19953
13.029,-0.033,-0.091,1.871,2.43,-0.14458,0.009506,0.19954
13.084,-0.033,-0.091,1.871,2.44,-0.14454,0.009479,0.19956
13.134,-0.033,-0.091,1.871,2.45,-0.14452,0.009403,0.1996
13.189,-0.052,-0.039,1.831,2.46,-0.14422,0.00914,0.19966
13.244,-0.052,-0.039,1.831,2.47,-0.14486,0.009285,0.19978
13.294,-0.057,0.028,1.826,2.48,-0.14381,0.009016,0.19983
13.349,-0.057,-0.028,1.826,2.49,-0.14455,0.00905,0.19994
13.399,-0.057,-0.028,1.826,2.5,-0.144,0.008806,0.20033
13.454,-0.059,-0.024,1.825,2.51,-0.14413,0.00879,0.2004
13.504,-0.059,-0.024,1.825,2.52,-0.14411,0.008591,0.20051
13.559,-0.059,-0.024,1.825,2.53,-0.14408,0.008609,0.20056
13.609,-0.059,-0.024,1.828,2.54,-0.144,0.008668,0.20049
13.664,-0.059,-0.024,1.828,2.55,-0.14406,0.008547,0.20056
13.714,-0.059,-0.024,1.828,2.56,-0.14408,0.008471,0.20057
13.769,-0.059,-0.024,1.83,2.57,-0.14407,0.00851,0.20054
13.819,-0.059,-0.024,1.83,2.58,-0.14405,0.008434,0.20058
13.874,-0.059,-0.024,1.831,2.59,-0.14371,0.008362,0.20053
13.924,-0.059,-0.024,1.831,2.6,-0.14367,0.008385,0.20058
13.979,-0.059,-0.024,1.831,2.61,-0.14399,0.00845,0.20071
14.029,-0.059,-0.022,1.833,2.62,-0.14374,0.008525,0.20072
14.084,-0.059,-0.022,1.833,2.63,-0.14393,0.008492,0.20088
14.134,-0.059,-0.022,1.833,2.64,-0.14395,0.008617,0.201
14.189,-0.059,-0.022,1.833,2.65,-0.14389,0.008816,0.20118
14.244,-0.059,-0.022,1.833,2.66,-0.14381,0.008914,0.20134
14.294,-0.059,-0.022,1.833,2.67,-0.14374,0.009043,0.20158
14.349,-0.059,-0.022,1.835,2.68,-0.14368,0.009257,0.20182
14.399,-0.059,-0.022,1.835,2.69,-0.14349,0.00935,0.20218
14.454,-0.059,-0.022,1.837,2.7,-0.14322,0.009468,0.20267
14.504,-0.059,-0.022,1.837,2.71,-0.14322,0.009858,0.20299
14.559,-0.059,-0.022,1.837,2.72,-0.14289,0.009913,0.20348
14.609,-0.059,-0.023,1.835,2.73,-0.1428,0.010148,0.20404
14.664,-0.059,-0.023,1.835,2.74,-0.14271,0.010393,0.20439
14.714,-0.059,-0.023,1.835,2.75,-0.1425,0.010676,0.20485
14.769,-0.059,-0.022,1.834,2.76,-0.14233,0.011009,0.20535
14.819,-0.059,-0.022,1.834,2.77,-0.14241,0.011255,0.20588
14.874,-0.059,-0.022,1.834,2.78,-0.14201,0.011192,0.20665
14.924,-0.059,-0.022,1.833,2.79,-0.14167,0.011347,0.20715
14.979,-0.059,-0.022,1.833,2.8,-0.14223,0.01152,0.20771
15.029,-0.06,-0.022,1.833,2.81,-0.14221,0.01184,0.20811
15.084,-0.06,-0.022,1.833,2.82,-0.14209,0.011907,0.20864
15.134,-0.06,-0.022,1.833,2.83,-0.14213,0.012241,0.20899
15.189,-0.06,-0.022,1.833,2.84,-0.14228,0.012383,0.20926
15.244,-0.06,-0.022,1.833,2.85,-0.14243,0.012688,0.20955
15.294,-0.06,-0.022,1.833,2.86,-0.14268,0.012988,0.20969
15.349,-0.06,-0.022,1.832,2.87,-0.14302,0.013193,0.20973
15.399,-0.06,-0.022,1.832,2.88,-0.14335,0.013469,0.20985
15.454,-0.06,-0.023,1.831,2.89,-0.14376,0.013784,0.20984
15.504,-0.06,-0.023,1.831,2.9,-0.14418,0.01405,0.20975
15.559,-0.06,-0.023,1.831,2.91,-0.14466,0.014395,0.20959
15.609,-0.059,-0.023,1.832,2.92,-0.14519,0.014704,0.20936
15.664,-0.059,-0.023,1.832,2.93,-0.14561,0.015131,0.20906
15.714,-0.059,-0.023,1.832,2.94,-0.14618,0.015495,0.20867
15.769,-0.059,-0.023,1.832,2.95,-0.14679,0.015877,0.20826
15.819,-0.059,-0.023,1.832,2.96,-0.1472,0.01622,0.20788
15.874,-0.059,-0.023,1.832,2.97,-0.14847,0.016699,0.2072
15.924,-0.059,-0.023,1.832,2.98,-0.14866,0.01704,0.20667
15.979,-0.059,-0.023,1.832,2.99,-0.14921,0.017371,0.20613
16.029,-0.059,-0.023,1.835,3,-0.15004,0.017742,0.20529
16.084,-0.059,-0.023,1.835,3.01,-0.15063,0.018162,0.20453
16.134,-0.059,-0.023,1.835,3.02,-0.15098,0.018454,0.2041
16.189,-0.059,-0.023,1.834,3.03,-0.15149,0.018949,0.20327
16.244,-0.059,-0.023,1.834,3.04,-0.15257,0.019519,0.20235
16.294,-0.059,-0.023,1.834,3.05,-0.15295,0.020296,0.20181
16.349,-0.059,-0.022,1.835,3.06,-0.1534,0.020976,0.20135
16.399,-0.059,-0.022,1.835,3.07,-0.15387,0.021485,0.20114
16.454,-0.059,-0.022,1.835,3.08,-0.15418,0.022013,0.20112
16.504,-0.059,-0.022,1.835,3.09,-0.15457,0.022662,0.20106
16.559,-0.059,-0.022,1.835,3.1,-0.1549,0.023482,0.20101
16.61,-0.059,-0.022,1.835,3.11,-0.155,0.023887,0.20101
16.665,-0.059,-0.022,1.835,3.12,-0.15533,0.024344,0.20099
16.715,-0.059,-0.022,1.835,3.13,-0.15594,0.024939,0.20098
16.77,-0.06,-0.022,1.834,3.14,-0.15685,0.025203,0.20103
16.82,-0.06,-0.022,1.834,3.15,-0.15687,0.025415,0.20106
16.875,-0.06,-0.022,1.834,3.16,-0.15753,0.025751,0.2011
16.925,-0.06,-0.022,1.835,3.17,-0.15833,0.026027,0.20113
16.98,-0.06,-0.022,1.835,3.18,-0.15928,0.026378,0.20096
17.03,-0.06,-0.022,1.835,3.19,-0.15993,0.026529,0.20095
17.085,-0.06,-0.022,1.835,3.2,-0.16065,0.026792,0.20093
17.135,-0.06,-0.022,1.835,3.21,-0.16162,0.027124,0.2009
17.19,-0.06,-0.023,1.832,3.22,-0.16212,0.027403,0.20111
17.245,-0.06,-0.023,1.832,3.23,-0.16277,0.027517,0.20144
17.295,-0.06,-0.023,1.832,3.24,-0.16361,0.027833,0.20156
17.35,-0.06,-0.023,1.834,3.25,-0.1645,0.027953,0.20198
17.4,-0.06,-0.023,1.834,3.26,-0.16581,0.028268,0.20241
17.455,-0.06,-0.023,1.834,3.27,-0.16684,0.028758,0.20253
17.505,-0.06,-0.024,1.834,3.28,-0.16749,0.029006,0.20277
17.56,-0.06,-0.024,1.834,3.29,-0.16853,0.0293,0.20301
17.61,-0.06,-0.024,1.834,3.3,-0.16931,0.029426,0.20328
17.665,-0.059,-0.023,1.835,3.31,-0.1702,0.029639,0.20354
17.715,-0.059,-0.023,1.835,3.32,-0.17138,0.029837,0.20383
17.77,-0.06,-0.023,1.837,3.33,-0.1722,0.030303,0.20396
17.82,-0.06,-0.023,1.837,3.34,-0.17317,0.030581,0.20415
17.875,-0.06,-0.023,1.837,3.35,-0.17426,0.030852,0.20432
17.925,-0.06,-0.023,1.835,3.36,-0.17511,0.031363,0.20441
17.98,-0.06,-0.023,1.835,3.37,-0.17582,0.031655,0.20448
18.03,-0.06,-0.023,1.835,3.38,-0.17713,0.032232,0.20451
18.085,-0.059,-0.022,1.835,3.39,-0.17834,0.032748,0.20467
18.135,-0.059,-0.022,1.835,3.4,-0.17985,0.033289,0.20497
18.185,-0.059,-0.022,1.835,3.41,-0.1809,0.033725,0.20513
18.235,-0.06,-0.022,1.835,3.42,-0.18248,0.034678,0.20464
18.29,-0.06,-0.022,1.835,3.43,-0.18442,0.035059,0.20504
18.345,-0.059,-0.022,1.835,3.44,-0.18571,0.03563,0.2051
18.395,-0.059,-0.022,1.835,3.45,-0.18721,0.036441,0.20519
18.45,-0.059,-0.022,1.835,3.46,-0.18861,0.037121,0.20539
18.5,-0.059,-0.023,1.834,3.47,-0.19042,0.037694,0.20559
18.55,-0.059,-0.023,1.834,3.48,-0.192,0.038362,0.20585
18.6,-0.059,-0.023,1.834,3.49,-0.19352,0.03907,0.20654
18.65,-0.059,-0.023,1.834,3.5,-0.19511,0.039449,0.20695
18.7,-0.059,-0.023,1.834,3.51,-0.19699,0.040247,0.20722
18.75,-0.059,-0.023,1.834,3.52,-0.19884,0.041034,0.20771
18.8,-0.059,-0.023,1.833,3.53,-0.20055,0.041664,0.20803
18.85,-0.059,-0.023,1.833,3.54,-0.20262,0.042606,0.20836
18.9,-0.059,-0.023,1.833,3.55,-0.20523,0.043541,0.20862
18.95,-0.059,-0.023,1.832,3.56,-0.20731,0.044246,0.20903
19,-0.059,-0.023,1.832,3.57,-0.20904,0.044999,0.20955
19.05,-0.059,-0.023,1.832,3.58,-0.21139,0.04575,0.21002
19.1,-0.059,-0.023,1.833,3.59,-0.21244,0.046247,0.2109
19.15,-0.059,-0.023,1.833,3.6,-0.21511,0.04702,0.21199
19.2,-0.059,-0.023,1.833,3.61,-0.21717,0.047823,0.2127
19.25,-0.059,-0.023,1.833,3.62,-0.21963,0.048531,0.2135
19.3,-0.059,-0.023,1.833,3.63,-0.22099,0.049249,0.21435
19.35,-0.06,-0.024,1.832,3.64,-0.22348,0.050111,0.2151
19.4,-0.06,-0.024,1.832,3.65,-0.22567,0.051045,0.21638
19.45,-0.06,-0.024,1.832,3.66,-0.22707,0.052001,0.21737
19.5,-0.06,-0.023,1.832,3.67,-0.22852,0.052949,0.21857
19.55,-0.06,-0.023,1.832,3.68,-0.23081,0.053984,0.21944
19.6,-0.06,-0.023,1.832,3.69,-0.23201,0.054596,0.22107
19.65,-0.06,-0.024,1.832,3.7,-0.23393,0.055699,0.22225
19.7,-0.06,-0.024,1.832,3.71,-0.23553,0.056582,0.22339
19.75,-0.06,-0.024,1.832,3.72,-0.23741,0.057571,0.22472
19.8,-0.06,-0.024,1.831,3.73,-0.23932,0.058676,0.22607
19.85,-0.06,-0.024,1.831,3.74,-0.24115,0.059865,0.22751
19.9,-0.06,-0.024,1.831,3.75,-0.24192,0.060883,0.22902
19.95,-0.06,-0.024,1.83,3.76,-0.2437,0.062445,0.23027
20,-0.06,-0.024,1.83,3.77,-0.24542,0.063342,0.23161
20.05,-0.06,-0.024,1.83,3.78,-0.24684,0.064372,0.23358
20.1,-0.06,-0.025,1.829,3.79,-0.24796,0.065922,0.23489
20.15,-0.06,-0.025,1.829,3.8,-0.24927,0.067269,0.23618
20.2,-0.06,-0.025,1.829,3.81,-0.2503,0.068498,0.23744
20.25,-0.06,-0.024,1.828,3.82,-0.25253,0.070413,0.23847
20.3,-0.06,-0.024,1.828,3.83,-0.25402,0.071679,0.24005
20.35,-0.059,-0.023,1.827,3.84,-0.2555,0.073046,0.24132
20.4,-0.059,-0.023,1.827,3.85,-0.25668,0.07429,0.24251
20.45,-0.059,-0.023,1.827,3.86,-0.25863,0.075832,0.2439
20.5,-0.059,-0.023,1.829,3.87,-0.26029,0.077367,0.24506
20.55,-0.059,-0.023,1.829,3.88,-0.2618,0.079296,0.24573
20.6,-0.059,-0.023,1.829,3.89,-0.26385,0.08067,0.24698
20.65,-0.059,-0.023,1.831,3.9,-0.2656,0.08229,0.24796
20.7,-0.059,-0.023,1.831,3.91,-0.26752,0.084149,0.24863
20.75,-0.059,-0.023,1.831,3.92,-0.26934,0.085668,0.24961
20.8,-0.059,-0.022,1.833,3.93,-0.27203,0.087158,0.25048
20.85,-0.059,-0.022,1.833,3.94,-0.27347,0.088892,0.25112
20.9,-0.059,-0.022,1.833,3.95,-0.2753,0.090258,0.25183
20.95,-0.059,-0.022,1.833,3.96,-0.27696,0.091784,0.25236
21,-0.059,-0.022,1.833,3.97,-0.27893,0.093408,0.25272
21.05,-0.059,-0.022,1.833,3.98,-0.28186,0.095026,0.25326
21.1,-0.059,-0.022,1.832,3.99,-0.28317,0.096521,0.25379
21.15,-0.059,-0.022,1.832,4,-0.28579,0.098314,0.25387
21.2,-0.059,-0.022,1.832,4.01,-0.28725,0.099978,0.25416
21.25,-0.058,-0.022,1.831,4.02,-0.28958,0.10183,0.2542
21.3,-0.058,-0.022,1.831,4.03,-0.29154,0.1036,0.25414
21.35,-0.058,-0.022,1.831,4.04,-0.29258,0.1048,0.25449
21.4,-0.058,-0.023,1.83,4.05,-0.29428,0.1063,0.25459
21.45,-0.058,-0.023,1.83,4.06,-0.29716,0.10793,0.25485
21.501,-0.058,-0.024,1.831,4.07,-0.29877,0.10942,0.2549
21.55,-0.058,-0.024,1.831,4.08,-0.29978,0.11046,0.25548
21.601,-0.058,-0.024,1.831,4.09,-0.30066,0.11112,0.25593
21.651,-0.058,-0.025,1.831,4.1,-0.30265,0.11239,0.25585
21.701,-0.058,-0.025,1.831,4.11,-0.30402,0.11341,0.25608
21.751,-0.058,-0.025,1.831,4.12,-0.3062,0.11439,0.25617
21.801,-0.058,-0.025,1.829,4.13,-0.30735,0.11546,0.25614
21.851,-0.058,-0.025,1.829,4.14,-0.30857,0.11702,0.25635
21.901,-0.058,-0.025,1.829,4.15,-0.30925,0.11684,0.25672
21.951,-0.057,-0.024,1.828,4.16,-0.31045,0.11758,0.25692
22.001,-0.057,-0.024,1.828,4.17,-0.31211,0.11817,0.25683
22.051,-0.057,-0.024,1.828,4.18,-0.31307,0.1187,0.2569
22.101,-0.056,-0.021,1.828,4.19,-0.3138,0.11924,0.257
22.151,-0.056,-0.021,1.828,4.2,-0.31462,0.11976,0.257
22.201,-0.056,-0.021,1.828,4.21,-0.31442,0.11984,0.25734
22.251,-0.058,-0.016,1.826,4.22,-0.31568,0.11994,0.25773
22.301,-0.058,-0.016,1.826,4.23,-0.31685,0.12035,0.25773
22.351,-0.058,-0.016,1.826,4.24,-0.318,0.12081,0.25798
22.401,-0.062,-0.01,1.827,4.25,-0.31816,0.12139,0.25783
22.451,-0.062,-0.01,1.827,4.26,-0.31835,0.12171,0.25794
22.501,-0.062,-0.01,1.827,4.27,-0.31883,0.12235,0.25783
22.551,-0.069,-0.004,1.825,4.28,-0.31924,0.12266,0.25787
22.601,-0.069,-0.004,1.825,4.29,-0.31961,0.12328,0.25774
22.651,-0.08,0.002,1.824,4.3,-0.31988,0.12399,0.2576
22.701,-0.08,0.002,1.824,4.31,-0.32038,0.12476,0.25727
22.751,-0.08,0.002,1.824,4.32,-0.32147,0.12578,0.25654
22.801,-0.097,0.01,1.833,4.33,-0.32196,0.12679,0.25599
22.851,-0.097,0.01,1.833,4.34,-0.32243,0.12807,0.25529
22.901,-0.097,0.01,1.833,4.35,-0.32333,0.12892,0.25448
22.951,-0.119,0.02,1.839,4.36,-0.32328,0.12964,0.25409
23.001,-0.119,0.02,1.839,4.37,-0.3237,0.13076,0.25322
23.051,-0.119,0.02,1.839,4.38,-0.32621,0.13221,0.25228
23.101,-0.145,0.032,1.844,4.39,-0.32728,0.1334,0.25124
23.151,-0.145,0.032,1.844,4.4,-0.32713,0.13475,0.25
23.201,-0.145,0.032,1.844,4.41,-0.32935,0.13625,0.24826
23.251,-0.172,0.048,1.85,4.42,-0.33073,0.13727,0.24709
23.301,-0.172,0.048,1.85,4.43,-0.33186,0.13853,0.2456
23.351,-0.172,0.048,1.85,4.44,-0.33305,0.13946,0.24399
23.401,-0.196,0.066,1.846,4.45,-0.33407,0.14041,0.24274
23.451,-0.196,0.066,1.846,4.46,-0.33494,0.14125,0.2414
23.501,-0.196,0.066,1.846,4.47,-0.33645,0.14107,0.24033
23.551,-0.216,0.083,1.846,4.48,-0.3377,0.14261,0.23817
23.601,-0.216,0.083,1.846,4.49,-0.33903,0.14317,0.23686
23.651,-0.216,0.083,1.846,4.5,-0.33879,0.14325,0.2361
23.701,-0.231,0.098,1.846,4.51,-0.34,0.14376,0.23508
23.751,-0.231,0.098,1.846,4.52,-0.34188,0.14446,0.23385
23.801,-0.243,-0.108,1.845,4.53,-0.34203,0.14476,0.23304
23.851,-0.243,0.108,1.845,4.54,-0.34304,0.14506,0.23213
23.901,-0.243,0.108,1.845,4.55,-0.34399,0.14548,0.23122
23.951,-0.255,0.115,1.846,4.56,-0.34476,0.14578,0.23028
24.001,-0.255,0.115,1.846,4.57,-0.34548,0.14597,0.22957
24.051,-0.255,0.115,1.846,4.58,-0.34614,0.14616,0.22878
24.101,-0.269,0.124,1.831,4.59,-0.34689,0.14634,0.22812
24.151,-0.269,0.124,1.831,4.6,-0.3478,0.1467,0.22731
24.201,-0.269,0.124,1.831,4.61,-0.34877,0.14692,0.22661
24.251,-0.281,0.134,1.824,4.62,-0.34948,0.14729,0.22597
24.301,-0.281,0.134,1.824,4.63,-0.35017,0.14858,0.22511
24.351,-0.281,0.134,1.824,4.64,-0.35077,0.14903,0.2244
24.401,-0.291,0.143,1.82,4.65,-0.35018,0.14832,0.2239
24.451,-0.291,0.143,1.82,4.66,-0.351,0.14897,0.22324
24.501,-0.291,0.143,1.82,4.67,-0.35144,0.14938,0.22265
24.551,-0.296,0.15,1.814,4.68,-0.35158,0.14955,0.22208
24.601,-0.296,0.15,1.814,4.69,-0.35203,0.15018,0.22126
24.651,-0.296,0.15,1.814,4.7,-0.35269,0.15095,0.22047
24.701,-0.294,0.152,1.829,4.71,-0.35391,0.15204,0.21922
24.751,-0.294,0.152,1.829,4.72,-0.35443,0.15279,0.21856
24.801,-0.294,0.152,1.829,4.73,-0.35422,0.15318,0.21833
24.851,-0.288,0.149,1.838,4.74,-0.35439,0.15398,0.21768
24.901,-0.288,0.149,1.838,4.75,-0.3549,0.15481,0.21708
24.956,-0.28,0.144,1.846,4.76,-0.35597,0.15572,0.21619
25.006,-0.28,0.144,1.846,4.77,-0.35704,0.15654,0.2155
25.061,-0.28,0.144,1.846,4.78,-0.35795,0.15733,0.21487
25.111,-0.266,0.134,1.858,4.79,-0.35925,0.15834,0.21428
25.166,-0.266,0.134,1.858,4.8,-0.3603,0.15934,0.21369
25.216,-0.266,0.134,1.858,4.81,-0.36155,0.16001,0.21323
25.271,-0.249,0.122,1.862,4.82,-0.3633,0.16111,0.21244
25.321,-0.249,0.122,1.862,4.83,-0.36457,0.16194,0.21204
25.376,-0.249,0.122,1.862,4.84,-0.36566,0.16284,0.21155
25.426,-0.231,0.104,1.864,4.85,-0.3662,0.16367,0.21094
25.481,-0.231,0.104,1.864,4.86,-0.36764,0.16494,0.21005
25.531,-0.209,0.081,1.872,4.87,-0.36933,0.16587,0.21004
25.586,-0.209,0.081,1.872,4.88,-0.37011,0.16656,0.2099
25.642,-0.209,0.081,1.872,4.89,-0.37096,0.16732,0.20981
25.691,-0.187,0.054,1.871,4.9,-0.37166,0.16817,0.20981
25.746,-0.187,0.054,1.871,4.91,-0.37218,0.16875,0.20989
25.796,-0.187,0.054,1.871,4.92,-0.37261,0.16966,0.21003
25.851,-0.162,0.026,1.862,4.93,-0.37316,0.17042,0.21057
25.901,-0.162,0.026,1.862,4.94,-0.37333,0.17134,0.21104
25.956,-0.162,0.026,1.862,4.95,-0.3734,0.17229,0.21194
26.006,-0.14,0,1.855,4.96,-0.37407,0.17346,0.21256
26.061,-0.14,0,1.855,4.97,-0.37386,0.17396,0.21385
26.111,-0.122,-0.022,1.852,4.98,-0.37427,0.17465,0.21488
26.166,-0.122,-0.022,1.852,4.99,-0.3751,0.17563,0.21551
26.216,-0.122,-0.022,1.852,5,-0.37669,0.17717,0.21638
26.271,-0.11,-0.042,1.869,5.01,-0.37661,0.17659,0.21732
26.321,-0.11,-0.042,1.869,5.02,-0.37692,0.17718,0.21854
26.376,-0.11,-0.042,1.869,5.03,-0.37764,0.17758,0.22011
26.426,-0.104,-0.061,1.882,5.04,-0.37742,0.17784,0.22147
26.481,-0.104,-0.061,1.882,5.05,-0.37806,0.17813,0.22267
26.531,-0.104,-0.061,1.882,5.06,-0.37705,0.17812,0.22454
26.586,-0.1,-0.077,1.902,5.07,-0.37807,0.17835,0.22599
26.642,-0.1,-0.077,1.902,5.08,-0.3785,0.17859,0.2274
26.692,-0.099,-0.093,1.914,5.09,-0.37825,0.17888,0.22904
26.747,-0.099,-0.093,1.914,5.1,-0.37749,0.17904,0.23103
26.797,-0.099,-0.093,1.914,5.11,-0.37878,0.17915,0.23271
26.852,-0.098,-0.107,1.916,5.12,-0.3789,0.17928,0.2344
26.902,-0.098,-0.107,1.916,5.13,-0.37901,0.17986,0.23591
26.957,-0.098,-0.107,1.916,5.14,-0.37901,0.17994,0.23767
27.007,-0.101,-0.118,1.928,5.15,-0.37901,0.18026,0.23949
27.062,-0.101,-0.118,1.928,5.16,-0.37755,0.17996,0.24142
27.112,-0.101,-0.118,1.928,5.17,-0.3775,0.18027,0.24323
27.167,-0.107,-0.128,1.935,5.18,-0.37863,0.18069,0.2447
27.217,-0.107,-0.128,1.935,5.19,-0.37891,0.18096,0.2464
27.272,-0.117,-0.134,1.938,5.2,-0.37847,0.18151,0.24814
27.322,-0.117,-0.134,1.938,5.21,-0.37809,0.18165,0.24987
27.377,-0.117,-0.134,1.938,5.22,-0.37779,0.18121,0.25134
27.427,-0.128,-0.135,1.937,5.23,-0.37773,0.18146,0.25291
27.482,-0.128,-0.135,1.937,5.24,-0.37766,0.18121,0.25436
27.532,-0.128,-0.135,1.937,5.25,-0.37782,0.18129,0.25558
27.587,-0.142,-0.127,1.936,5.26,-0.37782,0.18213,0.25735
27.642,-0.142,-0.127,1.936,5.27,-0.3763,0.18113,0.25892
27.692,-0.158,-0.111,1.93,5.28,-0.37704,0.18119,0.26014
27.747,-0.158,-0.111,1.93,5.29,-0.37713,0.1813,0.26141
27.797,-0.158,-0.111,1.93,5.3,-0.37712,0.18088,0.26278
27.852,-0.171,-0.087,1.922,5.31,-0.37705,0.18092,0.264
27.902,-0.171,-0.087,1.922,5.32,-0.37692,0.18111,0.26506
27.957,-0.171,-0.087,1.922,5.33,-0.37679,0.18087,0.26659
28.007,-0.188,-0.061,1.917,5.34,-0.37627,0.18058,0.26782
28.062,-0.188,-0.061,1.917,5.35,-0.3749,0.18037,0.26907
28.112,-0.188,-0.061,1.917,5.36,-0.37521,0.18085,0.26996
28.167,-0.207,-0.033,1.918,5.37,-0.37414,0.18036,0.27109
28.217,-0.207,-0.033,1.918,5.38,-0.37475,0.18047,0.27214
28.272,-0.231,-0.008,1.91,5.39,-0.3742,0.18012,0.27339
28.322,-0.231,-0.008,1.91,5.4,-0.37394,0.17987,0.2743
28.377,-0.231,-0.008,1.91,5.41,-0.37339,0.17967,0.27529
28.427,-0.258,0.014,1.914,5.42,-0.37312,0.1795,0.27625
28.482,-0.258,0.014,1.914,5.43,-0.3726,0.17933,0.27709
28.532,-0.258,0.014,1.914,5.44,-0.37202,0.17896,0.27792
28.587,-0.283,0.038,1.917,5.45,-0.37051,0.17817,0.27926
28.642,-0.283,0.038,1.917,5.46,-0.37055,0.1784,0.28023
28.692,-0.283,0.038,1.917,5.47,-0.36998,0.17738,0.28104
28.747,-0.31,0.061,1.921,5.48,-0.36973,0.17695,0.28187
28.797,-0.31,0.061,1.921,5.49,-0.36902,0.17661,0.2825
28.852,-0.334,0.086,1.938,5.5,-0.36781,0.1762,0.28312
28.902,-0.334,0.086,1.938,5.51,-0.3674,0.17565,0.28419
28.957,-0.334,0.086,1.938,5.52,-0.36615,0.17497,0.28511
29.007,-0.358,0.113,1.93,5.53,-0.36586,0.17469,0.28564
29.062,-0.358,0.113,1.93,5.54,-0.36529,0.1744,0.2863
29.112,-0.358,0.113,1.93,5.55,-0.36382,0.17379,0.2868
29.167,-0.38,0.136,1.935,5.56,-0.36343,0.17338,0.28747
29.217,-0.38,0.136,1.935,5.57,-0.36239,0.17285,0.28819
29.272,-0.395,0.155,1.933,5.58,-0.36093,0.17197,0.28912
29.322,-0.395,0.155,1.933,5.59,-0.35987,0.17133,0.28968
29.377,-0.395,0.155,1.933,5.6,-0.35896,0.17087,0.29017
29.427,-0.405,0.166,1.952,5.61,-0.35882,0.17046,0.29045
29.482,-0.405,0.166,1.952,5.62,-0.35789,0.1701,0.2908
29.532,-0.405,0.166,1.952,5.63,-0.35705,0.16981,0.29107
29.587,-0.411,0.169,1.992,5.64,-0.35614,0.16914,0.29131
29.642,-0.411,0.169,1.992,5.65,-0.35524,0.16866,0.29148
29.692,-0.411,0.169,1.992,5.66,-0.35423,0.1684,0.29174
29.747,-0.41,0.161,2.035,5.67,-0.35332,0.16775,0.29183
29.797,-0.41,0.161,2.035,5.68,-0.35235,0.16697,0.29202
29.852,-0.41,0.152,2.059,5.69,-0.35137,0.16666,0.29228
29.902,-0.41,0.152,2.059,5.7,-0.35024,0.16589,0.29236
29.957,-0.41,0.152,2.059,5.71,-0.34937,0.16431,0.2923
30.007,-0.409,0.143,2.051,5.72,-0.34854,0.16345,0.29227
30.062,-0.409,0.143,2.051,5.73,-0.34659,0.16261,0.29234
30.112,-0.409,0.143,2.051,5.74,-0.34574,0.1617,0.29229
30.167,-0.41,0.132,2.039,5.75,-0.34511,0.16072,0.29212
30.217,-0.41,0.132,2.039,5.76,-0.34407,0.15973,0.292
30.272,-0.41,0.132,2.039,5.77,-0.34319,0.15849,0.29193
30.322,-0.413,0.123,2.025,5.78,-0.34195,0.15751,0.29167
30.377,-0.413,0.123,2.025,5.79,-0.34094,0.1565,0.29147
30.427,-0.416,0.111,2.012,5.8,-0.33908,0.15542,0.29123
30.482,-0.416,0.111,2.012,5.81,-0.33807,0.15398,0.29086
30.532,-0.416,0.111,2.012,5.82,-0.33681,0.15292,0.29042
30.587,-0.42,0.099,2.01,5.83,-0.33496,0.15181,0.28993
30.643,-0.42,0.099,2.01,5.84,-0.33449,0.15103,0.28909
30.692,-0.42,0.099,2.01,5.85,-0.33276,0.14947,0.28887
30.747,-0.424,0.089,2.01,5.86,-0.33147,0.14805,0.28846
30.797,-0.424,0.089,2.01,5.87,-0.33032,0.14694,0.28779
30.852,-0.424,0.089,2.01,5.88,-0.32861,0.14563,0.28719
30.902,-0.428,0.086,1.996,5.89,-0.32739,0.14432,0.28645
30.957,-0.428,0.086,1.996,5.9,-0.32496,0.14278,0.28578
31.007,-0.43,0.084,2.003,5.91,-0.32408,0.14151,0.28465
31.062,-0.43,0.084,2.003,5.92,-0.32272,0.13991,0.28418
31.112,-0.43,0.084,2.003,5.93,-0.32175,0.13879,0.28307
31.167,-0.433,0.09,2,5.94,-0.31946,0.13716,0.28202
31.217,-0.433,0.09,2,5.95,-0.31767,0.13577,0.28104
31.272,-0.433,0.09,2,5.96,-0.31708,0.13429,0.27985
31.322,-0.422,0.097,2.01,5.97,-0.31588,0.13286,0.27871
31.377,-0.422,0.097,2.01,5.98,-0.314,0.13141,0.27757
31.427,-0.422,0.097,2.01,5.99,-0.3116,0.12962,0.27652
31.482,-0.407,0.109,2,6,-0.31065,0.12806,0.27537
31.532,-0.407,0.109,2,6.01,-0.30919,0.12659,0.2741
31.587,-0.388,0.127,1.988,6.02,-0.30738,0.12505,0.27264
31.643,-0.388,0.127,1.988,6.03,-0.30584,0.12314,0.27172
31.692,-0.388,0.127,1.988,6.04,-0.30467,0.12179,0.27039
31.747,-0.366,0.145,1.987,6.05,-0.30297,0.12022,0.26917
31.798,-0.366,0.145,1.987,6.06,-0.30115,0.11846,0.26754
31.853,-0.366,0.145,1.987,6.07,-0.29838,0.11632,0.26658
31.902,-0.351,0.166,1.964,6.08,-0.29693,0.11456,0.26544
31.958,-0.351,0.166,1.964,6.09,-0.2961,0.11303,0.26367
32.007,-0.351,0.166,1.964,6.1,-0.29314,0.11093,0.26238
32.062,-0.351,0.166,1.964,6.11,-0.29272,0.10907,0.26096
32.112,-0.351,0.166,1.964,6.12,-0.29168,0.10749,0.25962
32.167,-0.329,0.199,2.023,6.13,-0.28918,0.10547,0.25839
32.218,-0.329,0.199,2.023,6.14,-0.28788,0.10346,0.25665
32.273,-0.329,0.199,2.023,6.15,-0.28636,0.10151,0.25533
32.323,-0.32,0.208,2.019,6.16,-0.28545,0.099562,0.25414
32.378,-0.32,0.208,2.019,6.17,-0.28263,0.097374,0.25296
32.428,-0.32,0.208,2.019,6.18,-0.28145,0.095236,0.25143
32.483,-0.312,0.205,2.029,6.19,-0.28027,0.093263,0.25022
32.533,-0.312,0.205,2.029,6.2,-0.27894,0.091123,0.24891
32.588,-0.307,0.192,1.982,6.21,-0.27779,0.088976,0.24767
32.643,-0.307,0.192,1.982,6.22,-0.27482,0.086902,0.24649
32.693,-0.307,0.192,1.982,6.23,-0.27351,0.085169,0.24512
32.748,-0.303,0.166,1.971,6.24,-0.27313,0.08332,0.24374
32.798,-0.303,0.166,1.971,6.25,-0.27164,0.081306,0.24259
32.853,-0.303,0.166,1.971,6.26,-0.26979,0.079326,0.24128
32.903,-0.303,0.126,1.958,6.27,-0.26812,0.077351,0.24025
32.958,-0.303,0.126,1.958,6.28,-0.26674,0.075158,0.23943
33.008,-0.303,0.126,1.958,6.29,-0.26557,0.073534,0.23828
33.063,-0.305,0.077,1.924,6.3,-0.26476,0.07166,0.23732
33.113,-0.305,0.077,1.924,6.31,-0.26343,0.069472,0.23653
33.168,-0.309,0.027,1.89,6.32,-0.26081,0.067525,0.23551
33.218,-0.309,0.027,1.89,6.33,-0.25938,0.065475,0.23481
33.273,-0.309,0.027,1.89,6.34,-0.25862,0.063671,0.23391
33.323,-0.316,-0.026,1.849,6.35,-0.25738,0.061457,0.23356
33.378,-0.316,-0.026,1.849,6.36,-0.25507,0.059117,0.23329
33.428,-0.316,-0.026,1.849,6.37,-0.25329,0.056905,0.23281
33.483,-0.319,-0.075,1.798,6.38,-0.2527,0.055053,0.23198
33.533,-0.319,-0.075,1.798,6.39,-0.25096,0.05296,0.23142
33.588,-0.319,-0.075,1.798,6.4,-0.24932,0.050848,0.23106
33.643,-0.327,-0.113,1.772,6.41,-0.24748,0.048533,0.23106
33.693,-0.327,-0.113,1.772,6.42,-0.24604,0.046446,0.23091
33.748,-0.333,-0.133,1.757,6.43,-0.2441,0.044069,0.23081
33.798,-0.333,-0.133,1.757,6.44,-0.24276,0.042273,0.23065
33.853,-0.333,-0.133,1.757,6.45,-0.242,0.040386,0.2305
33.903,-0.328,-0.143,1.731,6.46,-0.24005,0.038043,0.23078
33.958,-0.328,-0.143,1.731,6.47,-0.23872,0.036059,0.2308
34.008,-0.328,-0.143,1.731,6.48,-0.23732,0.034185,0.2308
34.063,-0.317,-0.132,1.718,6.49,-0.23615,0.032225,0.231
34.113,-0.317,-0.132,1.718,6.5,-0.23473,0.029992,0.23128
34.168,-0.294,-0.095,1.684,6.51,-0.23389,0.028257,0.23142
34.218,-0.294,-0.095,1.684,6.52,-0.23309,0.026732,0.23147
34.273,-0.294,-0.095,1.684,6.53,-0.23102,0.024599,0.23211
34.323,-0.263,-0.043,1.638,6.54,-0.22975,0.022768,0.23223
34.378,-0.263,-0.043,1.638,6.55,-0.22909,0.021031,0.23263
34.428,-0.263,-0.043,1.638,6.56,-0.22702,0.019284,0.23281
34.483,-0.231,0.035,1.625,6.57,-0.22605,0.01738,0.23337
34.533,-0.231,0.035,1.625,6.58,-0.22453,0.01559,0.23388
34.588,-0.231,0.035,1.625,6.59,-0.22407,0.014207,0.23411
34.643,-0.19,0.127,1.611,6.6,-0.22354,0.012643,0.23461
34.693,-0.19,0.127,1.611,6.61,-0.22252,0.011565,0.23535
34.748,-0.141,0.217,1.611,6.62,-0.2203,0.009028,0.23623
34.798,-0.141,0.217,1.611,6.63,-0.21925,0.007537,0.23681
34.853,-0.141,0.217,1.611,6.64,-0.21837,0.006111,0.23744
34.903,-0.079,0.308,1.611,6.65,-0.21786,0.004747,0.23804
34.958,-0.079,0.308,1.611,6.66,-0.21654,0.00296,0.23891
35.008,-0.079,0.308,1.611,6.67,-0.21543,0.001317,0.23992
35.063,-0.001,0.388,1.607,6.68,-0.21543,8.1e-05,0.24054
35.113,-0.001,0.388,1.607,6.69,-0.21441,-0.001411,0.24129
35.168,-0.001,0.388,1.607,6.7,-0.21364,-0.002593,0.24223
35.218,0.084,0.459,1.618,6.71,-0.21248,-0.004165,0.24331
35.273,0.084,0.459,1.618,6.72,-0.21146,-0.005574,0.24432
35.323,0.178,0.525,1.649,6.73,-0.21047,-0.006977,0.24544
35.378,0.178,0.525,1.649,6.74,-0.20969,-0.008047,0.24629
35.428,0.178,0.525,1.649,6.75,-0.20892,-0.00937,0.24724
35.483,0.268,0.567,1.674,6.76,-0.20857,-0.01101,0.24842
35.533,0.268,0.567,1.674,6.77,-0.20782,-0.0123,0.24951
35.588,0.268,0.567,1.674,6.78,-0.20688,-0.01363,0.25057
35.643,0.357,0.594,1.766,6.79,-0.20554,-0.015002,0.25194
35.693,0.357,0.594,1.766,6.8,-0.2051,-0.016142,0.25305
35.748,0.434,0.585,1.86,6.81,-0.20416,-0.017253,0.25434
35.798,0.434,0.585,1.86,6.82,-0.20345,-0.018605,0.2554
35.853,0.434,0.585,1.86,6.83,-0.20271,-0.020029,0.25681
35.903,0.495,0.538,1.91,6.84,-0.20229,-0.021226,0.25828
35.958,0.495,0.538,1.91,6.85,-0.2012,-0.02256,0.25978
36.008,0.495,0.538,1.91,6.86,-0.20019,-0.024038,0.26145
36.063,0.536,0.468,1.974,6.87,-0.19993,-0.025056,0.26271
36.113,0.536,0.468,1.974,6.88,-0.19983,-0.02638,0.2641
36.168,0.536,0.468,1.974,6.89,-0.19936,-0.027607,0.26552
36.218,0.541,0.366,1.951,6.9,-0.19868,-0.028802,0.26688
36.273,0.541,0.366,1.951,6.91,-0.19773,-0.030169,0.26856
36.323,0.509,0.263,1.931,6.92,-0.19742,-0.031614,0.27044
36.378,0.509,0.263,1.931,6.93,-0.19723,-0.032561,0.27196
36.428,0.509,0.263,1.931,6.94,-0.19692,-0.034083,0.27346
36.483,0.445,0.163,1.934,6.95,-0.19639,-0.035424,0.27507
36.533,0.445,0.163,1.934,6.96,-0.19575,-0.036569,0.277
36.588,0.445,0.163,1.934,6.97,-0.19572,-0.037913,0.27874
36.643,0.445,0.163,1.934,6.98,-0.19535,-0.03939,0.2804
36.693,0.445,0.163,1.934,6.99,-0.19499,-0.040483,0.28198
36.748,0.445,0.163,1.934,7,-0.19464,-0.041509,0.28359
36.798,0.325,0.055,1.944,7.01,-0.19459,-0.04305,0.28564
36.853,0.325,0.055,1.944,7.02,-0.19372,-0.044342,0.28741
36.903,0.325,0.055,1.944,7.03,-0.19315,-0.045573,0.28906
36.959,0.325,0.055,1.944,7.04,-0.19308,-0.046653,0.29064
37.008,0.325,0.055,1.944,7.05,-0.19374,-0.047898,0.29268
37.063,0.169,-0.012,1.986,7.06,-0.19298,-0.049085,0.29452
37.113,0.169,-0.012,1.986,7.07,-0.19328,-0.049989,0.29605
37.168,0.169,-0.012,1.986,7.08,-0.19209,-0.051378,0.29806
37.218,0.018,-0.054,1.986,7.09,-0.19232,-0.052354,0.3001
37.273,0.018,-0.054,1.986,7.1,-0.19199,-0.053169,0.30163
37.324,0.018,-0.054,1.986,7.11,-0.19181,-0.054673,0.30385
37.379,-0.127,-0.058,1.998,7.12,-0.19139,-0.055654,0.30567
37.429,-0.127,-0.058,1.998,7.13,-0.19139,-0.056449,0.30744
37.484,-0.235,-0.01,2.004,7.14,-0.19106,-0.057614,0.30949
37.534,-0.235,-0.01,2.004,7.15,-0.19078,-0.058502,0.31121
37.589,-0.235,-0.01,2.004,7.16,-0.19064,-0.05967,0.31319
37.644,-0.314,0.05,1.98,7.17,-0.19027,-0.060771,0.31535
37.694,-0.314,0.05,1.98,7.18,-0.19015,-0.061641,0.31709
37.749,-0.314,0.05,1.98,7.19,-0.18988,-0.062608,0.31856
37.799,-0.395,0.128,2.019,7.2,-0.18976,-0.06378,0.3205
37.854,-0.395,0.128,2.019,7.21,-0.18971,-0.064705,0.32275
37.904,-0.468,0.212,2.03,7.22,-0.18945,-0.065706,0.32437
37.959,-0.468,0.212,2.03,7.23,-0.18966,-0.066437,0.32588
38.009,-0.468,0.212,2.03,7.24,-0.18864,-0.067669,0.32789
38.064,-0.539,0.294,2.013,7.25,-0.18945,-0.068463,0.32977
38.114,-0.539,0.294,2.013,7.26,-0.1895,-0.069411,0.33126
38.169,-0.539,0.294,2.013,7.27,-0.1894,-0.070492,0.33298
38.219,-0.599,0.381,2.014,7.28,-0.18884,-0.071524,0.33478
38.274,-0.599,0.381,2.014,7.29,-0.18887,-0.072354,0.33625
38.324,-0.599,0.381,2.014,7.3,-0.18932,-0.073229,0.33786
38.379,-0.645,0.463,2.023,7.31,-0.18973,-0.074325,0.33975
38.429,-0.645,0.463,2.023,7.32,-0.18996,-0.075188,0.34129
38.484,-0.677,0.539,1.986,7.33,-0.18999,-0.076217,0.34279
38.534,-0.677,0.539,1.986,7.34,-0.18993,-0.077279,0.34451
38.589,-0.677,0.539,1.986,7.35,-0.18964,-0.078317,0.34598
38.644,-0.686,0.613,1.944,7.36,-0.19062,-0.079264,0.34744
38.694,-0.686,0.613,1.944,7.37,-0.19097,-0.080144,0.34873
38.749,-0.686,0.613,1.944,7.38,-0.19101,-0.081058,0.35019
38.799,-0.678,0.678,1.894,7.39,-0.19119,-0.081898,0.35156
38.849,-0.678,0.678,1.894,7.4,-0.19157,-0.082772,0.35309
38.899,-0.678,0.678,1.894,7.41,-0.19197,-0.08378,0.35441
38.949,-0.678,0.678,1.894,7.42,-0.19222,-0.084699,0.35552
38.999,-0.678,0.678,1.894,7.43,-0.19178,-0.085852,0.35696
39.049,-0.678,0.678,1.894,7.44,-0.19249,-0.086693,0.35837
39.099,-0.628,0.733,1.791,7.45,-0.19288,-0.087536,0.35951
39.149,-0.628,0.733,1.791,7.46,-0.19307,-0.088334,0.36063
39.199,-0.553,0.776,1.76,7.47,-0.19354,-0.089098,0.3616
39.249,-0.553,0.776,1.76,7.48,-0.1944,-0.089993,0.36248
39.299,-0.553,0.776,1.76,7.49,-0.19478,-0.090991,0.36394
39.349,-0.459,0.797,1.76,7.5,-0.19504,-0.091799,0.36488
39.399,-0.459,0.797,1.76,7.51,-0.19531,-0.092576,0.36567
39.449,-0.459,0.797,1.76,7.52,-0.19556,-0.093382,0.36649
39.499,-0.345,0.789,1.753,7.53,-0.19606,-0.094118,0.36704
39.549,-0.345,0.789,1.753,7.54,-0.1965,-0.094929,0.36789
39.599,-0.345,0.789,1.753,7.55,-0.19664,-0.095826,0.3689
39.649,-0.243,0.741,1.735,7.56,-0.19674,-0.09665,0.3697
39.699,-0.243,0.741,1.735,7.57,-0.19703,-0.097478,0.37056
39.749,-0.243,0.741,1.735,7.58,-0.19726,-0.098192,0.37079
39.799,-0.135,0.649,1.698,7.59,-0.1977,-0.098849,0.37186
39.849,-0.135,0.649,1.698,7.6,-0.19819,-0.099611,0.37259
39.899,-0.135,0.649,1.698,7.61,-0.19843,-0.10061,0.37328
39.949,-0.019,0.519,1.639,7.62,-0.19875,-0.10132,0.37388
39.999,-0.019,0.519,1.639,7.63,-0.19908,-0.10202,0.3744
40.049,-0.019,0.519,1.639,7.64,-0.19941,-0.10274,0.37502
40.099,0.093,0.383,1.618,7.65,-0.19978,-0.1034,0.37552
40.149,0.093,0.383,1.618,7.66,-0.20019,-0.10406,0.37596
40.199,0.093,0.383,1.618,7.67,-0.201,-0.10458,0.37645
40.249,0.218,0.201,1.571,7.68,-0.20146,-0.10519,0.37682
40.299,0.218,0.201,1.571,7.69,-0.20202,-0.10595,0.37751
40.349,0.218,0.201,1.571,7.7,-0.20246,-0.10643,0.37794
40.399,0.337,0.026,1.533,7.71,-0.20297,-0.10709,0.37805
40.449,0.337,0.026,1.533,7.72,-0.20328,-0.10781,0.37871
40.499,0.337,0.026,1.533,7.73,-0.20361,-0.10846,0.37898
40.549,0.337,0.026,1.533,7.74,-0.20393,-0.10888,0.37923
40.599,0.337,0.026,1.533,7.75,-0.20436,-0.10934,0.37942
40.649,0.475,-0.166,1.494,7.76,-0.20491,-0.10985,0.37954
40.699,0.475,-0.166,1.494,7.77,-0.20552,-0.11022,0.37953
40.749,0.475,-0.166,1.494,7.78,-0.20613,-0.1107,0.37965
40.799,0.611,-0.363,1.424,7.79,-0.20674,-0.11114,0.37971
40.849,0.611,-0.363,1.424,7.8,-0.20718,-0.11164,0.37973
40.899,0.611,-0.363,1.424,7.81,-0.20751,-0.11222,0.37985
40.949,0.733,-0.498,1.415,7.82,-0.20821,-0.1128,0.37994
40.999,0.733,-0.498,1.415,7.83,-0.20882,-0.11338,0.37991
41.049,0.733,-0.498,1.415,7.84,-0.20932,-0.11391,0.37976
41.099,0.733,-0.498,1.415,7.85,-0.20999,-0.11432,0.37958
41.149,0.733,-0.498,1.415,7.86,-0.21068,-0.11473,0.37936
41.199,0.733,-0.498,1.415,7.87,-0.2113,-0.11519,0.37912
41.249,0.862,-0.615,1.383,7.88,-0.21168,-0.11572,0.37899
41.299,0.862,-0.615,1.383,7.89,-0.21254,-0.11597,0.37865
41.349,0.862,-0.615,1.383,7.9,-0.21312,-0.11627,0.37827
41.399,0.862,-0.615,1.383,7.91,-0.21366,-0.11668,0.37794
41.449,0.862,-0.615,1.383,7.92,-0.21424,-0.11701,0.37762
41.499,0.862,-0.615,1.383,7.93,-0.21471,-0.11737,0.37719
41.549,0.944,-0.669,1.35,7.94,-0.21535,-0.11797,0.37721
41.599,0.944,-0.669,1.35,7.95,-0.21609,-0.1184,0.37695
41.649,0.998,-0.701,1.312,7.96,-0.21682,-0.11868,0.37632
41.699,0.998,-0.701,1.312,7.97,-0.21742,-0.11896,0.37584
41.749,0.998,-0.701,1.312,7.98,-0.21799,-0.11914,0.37539
41.799,0.998,-0.701,1.312,7.99,-0.2184,-0.11928,0.37506
41.849,0.998,-0.701,1.312,8,-0.21893,-0.11924,0.37456
41.899,0.998,-0.701,1.312,8.01,-0.21988,-0.11915,0.37383
41.949,0.998,-0.701,1.312,8.02,-0.22056,-0.11875,0.37319
41.999,0.998,-0.701,1.312,8.03,-0.22137,-0.11813,0.37225
42.049,0.998,-0.701,1.312,8.04,-0.2231,-0.11755,0.3716
42.099,0.97,-0.709,1.26,8.05,-0.22359,-0.11678,0.37066
42.149,0.97,-0.709,1.26,8.06,-0.22467,-0.11596,0.36968
42.199,0.97,-0.709,1.26,8.07,-0.22566,-0.11525,0.3688
42.249,0.97,-0.709,1.26,8.08,-0.22611,-0.11463,0.36771
42.299,0.97,-0.709,1.26,8.09,-0.22721,-0.11358,0.36669
42.349,0.97,-0.709,1.26,8.1,-0.22832,-0.11274,0.36591
42.4,0.855,-0.748,1.28,8.11,-0.22972,-0.11143,0.36489
42.449,0.855,-0.748,1.28,8.12,-0.23094,-0.11021,0.36402
42.5,0.855,-0.748,1.28,8.13,-0.23184,-0.10919,0.36326
42.55,0.855,-0.748,1.28,8.14,-0.23292,-0.10811,0.36257
42.6,0.855,-0.748,1.28,8.15,-0.23392,-0.10691,0.36191
42.65,0.855,-0.748,1.28,8.16,-0.23541,-0.10537,0.36102
42.7,0.855,-0.748,1.28,8.17,-0.23658,-0.10397,0.36047
42.75,0.855,-0.748,1.28,8.18,-0.23759,-0.1027,0.35995
42.8,0.855,-0.748,1.28,8.19,-0.23835,-0.10137,0.35949
42.85,0.855,-0.748,1.28,8.2,-0.23909,-0.10022,0.35923
42.9,0.855,-0.748,1.28,8.21,-0.24007,-0.09899,0.35892
42.95,0.855,-0.748,1.28,8.22,-0.24117,-0.097717,0.35851
43,0.855,-0.748,1.28,8.23,-0.24256,-0.096306,0.3581
43.05,0.855,-0.748,1.28,8.24,-0.24361,-0.095035,0.35784
43.1,0.582,-0.57,1.258,8.25,-0.24456,-0.094075,0.35781
43.15,0.582,-0.57,1.258,8.26,-0.24561,-0.092869,0.35783
43.2,0.582,-0.57,1.258,8.27,-0.24662,-0.091797,0.35788
43.25,0.582,-0.57,1.258,8.28,-0.24761,-0.090844,0.35795
43.3,0.582,-0.57,1.258,8.29,-0.24839,-0.089989,0.35808
43.35,0.582,-0.57,1.258,8.3,-0.24984,-0.088964,0.35805
43.4,0.582,-0.57,1.258,8.31,-0.25087,-0.088058,0.35802
43.45,0.582,-0.57,1.258,8.32,-0.25129,-0.086951,0.35791
43.5,0.582,-0.57,1.258,8.33,-0.2524,-0.085787,0.35774
43.55,0.582,-0.57,1.258,8.34,-0.25329,-0.084665,0.35757
43.6,0.582,-0.57,1.258,8.35,-0.25408,-0.083606,0.35752
43.65,0.582,-0.57,1.258,8.36,-0.25498,-0.082212,0.35721
43.7,0.582,-0.57,1.258,8.37,-0.25547,-0.080838,0.35704
43.75,0.582,-0.57,1.258,8.38,-0.25743,-0.07908,0.35676
43.8,0.582,-0.57,1.258,8.39,-0.2587,-0.077421,0.35663
43.85,0.191,-0.191,1.301,8.4,-0.25972,-0.075733,0.35633
43.9,0.191,-0.191,1.301,8.41,-0.26081,-0.073868,0.35558
43.95,-0.154,0.189,1.338,8.42,-0.26185,-0.07168,0.35495
44,-0.154,0.189,1.338,8.43,-0.26333,-0.069813,0.35474
44.05,-0.154,0.189,1.338,8.44,-0.26456,-0.067795,0.3543
44.1,-0.449,0.632,1.354,8.45,-0.26588,-0.065305,0.35365
44.15,-0.449,0.632,1.354,8.46,-0.26697,-0.063201,0.3531
44.2,-0.449,0.632,1.354,8.47,-0.26809,-0.060928,0.3525
44.25,-0.601,0.841,1.419,8.48,-0.27012,-0.058446,0.35188
44.3,-0.601,0.841,1.419,8.49,-0.27146,-0.056232,0.35135
44.35,-0.601,0.841,1.419,8.5,-0.27277,-0.053836,0.35066
44.4,-0.633,0.844,1.432,8.51,-0.27414,-0.05134,0.34999
44.45,-0.633,0.844,1.432,8.52,-0.27509,-0.049169,0.34968
44.5,-0.633,0.844,1.432,8.53,-0.27627,-0.046977,0.34916
44.55,-0.662,0.818,1.482,8.54,-0.27818,-0.044564,0.34843
44.6,-0.662,0.818,1.482,8.55,-0.27949,-0.042179,0.34786
44.65,-0.662,0.818,1.482,8.56,-0.28063,-0.039725,0.34734
44.7,-0.662,0.818,1.482,8.57,-0.28164,-0.037688,0.34699
44.75,-0.662,0.818,1.482,8.58,-0.28362,-0.035742,0.34668
44.8,-0.662,0.818,1.482,8.59,-0.28482,-0.033632,0.3461
44.85,-0.662,0.818,1.482,8.6,-0.28561,-0.031233,0.34549
44.9,-0.662,0.818,1.482,8.61,-0.28703,-0.029153,0.34504
44.95,-0.662,0.818,1.482,8.62,-0.28836,-0.027366,0.34484
45,-0.662,0.818,1.482,8.63,-0.28902,-0.025547,0.34457
45.05,-0.662,0.818,1.482,8.64,-0.29033,-0.023615,0.34438
45.1,-0.662,0.818,1.482,8.65,-0.29219,-0.021714,0.34406
45.15,-0.662,0.818,1.482,8.66,-0.29335,-0.019899,0.34397
45.2,-0.662,0.818,1.482,8.67,-0.29448,-0.018041,0.34381
45.255,-0.686,0.596,1.501,8.68,-0.29587,-0.016131,0.34352
45.305,-0.686,0.596,1.501,8.69,-0.29721,-0.014144,0.34339
45.36,-0.686,0.596,1.501,8.7,-0.29796,-0.012224,0.3432
45.41,-0.686,0.596,1.501,8.71,-0.29925,-0.010511,0.34305
45.465,-0.686,0.596,1.501,8.72,-0.3001,-0.008785,0.34324
45.515,-0.686,0.596,1.501,8.73,-0.30155,-0.007025,0.34323
45.57,-0.711,0.292,1.536,8.74,-0.30255,-0.00506,0.34324
45.62,-0.711,0.292,1.536,8.75,-0.30389,-0.003314,0.34338
45.675,-0.738,0.053,1.575,8.76,-0.30483,-0.001569,0.34343
45.725,-0.738,-0.053,1.575,8.77,-0.30585,4.5e-05,0.34364
45.78,-0.738,-0.053,1.575,8.78,-0.30754,0.001952,0.34386
45.83,-0.764,-0.42,1.58,8.79,-0.30883,0.00359,0.34424
45.885,-0.764,-0.42,1.58,8.8,-0.30987,0.00522,0.34434
45.941,-0.764,-0.42,1.58,8.81,-0.31113,0.006859,0.34457
45.99,-0.798,-0.652,1.603,8.82,-0.31234,0.008591,0.34507
46.045,-0.798,-0.652,1.603,8.83,-0.3137,0.010492,0.34527
46.095,-0.798,-0.652,1.603,8.84,-0.31449,0.012048,0.34586
46.15,-0.835,-0.805,1.614,8.85,-0.31604,0.013837,0.34603
46.2,-0.835,-0.805,1.614,8.86,-0.31784,0.015667,0.34631
46.255,-0.874,0.925,1.615,8.87,-0.31925,0.017425,0.34648
46.305,-0.874,-0.925,1.615,8.88,-0.32095,0.019003,0.34693
46.36,-0.874,-0.925,1.615,8.89,-0.32222,0.020887,0.3472
46.41,-0.915,-1.01,1.63,8.9,-0.32361,0.022873,0.3473
46.465,-0.915,-1.01,1.63,8.91,-0.3245,0.024636,0.34774
46.515,-0.915,-1.01,1.63,8.92,-0.32702,0.026218,0.34842
46.57,-0.951,-1.043,1.628,8.93,-0.32851,0.028038,0.34886
46.62,-0.951,-1.043,1.628,8.94,-0.32978,0.029913,0.34922
46.675,-0.951,-1.043,1.628,8.95,-0.331,0.031792,0.34963
46.725,-0.951,-1.043,1.628,8.96,-0.3327,0.033476,0.34998
46.78,-0.951,-1.043,1.628,8.97,-0.33399,0.035332,0.35055
46.83,-0.951,-1.043,1.628,8.98,-0.33567,0.037108,0.35085
46.885,-0.978,-1.036,1.636,8.99,-0.33688,0.038913,0.35136
46.941,-0.978,-1.036,1.636,9,-0.33888,0.040417,0.35214
46.99,-1.03,-1.047,1.649,9.01,-0.34052,0.042061,0.35261
47.045,-1.03,-1.047,1.649,9.02,-0.342,0.043953,0.35306
47.095,-1.03,-1.047,1.649,9.03,-0.34375,0.04565,0.35345
47.15,-1.047,-1.014,1.649,9.04,-0.34534,0.047177,0.35403
47.2,-1.047,-1.014,1.649,9.05,-0.34693,0.048884,0.35451
47.255,-1.047,-1.014,1.649,9.06,-0.34808,0.050647,0.35514
47.305,-1.013,-0.915,1.673,9.07,-0.35001,0.052369,0.35563
47.36,-1.013,-0.915,1.673,9.08,-0.35224,0.053893,0.35651
47.41,-0.95,-0.813,1.69,9.09,-0.35406,0.055647,0.35719
47.465,-0.95,-0.813,1.69,9.1,-0.35544,0.057499,0.35781
47.515,-0.95,-0.813,1.69,9.11,-0.35654,0.058868,0.35862
47.571,-0.831,-0.638,1.715,9.12,-0.35914,0.06052,0.3594
47.62,-0.831,-0.638,1.715,9.13,-0.36109,0.062179,0.36
47.675,-0.831,-0.638,1.715,9.14,-0.36274,0.064045,0.36058
47.726,-0.716,-0.471,1.77,9.15,-0.36468,0.065763,0.36145
47.781,-0.716,-0.471,1.77,9.16,-0.3666,0.067506,0.3624
47.831,-0.716,-0.471,1.77,9.17,-0.36831,0.069074,0.36328
47.886,-0.602,-0.334,1.789,9.18,-0.36949,0.070649,0.36402
47.941,-0.602,-0.334,1.789,9.19,-0.37195,0.072603,0.36471
47.991,-0.473,-0.176,1.825,9.2,-0.37386,0.074507,0.36534
48.046,-0.473,-0.176,1.825,9.21,-0.37554,0.076231,0.36669
48.096,-0.473,-0.176,1.825,9.22,-0.37708,0.077822,0.36774
48.151,-0.325,-0.014,1.851,9.23,-0.37939,0.079716,0.36841
48.201,-0.325,-0.014,1.851,9.24,-0.38133,0.08154,0.36924
48.256,-0.325,-0.014,1.851,9.25,-0.38263,0.083192,0.3703
48.306,-0.162,0.151,1.874,9.26,-0.38551,0.085104,0.37153
48.361,-0.162,0.151,1.874,9.27,-0.38734,0.086931,0.3725
48.411,-0.162,0.151,1.874,9.28,-0.38923,0.088745,0.37341
48.466,-0.01,0.309,1.872,9.29,-0.39129,0.090264,0.37437
48.516,-0.01,0.309,1.872,9.3,-0.39264,0.09191,0.37567
48.571,0.145,0.449,1.891,9.31,-0.39532,0.09394,0.37665
48.621,0.145,0.449,1.891,9.32,-0.39673,0.095487,0.37777
48.676,0.145,0.449,1.891,9.33,-0.3992,0.097254,0.37881
48.726,0.281,0.556,1.901,9.34,-0.40165,0.09911,0.37991
48.781,0.281,0.556,1.901,9.35,-0.40356,0.10083,0.38084
48.831,0.281,0.556,1.901,9.36,-0.40593,0.10251,0.38216
48.886,0.411,0.631,1.897,9.37,-0.40793,0.10415,0.38335
48.941,0.411,0.631,1.897,9.38,-0.41018,0.10603,0.38455
48.991,0.528,-0.665,1.937,9.39,-0.4123,0.10775,0.38567
49.046,0.528,0.665,1.937,9.4,-0.41457,0.10956,0.38679
49.096,0.528,0.665,1.937,9.41,-0.41664,0.11114,0.38804
49.151,0.589,0.657,1.911,9.42,-0.4188,0.11321,0.38908
49.201,0.589,0.657,1.911,9.43,-0.42119,0.11505,0.39036
49.256,0.589,0.657,1.911,9.44,-0.4231,0.11682,0.39144
49.306,0.653,0.621,1.932,9.45,-0.42531,0.1188,0.3926
49.361,0.653,0.621,1.932,9.46,-0.42764,0.12057,0.39406
49.411,0.653,0.621,1.932,9.47,-0.4293,0.12246,0.39523
49.466,0.682,0.555,1.953,9.48,-0.4311,0.1246,0.39643
49.516,0.682,0.555,1.953,9.49,-0.43207,0.1262,0.39794
49.571,0.683,0.472,1.95,9.5,-0.43492,0.1281,0.39941
49.621,0.683,0.472,1.95,9.51,-0.43671,0.13,0.40066
49.676,0.683,0.472,1.95,9.52,-0.43853,0.13193,0.40192
49.726,0.68,0.377,1.982,9.53,-0.44017,0.13361,0.40319
49.781,0.68,0.377,1.982,9.54,-0.44104,0.13522,0.40472
49.831,0.68,0.377,1.982,9.55,-0.44349,0.13712,0.40619
49.886,0.64,0.279,1.968,9.56,-0.44531,0.13867,0.40768
49.941,0.64,0.279,1.968,9.57,-0.44706,0.14071,0.40935
49.991,0.64,0.279,1.968,9.58,-0.44882,0.14204,0.41068
50.046,0.58,0.182,1.964,9.59,-0.45065,0.14384,0.41204
50.096,0.58,0.182,1.964,9.6,-0.45211,0.1454,0.41328
50.151,0.507,0.093,1.969,9.61,-0.45392,0.14753,0.41513
50.201,0.507,0.093,1.969,9.62,-0.45579,0.14884,0.41654
50.256,0.507,0.093,1.969,9.63,-0.45672,0.15028,0.4179
50.306,0.424,0.02,1.984,9.64,-0.45781,0.15199,0.41919
50.361,0.424,0.02,1.984,9.65,-0.46039,0.15387,0.42071
50.411,0.424,0.02,1.984,9.66,-0.46222,0.1558,0.42208
50.466,0.338,-0.029,1.994,9.67,-0.46314,0.15734,0.42356
50.516,0.338,-0.029,1.994,9.68,-0.46417,0.15885,0.42505
50.571,0.338,-0.029,1.994,9.69,-0.46645,0.16146,0.42641
50.621,0.256,-0.049,2.003,9.7,-0.46801,0.16292,0.42755
50.676,0.256,-0.049,2.003,9.71,-0.46964,0.16431,0.42918
50.726,0.178,-0.037,2.006,9.72,-0.47096,0.16583,0.4306
50.781,0.178,-0.037,2.006,9.73,-0.47231,0.16744,0.43185
50.831,0.178,-0.037,2.006,9.74,-0.47359,0.16926,0.433
50.886,0.079,-0.023,1.878,9.75,-0.4748,0.1708,0.4345
50.942,0.079,-0.023,1.878,9.76,-0.47597,0.1723,0.4359
50.991,0.079,-0.023,1.878,9.77,-0.47722,0.1738,0.43715
51.046,0.079,-0.023,1.878,9.78,-0.4783,0.17545,0.43808
51.096,0.079,-0.023,1.878,9.79,-0.47954,0.177,0.43941
51.151,-0.041,0.124,1.846,9.8,-0.48062,0.17846,0.44076
51.201,-0.041,0.124,1.846,9.81,-0.48157,0.17983,0.44205
51.256,-0.041,0.124,1.846,9.82,-0.48247,0.18115,0.44315
51.306,-0.09,0.223,1.824,9.83,-0.48354,0.18252,0.44441
51.361,-0.09,0.223,1.824,9.84,-0.48435,0.18362,0.44556
51.411,-0.09,0.223,1.824,9.85,-0.48521,0.18481,0.44671
51.466,-0.112,0.358,1.917,9.86,-0.48568,0.18586,0.44781
51.516,-0.112,0.358,1.917,9.87,-0.48595,0.18676,0.44897
51.571,-0.112,0.358,1.917,9.88,-0.48679,0.18776,0.44989
51.621,-0.157,0.47,1.896,9.89,-0.48812,0.18849,0.45108
51.676,-0.157,0.47,1.896,9.9,-0.48868,0.18945,0.452
51.726,-0.207,0.573,1.873,9.91,-0.48912,0.19013,0.45306
51.781,-0.207,0.573,1.873,9.92,-0.48969,0.19103,0.45385
51.831,-0.207,0.573,1.873,9.93,-0.49074,0.19186,0.45496
51.886,-0.255,0.662,1.851,9.94,-0.4911,0.19272,0.45575
51.942,-0.255,0.662,1.851,9.95,-0.49161,0.19346,0.45662
51.991,-0.255,0.662,1.851,9.96,-0.49193,0.19423,0.4573
52.046,-0.3,0.723,1.822,9.97,-0.49215,0.19483,0.45802
52.096,-0.3,0.723,1.822,9.98,-0.49212,0.1955,0.45896
52.151,-0.3,0.723,1.822,9.99,-0.49243,0.19624,0.45965
52.201,-0.354,0.748,1.811,10,-0.49364,0.19712,0.46021
52.256,-0.354,0.748,1.811,10.01,-0.49331,0.19777,0.46072
52.306,-0.397,0.744,1.771,10.02,-0.49461,0.19869,0.46103
52.361,-0.397,0.744,1.771,10.03,-0.49408,0.19921,0.46152
52.411,-0.397,0.744,1.771,10.04,-0.49512,0.2,0.46176
52.466,-0.45,0.711,1.758,10.05,-0.49555,0.20063,0.46213
52.516,-0.45,0.711,1.758,10.06,-0.49573,0.20102,0.46244
52.571,-0.45,0.711,1.758,10.07,-0.49596,0.20129,0.46273
52.621,-0.495,0.657,1.735,10.08,-0.49627,0.20169,0.46306
52.676,-0.495,0.657,1.735,10.09,-0.49573,0.20208,0.46341
52.726,-0.495,0.657,1.735,10.1,-0.49571,0.20241,0.46365
52.781,-0.535,0.593,1.712,10.11,-0.49601,0.20272,0.46392
52.832,-0.535,0.593,1.712,10.12,-0.49617,0.20297,0.46409
52.887,-0.562,0.517,1.685,10.13,-0.49635,0.20326,0.46435
52.942,-0.562,0.517,1.685,10.14,-0.49715,0.20352,0.46458
52.992,-0.562,0.517,1.685,10.15,-0.49731,0.20349,0.46501
53.046,-0.568,0.438,1.662,10.16,-0.4973,0.2036,0.46521
53.097,-0.568,0.438,1.662,10.17,-0.49729,0.2037,0.46532
53.152,-0.568,0.438,1.662,10.18,-0.49726,0.20376,0.46542
53.202,-0.556,0.361,1.659,10.19,-0.49714,0.2038,0.46534
53.257,-0.556,0.361,1.659,10.2,-0.49716,0.20371,0.46554
53.307,-0.556,0.361,1.659,10.21,-0.49708,0.20358,0.46562
53.362,-0.507,0.285,1.643,10.22,-0.49697,0.20347,0.46565
53.412,-0.507,0.285,1.643,10.23,-0.49693,0.2034,0.46569
53.467,-0.433,0.224,1.65,10.24,-0.49686,0.20323,0.46569
53.517,-0.433,0.224,1.65,10.25,-0.49675,0.20296,0.46559
53.572,-0.433,0.224,1.65,10.26,-0.49668,0.20285,0.4654
53.622,-0.33,0.182,1.665,10.27,-0.49672,0.20272,0.46543
53.677,-0.33,0.182,1.665,10.28,-0.4966,0.20259,0.4652
53.727,-0.33,0.182,1.665,10.29,-0.49663,0.20248,0.46499
53.782,-0.202,0.148,1.656,10.3,-0.49661,0.20223,0.46469
53.832,-0.202,0.148,1.656,10.31,-0.49661,0.20187,0.46449
53.887,-0.059,0.133,1.661,10.32,-0.49662,0.20151,0.46432
53.942,-0.059,0.133,1.661,10.33,-0.49683,0.20141,0.46413
53.992,-0.059,0.133,1.661,10.34,-0.49689,0.20104,0.46395
54.047,0.078,0.149,1.644,10.35,-0.49703,0.20061,0.46379
54.097,0.078,0.149,1.644,10.36,-0.49706,0.20023,0.46363
54.152,0.078,0.149,1.644,10.37,-0.49707,0.19985,0.46347
54.202,0.218,0.191,1.627,10.38,-0.49702,0.19945,0.46332
54.257,0.218,0.191,1.627,10.39,-0.49697,0.199,0.46321
54.307,0.218,0.191,1.627,10.4,-0.49699,0.19853,0.46315
54.362,0.328,0.271,1.607,10.41,-0.49699,0.1981,0.4631
54.412,0.328,0.271,1.607,10.42,-0.49707,0.19757,0.46321
54.467,0.413,0.376,1.588,10.43,-0.49699,0.19705,0.46325
54.517,0.413,0.376,1.588,10.44,-0.49693,0.19654,0.46323
54.572,0.413,0.376,1.588,10.45,-0.49695,0.19609,0.46318
54.622,0.488,0.477,1.601,10.46,-0.49691,0.19558,0.46318
54.677,0.488,0.477,1.601,10.47,-0.49679,0.19486,0.46318
54.727,0.488,0.477,1.601,10.48,-0.49667,0.19438,0.46313
54.782,0.505,0.566,1.6,10.49,-0.4966,0.19362,0.46297
54.832,0.505,0.566,1.6,10.5,-0.49662,0.19302,0.46288
54.887,0.505,0.566,1.6,10.51,-0.49671,0.19251,0.46266
54.942,0.485,0.643,1.624,10.52,-0.49678,0.1919,0.46246
54.992,0.485,0.643,1.624,10.53,-0.49589,0.19114,0.46218
55.047,0.429,0.704,1.66,10.54,-0.49565,0.19056,0.462
55.097,0.429,0.704,1.66,10.55,-0.49578,0.19,0.46177
55.152,0.429,0.704,1.66,10.56,-0.4964,0.18933,0.46135
55.202,0.31,0.753,1.676,10.57,-0.49636,0.18859,0.46107
55.257,0.31,0.753,1.676,10.58,-0.49656,0.1882,0.46078
55.307,0.31,0.753,1.676,10.59,-0.49666,0.18765,0.46049
55.362,0.181,0.792,1.686,10.6,-0.4967,0.18699,0.4601
55.412,0.181,0.792,1.686,10.61,-0.49694,0.18627,0.45983
55.467,0.051,0.815,1.722,10.62,-0.49693,0.18549,0.45949
55.517,0.051,0.815,1.722,10.63,-0.49694,0.18489,0.45884
55.572,0.051,0.815,1.722,10.64,-0.49675,0.18431,0.45832
55.622,-0.089,0.818,1.711,10.65,-0.49694,0.18365,0.458
55.677,-0.089,0.818,1.711,10.66,-0.49694,0.18294,0.45747
55.727,-0.089,0.818,1.711,10.67,-0.49703,0.18213,0.45704
55.782,-0.206,0.799,1.72,10.68,-0.49688,0.18154,0.45646
55.832,-0.206,0.799,1.72,10.69,-0.49678,0.18093,0.45613
55.887,-0.206,0.799,1.72,10.7,-0.49681,0.18021,0.45574
55.942,-0.321,0.759,1.732,10.71,-0.49695,0.17957,0.45526
55.992,-0.321,0.759,1.732,10.72,-0.49722,0.17877,0.45471
56.047,-0.422,0.698,1.722,10.73,-0.49745,0.17799,0.45433
56.097,-0.422,0.698,1.722,10.74,-0.49647,0.17705,0.45387
56.152,-0.422,0.698,1.722,10.75,-0.49692,0.17644,0.45311
56.202,-0.513,0.621,1.765,10.76,-0.49718,0.17579,0.45251
56.257,-0.513,0.621,1.765,10.77,-0.49725,0.17484,0.45182
56.307,-0.513,0.621,1.765,10.78,-0.49742,0.17399,0.45121
56.362,-0.585,0.533,1.814,10.79,-0.49757,0.17322,0.45066
56.412,-0.585,0.533,1.814,10.8,-0.49766,0.17261,0.45004
56.467,-0.585,0.533,1.814,10.81,-0.49762,0.17184,0.44939
56.517,-0.622,0.43,1.846,10.82,-0.49773,0.17114,0.44872
56.572,-0.622,0.43,1.846,10.83,-0.49804,0.17045,0.44793
56.622,-0.636,0.325,1.883,10.84,-0.49815,0.16961,0.44721
56.677,-0.636,0.325,1.883,10.85,-0.49807,0.16882,0.44633
56.727,-0.636,0.325,1.883,10.86,-0.4982,0.16813,0.44563
56.782,-0.619,0.222,1.897,10.87,-0.49829,0.16758,0.44445
56.832,-0.619,0.222,1.897,10.88,-0.49843,0.16692,0.44363
56.887,-0.619,0.222,1.897,10.89,-0.49865,0.16612,0.44276
56.942,-0.579,0.13,1.904,10.9,-0.49871,0.16522,0.44191
56.992,-0.579,0.13,1.904,10.91,-0.49889,0.16441,0.44095
57.047,-0.579,0.13,1.904,10.92,-0.49907,0.16376,0.44003
57.097,-0.508,0.048,1.935,10.93,-0.49929,0.16301,0.43917
57.152,-0.508,0.048,1.935,10.94,-0.49945,0.16214,0.43834
57.202,-0.416,-0.019,1.943,10.95,-0.49974,0.16144,0.43684
57.257,-0.416,-0.019,1.943,10.96,-0.50004,0.1607,0.43581
57.307,-0.416,-0.019,1.943,10.97,-0.50009,0.15985,0.43489
57.362,-0.299,-0.078,1.953,10.98,-0.50022,0.15902,0.43401
57.412,-0.299,-0.078,1.953,10.99,-0.50041,0.15822,0.43303
57.467,-0.299,-0.078,1.953,11,-0.50004,0.15724,0.43202
57.517,-0.163,-0.145,1.983,11.01,-0.50013,0.1564,0.43095
57.572,-0.163,-0.145,1.983,11.02,-0.50056,0.15578,0.42962
57.622,-0.163,-0.145,1.983,11.03,-0.50085,0.15501,0.42874
57.677,-0.026,-0.213,1.971,11.04,-0.50104,0.15433,0.42761
57.727,-0.026,-0.213,1.971,11.05,-0.50137,0.15341,0.42675
57.782,0.125,-0.296,1.963,11.06,-0.50138,0.15266,0.42546
57.833,0.125,-0.296,1.963,11.07,-0.50128,0.15196,0.42431
57.887,0.125,-0.296,1.963,11.08,-0.50134,0.15115,0.42331
57.943,0.269,-0.389,1.966,11.09,-0.50159,0.15108,0.42226
57.993,0.269,-0.389,1.966,11.1,-0.50164,0.14984,0.42116
58.047,0.269,-0.389,1.966,11.11,-0.5014,0.14912,0.41995
58.098,0.407,-0.491,1.929,11.12,-0.50172,0.14857,0.41865
58.152,0.407,-0.491,1.929,11.13,-0.50193,0.14811,0.41763
58.203,0.522,-0.597,1.921,11.14,-0.50153,0.14744,0.41647
58.258,0.522,-0.597,1.921,11.15,-0.50212,0.14723,0.41493
58.308,0.522,-0.597,1.921,11.16,-0.50209,0.14661,0.41375
58.363,0.597,-0.692,1.933,11.17,-0.50269,0.14597,0.41262
58.413,0.597,-0.692,1.933,11.18,-0.503,0.14544,0.41154
58.468,0.597,-0.692,1.933,11.19,-0.50282,0.14516,0.4102
58.518,0.632,-0.773,1.92,11.2,-0.50315,0.14475,0.40896
58.573,0.632,-0.773,1.92,11.21,-0.50376,0.1442,0.40753
58.623,0.632,-0.773,1.92,11.22,-0.50406,0.14376,0.40628
58.678,0.63,-0.832,1.925,11.23,-0.50436,0.14335,0.40523
58.728,0.63,-0.832,1.925,11.24,-0.50489,0.14287,0.40416
58.783,0.596,-0.866,1.93,11.25,-0.5053,0.14234,0.40308
58.833,0.596,-0.866,1.93,11.26,-0.50572,0.14192,0.40209
58.888,0.596,-0.866,1.93,11.27,-0.50583,0.14137,0.40105
58.943,0.538,-0.871,1.921,11.28,-0.506,0.14109,0.3998
58.993,0.538,-0.871,1.921,11.29,-0.50606,0.14052,0.39905
59.048,0.538,-0.871,1.921,11.3,-0.50635,0.13993,0.39824
59.098,0.47,-0.853,1.951,11.31,-0.50634,0.13942,0.3976
59.153,0.47,-0.853,1.951,11.32,-0.50649,0.13897,0.39702
59.203,0.47,-0.853,1.951,11.33,-0.50674,0.1386,0.3964
59.253,0.387,-0.782,1.941,11.34,-0.50719,0.13826,0.39576
59.303,0.387,-0.782,1.941,11.35,-0.50752,0.1379,0.39529
59.353,0.387,-0.782,1.941,11.36,-0.50769,0.13756,0.39499
59.403,0.299,-0.666,1.959,11.37,-0.50791,0.13734,0.39459
59.453,0.299,-0.666,1.959,11.38,-0.50824,0.13716,0.39425
59.503,0.209,-0.515,2.01,11.39,-0.5085,0.13695,0.394
59.553,0.209,-0.515,2.01,11.4,-0.50872,0.13682,0.39379
59.603,0.209,-0.515,2.01,11.41,-0.50885,0.13667,0.39367
59.653,0.113,-0.325,1.979,11.42,-0.50901,0.13659,0.39368
59.703,0.113,-0.325,1.979,11.43,-0.50923,0.13652,0.3937
59.753,0.113,-0.325,1.979,11.44,-0.50946,0.1364,0.39377
59.803,0.012,-0.117,1.998,11.45,-0.50971,0.13633,0.39398
59.853,0.012,-0.117,1.998,11.46,-0.50988,0.13636,0.39422
59.903,0.012,-0.117,1.998,11.47,-0.50999,0.13627,0.39461
59.953,0.012,-0.117,1.998,11.48,-0.51013,0.13614,0.395
60.003,0.012,-0.117,1.998,11.49,-0.5106,0.13628,0.39543
60.053,0.012,-0.117,1.998,11.5,-0.51097,0.13625,0.39586
60.103,-0.101,0.145,1.949,11.51,-0.51067,0.13625,0.39645
60.153,-0.101,0.145,1.949,11.52,-0.51072,0.13631,0.39709
60.203,-0.101,0.145,1.949,11.53,-0.51133,0.1366,0.39758
60.253,-0.212,0.388,1.872,11.54,-0.51151,0.13664,0.39831
60.303,-0.212,0.388,1.872,11.55,-0.51194,0.1367,0.39934
60.353,-0.212,0.388,1.872,11.56,-0.51196,0.13687,0.40023
60.403,-0.307,0.589,1.848,11.57,-0.5118,0.13701,0.40115
60.453,-0.307,0.589,1.848,11.58,-0.51152,0.13724,0.40209
60.503,-0.307,0.589,1.848,11.59,-0.51119,0.13742,0.40314
60.553,-0.33,0.729,1.783,11.6,-0.51085,0.13763,0.40414
60.603,-0.33,0.729,1.783,11.61,-0.51079,0.13792,0.40529
60.653,-0.379,0.758,1.808,11.62,-0.5108,0.13843,0.4065
60.703,-0.379,0.758,1.808,11.63,-0.51069,0.13843,0.40797
60.753,-0.379,0.758,1.808,11.64,-0.5106,0.13871,0.40937
60.803,-0.422,0.744,1.84,11.65,-0.51029,0.13911,0.41064
60.853,-0.422,0.744,1.84,11.66,-0.50966,0.13952,0.412
60.903,-0.422,0.744,1.84,11.67,-0.50941,0.13985,0.41321
60.953,-0.456,0.7,1.861,11.68,-0.5091,0.14028,0.41441
61.003,-0.456,0.7,1.861,11.69,-0.50838,0.14055,0.41598
61.053,-0.456,0.7,1.861,11.7,-0.50782,0.14072,0.41749
61.103,-0.538,0.636,1.922,11.71,-0.50818,0.14124,0.41898
61.153,-0.538,0.636,1.922,11.72,-0.50789,0.14184,0.42012
61.203,-0.538,0.636,1.922,11.73,-0.50696,0.14228,0.42162
61.253,-0.56,0.562,1.939,11.74,-0.50709,0.14274,0.42317
61.303,-0.56,0.562,1.939,11.75,-0.50678,0.14319,0.42456
61.353,-0.56,0.562,1.939,11.76,-0.50632,0.14377,0.42589
61.403,-0.574,0.49,1.947,11.77,-0.5054,0.14433,0.42751
61.453,-0.574,0.49,1.947,11.78,-0.50454,0.14477,0.42889
61.503,-0.574,0.49,1.947,11.79,-0.50466,0.14508,0.43067
61.553,-0.585,0.424,1.958,11.8,-0.5044,0.14582,0.43208
61.603,-0.585,0.424,1.958,11.81,-0.50322,0.14637,0.43364
61.653,-0.585,0.424,1.958,11.82,-0.50281,0.147,0.43496
61.703,-0.599,0.373,1.977,11.83,-0.50241,0.14762,0.43643
61.753,-0.599,0.373,1.977,11.84,-0.50187,0.1483,0.43796
61.803,-0.599,0.334,1.958,11.85,-0.5013,0.14865,0.43986
61.853,-0.599,0.334,1.958,11.86,-0.50051,0.14922,0.44149
61.903,-0.599,0.334,1.958,11.87,-0.49939,0.14988,0.44303
61.953,-0.599,0.306,1.959,11.88,-0.49851,0.15059,0.44446
62.003,-0.599,0.306,1.959,11.89,-0.49758,0.15118,0.44597
62.053,-0.599,0.306,1.959,11.9,-0.4962,0.15168,0.44789
62.103,-0.598,0.286,1.961,11.91,-0.49547,0.15246,0.44949
62.153,-0.598,0.286,1.961,11.92,-0.4941,0.1531,0.45113
62.203,-0.598,0.286,1.961,11.93,-0.49272,0.1536,0.45277
62.253,-0.592,0.274,1.943,11.94,-0.49231,0.15454,0.4543
62.303,-0.592,0.274,1.943,11.95,-0.49144,0.15528,0.45584
62.353,-0.592,0.274,1.943,11.96,-0.48982,0.15584,0.45763
62.403,-0.594,0.266,1.956,11.97,-0.48857,0.15662,0.45929
62.453,-0.594,0.266,1.956,11.98,-0.48782,0.15763,0.46061
62.503,-0.594,0.266,1.956,11.99,-0.48669,0.15864,0.46202
62.553,-0.591,0.261,1.952,12,-0.48573,0.15916,0.46398
62.603,-0.591,0.261,1.952,12.01,-0.48464,0.15992,0.46556
62.653,-0.591,0.261,1.952,12.02,-0.4832,0.1608,0.46713
62.703,-0.578,0.254,1.946,12.03,-0.48196,0.16164,0.46863
62.753,-0.578,0.254,1.946,12.04,-0.4809,0.16249,0.47009
62.803,-0.578,0.254,1.946,12.05,-0.47952,0.16319,0.47189
62.853,-0.559,0.242,1.935,12.06,-0.47816,0.16407,0.47344
62.903,-0.559,0.242,1.935,12.07,-0.47712,0.16503,0.47507
62.954,-0.533,0.228,1.919,12.08,-0.47592,0.16592,0.47659
63.003,-0.533,0.228,1.919,12.09,-0.47475,0.16681,0.47804
63.053,-0.533,0.228,1.919,12.1,-0.47363,0.16758,0.4798
63.103,-0.505,0.215,1.906,12.11,-0.47173,0.16836,0.48149
63.153,-0.505,0.215,1.906,12.12,-0.47075,0.16947,0.48297
63.204,-0.505,0.215,1.906,12.13,-0.46952,0.17038,0.48441
63.253,-0.482,0.208,1.893,12.14,-0.46829,0.17139,0.48621
63.304,-0.482,0.208,1.893,12.15,-0.46707,0.17238,0.48777
63.354,-0.482,0.208,1.893,12.16,-0.46578,0.17325,0.48922
63.404,-0.457,0.203,1.883,12.17,-0.464,0.17421,0.49099
63.454,-0.457,0.203,1.883,12.18,-0.46275,0.17531,0.49252
63.504,-0.457,0.203,1.883,12.19,-0.46149,0.17638,0.49412
63.554,-0.437,0.204,1.875,12.2,-0.45997,0.17732,0.49592
63.604,-0.437,0.204,1.875,12.21,-0.45874,0.17831,0.49763
63.654,-0.437,0.204,1.875,12.22,-0.45721,0.17935,0.49939
63.704,-0.416,0.198,1.867,12.23,-0.45571,0.18048,0.50097
63.754,-0.416,0.198,1.867,12.24,-0.45437,0.18158,0.50259
63.804,-0.416,0.198,1.867,12.25,-0.4529,0.18268,0.50452
63.854,-0.399,0.19,1.857,12.26,-0.45137,0.18375,0.50623
63.904,-0.399,0.19,1.857,12.27,-0.44964,0.18486,0.50796
63.954,-0.399,0.19,1.857,12.28,-0.44802,0.18597,0.50965
64.004,-0.382,0.173,1.854,12.29,-0.44709,0.18724,0.51134
64.054,-0.382,0.173,1.854,12.3,-0.44582,0.1884,0.51301
64.104,-0.37,0.154,1.85,12.31,-0.44451,0.18956,0.51488
64.154,-0.37,0.154,1.85,12.32,-0.44319,0.19081,0.51655
64.204,-0.37,0.154,1.85,12.33,-0.4417,0.19205,0.51814
64.254,-0.362,0.139,1.845,12.34,-0.44002,0.19309,0.51983
64.304,-0.362,0.139,1.845,12.35,-0.439,0.19442,0.52178
64.354,-0.362,0.139,1.845,12.36,-0.43793,0.19566,0.52351
64.404,-0.357,0.119,1.841,12.37,-0.43676,0.1969,0.52529
64.454,-0.357,0.119,1.841,12.38,-0.43554,0.19807,0.52702
64.504,-0.357,0.119,1.841,12.39,-0.43409,0.19948,0.52861
64.554,-0.358,0.108,1.836,12.4,-0.43248,0.20039,0.53044
64.604,-0.358,0.108,1.836,12.41,-0.43177,0.20172,0.53228
64.654,-0.358,0.108,1.836,12.42,-0.4308,0.20281,0.53405
64.704,-0.363,0.096,1.835,12.43,-0.4298,0.20398,0.53559
64.754,-0.363,0.096,1.835,12.44,-0.42868,0.20529,0.53735
64.804,-0.363,0.096,1.835,12.45,-0.42749,0.20647,0.5391
64.854,-0.365,0.086,1.824,12.46,-0.42656,0.20758,0.54078
64.904,-0.365,0.086,1.824,12.47,-0.42561,0.20878,0.54241
64.954,-0.365,0.086,1.824,12.48,-0.42466,0.21008,0.54396
65.004,-0.37,0.084,1.826,12.49,-0.42371,0.21115,0.54597
65.054,-0.37,0.084,1.826,12.5,-0.42281,0.21247,0.54777
65.104,-0.37,0.084,1.826,12.51,-0.42171,0.21369,0.5495
65.154,-0.377,0.083,1.844,12.52,-0.42081,0.21494,0.55118
65.204,-0.377,0.083,1.844,12.53,-0.42,0.21612,0.55282
65.254,-0.377,0.083,1.844,12.54,-0.41905,0.21749,0.55465
65.304,-0.384,0.082,1.895,12.55,-0.41785,0.2187,0.55627
65.354,-0.384,0.082,1.895,12.56,-0.41699,0.21992,0.55786
65.404,-0.395,0.084,1.93,12.57,-0.41605,0.22125,0.55981
65.454,-0.395,0.084,1.93,12.58,-0.41522,0.22264,0.56163
65.504,-0.395,0.084,1.93,12.59,-0.41433,0.22398,0.56334
65.554,-0.399,0.088,1.967,12.6,-0.41331,0.22525,0.56501
65.604,-0.399,0.088,1.967,12.61,-0.41264,0.22669,0.56677
65.659,-0.399,0.088,1.967,12.62,-0.41181,0.22812,0.56853
65.709,-0.397,0.09,1.985,12.63,-0.41099,0.22947,0.57041
65.764,-0.397,0.09,1.985,12.64,-0.41013,0.23075,0.57221
65.814,-0.397,0.09,1.985,12.65,-0.40943,0.23223,0.5738
65.869,-0.39,0.096,1.973,12.66,-0.40868,0.23371,0.57535
65.919,-0.39,0.096,1.973,12.67,-0.40804,0.2351,0.57723
65.974,-0.377,0.097,1.986,12.68,-0.4075,0.23651,0.57906
66.024,-0.377,0.097,1.986,12.69,-0.40674,0.23785,0.58074
66.079,-0.377,0.097,1.986,12.7,-0.40597,0.23932,0.58242
66.129,-0.361,0.098,1.985,12.71,-0.40521,0.2407,0.58421
66.184,-0.361,0.098,1.985,12.72,-0.4048,0.24213,0.58601
66.239,-0.361,0.098,1.985,12.73,-0.40453,0.24364,0.58779
66.289,-0.345,0.104,1.982,12.74,-0.40406,0.2451,0.58948
66.344,-0.345,0.104,1.982,12.75,-0.40339,0.24648,0.59127
66.394,-0.345,0.104,1.982,12.76,-0.40298,0.24805,0.59292
66.449,-0.329,0.112,1.966,12.77,-0.4025,0.24956,0.59469
66.499,-0.329,0.112,1.966,12.78,-0.40196,0.25096,0.59647
66.554,-0.311,0.121,1.953,12.79,-0.4015,0.25211,0.59847
66.604,-0.311,0.121,1.953,12.8,-0.40112,0.25363,0.60022
66.659,-0.311,0.121,1.953,12.81,-0.40067,0.25492,0.60208
66.709,-0.29,0.13,1.945,12.82,-0.40019,0.25613,0.60406
66.764,-0.29,0.13,1.945,12.83,-0.3998,0.25724,0.60615
66.814,-0.29,0.13,1.945,12.84,-0.3993,0.25826,0.60813
66.869,-0.263,0.133,1.942,12.85,-0.39869,0.25909,0.61009
66.919,-0.263,0.133,1.942,12.86,-0.39827,0.25969,0.6124
66.974,-0.263,0.133,1.942,12.87,-0.39778,0.26016,0.61462
67.024,-0.229,0.138,1.961,12.88,-0.39736,0.26057,0.61696
67.079,-0.229,0.138,1.961,12.89,-0.39683,0.26077,0.61922
67.129,-0.192,0.138,1.974,12.9,-0.3961,0.26058,0.62147
67.184,-0.192,0.138,1.974,12.91,-0.39581,0.26062,0.62398
67.24,-0.192,0.138,1.974,12.92,-0.39537,0.26052,0.62624
67.289,-0.153,0.138,1.986,12.93,-0.39487,0.26007,0.62865
67.344,-0.153,0.138,1.986,12.94,NaN,NaN,NaN
67.394,-0.153,0.138,1.986,12.95,NaN,NaN,NaN
67.449,-0.114,0.139,1.997,12.96,NaN,NaN,NaN
67.499,-0.114,0.139,1.997,12.97,-0.39296,0.2583,0.63806
67.554,-0.114,0.139,1.997,12.98,NaN,NaN,NaN
67.604,-0.079,0.14,2.007,12.99,-0.3921,0.2577,0.64265
67.659,-0.079,0.14,2.007,13,NaN,NaN,NaN
67.709,-0.037,0.138,1.984,13.01,-0.39118,0.25702,0.6471
67.764,-0.037,0.138,1.984,13.02,NaN,NaN,NaN
67.814,-0.037,0.138,1.984,13.03,-0.39022,0.25621,0.65167
67.869,-0.002,0.138,1.982,13.04,NaN,NaN,NaN
67.919,-0.002,0.138,1.982,13.05,-0.3894,0.25582,0.65588
67.974,-0.002,0.138,1.982,13.06,NaN,NaN,NaN
68.024,0.033,0.14,1.992,13.07,-0.38902,0.25483,0.6604
68.079,0.033,0.14,1.992,13.08,NaN,NaN,NaN
68.129,0.033,0.14,1.992,13.09,-0.38817,0.25397,0.66433
68.184,0.071,0.142,2.002,13.1,NaN,NaN,NaN
68.24,0.071,0.142,2.002,13.11,-0.38782,0.25257,0.66864
68.29,0.102,0.142,2.07,13.12,NaN,NaN,NaN
68.344,0.102,0.142,2.07,13.13,-0.38732,0.25082,0.67248
68.395,0.102,0.142,2.07,13.14,NaN,NaN,NaN
68.45,0.142,0.143,2.063,13.15,-0.38694,0.24889,0.67649
68.5,0.142,0.143,2.063,13.16,NaN,NaN,NaN
68.555,0.142,0.143,2.063,13.17,-0.38648,0.24651,0.68025
68.605,0.177,0.14,2.068,13.18,NaN,NaN,NaN
68.66,0.177,0.14,2.068,13.19,-0.38624,0.2437,0.68407
68.71,0.213,-0.126,2.068,13.2,NaN,NaN,NaN
68.765,0.213,0.126,2.068,13.21,-0.38572,0.24031,0.68797
68.815,0.213,0.126,2.068,13.22,NaN,NaN,NaN
68.87,0.247,0.119,2.036,13.23,-0.38555,0.23688,0.69164
68.92,0.247,0.119,2.036,13.24,NaN,NaN,NaN
68.975,0.247,0.119,2.036,13.25,-0.38511,0.23267,0.69555
69.025,0.271,0.105,2.054,13.26,NaN,NaN,NaN
69.08,0.271,0.105,2.054,13.27,-0.38478,0.22811,0.69952
69.13,0.271,0.105,2.054,13.28,NaN,NaN,NaN
69.185,0.29,0.09,2.049,13.29,-0.38426,0.22311,0.70343
69.24,0.29,0.09,2.049,13.3,NaN,NaN,NaN
69.29,0.301,0.081,2.025,13.31,-0.38393,0.2179,0.70737
69.345,0.301,0.081,2.025,13.32,NaN,NaN,NaN
69.395,0.301,0.081,2.025,13.33,-0.38364,0.21218,0.71148
69.45,0.308,0.076,2.02,13.34,NaN,NaN,NaN
69.5,0.308,0.076,2.02,13.35,-0.38331,0.20643,0.71563
69.555,0.308,0.076,2.02,13.36,NaN,NaN,NaN
69.605,0.312,0.072,1.987,13.37,-0.38309,0.20042,0.71957
69.66,0.312,0.072,1.987,13.38,NaN,NaN,NaN
69.71,0.312,0.072,1.987,13.39,-0.38291,0.19408,0.72364
69.765,0.316,0.072,1.945,13.4,NaN,NaN,NaN
69.815,0.316,0.072,1.945,13.41,-0.38265,0.1874,0.72777
69.87,0.318,0.078,1.916,13.42,NaN,NaN,NaN
69.92,0.318,0.078,1.916,13.43,-0.38253,0.1806,0.73188
69.975,0.318,0.078,1.916,13.44,NaN,NaN,NaN
70.025,0.318,0.078,1.916,13.45,-0.38248,0.17345,0.73599
70.08,0.318,0.078,1.916,13.46,NaN,NaN,NaN
70.13,0.318,0.078,1.916,13.47,-0.38227,0.16629,0.74018
70.185,0.318,0.078,1.916,13.48,NaN,NaN,NaN
70.24,0.318,0.078,1.916,13.49,-0.38234,0.15898,0.74421
70.29,0.318,0.078,1.916,13.5,NaN,NaN,NaN
70.345,0.317,0.115,1.85,13.51,-0.38245,0.15142,0.7484
70.395,0.317,0.115,1.85,13.52,NaN,NaN,NaN
70.45,0.316,0.136,1.841,13.53,-0.38262,0.14379,0.75256
70.5,0.316,0.136,1.841,13.54,NaN,NaN,NaN
70.555,0.316,0.136,1.841,13.55,-0.38286,0.13582,0.75664
70.605,0.312,0.162,1.842,13.56,NaN,NaN,NaN
70.66,0.312,0.162,1.842,13.57,-0.38324,0.12786,0.76107
70.71,0.312,0.162,1.842,13.58,NaN,NaN,NaN
70.765,0.309,0.191,1.841,13.59,-0.38371,0.12002,0.7653
70.815,0.309,0.191,1.841,13.6,NaN,NaN,NaN
70.87,0.302,0.224,1.837,13.61,-0.38422,0.11194,0.7692
70.92,0.302,0.224,1.837,13.62,NaN,NaN,NaN
70.975,0.302,0.224,1.837,13.63,-0.3847,0.10388,0.77342
71.025,0.294,0.255,1.837,13.64,NaN,NaN,NaN
71.08,0.294,0.255,1.837,13.65,-0.38535,0.095797,0.77739
71.13,0.294,0.255,1.837,13.66,NaN,NaN,NaN
71.185,0.292,0.277,1.834,13.67,-0.38597,0.08762,0.78134
71.241,0.292,0.277,1.834,13.68,NaN,NaN,NaN
71.29,0.292,0.277,1.834,13.69,-0.38684,0.07945,0.78539
71.345,0.287,0.292,1.83,13.7,NaN,NaN,NaN
71.395,0.287,0.292,1.83,13.71,-0.38769,0.07128,0.78938
71.45,0.287,0.296,1.83,13.72,NaN,NaN,NaN
71.5,0.287,0.296,1.83,13.73,-0.38852,0.063235,0.79337
71.555,0.287,0.296,1.83,13.74,NaN,NaN,NaN
71.605,0.288,0.297,1.826,13.75,-0.38964,0.05528,0.79731
71.66,0.288,0.297,1.826,13.76,NaN,NaN,NaN
71.71,0.288,0.297,1.826,13.77,-0.39057,0.047738,0.8012
71.765,0.287,0.297,1.826,13.78,NaN,NaN,NaN
71.815,0.287,0.297,1.826,13.79,-0.39172,0.040423,0.80506
71.87,0.287,0.297,1.826,13.8,NaN,NaN,NaN
71.92,0.288,0.298,1.822,13.81,-0.39291,0.033279,0.80883
71.975,0.288,0.298,1.822,13.82,NaN,NaN,NaN
72.025,0.289,0.299,1.82,13.83,-0.39409,0.026504,0.81275
72.08,0.289,0.299,1.82,13.84,NaN,NaN,NaN
72.13,0.289,0.299,1.82,13.85,-0.39564,0.019692,0.81666
72.185,0.29,0.299,1.817,13.86,NaN,NaN,NaN
72.241,0.29,0.299,1.817,13.87,-0.39702,0.013029,0.82061
72.29,0.29,0.299,1.817,13.88,NaN,NaN,NaN
72.345,0.291,0.299,1.816,13.89,-0.39854,0.006232,0.82446
72.395,0.291,0.299,1.816,13.9,NaN,NaN,NaN
72.45,0.291,0.299,1.816,13.91,-0.40033,-0.000571,0.82909
72.5,0.292,0.298,1.817,13.92,NaN,NaN,NaN
72.555,0.292,0.298,1.817,13.93,-0.40192,-0.007484,0.83352
72.605,0.29,0.298,1.819,13.94,NaN,NaN,NaN
72.66,0.29,0.298,1.819,13.95,-0.40366,-0.014279,0.83829
72.71,0.29,0.298,1.819,13.96,NaN,NaN,NaN
72.765,0.289,0.297,1.823,13.97,-0.40554,-0.021032,0.84305
72.815,0.289,0.297,1.823,13.98,NaN,NaN,NaN
72.87,0.289,0.297,1.823,13.99,-0.40704,-0.027843,0.84793
72.92,0.287,0.296,1.826,14,NaN,NaN,NaN
72.975,0.287,0.296,1.826,14.01,-0.40857,-0.034515,0.85313
73.025,0.287,0.296,1.826,14.02,NaN,NaN,NaN
73.08,0.286,0.296,1.829,14.03,-0.41064,-0.040874,0.85825
73.13,0.286,0.296,1.829,14.04,NaN,NaN,NaN
73.185,0.288,0.296,1.829,14.05,-0.41216,-0.046951,0.86337
73.241,0.288,0.296,1.829,14.06,NaN,NaN,NaN
73.29,0.288,0.296,1.829,14.07,-0.41384,-0.05293,0.86858
73.345,0.29,0.296,1.83,14.08,NaN,NaN,NaN
73.395,0.29,0.296,1.83,14.09,-0.41532,-0.058565,0.8738
73.45,0.29,0.296,1.83,14.1,NaN,NaN,NaN
73.5,0.29,0.296,1.829,14.11,-0.41702,-0.06387,0.87905
73.556,0.29,0.296,1.829,14.12,NaN,NaN,NaN
73.606,0.288,0.296,1.832,14.13,-0.41858,-0.068774,0.88399
73.661,0.288,0.296,1.832,14.14,NaN,NaN,NaN
73.711,0.288,0.296,1.832,14.15,-0.42001,-0.073415,0.88924
73.766,0.289,0.296,1.832,14.16,-0.42071,-0.075619,0.89161
73.816,0.289,0.296,1.832,14.17,-0.42126,-0.077843,0.89406
73.871,0.289,0.296,1.832,14.18,-0.4218,-0.07987,0.89653
73.921,0.288,0.296,1.832,14.19,-0.4224,-0.081828,0.89916
73.976,0.288,0.296,1.832,14.2,-0.42268,-0.083774,0.90171
74.026,0.288,0.296,1.832,14.21,-0.42323,-0.085666,0.90419
74.081,0.286,0.296,1.836,14.22,-0.42369,-0.087508,0.90667
74.131,0.286,0.296,1.836,14.23,-0.42384,-0.089317,0.90928
74.186,0.29,0.295,1.833,14.24,-0.42413,-0.090951,0.91179
74.241,0.29,0.295,1.833,14.25,-0.4241,-0.092596,0.9142
74.291,0.29,0.295,1.833,14.26,-0.42415,-0.09423,0.91686
74.346,0.289,0.295,1.835,14.27,-0.42423,-0.095724,0.9195
74.396,0.289,0.295,1.835,14.28,-0.42406,-0.097227,0.92186
74.451,0.289,0.295,1.835,14.29,-0.42403,-0.098661,0.92447
74.501,0.29,0.295,1.836,14.3,-0.42387,-0.10003,0.92697
74.556,0.29,0.295,1.836,14.31,-0.42352,-0.1013,0.92931
74.606,0.29,0.295,1.836,14.32,-0.42349,-0.10242,0.93181
74.661,0.292,0.295,1.835,14.33,-0.42327,-0.10345,0.93432
74.711,0.292,0.295,1.835,14.34,-0.42297,-0.10422,0.93662
74.766,0.292,0.296,1.838,14.35,-0.42273,-0.10514,0.93891
74.816,0.292,0.296,1.838,14.36,-0.4225,-0.10576,0.94131
74.871,0.292,0.296,1.838,14.37,-0.42223,-0.10626,0.94351
74.921,0.291,0.296,1.839,14.38,-0.42186,-0.10669,0.94561
74.976,0.291,0.296,1.839,14.39,-0.4216,-0.10713,0.94789
75.026,0.291,0.296,1.839,14.4,-0.42129,-0.10742,0.94994
75.081,0.29,0.297,1.841,14.41,-0.42092,-0.10755,0.95204
75.131,0.29,0.297,1.841,14.42,-0.42066,-0.10773,0.95428
75.186,0.29,-0.297,1.84,14.43,-0.4204,-0.1079,0.95639
75.241,0.29,0.297,1.84,14.44,-0.42002,-0.10795,0.95837
75.291,0.29,0.297,1.84,14.45,-0.41938,-0.10792,0.96033
75.346,0.29,0.297,1.841,14.46,-0.41889,-0.10784,0.96252
75.396,0.29,0.297,1.841,14.47,-0.41848,-0.10763,0.96456
75.451,0.29,0.297,1.841,14.48,-0.418,-0.1073,0.96644
75.501,0.29,0.297,1.84,14.49,-0.41739,-0.10688,0.9683
75.556,0.29,0.297,1.84,14.5,-0.41683,-0.10647,0.97033
75.606,0.29,0.297,1.84,14.51,-0.41609,-0.10596,0.97224
75.661,0.289,0.297,1.842,14.52,-0.41551,-0.10532,0.97418
75.711,0.289,0.297,1.842,14.53,-0.41465,-0.10476,0.97605
75.766,0.289,0.297,1.843,14.54,-0.41382,-0.1041,0.97807
0,0,0,0,14.55,-0.41307,-0.10331,0.98003
0,0,0,0,14.56,-0.41202,-0.10244,0.98185
0,0,0,0,14.57,-0.41112,-0.10152,0.98407
0,0,0,0,14.58,-0.40994,-0.10052,0.98598
0,0,0,0,14.59,-0.40885,-0.09942,0.98793
0,0,0,0,14.6,-0.40769,-0.098259,0.98995
0,0,0,0,14.61,-0.40655,-0.096834,0.99208
0,0,0,0,14.62,-0.40504,-0.095307,0.9941
0,0,0,0,14.63,-0.40362,-0.093744,0.996
0,0,0,0,14.64,-0.40224,-0.092081,0.99811
0,0,0,0,14.65,-0.40059,-0.090273,1.0001
0,0,0,0,14.66,-0.39903,-0.088329,1.002
0,0,0,0,14.67,-0.39755,-0.086394,1.0042
0,0,0,0,14.68,-0.39591,-0.084224,1.0064
0,0,0,0,14.69,-0.3941,-0.082004,1.0084
0,0,0,0,14.7,-0.3924,-0.079709,1.0105
0,0,0,0,14.71,-0.39049,-0.077448,1.0126
0,0,0,0,14.72,-0.38863,-0.074975,1.0147
0,0,0,0,14.73,-0.38692,-0.072399,1.0168
0,0,0,0,14.74,-0.38509,-0.06973,1.0189
0,0,0,0,14.75,-0.38328,-0.066992,1.021
0,0,0,0,14.76,-0.38134,-0.064094,1.023
0,0,0,0,14.77,-0.37954,-0.061219,1.025
0,0,0,0,14.78,-0.3777,-0.058198,1.0272
0,0,0,0,14.79,-0.37579,-0.055042,1.0292
0,0,0,0,14.8,-0.3739,-0.051856,1.0311
0,0,0,0,14.81,-0.37204,-0.048499,1.0332
0,0,0,0,14.82,-0.37007,-0.045011,1.0352
0,0,0,0,14.83,-0.36817,-0.041538,1.0372
0,0,0,0,14.84,-0.36623,-0.037909,1.039
0,0,0,0,14.85,-0.36423,-0.034182,1.041
0,0,0,0,14.86,-0.36225,-0.030341,1.0429
0,0,0,0,14.87,-0.36019,-0.026538,1.0448
0,0,0,0,14.88,-0.35819,-0.022467,1.0467
0,0,0,0,14.89,-0.35609,-0.018519,1.0485
0,0,0,0,14.9,-0.35405,-0.014279,1.0504
0,0,0,0,14.91,-0.3519,-0.00996,1.0522
0,0,0,0,14.92,-0.34961,-0.005628,1.054
0,0,0,0,14.93,-0.34733,-0.001131,1.0558
0,0,0,0,14.94,-0.34514,0.003562,1.0576
0,0,0,0,14.95,-0.34275,0.008436,1.0592
0,0,0,0,14.96,-0.34042,0.013249,1.0609
0,0,0,0,14.97,-0.33816,0.018324,1.0626
0,0,0,0,14.98,-0.33572,0.023453,1.0642
0,0,0,0,14.99,-0.33348,0.028711,1.0659
0,0,0,0,15,-0.33105,0.034105,1.0673
0,0,0,0,15.01,-0.32841,0.039434,1.069
0,0,0,0,15.02,-0.32563,0.044918,1.0705
0,0,0,0,15.03,-0.32341,0.050578,1.072
0,0,0,0,15.04,-0.32101,0.056171,1.0736
0,0,0,0,15.05,-0.31815,0.061728,1.075
0,0,0,0,15.06,-0.31572,0.067407,1.0767
0,0,0,0,15.07,-0.31307,0.073248,1.0783
0,0,0,0,15.08,-0.31038,0.078995,1.0799
0,0,0,0,15.09,-0.30766,0.084777,1.0815
0,0,0,0,15.1,-0.30487,0.090576,1.0829
0,0,0,0,15.11,-0.30184,0.096308,1.0844
0,0,0,0,15.12,-0.29924,0.1023,1.086
0,0,0,0,15.13,-0.29637,0.10831,1.0875
0,0,0,0,15.14,-0.29352,0.11429,1.0891
0,0,0,0,15.15,-0.29057,0.12035,1.0905
0,0,0,0,15.16,-0.28768,0.12648,1.092
0,0,0,0,15.17,NaN,NaN,NaN
0,0,0,0,15.18,NaN,NaN,NaN
0,0,0,0,15.19,NaN,NaN,NaN
0,0,0,0,15.2,NaN,NaN,NaN
0,0,0,0,15.21,NaN,NaN,NaN
0,0,0,0,15.22,NaN,NaN,NaN
0,0,0,0,15.23,NaN,NaN,NaN
0,0,0,0,15.24,NaN,NaN,NaN
0,0,0,0,15.25,NaN,NaN,NaN
0,0,0,0,15.26,-0.25526,0.18884,1.1055
0,0,0,0,15.27,NaN,NaN,NaN
0,0,0,0,15.28,-0.24798,0.20081,1.1078
0,0,0,0,15.29,NaN,NaN,NaN
0,0,0,0,15.3,-0.24053,0.21275,1.11
0,0,0,0,15.31,NaN,NaN,NaN
0,0,0,0,15.32,-0.23272,0.22459,1.112
0,0,0,0,15.33,NaN,NaN,NaN
0,0,0,0,15.34,-0.22459,0.23657,1.1137
0,0,0,0,15.35,NaN,NaN,NaN
0,0,0,0,15.36,-0.2161,0.24878,1.1153
0,0,0,0,15.37,NaN,NaN,NaN
0,0,0,0,15.38,-0.20767,0.2614,1.1165
0,0,0,0,15.39,NaN,NaN,NaN
0,0,0,0,15.4,-0.19889,0.2743,1.1175
0,0,0,0,15.41,NaN,NaN,NaN
0,0,0,0,15.42,NaN,NaN,NaN
0,0,0,0,15.43,NaN,NaN,NaN
0,0,0,0,15.44,NaN,NaN,NaN
0,0,0,0,15.45,NaN,NaN,NaN
0,0,0,0,15.46,NaN,NaN,NaN
0,0,0,0,15.47,NaN,NaN,NaN
0,0,0,0,15.48,NaN,NaN,NaN
0,0,0,0,15.49,NaN,NaN,NaN
0,0,0,0,15.5,NaN,NaN,NaN
0,0,0,0,15.51,NaN,NaN,NaN
0,0,0,0,15.52,NaN,NaN,NaN
0,0,0,0,15.53,NaN,NaN,NaN
0,0,0,0,15.54,NaN,NaN,NaN
0,0,0,0,15.55,NaN,NaN,NaN
0,0,0,0,15.56,NaN,NaN,NaN
0,0,0,0,15.57,NaN,NaN,NaN
0,0,0,0,15.58,NaN,NaN,NaN
0,0,0,0,15.59,NaN,NaN,NaN
0,0,0,0,15.6,-0.099292,0.40524,1.1132
0,0,0,0,15.61,NaN,NaN,NaN
0,0,0,0,15.62,-0.088251,0.41741,1.112
0,0,0,0,15.63,NaN,NaN,NaN
0,0,0,0,15.64,-0.076675,0.42879,1.1108
0,0,0,0,15.65,-0.070893,0.43458,1.11
0,0,0,0,15.66,-0.064967,0.44016,1.1093
0,0,0,0,15.67,-0.05914,0.44577,1.1085
0,0,0,0,15.68,-0.053158,0.45135,1.1076
0,0,0,0,15.69,-0.047046,0.45676,1.1069
0,0,0,0,15.7,-0.040843,0.46216,1.1062
0,0,0,0,15.71,-0.034558,0.4674,1.1053
0,0,0,0,15.72,-0.028417,0.47264,1.1045
0,0,0,0,15.73,-0.022261,0.4779,1.1036
0,0,0,0,15.74,-0.015969,0.48305,1.1027
0,0,0,0,15.75,-0.00966,0.48814,1.1018
0,0,0,0,15.76,-0.003231,0.49285,1.101
0,0,0,0,15.77,0.003249,0.49745,1.1
0,0,0,0,15.78,0.009648,0.50215,1.0984
0,0,0,0,15.79,0.016091,0.50649,1.0975
0,0,0,0,15.8,0.022809,0.51058,1.0965
0,0,0,0,15.81,0.0292,0.51468,1.0956
0,0,0,0,15.82,0.035715,0.51869,1.0944
0,0,0,0,15.83,0.042171,0.52273,1.0931
0,0,0,0,15.84,0.048804,0.52672,1.0917
0,0,0,0,15.85,0.055628,0.53057,1.09
0,0,0,0,15.86,0.062426,0.53412,1.0889
0,0,0,0,15.87,0.068999,0.53783,1.0876
0,0,0,0,15.88,0.075541,0.54157,1.0861
0,0,0,0,15.89,0.082031,0.54529,1.0845
0,0,0,0,15.9,0.088946,0.5489,1.0829
0,0,0,0,15.91,0.095556,0.55234,1.0813
0,0,0,0,15.92,0.10228,0.55586,1.0795
0,0,0,0,15.93,0.10882,0.55934,1.0778
0,0,0,0,15.94,0.1154,0.56246,1.0761
0,0,0,0,15.95,0.12205,0.56567,1.0742
0,0,0,0,15.96,0.1287,0.56888,1.0721
0,0,0,0,15.97,0.13536,0.57163,1.0703
0,0,0,0,15.98,0.14198,0.57447,1.0683
0,0,0,0,15.99,0.14866,0.57718,1.0659
0,0,0,0,16,0.1552,0.57938,1.0641
0,0,0,0,16.01,0.16188,0.58168,1.062
0,0,0,0,16.02,0.16846,0.58372,1.0601
0,0,0,0,16.03,0.17504,0.5856,1.0582
0,0,0,0,16.04,0.18162,0.58758,1.0559
0,0,0,0,16.05,0.18814,0.58927,1.0536
0,0,0,0,16.06,0.19468,0.59074,1.0514
0,0,0,0,16.07,0.20141,0.59196,1.0491
0,0,0,0,16.08,0.208,0.59309,1.0469
0,0,0,0,16.09,0.21456,0.59402,1.0447
0,0,0,0,16.1,0.2213,0.59471,1.0425
0,0,0,0,16.11,0.22781,0.59556,1.0401
0,0,0,0,16.12,0.23426,0.59618,1.0379
0,0,0,0,16.13,0.24102,0.59649,1.0356
0,0,0,0,16.14,0.24766,0.59679,1.0332
0,0,0,0,16.15,0.2542,0.59707,1.031
0,0,0,0,16.16,0.26095,0.59708,1.0285
0,0,0,0,16.17,0.26743,0.59698,1.0262
0,0,0,0,16.18,0.27403,0.59678,1.0239
0,0,0,0,16.19,0.28048,0.59652,1.0214
0,0,0,0,16.2,0.28675,0.59616,1.019
0,0,0,0,16.21,0.29317,0.59558,1.0166
0,0,0,0,16.22,0.29947,0.59496,1.0141
0,0,0,0,16.23,0.30579,0.59393,1.0116
0,0,0,0,16.24,0.31192,0.593,1.0092
0,0,0,0,16.25,0.31795,0.59179,1.0066
0,0,0,0,16.26,0.32397,0.5903,1.0041
0,0,0,0,16.27,0.32986,0.58872,1.0016
0,0,0,0,16.28,0.33567,0.58716,0.99903
0,0,0,0,16.29,0.34151,0.58517,0.99642
0,0,0,0,16.3,0.34707,0.58323,0.99391
0,0,0,0,16.31,0.35264,0.58108,0.99132
0,0,0,0,16.32,0.35807,0.57872,0.98853
0,0,0,0,16.33,0.3632,0.5764,0.98592
0,0,0,0,16.34,0.3682,0.57388,0.98322
0,0,0,0,16.35,0.3731,0.57117,0.98055
0,0,0,0,16.36,0.37797,0.5684,0.97766
0,0,0,0,16.37,0.3826,0.5656,0.97476
0,0,0,0,16.38,0.38713,0.5625,0.97199
0,0,0,0,16.39,0.39143,0.55955,0.96895
0,0,0,0,16.4,0.39559,0.55623,0.9661
0,0,0,0,16.41,0.3998,0.55286,0.96292
0,0,0,0,16.42,0.40395,0.54937,0.96009
0,0,0,0,16.43,0.40789,0.5456,0.95731
0,0,0,0,16.44,0.4117,0.54189,0.95449
0,0,0,0,16.45,0.41541,0.53784,0.95152
0,0,0,0,16.46,0.4192,0.53358,0.94874
0,0,0,0,16.47,0.42298,0.5294,0.94603
0,0,0,0,16.48,0.4266,0.52507,0.94322
0,0,0,0,16.49,0.4302,0.5205,0.94057
0,0,0,0,16.5,0.43364,0.51584,0.93786
0,0,0,0,16.51,0.43702,0.511,0.93534
0,0,0,0,16.52,0.44039,0.50611,0.9327
0,0,0,0,16.53,0.44363,0.50124,0.93012
0,0,0,0,16.54,0.44669,0.49608,0.92757
0,0,0,0,16.55,0.44961,0.49084,0.92491
0,0,0,0,16.56,0.45237,0.48556,0.92235
0,0,0,0,16.57,0.45506,0.48011,0.91996
0,0,0,0,16.58,0.45766,0.47455,0.91728
0,0,0,0,16.59,0.45996,0.46901,0.91468
0,0,0,0,16.6,0.4619,0.46364,0.91193
0,0,0,0,16.61,0.46407,0.45768,0.90959
0,0,0,0,16.62,0.46615,0.45171,0.90722
0,0,0,0,16.63,0.46786,0.44587,0.90467
0,0,0,0,16.64,0.46942,0.43982,0.90202
0,0,0,0,16.65,0.4707,0.43385,0.89948
0,0,0,0,16.66,0.47178,0.42797,0.89694
0,0,0,0,16.67,0.47279,0.42206,0.89431
0,0,0,0,16.68,0.47365,0.41605,0.89178
0,0,0,0,16.69,0.47432,0.41002,0.88919
0,0,0,0,16.7,0.47465,0.40402,0.88655
0,0,0,0,16.71,0.47496,0.39801,0.88386
0,0,0,0,16.72,0.47491,0.39202,0.88135
0,0,0,0,16.73,0.47492,0.38617,0.87858
0,0,0,0,16.74,0.47413,0.38042,0.87591
0,0,0,0,16.75,0.47386,0.37424,0.87352
0,0,0,0,16.76,0.4734,0.36806,0.87096
0,0,0,0,16.77,0.47262,0.3618,0.86839
0,0,0,0,16.78,0.47166,0.35571,0.86578
0,0,0,0,16.79,0.4704,0.34957,0.86331
0,0,0,0,16.8,0.46885,0.34327,0.86081
0,0,0,0,16.81,0.46735,0.3368,0.8583
0,0,0,0,16.82,0.46566,0.3303,0.85603
0,0,0,0,16.83,0.46369,0.32382,0.85358
0,0,0,0,16.84,0.46142,0.31715,0.85139
0,0,0,0,16.85,0.45943,0.31026,0.84899
0,0,0,0,16.86,0.45696,0.3035,0.84695
0,0,0,0,16.87,0.45441,0.2966,0.84499
0,0,0,0,16.88,0.45157,0.28964,0.84283
0,0,0,0,16.89,0.44843,0.28268,0.84082
0,0,0,0,16.9,0.44527,0.27573,0.83884
0,0,0,0,16.91,0.44196,0.26858,0.83687
0,0,0,0,16.92,0.43848,0.26148,0.83497
0,0,0,0,16.93,NaN,NaN,NaN
0,0,0,0,16.94,NaN,NaN,NaN
0,0,0,0,16.95,NaN,NaN,NaN
0,0,0,0,16.96,NaN,NaN,NaN
0,0,0,0,16.97,NaN,NaN,NaN
0,0,0,0,16.98,NaN,NaN,NaN
0,0,0,0,16.99,NaN,NaN,NaN
0,0,0,0,17,NaN,NaN,NaN
0,0,0,0,17.01,NaN,NaN,NaN
0,0,0,0,17.02,NaN,NaN,NaN
0,0,0,0,17.03,NaN,NaN,NaN
0,0,0,0,17.04,NaN,NaN,NaN
0,0,0,0,17.05,NaN,NaN,NaN
0,0,0,0,17.06,NaN,NaN,NaN
0,0,0,0,17.07,NaN,NaN,NaN
0,0,0,0,17.08,NaN,NaN,NaN
0,0,0,0,17.09,NaN,NaN,NaN
0,0,0,0,17.1,NaN,NaN,NaN
0,0,0,0,17.11,NaN,NaN,NaN
0,0,0,0,17.12,NaN,NaN,NaN
0,0,0,0,17.13,NaN,NaN,NaN
0,0,0,0,17.14,0.32074,0.11241,0.79662
0,0,0,0,17.15,NaN,NaN,NaN
0,0,0,0,17.16,0.3072,0.099822,0.79339
0,0,0,0,17.17,0.29974,0.093862,0.79186
0,0,0,0,17.18,0.29243,0.087721,0.79033
0,0,0,0,17.19,0.28525,0.081605,0.78873
0,0,0,0,17.2,0.27769,0.075657,0.78737
0,0,0,0,17.21,0.27009,0.069778,0.78593
0,0,0,0,17.22,0.26261,0.063904,0.78458
0,0,0,0,17.23,0.25499,0.058118,0.78338
0,0,0,0,17.24,0.24737,0.05239,0.78219
0,0,0,0,17.25,0.23987,0.046639,0.78125
0,0,0,0,17.26,0.23256,0.041136,0.78033
0,0,0,0,17.27,0.22559,0.035587,0.77944
0,0,0,0,17.28,0.2186,0.030019,0.77869
0,0,0,0,17.29,0.21155,0.024626,0.77802
0,0,0,0,17.3,0.20437,0.019355,0.77729
0,0,0,0,17.31,0.19717,0.014206,0.7765
0,0,0,0,17.32,0.19004,0.00902,0.77572
0,0,0,0,17.33,0.18284,0.004078,0.77507
0,0,0,0,17.34,0.1758,-0.00079,0.77438
0,0,0,0,17.35,0.16885,-0.005524,0.77362
0,0,0,0,17.36,0.16162,-0.010053,0.77279
0,0,0,0,17.37,0.15422,-0.014295,0.772
0,0,0,0,17.38,0.14679,-0.018512,0.77109
0,0,0,0,17.39,0.13938,-0.022605,0.77016
0,0,0,0,17.4,0.1318,-0.026382,0.76942
0,0,0,0,17.41,0.12414,-0.030122,0.76857
0,0,0,0,17.42,0.11638,-0.033846,0.76768
0,0,0,0,17.43,0.10864,-0.037277,0.76684
0,0,0,0,17.44,0.10088,-0.040563,0.76601
0,0,0,0,17.45,0.093075,-0.043851,0.76501
0,0,0,0,17.46,0.085364,-0.047159,0.76402
0,0,0,0,17.47,0.077289,-0.050084,0.76331
0,0,0,0,17.48,0.069395,-0.052935,0.76248
0,0,0,0,17.49,0.061644,-0.055731,0.76163
0,0,0,0,17.5,0.053746,-0.058374,0.76086
0,0,0,0,17.51,0.045944,-0.060843,0.76015
0,0,0,0,17.52,0.038194,-0.06329,0.75932
0,0,0,0,17.53,0.030535,-0.06562,0.7587
0,0,0,0,17.54,0.022918,-0.06778,0.75804
0,0,0,0,17.55,0.015435,-0.069861,0.75741
0,0,0,0,17.56,0.007896,-0.071965,0.75689
0,0,0,0,17.57,0.000406,-0.073876,0.75638
0,0,0,0,17.58,-0.006851,-0.075533,0.75581
0,0,0,0,17.59,-0.013976,-0.077325,0.75537
0,0,0,0,17.6,-0.021262,-0.078919,0.75516
0,0,0,0,17.61,-0.028401,-0.080384,0.75485
0,0,0,0,17.62,-0.035295,-0.081721,0.75458
0,0,0,0,17.63,-0.042208,-0.082902,0.75432
0,0,0,0,17.64,-0.049042,-0.084088,0.75411
0,0,0,0,17.65,-0.055815,-0.085085,0.75397
0,0,0,0,17.66,-0.062363,-0.085894,0.75379
0,0,0,0,17.67,-0.06894,-0.086601,0.75372
0,0,0,0,17.68,-0.075479,-0.087123,0.75367
0,0,0,0,17.69,-0.08208,-0.08747,0.75357
0,0,0,0,17.7,-0.088509,-0.087698,0.75349
0,0,0,0,17.71,-0.094826,-0.087737,0.75347
0,0,0,0,17.72,-0.10106,-0.087602,0.75338
0,0,0,0,17.73,-0.10752,-0.087241,0.75346
0,0,0,0,17.74,-0.11377,-0.086763,0.75339
0,0,0,0,17.75,-0.11997,-0.086155,0.7533
0,0,0,0,17.76,-0.12596,-0.08542,0.75331
0,0,0,0,17.77,-0.13198,-0.084448,0.75318
0,0,0,0,17.78,-0.13816,-0.083337,0.75314
0,0,0,0,17.79,-0.14434,-0.082125,0.75313
0,0,0,0,17.8,-0.15048,-0.080827,0.75319
0,0,0,0,17.81,-0.15656,-0.07929,0.75318
0,0,0,0,17.82,-0.1624,-0.077675,0.7531
0,0,0,0,17.83,-0.16839,-0.075998,0.75321
0,0,0,0,17.84,-0.17456,-0.074141,0.75334
0,0,0,0,17.85,-0.1806,-0.072297,0.75341
0,0,0,0,17.86,-0.18662,-0.07027,0.75345
0,0,0,0,17.87,-0.19249,-0.068048,0.75349
0,0,0,0,17.88,-0.19848,-0.065849,0.75378
0,0,0,0,17.89,-0.20443,-0.063444,0.75394
0,0,0,0,17.9,-0.2103,-0.060999,0.75406
0,0,0,0,17.91,-0.21614,-0.058462,0.75415
0,0,0,0,17.92,-0.22201,-0.055782,0.75429
0,0,0,0,17.93,-0.22794,-0.052945,0.75458
0,0,0,0,17.94,-0.23389,-0.050048,0.75495
0,0,0,0,17.95,-0.23976,-0.047097,0.75523
0,0,0,0,17.96,-0.24572,-0.043893,0.75556
0,0,0,0,17.97,-0.25151,-0.040657,0.75598
0,0,0,0,17.98,-0.25714,-0.037321,0.75633
0,0,0,0,17.99,NaN,NaN,NaN
0,0,0,0,18,NaN,NaN,NaN
0,0,0,0,18.01,NaN,NaN,NaN
0,0,0,0,18.02,NaN,NaN,NaN
0,0,0,0,18.03,NaN,NaN,NaN
0,0,0,0,18.04,NaN,NaN,NaN
0,0,0,0,18.05,NaN,NaN,NaN
0,0,0,0,18.06,NaN,NaN,NaN
0,0,0,0,18.07,NaN,NaN,NaN
0,0,0,0,18.08,NaN,NaN,NaN
0,0,0,0,18.09,NaN,NaN,NaN
0,0,0,0,18.1,-0.32547,0.010061,0.76301
0,0,0,0,18.11,NaN,NaN,NaN
0,0,0,0,18.12,-0.33684,0.018805,0.76469
0,0,0,0,18.13,NaN,NaN,NaN
0,0,0,0,18.14,-0.34818,0.027847,0.76654
0,0,0,0,18.15,NaN,NaN,NaN
0,0,0,0,18.16,-0.35935,0.037059,0.76832
0,0,0,0,18.17,NaN,NaN,NaN
0,0,0,0,18.18,-0.37047,0.046424,0.77025
0,0,0,0,18.19,NaN,NaN,NaN
0,0,0,0,18.2,-0.38161,0.056063,0.77248
0,0,0,0,18.21,NaN,NaN,NaN
0,0,0,0,18.22,-0.39282,0.065894,0.77457
0,0,0,0,18.23,NaN,NaN,NaN
0,0,0,0,18.24,-0.4041,0.07591,0.77683
0,0,0,0,18.25,NaN,NaN,NaN
0,0,0,0,18.26,-0.41512,0.086104,0.77921
0,0,0,0,18.27,NaN,NaN,NaN
0,0,0,0,18.28,-0.42599,0.096527,0.78148
0,0,0,0,18.29,NaN,NaN,NaN
0,0,0,0,18.3,-0.43719,0.10717,0.78399
0,0,0,0,18.31,NaN,NaN,NaN
0,0,0,0,18.32,-0.4479,0.11795,0.78635
0,0,0,0,18.33,NaN,NaN,NaN
0,0,0,0,18.34,-0.45898,0.12891,0.78897
0,0,0,0,18.35,NaN,NaN,NaN
0,0,0,0,18.36,-0.46992,0.1401,0.79161
0,0,0,0,18.37,-0.47518,0.14569,0.79278
0,0,0,0,18.38,-0.48056,0.15126,0.79427
0,0,0,0,18.39,-0.48594,0.15688,0.79569
0,0,0,0,18.4,-0.49123,0.16247,0.79712
0,0,0,0,18.41,-0.49653,0.16814,0.79855
0,0,0,0,18.42,-0.50195,0.17381,0.80005
0,0,0,0,18.43,-0.50733,0.17941,0.80155
0,0,0,0,18.44,-0.51275,0.18496,0.80316
0,0,0,0,18.45,-0.51794,0.19068,0.80462
0,0,0,0,18.46,-0.52323,0.19634,0.80629
0,0,0,0,18.47,-0.52853,0.20197,0.80784
0,0,0,0,18.48,-0.5337,0.20756,0.80945
0,0,0,0,18.49,-0.5389,0.21308,0.81117
0,0,0,0,18.5,-0.54413,0.2188,0.81269
0,0,0,0,18.51,-0.54937,0.22458,0.8144
0,0,0,0,18.52,-0.55444,0.23032,0.81605
0,0,0,0,18.53,-0.55956,0.23591,0.81795
0,0,0,0,18.54,-0.56459,0.24148,0.81978
0,0,0,0,18.55,-0.56946,0.2471,0.82155
0,0,0,0,18.56,-0.57443,0.25294,0.82331
0,0,0,0,18.57,-0.5793,0.25871,0.82513
0,0,0,0,18.58,-0.58409,0.26443,0.82706
0,0,0,0,18.59,-0.58889,0.27007,0.82899
0,0,0,0,18.6,-0.5935,0.27579,0.83084
0,0,0,0,18.61,-0.59819,0.28153,0.83288
0,0,0,0,18.62,-0.60274,0.28729,0.83477
0,0,0,0,18.63,-0.60742,0.29306,0.83668
0,0,0,0,18.64,-0.61201,0.29875,0.83863
0,0,0,0,18.65,-0.61654,0.30444,0.84053
0,0,0,0,18.66,-0.62106,0.31023,0.84249
0,0,0,0,18.67,-0.62543,0.31587,0.84437
0,0,0,0,18.68,-0.63,0.32147,0.84648
0,0,0,0,18.69,-0.63448,0.32712,0.84845
0,0,0,0,18.7,-0.63894,0.33275,0.85046
0,0,0,0,18.71,-0.64328,0.33822,0.85249
0,0,0,0,18.72,-0.64748,0.34389,0.85438
0,0,0,0,18.73,-0.65184,0.34944,0.8565
0,0,0,0,18.74,-0.65607,0.35489,0.85843
0,0,0,0,18.75,-0.6603,0.36036,0.86041
0,0,0,0,18.76,-0.66427,0.36585,0.86257
0,0,0,0,18.77,-0.66831,0.37129,0.86472
0,0,0,0,18.78,-0.67209,0.37667,0.86677
0,0,0,0,18.79,-0.67594,0.38191,0.86897
0,0,0,0,18.8,-0.67981,0.38728,0.87106
0,0,0,0,18.81,-0.6835,0.39276,0.87302
0,0,0,0,18.82,-0.68697,0.39799,0.87514
0,0,0,0,18.83,-0.69044,0.40317,0.87736
0,0,0,0,18.84,-0.69403,0.40869,0.87954
0,0,0,0,18.85,-0.69727,0.41373,0.8818
0,0,0,0,18.86,-0.70074,0.41895,0.88403
0,0,0,0,18.87,-0.70409,0.42429,0.88602
0,0,0,0,18.88,-0.70728,0.42945,0.88826
0,0,0,0,18.89,-0.71043,0.4347,0.89035
0,0,0,0,18.9,-0.71354,0.44006,0.89242
0,0,0,0,18.91,-0.71664,0.44534,0.89463
0,0,0,0,18.92,-0.71948,0.45052,0.89669
0,0,0,0,18.93,-0.7224,0.45585,0.89865
0,0,0,0,18.94,-0.72523,0.46083,0.90093
0,0,0,0,18.95,-0.72798,0.46607,0.90301
0,0,0,0,18.96,-0.73061,0.47138,0.90497
0,0,0,0,18.97,-0.73306,0.47632,0.90723
0,0,0,0,18.98,-0.73551,0.48139,0.90938
0,0,0,0,18.99,-0.73804,0.48651,0.91144
0,0,0,0,19,-0.74045,0.49162,0.9136
0,0,0,0,19.01,-0.74282,0.49685,0.91556
0,0,0,0,19.02,-0.74495,0.50199,0.91758
0,0,0,0,19.03,-0.74704,0.50705,0.91976
0,0,0,0,19.04,-0.74898,0.5121,0.9218
0,0,0,0,19.05,-0.75093,0.51722,0.92401
0,0,0,0,19.06,-0.75246,0.52226,0.92619
0,0,0,0,19.07,-0.75407,0.52737,0.92826
0,0,0,0,19.08,-0.75583,0.53241,0.93045
0,0,0,0,19.09,-0.75738,0.53757,0.93245
0,0,0,0,19.1,-0.75855,0.54248,0.93459
0,0,0,0,19.11,-0.75986,0.54772,0.93681
0,0,0,0,19.12,-0.76115,0.55282,0.93888
0,0,0,0,19.13,-0.76218,0.5575,0.94127
0,0,0,0,19.14,-0.76312,0.5624,0.94342
0,0,0,0,19.15,-0.76409,0.56762,0.94528
0,0,0,0,19.16,-0.7648,0.57254,0.94769
0,0,0,0,19.17,-0.76525,0.57755,0.94991
0,0,0,0,19.18,-0.76595,0.58283,0.95202
0,0,0,0,19.19,-0.76632,0.58761,0.95427
0,0,0,0,19.2,-0.76666,0.59251,0.95636
0,0,0,0,19.21,-0.76692,0.5975,0.95859
0,0,0,0,19.22,-0.76702,0.60247,0.96079
0,0,0,0,19.23,-0.76722,0.60757,0.963
0,0,0,0,19.24,-0.76742,0.61291,0.96513
0,0,0,0,19.25,-0.76738,0.61813,0.96719
0,0,0,0,19.26,-0.76677,0.62267,0.96957
0,0,0,0,19.27,-0.76654,0.62777,0.97165
0,0,0,0,19.28,-0.76607,0.63283,0.97375
0,0,0,0,19.29,-0.76549,0.6374,0.97605
0,0,0,0,19.3,-0.7649,0.64227,0.97823
0,0,0,0,19.31,-0.76334,0.64712,0.98038
0,0,0,0,19.32,-0.76306,0.6521,0.98267
0,0,0,0,19.33,-0.76244,0.65703,0.9849
0,0,0,0,19.34,-0.76127,0.66182,0.98703
0,0,0,0,19.35,-0.76026,0.66675,0.98913
0,0,0,0,19.36,-0.75899,0.67143,0.99162
0,0,0,0,19.37,-0.75762,0.676,0.99393
0,0,0,0,19.38,-0.75622,0.68056,0.99606
0,0,0,0,19.39,-0.75469,0.68505,0.9985
0,0,0,0,19.4,-0.75294,0.68933,1.0009
0,0,0,0,19.41,-0.75112,0.69347,1.0033
0,0,0,0,19.42,-0.74935,0.69744,1.0056
0,0,0,0,19.43,-0.74743,0.70135,1.008
0,0,0,0,19.44,-0.74544,0.7054,1.0104
0,0,0,0,19.45,-0.74319,0.7086,1.013
0,0,0,0,19.46,-0.74094,0.71186,1.0154
0,0,0,0,19.47,-0.73856,0.7153,1.0177
0,0,0,0,19.48,-0.73602,0.71843,1.0202
0,0,0,0,19.49,-0.73344,0.72139,1.0227
0,0,0,0,19.5,-0.73069,0.72472,1.0251
0,0,0,0,19.51,-0.728,0.72755,1.0276
0,0,0,0,19.52,-0.72506,0.73035,1.0299
0,0,0,0,19.53,-0.72189,0.73334,1.0321
0,0,0,0,19.54,-0.71899,0.73615,1.0346
0,0,0,0,19.55,-0.71578,0.73906,1.0369
0,0,0,0,19.56,-0.71238,0.74154,1.0393
0,0,0,0,19.57,-0.70927,0.74418,1.0415
0,0,0,0,19.58,-0.70593,0.74694,1.0437
0,0,0,0,19.59,-0.70235,0.74979,1.046
0,0,0,0,19.6,-0.69894,0.75224,1.0481
0,0,0,0,19.61,-0.69528,0.75445,1.0502
0,0,0,0,19.62,-0.69153,0.75684,1.0526
0,0,0,0,19.63,-0.68776,0.75953,1.0546
0,0,0,0,19.64,-0.68378,0.76194,1.0566
0,0,0,0,19.65,-0.67997,0.76438,1.0587
0,0,0,0,19.66,-0.67604,0.76658,1.0607
0,0,0,0,19.67,-0.67188,0.76859,1.0627
0,0,0,0,19.68,-0.66754,0.77085,1.0644
0,0,0,0,19.69,-0.66336,0.77268,1.0666
0,0,0,0,19.7,-0.65893,0.77422,1.0689
0,0,0,0,19.71,-0.65465,0.77621,1.0706
0,0,0,0,19.72,-0.65023,0.77818,1.0726
0,0,0,0,19.73,-0.64542,0.77921,1.0746
0,0,0,0,19.74,-0.64073,0.78087,1.0764
0,0,0,0,19.75,-0.63607,0.78228,1.0783
0,0,0,0,19.76,-0.63097,0.78321,1.0803
0,0,0,0,19.77,-0.62602,0.78431,1.082
0,0,0,0,19.78,-0.62092,0.78518,1.084
0,0,0,0,19.79,-0.61538,0.7859,1.086
0,0,0,0,19.8,-0.61073,0.78684,1.0878
0,0,0,0,19.81,-0.60529,0.78721,1.0898
0,0,0,0,19.82,-0.59984,0.78756,1.0917
0,0,0,0,19.83,-0.59467,0.78797,1.0935
0,0,0,0,19.84,-0.5892,0.78802,1.0956
0,0,0,0,19.85,-0.58363,0.78811,1.0976
0,0,0,0,19.86,-0.57796,0.78794,1.0994
0,0,0,0,19.87,-0.57233,0.78752,1.1014
0,0,0,0,19.88,-0.56663,0.78713,1.1034
0,0,0,0,19.89,-0.56083,0.78661,1.1055
0,0,0,0,19.9,-0.55459,0.78577,1.1075
0,0,0,0,19.91,-0.54886,0.78512,1.1095
0,0,0,0,19.92,-0.54288,0.78426,1.1115
0,0,0,0,19.93,-0.53682,0.78334,1.1135
0,0,0,0,19.94,-0.53052,0.78237,1.1156
0,0,0,0,19.95,-0.5241,0.78117,1.1177
0,0,0,0,19.96,-0.51821,0.78009,1.1196
0,0,0,0,19.97,-0.51187,0.77896,1.1215
0,0,0,0,19.98,-0.50546,0.77758,1.1236
0,0,0,0,19.99,-0.4989,0.77606,1.1257
0,0,0,0,20,-0.49255,0.77474,1.1276
0,0,0,0,20.01,-0.48606,0.77315,1.1296
0,0,0,0,20.02,-0.47943,0.77152,1.1316
0,0,0,0,20.03,-0.47257,0.76985,1.1336
0,0,0,0,20.04,-0.46589,0.76798,1.1356
0,0,0,0,20.05,-0.4589,0.76597,1.1376
0,0,0,0,20.06,-0.45199,0.76403,1.1396
0,0,0,0,20.07,-0.44529,0.76189,1.1415
0,0,0,0,20.08,-0.43829,0.75956,1.1435
0,0,0,0,20.09,-0.43111,0.75699,1.1456
0,0,0,0,20.1,-0.42417,0.75416,1.1477
0,0,0,0,20.11,-0.41724,0.75116,1.1497
0,0,0,0,20.12,-0.41013,0.74788,1.1517
0,0,0,0,20.13,-0.40287,0.74436,1.1538
0,0,0,0,20.14,-0.39548,0.74061,1.1558
0,0,0,0,20.15,-0.38816,0.73662,1.1578
0,0,0,0,20.16,-0.38105,0.73261,1.1598
0,0,0,0,20.17,-0.3737,0.72842,1.1616
0,0,0,0,20.18,-0.3664,0.72414,1.1633
0,0,0,0,20.19,-0.3584,0.71971,1.1649
0,0,0,0,20.2,-0.351,0.71523,1.1665
0,0,0,0,20.21,-0.34419,0.71064,1.1682
0,0,0,0,20.22,-0.33673,0.70578,1.1701
0,0,0,0,20.23,-0.32923,0.70097,1.1718
0,0,0,0,20.24,-0.32203,0.69619,1.1733
0,0,0,0,20.25,-0.31454,0.69119,1.1748
0,0,0,0,20.26,-0.30702,0.68606,1.1764
0,0,0,0,20.27,-0.29923,0.68092,1.1777
0,0,0,0,20.28,-0.29179,0.67567,1.1793
0,0,0,0,20.29,-0.28397,0.67036,1.1806
0,0,0,0,20.3,-0.27663,0.665,1.1818
0,0,0,0,20.31,-0.26885,0.65929,1.1832
0,0,0,0,20.32,-0.26112,0.65368,1.1845
0,0,0,0,20.33,-0.25345,0.64816,1.1856
0,0,0,0,20.34,-0.24551,0.64226,1.1869
0,0,0,0,20.35,-0.23785,0.63639,1.188
0,0,0,0,20.36,-0.23033,0.63023,1.1892
0,0,0,0,20.37,-0.22235,0.62392,1.1907
0,0,0,0,20.38,-0.21443,0.61766,1.1919
0,0,0,0,20.39,-0.20611,0.61107,1.1928
0,0,0,0,20.4,-0.19823,0.60424,1.1939
0,0,0,0,20.41,-0.19046,0.5975,1.1948
0,0,0,0,20.42,-0.18218,0.59024,1.196
0,0,0,0,20.43,-0.17403,0.58291,1.197
0,0,0,0,20.44,-0.16602,0.57547,1.198
0,0,0,0,20.45,-0.15798,0.56767,1.1992
0,0,0,0,20.46,-0.14979,0.55963,1.2002
0,0,0,0,20.47,-0.14156,0.5515,1.2011
0,0,0,0,20.48,-0.13352,0.54321,1.2021
0,0,0,0,20.49,-0.12545,0.53448,1.2034
0,0,0,0,20.5,-0.11741,0.52563,1.2044
0,0,0,0,20.51,-0.10913,0.51673,1.2053
0,0,0,0,20.52,-0.10086,0.50766,1.2063
0,0,0,0,20.53,-0.092585,0.4984,1.2073
0,0,0,0,20.54,-0.08438,0.48888,1.2082
0,0,0,0,20.55,-0.076176,0.47935,1.2092
0,0,0,0,20.56,-0.067824,0.46964,1.2101
0,0,0,0,20.57,-0.059663,0.45976,1.2111
0,0,0,0,20.58,-0.051422,0.44974,1.212
0,0,0,0,20.59,-0.04299,0.43955,1.2128
0,0,0,0,20.6,NaN,NaN,NaN
0,0,0,0,20.61,NaN,NaN,NaN
0,0,0,0,20.62,NaN,NaN,NaN
0,0,0,0,20.63,NaN,NaN,NaN
0,0,0,0,20.64,NaN,NaN,NaN
0,0,0,0,20.65,NaN,NaN,NaN
0,0,0,0,20.66,NaN,NaN,NaN
0,0,0,0,20.67,NaN,NaN,NaN
0,0,0,0,20.68,0.031331,0.34128,1.2202
0,0,0,0,20.69,NaN,NaN,NaN
0,0,0,0,20.7,0.048037,0.31826,1.2217
0,0,0,0,20.71,NaN,NaN,NaN
0,0,0,0,20.72,NaN,NaN,NaN
0,0,0,0,20.73,NaN,NaN,NaN
0,0,0,0,20.74,NaN,NaN,NaN
0,0,0,0,20.75,NaN,NaN,NaN
0,0,0,0,20.76,NaN,NaN,NaN
0,0,0,0,20.77,NaN,NaN,NaN
0,0,0,0,20.78,NaN,NaN,NaN
0,0,0,0,20.79,NaN,NaN,NaN
0,0,0,0,20.8,NaN,NaN,NaN
0,0,0,0,20.81,NaN,NaN,NaN
0,0,0,0,20.82,0.14765,0.17367,1.2293
0,0,0,0,20.83,NaN,NaN,NaN
0,0,0,0,20.84,0.16405,0.14882,1.2303
0,0,0,0,20.85,NaN,NaN,NaN
0,0,0,0,20.86,0.18018,0.12357,1.2316
0,0,0,0,20.87,NaN,NaN,NaN
0,0,0,0,20.88,0.19675,0.097939,1.2326
0,0,0,0,20.89,0.20474,0.084961,1.2332
0,0,0,0,20.9,0.2127,0.07201,1.2339
0,0,0,0,20.91,0.22096,0.058955,1.2344
0,0,0,0,20.92,0.22917,0.045795,1.235
0,0,0,0,20.93,0.23738,0.032723,1.2357
0,0,0,0,20.94,0.24543,0.019716,1.2364
0,0,0,0,20.95,0.25341,0.006668,1.237
0,0,0,0,20.96,0.26159,-0.00647,1.2377
0,0,0,0,20.97,0.26965,-0.019416,1.2383
0,0,0,0,20.98,0.27756,-0.032301,1.239
0,0,0,0,20.99,0.28539,-0.045011,1.2398
0,0,0,0,21,0.29333,-0.057599,1.2405
0,0,0,0,21.01,0.30127,-0.070146,1.2412
0,0,0,0,21.02,0.30913,-0.082471,1.2417
0,0,0,0,21.03,0.31691,-0.094655,1.2423
0,0,0,0,21.04,0.32476,-0.10687,1.2428
0,0,0,0,21.05,0.33245,-0.11881,1.2434
0,0,0,0,21.06,0.34011,-0.13079,1.2439
0,0,0,0,21.07,0.34767,-0.14277,1.2444
0,0,0,0,21.08,0.3552,-0.15476,1.245
0,0,0,0,21.09,0.36269,-0.16667,1.2455
0,0,0,0,21.1,0.37019,-0.17851,1.2462
0,0,0,0,21.11,0.37766,-0.19042,1.247
0,0,0,0,21.12,0.38505,-0.20236,1.2478
0,0,0,0,21.13,0.39249,-0.21432,1.2487
0,0,0,0,21.14,0.39985,-0.2262,1.2497
0,0,0,0,21.15,0.40715,-0.23808,1.2508
0,0,0,0,21.16,0.41443,-0.24998,1.2521
0,0,0,0,21.17,0.42167,-0.26187,1.2533
0,0,0,0,21.18,0.4289,-0.27364,1.2547
0,0,0,0,21.19,0.4363,-0.2855,1.2561
0,0,0,0,21.2,0.4436,-0.29733,1.2577
0,0,0,0,21.21,0.45084,-0.30894,1.2593
0,0,0,0,21.22,0.45799,-0.32036,1.2609
0,0,0,0,21.23,0.46501,-0.33156,1.2625
0,0,0,0,21.24,0.47209,-0.34263,1.2642
0,0,0,0,21.25,0.47931,-0.35354,1.2658
0,0,0,0,21.26,0.48633,-0.36419,1.2674
0,0,0,0,21.27,0.4933,-0.3745,1.2689
0,0,0,0,21.28,0.5002,-0.38455,1.2704
0,0,0,0,21.29,0.50719,-0.39438,1.2717
0,0,0,0,21.3,0.5141,-0.40397,1.273
0,0,0,0,21.31,0.52086,-0.41343,1.2743
0,0,0,0,21.32,0.52747,-0.4226,1.2755
0,0,0,0,21.33,0.5341,-0.43156,1.2767
0,0,0,0,21.34,0.54066,-0.44014,1.2778
0,0,0,0,21.35,0.54719,-0.44863,1.2789
0,0,0,0,21.36,0.55357,-0.45683,1.28
0,0,0,0,21.37,0.55988,-0.46493,1.2809
0,0,0,0,21.38,0.56617,-0.47286,1.2819
0,0,0,0,21.39,0.57239,-0.48065,1.283
0,0,0,0,21.4,0.57875,-0.48838,1.284
0,0,0,0,21.41,0.58488,-0.49587,1.2852
0,0,0,0,21.42,0.59105,-0.50325,1.2865
0,0,0,0,21.43,0.597,-0.5105,1.2878
0,0,0,0,21.44,0.60303,-0.51779,1.2891
0,0,0,0,21.45,0.60918,-0.52498,1.2904
0,0,0,0,21.46,0.61517,-0.53207,1.2918
0,0,0,0,21.47,0.62103,-0.53897,1.2934
0,0,0,0,21.48,0.62714,-0.5458,1.295
0,0,0,0,21.49,0.63308,-0.55247,1.2965
0,0,0,0,21.5,0.63882,-0.55895,1.298
0,0,0,0,21.51,0.64459,-0.56535,1.2996
0,0,0,0,21.52,0.65058,-0.57165,1.3012
0,0,0,0,21.53,0.65648,-0.57784,1.3028
0,0,0,0,21.54,0.66226,-0.58374,1.3044
0,0,0,0,21.55,0.66794,-0.58947,1.3059
0,0,0,0,21.56,0.6737,-0.59508,1.3075
0,0,0,0,21.57,0.67935,-0.60052,1.309
0,0,0,0,21.58,0.685,-0.60581,1.3106
0,0,0,0,21.59,0.69061,-0.61094,1.3121
0,0,0,0,21.6,0.6961,-0.61584,1.3136
0,0,0,0,21.61,0.70161,-0.62063,1.3151
0,0,0,0,21.62,0.70709,-0.62526,1.3165
0,0,0,0,21.63,0.71244,-0.62974,1.318
0,0,0,0,21.64,0.71789,-0.63416,1.3194
0,0,0,0,21.65,0.72294,-0.63825,1.3207
0,0,0,0,21.66,0.72848,-0.64238,1.3221
0,0,0,0,21.67,0.73389,-0.64642,1.3235
0,0,0,0,21.68,0.73921,-0.65018,1.3247
0,0,0,0,21.69,0.7445,-0.65391,1.3261
0,0,0,0,21.7,0.74967,-0.65749,1.3274
0,0,0,0,21.71,0.75462,-0.66097,1.3287
0,0,0,0,21.72,0.75974,-0.66426,1.33
0,0,0,0,21.73,0.76493,-0.6674,1.3312
0,0,0,0,21.74,0.76999,-0.6705,1.3325
0,0,0,0,21.75,0.77493,-0.67352,1.3337
0,0,0,0,21.76,0.77983,-0.67652,1.3349
0,0,0,0,21.77,0.78477,-0.67939,1.3362
0,0,0,0,21.78,0.78975,-0.68204,1.3375
0,0,0,0,21.79,0.79468,-0.68473,1.3386
0,0,0,0,21.8,0.79951,-0.6874,1.3398
0,0,0,0,21.81,0.80421,-0.68989,1.341
0,0,0,0,21.82,0.80901,-0.6922,1.3422
0,0,0,0,21.83,0.81385,-0.69456,1.3434
0,0,0,0,21.84,0.81855,-0.69685,1.3445
0,0,0,0,21.85,0.82318,-0.69902,1.3456
0,0,0,0,21.86,0.8277,-0.7011,1.3467
0,0,0,0,21.87,0.83232,-0.70313,1.3478
0,0,0,0,21.88,0.83684,-0.70514,1.3489
0,0,0,0,21.89,0.84116,-0.70708,1.35
0,0,0,0,21.9,0.84545,-0.70896,1.351
0,0,0,0,21.91,0.84977,-0.71077,1.3521
0,0,0,0,21.92,0.85419,-0.71248,1.353
0,0,0,0,21.93,0.8583,-0.71409,1.354
0,0,0,0,21.94,0.86221,-0.71571,1.355
0,0,0,0,21.95,0.86607,-0.71739,1.356
0,0,0,0,21.96,0.86999,-0.71907,1.3571
0,0,0,0,21.97,0.87375,-0.72048,1.3579
0,0,0,0,21.98,0.87743,-0.7219,1.3588
0,0,0,0,21.99,0.88098,-0.72328,1.3596
0,0,0,0,22,0.8844,-0.72469,1.3604
0,0,0,0,22.01,0.88768,-0.72619,1.3615
0,0,0,0,22.02,0.89103,-0.72758,1.3623
0,0,0,0,22.03,0.89413,-0.72883,1.3632
0,0,0,0,22.04,0.89718,-0.73016,1.3641
0,0,0,0,22.05,0.90018,-0.73151,1.3649
0,0,0,0,22.06,0.90294,-0.7328,1.3656
0,0,0,0,22.07,0.90573,-0.73418,1.3665
0,0,0,0,22.08,0.90825,-0.73548,1.3674
0,0,0,0,22.09,0.91042,-0.73663,1.3683
0,0,0,0,22.1,0.91271,-0.73789,1.3692
0,0,0,0,22.11,0.91497,-0.73912,1.3699
0,0,0,0,22.12,0.917,-0.7402,1.3706
0,0,0,0,22.13,0.91847,-0.74125,1.3715
0,0,0,0,22.14,0.92046,-0.74253,1.3724
0,0,0,0,22.15,0.92224,-0.74361,1.3733
0,0,0,0,22.16,0.92391,-0.74467,1.3742
0,0,0,0,22.17,0.92557,-0.7457,1.3752
0,0,0,0,22.18,0.92703,-0.74676,1.3761
0,0,0,0,22.19,0.92844,-0.74784,1.3771
0,0,0,0,22.2,0.92978,-0.74881,1.3781
0,0,0,0,22.21,0.93095,-0.7498,1.3792
0,0,0,0,22.22,0.93221,-0.75076,1.3803
0,0,0,0,22.23,0.93324,-0.7517,1.3813
0,0,0,0,22.24,0.93405,-0.75268,1.3825
0,0,0,0,22.25,0.93463,-0.75351,1.3837
0,0,0,0,22.26,0.93531,-0.75426,1.3848
0,0,0,0,22.27,0.93592,-0.75506,1.3859
0,0,0,0,22.28,0.9363,-0.75581,1.3871
0,0,0,0,22.29,0.93655,-0.75658,1.3884
0,0,0,0,22.3,0.93676,-0.75735,1.3896
0,0,0,0,22.31,0.93688,-0.75811,1.3907
0,0,0,0,22.32,0.93669,-0.75878,1.3919
0,0,0,0,22.33,0.93639,-0.75945,1.393
0,0,0,0,22.34,0.93585,-0.76011,1.3941
0,0,0,0,22.35,0.935,-0.76079,1.3953
0,0,0,0,22.36,0.93426,-0.7613,1.3963
0,0,0,0,22.37,0.93338,-0.76181,1.3974
0,0,0,0,22.38,0.9322,-0.76233,1.3984
0,0,0,0,22.39,0.93075,-0.76293,1.3994
0,0,0,0,22.4,0.92889,-0.76346,1.4005
0,0,0,0,22.41,0.92738,-0.76404,1.4014
0,0,0,0,22.42,0.92562,-0.76464,1.4023
0,0,0,0,22.43,0.92354,-0.76509,1.4032
0,0,0,0,22.44,0.92146,-0.76558,1.4041
0,0,0,0,22.45,0.91914,-0.76607,1.405
0,0,0,0,22.46,0.91657,-0.76658,1.4059
0,0,0,0,22.47,0.91388,-0.76704,1.4067
0,0,0,0,22.48,0.91098,-0.76738,1.4075
0,0,0,0,22.49,0.90818,-0.7677,1.4081
0,0,0,0,22.5,0.90516,-0.76814,1.4089
0,0,0,0,22.51,0.9018,-0.76852,1.4098
0,0,0,0,22.52,0.89843,-0.76883,1.4107
0,0,0,0,22.53,0.89492,-0.76919,1.4114
0,0,0,0,22.54,0.89138,-0.76946,1.4122
0,0,0,0,22.55,0.8876,-0.76966,1.4129
0,0,0,0,22.56,0.88383,-0.76979,1.4135
0,0,0,0,22.57,0.87952,-0.76984,1.4143
0,0,0,0,22.58,0.87542,-0.77003,1.4151
0,0,0,0,22.59,0.87123,-0.77,1.4157
0,0,0,0,22.6,0.86711,-0.76997,1.4164
0,0,0,0,22.61,0.86279,-0.76985,1.4171
0,0,0,0,22.62,0.85832,-0.76971,1.4178
0,0,0,0,22.63,0.85374,-0.76944,1.4185
0,0,0,0,22.64,0.84896,-0.76903,1.4191
0,0,0,0,22.65,0.84404,-0.76863,1.4197
0,0,0,0,22.66,0.83908,-0.76822,1.4203
0,0,0,0,22.67,0.8338,-0.76768,1.4208
0,0,0,0,22.68,0.82854,-0.76715,1.4213
0,0,0,0,22.69,0.82329,-0.76648,1.4217
0,0,0,0,22.7,0.81786,-0.76572,1.4222
0,0,0,0,22.71,0.81213,-0.7649,1.4226
0,0,0,0,22.72,0.80622,-0.76408,1.4231
0,0,0,0,22.73,0.80015,-0.7632,1.4236
0,0,0,0,22.74,0.79424,-0.76213,1.4239
0,0,0,0,22.75,0.78817,-0.76103,1.4242
0,0,0,0,22.76,0.78154,-0.75986,1.4245
0,0,0,0,22.77,0.7752,-0.75871,1.4249
0,0,0,0,22.78,0.76888,-0.75752,1.4253
0,0,0,0,22.79,0.76234,-0.75622,1.4256
0,0,0,0,22.8,0.75568,-0.75487,1.4259
0,0,0,0,22.81,0.74895,-0.7535,1.4263
0,0,0,0,22.82,0.74226,-0.75206,1.4266
0,0,0,0,22.83,0.73553,-0.75051,1.4269
0,0,0,0,22.84,0.72843,-0.74889,1.4273
0,0,0,0,22.85,0.72118,-0.74723,1.4277
0,0,0,0,22.86,0.71418,-0.7456,1.4281
0,0,0,0,22.87,0.70701,-0.74388,1.4284
0,0,0,0,22.88,0.69972,-0.74204,1.4289
0,0,0,0,22.89,0.69239,-0.74015,1.4293
0,0,0,0,22.9,0.68502,-0.7381,1.4296
0,0,0,0,22.91,0.67743,-0.73605,1.43
0,0,0,0,22.92,0.66942,-0.7338,1.4304
0,0,0,0,22.93,0.6619,-0.73153,1.4307
0,0,0,0,22.94,0.65438,-0.72914,1.4311
0,0,0,0,22.95,0.64652,-0.72666,1.4315
0,0,0,0,22.96,0.63856,-0.72404,1.4317
0,0,0,0,22.97,0.63028,-0.72126,1.432
0,0,0,0,22.98,0.62205,-0.71833,1.4322
0,0,0,0,22.99,0.61416,-0.71542,1.4325
0,0,0,0,23,0.60613,-0.71239,1.4327
0,0,0,0,23.01,0.59748,-0.70908,1.4329
0,0,0,0,23.02,0.58934,-0.70577,1.4331
0,0,0,0,23.03,0.58107,-0.70224,1.4332
0,0,0,0,23.04,0.57243,-0.69858,1.4334
0,0,0,0,23.05,0.56376,-0.69476,1.4336
0,0,0,0,23.06,0.55537,-0.69099,1.4336
0,0,0,0,23.07,0.54687,-0.68695,1.4337
0,0,0,0,23.08,0.5382,-0.68274,1.4339
0,0,0,0,23.09,0.52956,-0.67845,1.4339
0,0,0,0,23.1,0.52077,-0.67402,1.434
0,0,0,0,23.11,0.51183,-0.66943,1.4341
0,0,0,0,23.12,0.50316,-0.66471,1.4341
0,0,0,0,23.13,0.4945,-0.65996,1.4341
0,0,0,0,23.14,0.4856,-0.65507,1.4342
0,0,0,0,23.15,0.4767,-0.65,1.4343
0,0,0,0,23.16,0.46786,-0.64487,1.4343
0,0,0,0,23.17,0.45879,-0.63961,1.4344
0,0,0,0,23.18,0.44988,-0.63426,1.4345
0,0,0,0,23.19,0.44099,-0.62885,1.4347
0,0,0,0,23.2,0.43191,-0.62331,1.4348
0,0,0,0,23.21,0.42278,-0.6177,1.4349
0,0,0,0,23.22,0.41399,-0.61216,1.4349
0,0,0,0,23.23,0.40492,-0.60632,1.4351
0,0,0,0,23.24,0.39561,-0.60037,1.4352
0,0,0,0,23.25,0.38643,-0.59439,1.4353
0,0,0,0,23.26,0.37717,-0.58826,1.4355
0,0,0,0,23.27,0.36816,-0.58226,1.4355
0,0,0,0,23.28,0.35886,-0.57592,1.4357
0,0,0,0,23.29,0.34987,-0.56954,1.4358
0,0,0,0,23.3,0.34061,-0.56286,1.436
0,0,0,0,23.31,0.33133,-0.5561,1.436
0,0,0,0,23.32,0.32208,-0.54921,1.436
0,0,0,0,23.33,0.31314,-0.54211,1.4355
0,0,0,0,23.34,0.30399,-0.53507,1.4357
0,0,0,0,23.35,0.29501,-0.52799,1.4359
0,0,0,0,23.36,0.28591,-0.5206,1.436
0,0,0,0,23.37,0.27682,-0.51306,1.436
0,0,0,0,23.38,0.26803,-0.50545,1.4359
0,0,0,0,23.39,0.259,-0.49774,1.4359
0,0,0,0,23.4,0.24979,-0.48989,1.436
0,0,0,0,23.41,0.24084,-0.48198,1.4358
0,0,0,0,23.42,0.23189,-0.47396,1.4359
0,0,0,0,23.43,0.22294,-0.46585,1.4361
0,0,0,0,23.44,0.21404,-0.45754,1.436
0,0,0,0,23.45,0.20513,-0.44918,1.436
0,0,0,0,23.46,0.19638,-0.44081,1.436
0,0,0,0,23.47,0.18764,-0.43232,1.4359
0,0,0,0,23.48,0.17885,-0.4237,1.4359
0,0,0,0,23.49,0.16975,-0.41467,1.4355
0,0,0,0,23.5,0.16107,-0.40591,1.4356
0,0,0,0,23.51,0.15237,-0.39708,1.4357
0,0,0,0,23.52,0.1434,-0.38796,1.4356
0,0,0,0,23.53,0.13452,-0.37873,1.4354
0,0,0,0,23.54,0.12599,-0.36954,1.4352
0,0,0,0,23.55,0.11746,-0.36023,1.4351
0,0,0,0,23.56,0.1085,-0.35077,1.4349
0,0,0,0,23.57,0.099682,-0.34128,1.4346
0,0,0,0,23.58,0.091074,-0.33156,1.4344
0,0,0,0,23.59,0.082199,-0.32166,1.4341
0,0,0,0,23.6,0.073477,-0.31179,1.4338
0,0,0,0,23.61,0.064799,-0.30183,1.4335
0,0,0,0,23.62,0.056171,-0.29178,1.4332
0,0,0,0,23.63,0.047564,-0.28169,1.4328
0,0,0,0,23.64,0.038924,-0.27146,1.4325
0,0,0,0,23.65,0.030234,-0.26111,1.4321
0,0,0,0,23.66,0.021645,-0.25064,1.4318
0,0,0,0,23.67,0.013122,-0.24017,1.4313
0,0,0,0,23.68,0.00439,-0.22958,1.4309
0,0,0,0,23.69,-0.004047,-0.21896,1.4303
0,0,0,0,23.7,-0.012402,-0.20824,1.4299
0,0,0,0,23.71,-0.020887,-0.19739,1.4295
0,0,0,0,23.72,-0.029316,-0.18648,1.429
0,0,0,0,23.73,-0.03761,-0.17559,1.4286
0,0,0,0,23.74,-0.045958,-0.16458,1.4281
0,0,0,0,23.75,-0.054294,-0.15346,1.4276
0,0,0,0,23.76,-0.062639,-0.14241,1.4272
0,0,0,0,23.77,-0.070776,-0.13125,1.4268
0,0,0,0,23.78,-0.079076,-0.12001,1.4263
0,0,0,0,23.79,-0.087315,-0.1088,1.4259
0,0,0,0,23.8,-0.095781,-0.097438,1.4256
0,0,0,0,23.81,-0.1039,-0.086173,1.4251
0,0,0,0,23.82,-0.11198,-0.074885,1.4248
0,0,0,0,23.83,-0.12025,-0.063466,1.4245
0,0,0,0,23.84,-0.12842,-0.052046,1.4241
0,0,0,0,23.85,-0.13642,-0.04071,1.4238
0,0,0,0,23.86,-0.14466,-0.029238,1.4235
0,0,0,0,23.87,-0.1528,-0.017764,1.4231
0,0,0,0,23.88,-0.16064,-0.006364,1.4228
0,0,0,0,23.89,-0.16873,0.005205,1.4225
0,0,0,0,23.9,-0.17688,0.01677,1.4222
0,0,0,0,23.91,-0.18496,0.028381,1.422
0,0,0,0,23.92,-0.19281,0.039958,1.4217
0,0,0,0,23.93,-0.20067,0.051677,1.4214
0,0,0,0,23.94,-0.20862,0.063449,1.4211
0,0,0,0,23.95,-0.21668,0.075224,1.4208
0,0,0,0,23.96,-0.2245,0.086985,1.4205
0,0,0,0,23.97,-0.23239,0.098864,1.4202
0,0,0,0,23.98,-0.24024,0.11077,1.4199
0,0,0,0,23.99,-0.24839,0.12286,1.4195
0,0,0,0,24,-0.25634,0.13491,1.4192
0,0,0,0,24.01,-0.2642,0.14697,1.4189
0,0,0,0,24.02,-0.27203,0.15895,1.4185
0,0,0,0,24.03,-0.27977,0.171,1.4181
0,0,0,0,24.04,-0.28773,0.18313,1.4177
0,0,0,0,24.05,-0.29567,0.19521,1.4174
0,0,0,0,24.06,-0.30337,0.20718,1.4171
0,0,0,0,24.07,-0.31096,0.2192,1.4168
0,0,0,0,24.08,-0.31865,0.2312,1.4166
0,0,0,0,24.09,-0.32638,0.24311,1.4164
0,0,0,0,24.1,-0.33403,0.25496,1.4162
0,0,0,0,24.11,-0.34152,0.2667,1.4161
0,0,0,0,24.12,-0.34902,0.27829,1.416
0,0,0,0,24.13,-0.35645,0.28978,1.4159
0,0,0,0,24.14,-0.36383,0.30117,1.4158
0,0,0,0,24.15,-0.37126,0.3125,1.4157
0,0,0,0,24.16,-0.37865,0.32372,1.4157
0,0,0,0,24.17,-0.38598,0.33497,1.4156
0,0,0,0,24.18,-0.39328,0.34623,1.4155
0,0,0,0,24.19,-0.40055,0.35744,1.4154
0,0,0,0,24.2,-0.40775,0.36862,1.4154
0,0,0,0,24.21,-0.41489,0.37985,1.4153
0,0,0,0,24.22,-0.42198,0.39114,1.4152
0,0,0,0,24.23,-0.429,0.40246,1.4151
0,0,0,0,24.24,-0.43579,0.41371,1.4151
0,0,0,0,24.25,-0.44258,0.42512,1.4151
0,0,0,0,24.26,-0.44904,0.43645,1.4151
0,0,0,0,24.27,-0.45536,0.44776,1.4151
0,0,0,0,24.28,-0.46163,0.45911,1.4151
0,0,0,0,24.29,-0.46777,0.4704,1.4152
0,0,0,0,24.3,-0.47378,0.48169,1.4152
0,0,0,0,24.31,-0.47969,0.49296,1.4152
0,0,0,0,24.32,-0.48533,0.50411,1.4152
0,0,0,0,24.33,-0.49096,0.51523,1.4153
0,0,0,0,24.34,-0.49667,0.52623,1.4153
0,0,0,0,24.35,-0.50208,0.53706,1.4154
0,0,0,0,24.36,-0.50733,0.54766,1.4155
0,0,0,0,24.37,-0.51273,0.55812,1.4156
0,0,0,0,24.38,-0.51807,0.56837,1.4158
0,0,0,0,24.39,-0.52326,0.57855,1.4157
0,0,0,0,24.4,-0.52836,0.58824,1.416
0,0,0,0,24.41,-0.53325,0.59796,1.4159
0,0,0,0,24.42,-0.53811,0.60754,1.4156
0,0,0,0,24.43,-0.54306,0.61683,1.416
0,0,0,0,24.44,-0.54817,0.6258,1.4165
0,0,0,0,24.45,-0.55324,0.6346,1.4168
0,0,0,0,24.46,-0.55796,0.64313,1.4169
0,0,0,0,24.47,-0.5626,0.65134,1.417
0,0,0,0,24.48,-0.56727,0.65947,1.417
0,0,0,0,24.49,-0.57199,0.66725,1.4172
0,0,0,0,24.5,-0.5766,0.67466,1.4173
0,0,0,0,24.51,-0.58105,0.68171,1.4173
0,0,0,0,24.52,-0.58549,0.68882,1.4171
0,0,0,0,24.53,-0.58991,0.69577,1.4169
0,0,0,0,24.54,-0.59428,0.70232,1.4168
0,0,0,0,24.55,-0.59866,0.70874,1.4166
0,0,0,0,24.56,-0.60273,0.71515,1.4162
0,0,0,0,24.57,-0.60694,0.7217,1.4158
0,0,0,0,24.58,-0.61107,0.72811,1.4154
0,0,0,0,24.59,-0.61518,0.73436,1.415
0,0,0,0,24.6,-0.61909,0.74058,1.4147
0,0,0,0,24.61,-0.62275,0.74668,1.4141
0,0,0,0,24.62,-0.62649,0.75263,1.4134
0,0,0,0,24.63,-0.63005,0.75844,1.4129
0,0,0,0,24.64,-0.63358,0.76424,1.4123
0,0,0,0,24.65,-0.63688,0.76995,1.4116
0,0,0,0,24.66,-0.64003,0.77534,1.4108
0,0,0,0,24.67,-0.64238,0.78055,1.41
0,0,0,0,24.68,-0.64571,0.78565,1.4092
0,0,0,0,24.69,-0.64916,0.79058,1.4085
0,0,0,0,24.7,-0.65195,0.79514,1.4077
0,0,0,0,24.71,-0.65468,0.79967,1.4069
0,0,0,0,24.72,-0.65759,0.80389,1.4061
0,0,0,0,24.73,-0.66024,0.80788,1.4052
0,0,0,0,24.74,-0.66232,0.81173,1.4039
0,0,0,0,24.75,-0.66484,0.81532,1.4026
0,0,0,0,24.76,-0.66737,0.81856,1.4018
0,0,0,0,24.77,-0.66989,0.82179,1.4013
0,0,0,0,24.78,-0.67239,0.82456,1.4003
0,0,0,0,24.79,-0.67472,0.82714,1.3993
0,0,0,0,24.8,-0.67678,0.82964,1.3981
0,0,0,0,24.81,-0.67881,0.83168,1.3967
0,0,0,0,24.82,-0.68102,0.83345,1.3956
0,0,0,0,24.83,-0.68331,0.83544,1.3946
0,0,0,0,24.84,-0.68548,0.83713,1.3936
0,0,0,0,24.85,-0.68751,0.83821,1.3924
0,0,0,0,24.86,-0.68979,0.83922,1.3911
0,0,0,0,24.87,-0.69185,0.84009,1.3897
0,0,0,0,24.88,-0.69388,0.8406,1.3885
0,0,0,0,24.89,-0.69583,0.84102,1.3872
0,0,0,0,24.9,-0.69775,0.84124,1.3859
0,0,0,0,24.91,-0.69964,0.84123,1.3845
0,0,0,0,24.92,-0.70139,0.84106,1.383
0,0,0,0,24.93,-0.70351,0.84062,1.3818
0,0,0,0,24.94,-0.70563,0.83996,1.3805
0,0,0,0,24.95,-0.70765,0.83934,1.3792
0,0,0,0,24.96,-0.70896,0.83824,1.3778
0,0,0,0,24.97,-0.71097,0.83704,1.3763
0,0,0,0,24.98,-0.71292,0.83575,1.3748
0,0,0,0,24.99,-0.71478,0.83442,1.3735
0,0,0,0,25,-0.71688,0.83282,1.3721
0,0,0,0,25.01,-0.71864,0.83094,1.3704
0,0,0,0,25.02,-0.72038,0.82891,1.3689
0,0,0,0,25.03,-0.72227,0.82687,1.3675
0,0,0,0,25.04,-0.72406,0.82475,1.3661
0,0,0,0,25.05,-0.7257,0.82226,1.3644
0,0,0,0,25.06,-0.72723,0.81965,1.3628
0,0,0,0,25.07,-0.72911,0.81695,1.3612
0,0,0,0,25.08,-0.73105,0.8142,1.3597
0,0,0,0,25.09,-0.73212,0.81126,1.358
0,0,0,0,25.1,-0.73405,0.80821,1.3563
0,0,0,0,25.11,-0.73599,0.80492,1.3548
0,0,0,0,25.12,-0.73687,0.80144,1.3531
0,0,0,0,25.13,-0.73883,0.79802,1.3515
0,0,0,0,25.14,-0.74074,0.79449,1.3498
0,0,0,0,25.15,-0.74252,0.79076,1.3481
0,0,0,0,25.16,-0.74429,0.78685,1.3464
0,0,0,0,25.17,-0.7458,0.78296,1.3448
0,0,0,0,25.18,-0.74708,0.77895,1.3429
0,0,0,0,25.19,-0.74847,0.77452,1.3412
0,0,0,0,25.2,-0.7501,0.76987,1.3396
0,0,0,0,25.21,-0.75091,0.76527,1.3379
0,0,0,0,25.22,-0.75231,0.76068,1.3361
0,0,0,0,25.23,-0.75442,0.75602,1.3344
0,0,0,0,25.24,-0.75598,0.75142,1.3327
0,0,0,0,25.25,-0.75578,0.74607,1.331
0,0,0,0,25.26,-0.75742,0.74099,1.3291
0,0,0,0,25.27,-0.75982,0.73626,1.3273
0,0,0,0,25.28,-0.76143,0.73113,1.3256
0,0,0,0,25.29,-0.76243,0.72556,1.3236
0,0,0,0,25.3,-0.7634,0.71976,1.3217
0,0,0,0,25.31,-0.76498,0.71413,1.32
0,0,0,0,25.32,-0.76502,0.70817,1.318
0,0,0,0,25.33,-0.76577,0.70236,1.316
0,0,0,0,25.34,-0.76811,0.69646,1.3143
0,0,0,0,25.35,-0.76987,0.69029,1.3127
0,0,0,0,25.36,-0.77113,0.68401,1.3109
0,0,0,0,25.37,-0.77163,0.67769,1.3087
0,0,0,0,25.38,-0.77155,0.67097,1.307
0,0,0,0,25.39,-0.77314,0.66456,1.3052
0,0,0,0,25.4,-0.77495,0.65814,1.3033
0,0,0,0,25.41,-0.77612,0.6514,1.3014
0,0,0,0,25.42,-0.77618,0.64444,1.2995
0,0,0,0,25.43,-0.77737,0.63744,1.2977
0,0,0,0,25.44,-0.77872,0.6305,1.2957
0,0,0,0,25.45,-0.78004,0.62341,1.2938
0,0,0,0,25.46,-0.78125,0.61605,1.292
0,0,0,0,25.47,-0.78226,0.60865,1.2902
0,0,0,0,25.48,-0.78263,0.60106,1.2882
0,0,0,0,25.49,-0.78324,0.5933,1.2863
0,0,0,0,25.5,-0.78441,0.58556,1.2844
0,0,0,0,25.51,-0.7846,0.57771,1.2824
0,0,0,0,25.52,-0.78573,0.56985,1.2804
0,0,0,0,25.53,-0.78715,0.56186,1.2785
0,0,0,0,25.54,-0.78783,0.55363,1.2767
0,0,0,0,25.55,-0.78815,0.54535,1.2748
0,0,0,0,25.56,-0.78873,0.53699,1.2727
0,0,0,0,25.57,-0.7894,0.52826,1.2707
0,0,0,0,25.58,-0.79028,0.51945,1.2689
0,0,0,0,25.59,-0.7908,0.51076,1.2669
0,0,0,0,25.6,-0.79114,0.50184,1.2649
0,0,0,0,25.61,-0.79169,0.49275,1.2629
0,0,0,0,25.62,-0.79237,0.48384,1.2609
0,0,0,0,25.63,-0.79294,0.47473,1.2591
0,0,0,0,25.64,-0.79323,0.46503,1.257
0,0,0,0,25.65,-0.79367,0.45543,1.2548
0,0,0,0,25.66,-0.7943,0.44586,1.2528
0,0,0,0,25.67,-0.79488,0.43621,1.2508
0,0,0,0,25.68,-0.79522,0.42646,1.2488
0,0,0,0,25.69,-0.79513,0.41663,1.2466
0,0,0,0,25.7,-0.7958,0.40686,1.2444
0,0,0,0,25.71,-0.79641,0.397,1.2424
0,0,0,0,25.72,-0.7966,0.38699,1.2402
0,0,0,0,25.73,-0.79642,0.37684,1.2381
0,0,0,0,25.74,-0.79721,0.36677,1.2361
0,0,0,0,25.75,-0.79783,0.35657,1.2338
0,0,0,0,25.76,-0.79785,0.34622,1.2315
0,0,0,0,25.77,-0.79815,0.33576,1.2293
0,0,0,0,25.78,-0.79832,0.32519,1.227
0,0,0,0,25.79,-0.79856,0.31466,1.2248
0,0,0,0,25.8,-0.79875,0.30388,1.2227
0,0,0,0,25.81,-0.79899,0.29299,1.2204
0,0,0,0,25.82,-0.79928,0.28206,1.2181
0,0,0,0,25.83,NaN,NaN,NaN
0,0,0,0,25.84,NaN,NaN,NaN
0,0,0,0,25.85,NaN,NaN,NaN
0,0,0,0,25.86,NaN,NaN,NaN
0,0,0,0,25.87,NaN,NaN,NaN
0,0,0,0,25.88,NaN,NaN,NaN
0,0,0,0,25.89,NaN,NaN,NaN
0,0,0,0,25.9,NaN,NaN,NaN
0,0,0,0,25.91,NaN,NaN,NaN
0,0,0,0,25.92,-0.80087,0.16592,1.196
0,0,0,0,25.93,-0.80065,0.15392,1.1935
0,0,0,0,25.94,-0.80065,0.14171,1.1914
0,0,0,0,25.95,-0.80105,0.12948,1.1894
0,0,0,0,25.96,-0.80114,0.11722,1.187
0,0,0,0,25.97,-0.80112,0.10494,1.1846
0,0,0,0,25.98,-0.80114,0.092696,1.1824
0,0,0,0,25.99,-0.80117,0.08043,1.1802
0,0,0,0,26,-0.80128,0.068187,1.178
0,0,0,0,26.01,-0.80163,0.056093,1.1757
0,0,0,0,26.02,-0.80156,0.043746,1.1735
0,0,0,0,26.03,-0.80151,0.031468,1.1712
0,0,0,0,26.04,-0.80176,0.019362,1.1691
0,0,0,0,26.05,-0.80183,0.00705,1.1668
0,0,0,0,26.06,-0.80195,-0.005234,1.1645
0,0,0,0,26.07,-0.80233,-0.017363,1.1623
0,0,0,0,26.08,-0.80246,-0.029698,1.16
0,0,0,0,26.09,-0.80256,-0.04211,1.1577
0,0,0,0,26.1,-0.80313,-0.054379,1.1555
0,0,0,0,26.11,-0.80369,-0.06687,1.1533
0,0,0,0,26.12,-0.80403,-0.079558,1.1511
0,0,0,0,26.13,-0.80437,-0.092221,1.1489
0,0,0,0,26.14,-0.80502,-0.10483,1.1469
0,0,0,0,26.15,-0.80576,-0.11741,1.1449
0,0,0,0,26.16,-0.80659,-0.12999,1.1428
0,0,0,0,26.17,-0.80702,-0.14285,1.1406
0,0,0,0,26.18,-0.80784,-0.15573,1.1386
0,0,0,0,26.19,-0.80898,-0.16839,1.1367
0,0,0,0,26.2,-0.80989,-0.18123,1.1348
0,0,0,0,26.21,-0.81091,-0.19415,1.1329
0,0,0,0,26.22,-0.81174,-0.20728,1.131
0,0,0,0,26.23,-0.81219,-0.22043,1.1289
0,0,0,0,26.24,-0.81347,-0.23344,1.1271
0,0,0,0,26.25,-0.81534,-0.24631,1.1253
0,0,0,0,26.26,-0.81694,-0.25932,1.1236
0,0,0,0,26.27,-0.81844,-0.27244,1.1218
0,0,0,0,26.28,-0.82005,-0.28546,1.12
0,0,0,0,26.29,-0.82134,-0.29852,1.1181
0,0,0,0,26.3,-0.82244,-0.31158,1.1163
0,0,0,0,26.31,-0.82427,-0.32443,1.1148
0,0,0,0,26.32,-0.82622,-0.3372,1.1131
0,0,0,0,26.33,-0.82791,-0.34995,1.1115
0,0,0,0,26.34,-0.82947,-0.36267,1.1097
0,0,0,0,26.35,-0.83125,-0.37539,1.1081
0,0,0,0,26.36,-0.83275,-0.38816,1.1066
0,0,0,0,26.37,-0.83462,-0.40076,1.1051
0,0,0,0,26.38,-0.83675,-0.41332,1.1038
0,0,0,0,26.39,-0.83858,-0.42581,1.1022
0,0,0,0,26.4,-0.84043,-0.43828,1.1007
0,0,0,0,26.41,-0.84239,-0.45066,1.0994
0,0,0,0,26.42,-0.84437,-0.46305,1.0981
0,0,0,0,26.43,-0.84639,-0.47536,1.0968
0,0,0,0,26.44,-0.84839,-0.48759,1.0954
0,0,0,0,26.45,-0.85039,-0.49978,1.0939
0,0,0,0,26.46,-0.85264,-0.51173,1.0927
0,0,0,0,26.47,-0.85482,-0.52377,1.0915
0,0,0,0,26.48,-0.85707,-0.53576,1.0902
0,0,0,0,26.49,-0.85936,-0.5474,1.0889
0,0,0,0,26.5,-0.8616,-0.55895,1.0876
0,0,0,0,26.51,-0.86403,-0.57054,1.0865
0,0,0,0,26.52,-0.86629,-0.58194,1.085
0,0,0,0,26.53,-0.86868,-0.5933,1.0837
0,0,0,0,26.54,-0.87112,-0.60452,1.0825
0,0,0,0,26.55,-0.87368,-0.61572,1.0812
0,0,0,0,26.56,-0.87624,-0.62697,1.0801
0,0,0,0,26.57,-0.8787,-0.63817,1.0793
0,0,0,0,26.58,-0.88135,-0.64911,1.0783
0,0,0,0,26.59,-0.88379,-0.66021,1.0772
0,0,0,0,26.6,-0.88662,-0.67118,1.0762
0,0,0,0,26.61,-0.88905,-0.68179,1.075
0,0,0,0,26.62,-0.89218,-0.69221,1.0737
0,0,0,0,26.63,-0.89538,-0.70253,1.0727
0,0,0,0,26.64,-0.89798,-0.71297,1.0717
0,0,0,0,26.65,-0.90106,-0.72315,1.0706
0,0,0,0,26.66,-0.90453,-0.73315,1.0696
0,0,0,0,26.67,-0.90797,-0.74312,1.0685
0,0,0,0,26.68,-0.91119,-0.75273,1.0673
0,0,0,0,26.69,-0.9146,-0.76243,1.0662
0,0,0,0,26.7,-0.91794,-0.77189,1.0652
0,0,0,0,26.71,-0.92131,-0.78124,1.0641
0,0,0,0,26.72,-0.92448,-0.79055,1.0628
0,0,0,0,26.73,-0.92797,-0.79967,1.0615
0,0,0,0,26.74,-0.93164,-0.80863,1.0605
0,0,0,0,26.75,-0.93487,-0.81744,1.0597
0,0,0,0,26.76,-0.93812,-0.82611,1.0587
0,0,0,0,26.77,-0.94191,-0.83473,1.0578
0,0,0,0,26.78,-0.94536,-0.84303,1.0569
0,0,0,0,26.79,-0.94852,-0.85116,1.0558
0,0,0,0,26.8,-0.95191,-0.85926,1.0548
0,0,0,0,26.81,-0.9551,-0.86706,1.0541
0,0,0,0,26.82,-0.95839,-0.87462,1.0532
0,0,0,0,26.83,-0.96157,-0.88208,1.0523
0,0,0,0,26.84,-0.96472,-0.88923,1.0516
0,0,0,0,26.85,-0.96785,-0.89623,1.0508
0,0,0,0,26.86,-0.97097,-0.90316,1.0503
0,0,0,0,26.87,-0.97406,-0.90987,1.0494
0,0,0,0,26.88,-0.97704,-0.9164,1.0487
0,0,0,0,26.89,-0.9801,-0.92285,1.0483
0,0,0,0,26.9,-0.98298,-0.92914,1.0477
0,0,0,0,26.91,-0.98575,-0.93517,1.047
0,0,0,0,26.92,-0.98839,-0.94115,1.0465
0,0,0,0,26.93,-0.99101,-0.94695,1.0459
0,0,0,0,26.94,-0.99416,-0.95237,1.0454
0,0,0,0,26.95,-0.99712,-0.95759,1.0448
0,0,0,0,26.96,-0.99984,-0.96291,1.0442
0,0,0,0,26.97,-1.0026,-0.96796,1.0437
0,0,0,0,26.98,-1.0056,-0.97275,1.0432
0,0,0,0,26.99,-1.0083,-0.97744,1.0427
0,0,0,0,27,-1.011,-0.98185,1.0421
0,0,0,0,27.01,-1.0136,-0.98626,1.0416
0,0,0,0,27.02,-1.0163,-0.9906,1.0412
0,0,0,0,27.03,-1.0188,-0.99475,1.0407
0,0,0,0,27.04,-1.0214,-0.99862,1.04
0,0,0,0,27.05,-1.0241,-1.0023,1.0393
0,0,0,0,27.06,-1.0267,-1.0058,1.0387
0,0,0,0,27.07,-1.0295,-1.009,1.0381
0,0,0,0,27.08,-1.0321,-1.0122,1.0374
0,0,0,0,27.09,-1.0346,-1.0152,1.0367
0,0,0,0,27.1,-1.0375,-1.0176,1.0361
0,0,0,0,27.11,-1.0401,-1.0202,1.0354
0,0,0,0,27.12,-1.0424,-1.0227,1.0344
0,0,0,0,27.13,-1.0449,-1.0249,1.0336
0,0,0,0,27.14,-1.0477,-1.0268,1.0329
0,0,0,0,27.15,-1.0497,-1.0289,1.0321
0,0,0,0,27.16,-1.0519,-1.0305,1.0309
0,0,0,0,27.17,-1.0545,-1.0319,1.0299
0,0,0,0,27.18,-1.0569,-1.0333,1.029
0,0,0,0,27.19,-1.0594,-1.0344,1.0283
0,0,0,0,27.2,-1.0615,-1.0356,1.0274
0,0,0,0,27.21,-1.0634,-1.0365,1.0263
0,0,0,0,27.22,-1.0656,-1.0371,1.0252
0,0,0,0,27.23,-1.0677,-1.0376,1.0243
0,0,0,0,27.24,-1.0696,-1.038,1.0233
0,0,0,0,27.25,-1.0714,-1.0382,1.0223
0,0,0,0,27.26,-1.0735,-1.0385,1.0216
0,0,0,0,27.27,-1.0745,-1.0389,1.0204
0,0,0,0,27.28,-1.076,-1.0386,1.019
0,0,0,0,27.29,-1.0782,-1.0382,1.0182
0,0,0,0,27.3,-1.0799,-1.0378,1.0173
0,0,0,0,27.31,-1.0814,-1.0372,1.0162
0,0,0,0,27.32,-1.0826,-1.0367,1.0153
0,0,0,0,27.33,-1.0843,-1.0359,1.0143
0,0,0,0,27.34,-1.0859,-1.035,1.0133
0,0,0,0,27.35,-1.0872,-1.034,1.0124
0,0,0,0,27.36,-1.0883,-1.0328,1.0114
0,0,0,0,27.37,-1.0896,-1.0313,1.0102
0,0,0,0,27.38,-1.0909,-1.0298,1.0093
0,0,0,0,27.39,-1.092,-1.0282,1.0084
0,0,0,0,27.4,-1.093,-1.0263,1.0072
0,0,0,0,27.41,-1.0935,-1.0243,1.0058
0,0,0,0,27.42,-1.0947,-1.0221,1.0046
0,0,0,0,27.43,-1.0954,-1.0201,1.0036
0,0,0,0,27.44,-1.0967,-1.0176,1.0028
0,0,0,0,27.45,-1.0979,-1.0148,1.0016
0,0,0,0,27.46,-1.0985,-1.0121,1.0001
0,0,0,0,27.47,-1.0994,-1.0093,0.99889
0,0,0,0,27.48,-1.1001,-1.0065,0.9979
0,0,0,0,27.49,-1.1009,-1.0034,0.99707
0,0,0,0,27.5,-1.1014,-1.0002,0.99574
0,0,0,0,27.51,-1.1018,-0.99692,0.99444
0,0,0,0,27.52,-1.1022,-0.99375,0.99343
0,0,0,0,27.53,-1.1024,-0.99049,0.99235
0,0,0,0,27.54,-1.1025,-0.98667,0.99101
0,0,0,0,27.55,-1.1024,-0.9827,0.98978
0,0,0,0,27.56,-1.1024,-0.97888,0.9888
0,0,0,0,27.57,-1.1023,-0.97496,0.98781
0,0,0,0,27.58,-1.1021,-0.97087,0.98681
0,0,0,0,27.59,-1.1017,-0.96662,0.98573
0,0,0,0,27.6,-1.1011,-0.96242,0.98467
0,0,0,0,27.61,-1.1004,-0.95821,0.98369
0,0,0,0,27.62,-1.0996,-0.95388,0.98281
0,0,0,0,27.63,-1.0986,-0.94947,0.98203
0,0,0,0,27.64,-1.0975,-0.94489,0.98111
0,0,0,0,27.65,-1.0962,-0.93998,0.98018
0,0,0,0,27.66,-1.0949,-0.93516,0.97937
0,0,0,0,27.67,-1.0936,-0.93014,0.97837
0,0,0,0,27.68,-1.0922,-0.92507,0.97742
0,0,0,0,27.69,-1.0905,-0.92005,0.97652
0,0,0,0,27.7,-1.0888,-0.91463,0.97569
0,0,0,0,27.71,-1.087,-0.90951,0.97485
0,0,0,0,27.72,-1.085,-0.90432,0.97368
0,0,0,0,27.73,-1.0829,-0.89853,0.97254
0,0,0,0,27.74,-1.0805,-0.89273,0.97161
0,0,0,0,27.75,-1.0784,-0.88666,0.97061
0,0,0,0,27.76,-1.0761,-0.88085,0.96932
0,0,0,0,27.77,-1.0738,-0.87478,0.96807
0,0,0,0,27.78,-1.0715,-0.8686,0.96694
0,0,0,0,27.79,-1.0689,-0.86242,0.96579
0,0,0,0,27.8,-1.0664,-0.85598,0.96465
0,0,0,0,27.81,-1.0637,-0.84965,0.96336
0,0,0,0,27.82,-1.0604,-0.84302,0.96186
0,0,0,0,27.83,-1.0573,-0.83622,0.96049
0,0,0,0,27.84,-1.0548,-0.82963,0.95922
0,0,0,0,27.85,-1.0521,-0.823,0.95773
0,0,0,0,27.86,-1.0491,-0.81607,0.95634
0,0,0,0,27.87,-1.0457,-0.80902,0.95502
0,0,0,0,27.88,-1.0423,-0.80182,0.95364
0,0,0,0,27.89,-1.0385,-0.79466,0.95196
0,0,0,0,27.9,-1.0348,-0.78724,0.95024
0,0,0,0,27.91,-1.0311,-0.77982,0.94877
0,0,0,0,27.92,-1.0274,-0.77256,0.94737
0,0,0,0,27.93,-1.0238,-0.76511,0.94562
0,0,0,0,27.94,-1.02,-0.75753,0.94405
0,0,0,0,27.95,-1.0158,-0.74996,0.94255
0,0,0,0,27.96,-1.0111,-0.74246,0.94081
0,0,0,0,27.97,-1.0063,-0.73456,0.93933
0,0,0,0,27.98,-1.0015,-0.7266,0.93764
0,0,0,0,27.99,-0.99671,-0.71882,0.93582
0,0,0,0,28,-0.99174,-0.71076,0.9342
0,0,0,0,28.01,-0.98694,-0.70258,0.93267
0,0,0,0,28.02,-0.98171,-0.69455,0.93095
0,0,0,0,28.03,-0.97616,-0.68624,0.92946
0,0,0,0,28.04,-0.97075,-0.67787,0.92805
0,0,0,0,28.05,-0.96536,-0.66946,0.92646
0,0,0,0,28.06,-0.95977,-0.66115,0.92484
0,0,0,0,28.07,-0.95384,-0.65299,0.92304
0,0,0,0,28.08,-0.948,-0.64446,0.92118
0,0,0,0,28.09,-0.94215,-0.63579,0.9197
0,0,0,0,28.1,-0.93626,-0.62718,0.91821
0,0,0,0,28.11,-0.93022,-0.61834,0.91633
0,0,0,0,28.12,-0.92393,-0.60967,0.91474
0,0,0,0,28.13,-0.91717,-0.60108,0.91319
0,0,0,0,28.14,-0.91078,-0.59187,0.91152
0,0,0,0,28.15,-0.90462,-0.58272,0.91015
0,0,0,0,28.16,-0.89792,-0.57395,0.90839
0,0,0,0,28.17,-0.89133,-0.56498,0.90659
0,0,0,0,28.18,-0.88479,-0.55574,0.90501
0,0,0,0,28.19,-0.87788,-0.54642,0.90336
0,0,0,0,28.2,-0.87084,-0.53702,0.90184
0,0,0,0,28.21,-0.86391,-0.52767,0.90016
0,0,0,0,28.22,-0.85691,-0.51815,0.89857
0,0,0,0,28.23,-0.8496,-0.50836,0.89695
0,0,0,0,28.24,-0.84223,-0.49864,0.89531
0,0,0,0,28.25,-0.8348,-0.48896,0.89383
0,0,0,0,28.26,-0.82734,-0.47912,0.89232
0,0,0,0,28.27,-0.8198,-0.46935,0.89048
0,0,0,0,28.28,-0.81198,-0.45954,0.88866
0,0,0,0,28.29,-0.80418,-0.44954,0.88712
0,0,0,0,28.3,-0.79642,-0.43946,0.8856
0,0,0,0,28.31,-0.7885,-0.42929,0.88397
0,0,0,0,28.32,-0.78041,-0.41905,0.88247
0,0,0,0,28.33,-0.77221,-0.40888,0.88091
0,0,0,0,28.34,-0.76398,-0.39871,0.87929
0,0,0,0,28.35,-0.75579,-0.38845,0.87743
0,0,0,0,28.36,-0.7475,-0.3782,0.87588
0,0,0,0,28.37,-0.73901,-0.36798,0.87449
0,0,0,0,28.38,-0.73054,-0.35765,0.87299
0,0,0,0,28.39,-0.72192,-0.34722,0.87144
0,0,0,0,28.4,-0.71314,-0.33687,0.86988
0,0,0,0,28.41,-0.70434,-0.32641,0.86847
0,0,0,0,28.42,-0.6956,-0.31604,0.86709
0,0,0,0,28.43,-0.68681,-0.30558,0.86549
0,0,0,0,28.44,-0.67793,-0.29497,0.86388
0,0,0,0,28.45,-0.66907,-0.28434,0.86251
0,0,0,0,28.46,-0.66,-0.27367,0.86116
0,0,0,0,28.47,-0.65078,-0.26308,0.85962
0,0,0,0,28.48,-0.64163,-0.25235,0.85804
0,0,0,0,28.49,-0.63233,-0.24151,0.85637
0,0,0,0,28.5,-0.62291,-0.23074,0.85486
0,0,0,0,28.51,-0.61361,-0.21984,0.85343
0,0,0,0,28.52,-0.60425,-0.20875,0.85186
0,0,0,0,28.53,-0.59473,-0.19776,0.85035
0,0,0,0,28.54,-0.58506,-0.18677,0.84872
0,0,0,0,28.55,-0.57531,-0.17566,0.84694
0,0,0,0,28.56,-0.56569,-0.1645,0.84533
0,0,0,0,28.57,-0.55604,-0.15337,0.84383
0,0,0,0,28.58,-0.5462,-0.14227,0.84227
0,0,0,0,28.59,-0.53627,-0.13112,0.8406
0,0,0,0,28.6,-0.52644,-0.11998,0.83905
0,0,0,0,28.61,-0.51651,-0.10884,0.83759
0,0,0,0,28.62,-0.50611,-0.097749,0.83601
0,0,0,0,28.63,-0.49607,-0.086684,0.83446
0,0,0,0,28.64,-0.4863,-0.075585,0.83299
0,0,0,0,28.65,-0.47602,-0.064542,0.83141
0,0,0,0,28.66,-0.46559,-0.053488,0.8298
0,0,0,0,28.67,-0.45539,-0.042471,0.82839
0,0,0,0,28.68,NaN,NaN,NaN
0,0,0,0,28.69,NaN,NaN,NaN
0,0,0,0,28.7,NaN,NaN,NaN
0,0,0,0,28.71,NaN,NaN,NaN
0,0,0,0,28.72,NaN,NaN,NaN
0,0,0,0,28.73,NaN,NaN,NaN
0,0,0,0,28.74,NaN,NaN,NaN
0,0,0,0,28.75,NaN,NaN,NaN
0,0,0,0,28.76,NaN,NaN,NaN
0,0,0,0,28.77,NaN,NaN,NaN
0,0,0,0,28.78,NaN,NaN,NaN
0,0,0,0,28.79,NaN,NaN,NaN
0,0,0,0,28.8,NaN,NaN,NaN
0,0,0,0,28.81,NaN,NaN,NaN
0,0,0,0,28.82,NaN,NaN,NaN
0,0,0,0,28.83,NaN,NaN,NaN
0,0,0,0,28.84,NaN,NaN,NaN
0,0,0,0,28.85,NaN,NaN,NaN
0,0,0,0,28.86,NaN,NaN,NaN
0,0,0,0,28.87,NaN,NaN,NaN
0,0,0,0,28.88,NaN,NaN,NaN
0,0,0,0,28.89,NaN,NaN,NaN
0,0,0,0,28.9,NaN,NaN,NaN
0,0,0,0,28.91,NaN,NaN,NaN
0,0,0,0,28.92,NaN,NaN,NaN
0,0,0,0,28.93,NaN,NaN,NaN
0,0,0,0,28.94,NaN,NaN,NaN
0,0,0,0,28.95,NaN,NaN,NaN
0,0,0,0,28.96,NaN,NaN,NaN
0,0,0,0,28.97,NaN,NaN,NaN
0,0,0,0,28.98,NaN,NaN,NaN
0,0,0,0,28.99,NaN,NaN,NaN
0,0,0,0,29,NaN,NaN,NaN
0,0,0,0,29.01,NaN,NaN,NaN
0,0,0,0,29.02,NaN,NaN,NaN
0,0,0,0,29.03,NaN,NaN,NaN
0,0,0,0,29.04,NaN,NaN,NaN
0,0,0,0,29.05,NaN,NaN,NaN
0,0,0,0,29.06,NaN,NaN,NaN
0,0,0,0,29.07,NaN,NaN,NaN
0,0,0,0,29.08,NaN,NaN,NaN
0,0,0,0,29.09,NaN,NaN,NaN
0,0,0,0,29.1,0.006973,0.41769,0.76588
0,0,0,0,29.11,NaN,NaN,NaN
0,0,0,0,29.12,0.028215,0.43642,0.76324
0,0,0,0,29.13,NaN,NaN,NaN
0,0,0,0,29.14,NaN,NaN,NaN
0,0,0,0,29.15,NaN,NaN,NaN
0,0,0,0,29.16,0.070061,0.47115,0.75853
0,0,0,0,29.17,NaN,NaN,NaN
0,0,0,0,29.18,0.091043,0.48792,0.75596
0,0,0,0,29.19,0.10143,0.49623,0.75472
0,0,0,0,29.2,0.11174,0.50443,0.75344
0,0,0,0,29.21,0.12186,0.51247,0.75218
0,0,0,0,29.22,0.13184,0.52036,0.75097
0,0,0,0,29.23,0.14201,0.5281,0.74974
0,0,0,0,29.24,0.15216,0.53573,0.74842
0,0,0,0,29.25,0.16208,0.54323,0.74711
0,0,0,0,29.26,0.1718,0.55045,0.74586
0,0,0,0,29.27,0.18135,0.55761,0.74453
0,0,0,0,29.28,0.191,0.56466,0.74293
0,0,0,0,29.29,0.20051,0.57148,0.74145
0,0,0,0,29.3,0.20975,0.57808,0.74013
0,0,0,0,29.31,0.219,0.58449,0.7387
0,0,0,0,29.32,0.22811,0.59073,0.73718
0,0,0,0,29.33,0.23713,0.5967,0.7356
0,0,0,0,29.34,0.24597,0.60253,0.73406
0,0,0,0,29.35,0.25465,0.6082,0.73242
0,0,0,0,29.36,0.26326,0.61365,0.73075
0,0,0,0,29.37,0.27177,0.61885,0.72915
0,0,0,0,29.38,0.2802,0.62384,0.72756
0,0,0,0,29.39,0.28851,0.62867,0.72593
0,0,0,0,29.4,0.29672,0.63332,0.72424
0,0,0,0,29.41,0.30483,0.63776,0.72255
0,0,0,0,29.42,0.3129,0.64204,0.72086
0,0,0,0,29.43,0.32088,0.64607,0.71916
0,0,0,0,29.44,0.3288,0.64989,0.71754
0,0,0,0,29.45,0.33661,0.65347,0.71586
0,0,0,0,29.46,0.34431,0.65694,0.71416
0,0,0,0,29.47,0.35194,0.66025,0.71253
0,0,0,0,29.48,0.35944,0.66332,0.7109
0,0,0,0,29.49,0.36695,0.66639,0.70917
0,0,0,0,29.5,0.37438,0.66912,0.70748
0,0,0,0,29.51,0.38168,0.67156,0.70587
0,0,0,0,29.52,0.38885,0.67396,0.70421
0,0,0,0,29.53,0.39597,0.67629,0.70252
0,0,0,0,29.54,0.40306,0.67826,0.70087
0,0,0,0,29.55,0.41012,0.67987,0.69927
0,0,0,0,29.56,0.417,0.68153,0.69769
0,0,0,0,29.57,0.42369,0.68301,0.69603
0,0,0,0,29.58,0.43028,0.68422,0.6944
0,0,0,0,29.59,0.43674,0.68528,0.69271
0,0,0,0,29.6,0.44322,0.68605,0.69094
0,0,0,0,29.61,0.44948,0.6867,0.68921
0,0,0,0,29.62,0.45558,0.6872,0.68739
0,0,0,0,29.63,0.46159,0.68751,0.68563
0,0,0,0,29.64,0.46737,0.6877,0.68381
0,0,0,0,29.65,0.4731,0.68768,0.68202
0,0,0,0,29.66,0.47867,0.68751,0.68025
0,0,0,0,29.67,0.48396,0.68723,0.67831
0,0,0,0,29.68,0.4893,0.68679,0.67637
0,0,0,0,29.69,0.49458,0.68618,0.67447
0,0,0,0,29.7,0.49956,0.68538,0.67262
0,0,0,0,29.71,0.50445,0.68449,0.67065
0,0,0,0,29.72,0.50921,0.68346,0.66883
0,0,0,0,29.73,0.5138,0.68216,0.66701
0,0,0,0,29.74,0.5184,0.68067,0.66493
0,0,0,0,29.75,0.52283,0.67917,0.66305
0,0,0,0,29.76,0.52715,0.67751,0.66125
0,0,0,0,29.77,0.53133,0.67547,0.65931
0,0,0,0,29.78,0.53525,0.67326,0.65737
0,0,0,0,29.79,0.53911,0.67091,0.65548
0,0,0,0,29.8,0.5428,0.66833,0.6536
0,0,0,0,29.81,0.54637,0.66555,0.65184
0,0,0,0,29.82,0.54981,0.66258,0.64994
0,0,0,0,29.83,0.55316,0.65949,0.64811
0,0,0,0,29.84,0.55642,0.65616,0.64633
0,0,0,0,29.85,0.55956,0.65255,0.6444
0,0,0,0,29.86,0.56253,0.64888,0.64261
0,0,0,0,29.87,0.56544,0.64509,0.64088
0,0,0,0,29.88,0.56837,0.64133,0.63887
0,0,0,0,29.89,0.57104,0.63736,0.63709
0,0,0,0,29.9,0.57373,0.63308,0.63532
0,0,0,0,29.91,0.57611,0.62887,0.63359
0,0,0,0,29.92,0.57844,0.62446,0.63196
0,0,0,0,29.93,0.58096,0.61997,0.63019
0,0,0,0,29.94,0.58318,0.61559,0.62857
0,0,0,0,29.95,0.58532,0.6111,0.62682
0,0,0,0,29.96,0.58735,0.6064,0.62492
0,0,0,0,29.97,0.58935,0.6017,0.62306
0,0,0,0,29.98,0.59128,0.59693,0.62144
0,0,0,0,29.99,0.59305,0.59198,0.61966
0,0,0,0,30,0.59478,0.58698,0.61779
0,0,0,0,30.01,0.59636,0.58184,0.61609
0,0,0,0,30.02,0.59783,0.57672,0.61424
0,0,0,0,30.03,0.59916,0.57149,0.61233
0,0,0,0,30.04,0.60036,0.566,0.6106
0,0,0,0,30.05,0.60156,0.56044,0.60884
0,0,0,0,30.06,0.60263,0.55483,0.60704
0,0,0,0,30.07,0.60349,0.54927,0.60533
0,0,0,0,30.08,0.60434,0.54371,0.60348
0,0,0,0,30.09,0.60506,0.53791,0.60166
0,0,0,0,30.1,0.6056,0.53192,0.59997
0,0,0,0,30.11,0.60609,0.52609,0.59822
0,0,0,0,30.12,0.6065,0.52032,0.59639
0,0,0,0,30.13,0.60679,0.51431,0.59463
0,0,0,0,30.14,0.60691,0.50831,0.59298
0,0,0,0,30.15,0.60688,0.50225,0.5912
0,0,0,0,30.16,0.60683,0.49612,0.58927
0,0,0,0,30.17,0.60668,0.48989,0.58751
0,0,0,0,30.18,0.60638,0.48348,0.58589
0,0,0,0,30.19,0.60594,0.47704,0.58428
0,0,0,0,30.2,0.60548,0.47056,0.58252
0,0,0,0,30.21,0.60488,0.46406,0.58085
0,0,0,0,30.22,0.60406,0.45754,0.57923
0,0,0,0,30.23,0.6032,0.45105,0.57751
0,0,0,0,30.24,0.60219,0.44448,0.57593
0,0,0,0,30.25,0.60103,0.43792,0.57427
0,0,0,0,30.26,0.59982,0.43144,0.57258
0,0,0,0,30.27,0.59842,0.4249,0.571
0,0,0,0,30.28,0.59689,0.41822,0.56952
0,0,0,0,30.29,0.59541,0.41148,0.56805
0,0,0,0,30.3,0.59374,0.4049,0.56645
0,0,0,0,30.31,0.59204,0.39828,0.56493
0,0,0,0,30.32,0.59026,0.39153,0.56349
0,0,0,0,30.33,0.58823,0.38469,0.56217
0,0,0,0,30.34,0.58618,0.37778,0.56097
0,0,0,0,30.35,0.58401,0.37087,0.55973
0,0,0,0,30.36,0.58166,0.36398,0.55861
0,0,0,0,30.37,0.57936,0.35696,0.55759
0,0,0,0,30.38,0.57711,0.34996,0.55648
0,0,0,0,30.39,0.57446,0.34295,0.55553
0,0,0,0,30.4,0.5718,0.3358,0.55456
0,0,0,0,30.41,0.56904,0.32869,0.55365
0,0,0,0,30.42,0.56619,0.32161,0.55288
0,0,0,0,30.43,0.56324,0.31444,0.55208
0,0,0,0,30.44,0.56002,0.30726,0.55128
0,0,0,0,30.45,0.55696,0.30021,0.55048
0,0,0,0,30.46,0.55373,0.29314,0.54986
0,0,0,0,30.47,0.55009,0.28609,0.54929
0,0,0,0,30.48,0.54651,0.27899,0.54867
0,0,0,0,30.49,0.54309,0.27192,0.54805
0,0,0,0,30.5,0.5395,0.26499,0.54743
0,0,0,0,30.51,0.53577,0.25804,0.54685
0,0,0,0,30.52,0.53178,0.25119,0.54624
0,0,0,0,30.53,0.52767,0.24436,0.54574
0,0,0,0,30.54,0.52366,0.23761,0.54518
0,0,0,0,30.55,0.51946,0.23105,0.54466
0,0,0,0,30.56,0.51531,0.22452,0.54408
0,0,0,0,30.57,0.51091,0.21802,0.54353
0,0,0,0,30.58,0.50631,0.21162,0.54305
0,0,0,0,30.59,0.50189,0.20537,0.54245
0,0,0,0,30.6,0.49733,0.19921,0.54196
0,0,0,0,30.61,0.49252,0.19318,0.54146
0,0,0,0,30.62,0.48755,0.18723,0.5409
0,0,0,0,30.63,0.48258,0.18118,0.54036
0,0,0,0,30.64,0.47754,0.17523,0.53985
0,0,0,0,30.65,0.47234,0.16933,0.53936
0,0,0,0,30.66,0.46705,0.16348,0.53894
0,0,0,0,30.67,0.46181,0.15767,0.5384
0,0,0,0,30.68,0.4564,0.15176,0.53796
0,0,0,0,30.69,0.45071,0.1459,0.5377
0,0,0,0,30.7,0.44498,0.14006,0.53734
0,0,0,0,30.71,0.43926,0.13425,0.53703
0,0,0,0,30.72,0.43351,0.12848,0.53677
0,0,0,0,30.73,0.42761,0.12273,0.5365
0,0,0,0,30.74,0.42164,0.11695,0.53635
0,0,0,0,30.75,0.41568,0.1112,0.53626
0,0,0,0,30.76,0.4097,0.1055,0.53621
0,0,0,0,30.77,0.40374,0.099857,0.53612
0,0,0,0,30.78,0.39766,0.094335,0.5361
0,0,0,0,30.79,0.39156,0.088951,0.53624
0,0,0,0,30.8,NaN,NaN,NaN
0,0,0,0,30.81,NaN,NaN,NaN
0,0,0,0,30.82,NaN,NaN,NaN
0,0,0,0,30.83,NaN,NaN,NaN
0,0,0,0,30.84,NaN,NaN,NaN
0,0,0,0,30.85,NaN,NaN,NaN
0,0,0,0,30.86,NaN,NaN,NaN
0,0,0,0,30.87,NaN,NaN,NaN
0,0,0,0,30.88,NaN,NaN,NaN
0,0,0,0,30.89,NaN,NaN,NaN
0,0,0,0,30.9,NaN,NaN,NaN
0,0,0,0,30.91,NaN,NaN,NaN
0,0,0,0,30.92,NaN,NaN,NaN
0,0,0,0,30.93,NaN,NaN,NaN
0,0,0,0,30.94,NaN,NaN,NaN
0,0,0,0,30.95,NaN,NaN,NaN
0,0,0,0,30.96,NaN,NaN,NaN
0,0,0,0,30.97,NaN,NaN,NaN
0,0,0,0,30.98,NaN,NaN,NaN
0,0,0,0,30.99,NaN,NaN,NaN
0,0,0,0,31,NaN,NaN,NaN
0,0,0,0,31.01,NaN,NaN,NaN
0,0,0,0,31.02,NaN,NaN,NaN
0,0,0,0,31.03,NaN,NaN,NaN
0,0,0,0,31.04,NaN,NaN,NaN
0,0,0,0,31.05,NaN,NaN,NaN
0,0,0,0,31.06,NaN,NaN,NaN
0,0,0,0,31.07,NaN,NaN,NaN
0,0,0,0,31.08,NaN,NaN,NaN
0,0,0,0,31.09,NaN,NaN,NaN
0,0,0,0,31.1,NaN,NaN,NaN
0,0,0,0,31.11,NaN,NaN,NaN
0,0,0,0,31.12,NaN,NaN,NaN
0,0,0,0,31.13,NaN,NaN,NaN
0,0,0,0,31.14,NaN,NaN,NaN
0,0,0,0,31.15,NaN,NaN,NaN
0,0,0,0,31.16,NaN,NaN,NaN
0,0,0,0,31.17,NaN,NaN,NaN
0,0,0,0,31.18,NaN,NaN,NaN
0,0,0,0,31.19,NaN,NaN,NaN
0,0,0,0,31.2,NaN,NaN,NaN
0,0,0,0,31.21,NaN,NaN,NaN
0,0,0,0,31.22,NaN,NaN,NaN
0,0,0,0,31.23,NaN,NaN,NaN
0,0,0,0,31.24,NaN,NaN,NaN
0,0,0,0,31.25,NaN,NaN,NaN
0,0,0,0,31.26,NaN,NaN,NaN
0,0,0,0,31.27,NaN,NaN,NaN
0,0,0,0,31.28,NaN,NaN,NaN
0,0,0,0,31.29,NaN,NaN,NaN
0,0,0,0,31.3,NaN,NaN,NaN
0,0,0,0,31.31,NaN,NaN,NaN
0,0,0,0,31.32,NaN,NaN,NaN
0,0,0,0,31.33,NaN,NaN,NaN
0,0,0,0,31.34,NaN,NaN,NaN
0,0,0,0,31.35,NaN,NaN,NaN
0,0,0,0,31.36,NaN,NaN,NaN
0,0,0,0,31.37,NaN,NaN,NaN
0,0,0,0,31.38,NaN,NaN,NaN
0,0,0,0,31.39,NaN,NaN,NaN
0,0,0,0,31.4,NaN,NaN,NaN
0,0,0,0,31.41,NaN,NaN,NaN
0,0,0,0,31.42,NaN,NaN,NaN
0,0,0,0,31.43,NaN,NaN,NaN
0,0,0,0,31.44,NaN,NaN,NaN
0,0,0,0,31.45,NaN,NaN,NaN
0,0,0,0,31.46,NaN,NaN,NaN
0,0,0,0,31.47,NaN,NaN,NaN
0,0,0,0,31.48,NaN,NaN,NaN
0,0,0,0,31.49,NaN,NaN,NaN
0,0,0,0,31.5,NaN,NaN,NaN
0,0,0,0,31.51,NaN,NaN,NaN
0,0,0,0,31.52,NaN,NaN,NaN
0,0,0,0,31.53,NaN,NaN,NaN
0,0,0,0,31.54,NaN,NaN,NaN
0,0,0,0,31.55,NaN,NaN,NaN
0,0,0,0,31.56,NaN,NaN,NaN
0,0,0,0,31.57,NaN,NaN,NaN
0,0,0,0,31.58,NaN,NaN,NaN
0,0,0,0,31.59,NaN,NaN,NaN
0,0,0,0,31.6,NaN,NaN,NaN
0,0,0,0,31.61,NaN,NaN,NaN
0,0,0,0,31.62,NaN,NaN,NaN
0,0,0,0,31.63,NaN,NaN,NaN
0,0,0,0,31.64,NaN,NaN,NaN
0,0,0,0,31.65,NaN,NaN,NaN
0,0,0,0,31.66,NaN,NaN,NaN
0,0,0,0,31.67,NaN,NaN,NaN
0,0,0,0,31.68,NaN,NaN,NaN
0,0,0,0,31.69,NaN,NaN,NaN
0,0,0,0,31.7,NaN,NaN,NaN
0,0,0,0,31.71,NaN,NaN,NaN
0,0,0,0,31.72,NaN,NaN,NaN
0,0,0,0,31.73,NaN,NaN,NaN
0,0,0,0,31.74,NaN,NaN,NaN
0,0,0,0,31.75,-0.090799,0.19109,0.61599
0,0,0,0,31.76,-0.094474,0.1975,0.61737
0,0,0,0,31.77,-0.098168,0.20399,0.6188
0,0,0,0,31.78,-0.10189,0.21041,0.62019
0,0,0,0,31.79,-0.10564,0.21685,0.62171
0,0,0,0,31.8,-0.10927,0.22342,0.62323
0,0,0,0,31.81,-0.11286,0.23007,0.62472
0,0,0,0,31.82,-0.11647,0.2368,0.62623
0,0,0,0,31.83,-0.12022,0.2435,0.62787
0,0,0,0,31.84,-0.12393,0.25021,0.62949
0,0,0,0,31.85,-0.12745,0.25695,0.63105
0,0,0,0,31.86,-0.13104,0.2638,0.63273
0,0,0,0,31.87,-0.1347,0.27072,0.63438
0,0,0,0,31.88,-0.13835,0.27774,0.63608
0,0,0,0,31.89,-0.14194,0.28482,0.63783
0,0,0,0,31.9,-0.14534,0.29194,0.63954
0,0,0,0,31.91,-0.14883,0.29921,0.64126
0,0,0,0,31.92,-0.15243,0.30659,0.64299
0,0,0,0,31.93,-0.15594,0.31419,0.64475
0,0,0,0,31.94,NaN,NaN,NaN
0,0,0,0,31.95,NaN,NaN,NaN
0,0,0,0,31.96,NaN,NaN,NaN
0,0,0,0,31.97,NaN,NaN,NaN
0,0,0,0,31.98,NaN,NaN,NaN
0,0,0,0,31.99,NaN,NaN,NaN
0,0,0,0,32,NaN,NaN,NaN
0,0,0,0,32.01,NaN,NaN,NaN
0,0,0,0,32.02,NaN,NaN,NaN
0,0,0,0,32.03,-0.19046,0.39205,0.66256
0,0,0,0,32.04,NaN,NaN,NaN
0,0,0,0,32.05,-0.19737,0.40825,0.66623
0,0,0,0,32.06,NaN,NaN,NaN
0,0,0,0,32.07,-0.20432,0.42431,0.67003
0,0,0,0,32.08,NaN,NaN,NaN
0,0,0,0,32.09,-0.21122,0.44002,0.67421
0,0,0,0,32.1,NaN,NaN,NaN
0,0,0,0,32.11,-0.21797,0.45524,0.67866
0,0,0,0,32.12,NaN,NaN,NaN
0,0,0,0,32.13,-0.22474,0.47024,0.68309
0,0,0,0,32.14,-0.22808,0.47761,0.68535
0,0,0,0,32.15,-0.2315,0.48494,0.68761
0,0,0,0,32.16,-0.23487,0.49223,0.68988
0,0,0,0,32.17,-0.23838,0.49955,0.69225
0,0,0,0,32.18,-0.24163,0.50676,0.69463
0,0,0,0,32.19,-0.24486,0.51413,0.69702
0,0,0,0,32.2,-0.24831,0.52168,0.69929
0,0,0,0,32.21,-0.25161,0.52899,0.70157
0,0,0,0,32.22,-0.25489,0.53632,0.70388
0,0,0,0,32.23,-0.25838,0.5439,0.70615
0,0,0,0,32.24,-0.26165,0.55141,0.70844
0,0,0,0,32.25,-0.2647,0.55895,0.7107
0,0,0,0,32.26,-0.26799,0.56665,0.71295
0,0,0,0,32.27,-0.27128,0.5743,0.71527
0,0,0,0,32.28,-0.27454,0.58202,0.71747
0,0,0,0,32.29,-0.27776,0.58975,0.7195
0,0,0,0,32.3,-0.28097,0.59745,0.72156
0,0,0,0,32.31,-0.28429,0.60529,0.72372
0,0,0,0,32.32,-0.28757,0.61303,0.72587
0,0,0,0,32.33,-0.29089,0.62065,0.72793
0,0,0,0,32.34,-0.29422,0.62832,0.73009
0,0,0,0,32.35,-0.29759,0.63584,0.73225
0,0,0,0,32.36,-0.30096,0.64313,0.73441
0,0,0,0,32.37,-0.30425,0.65013,0.73658
0,0,0,0,32.38,-0.30743,0.65686,0.73896
0,0,0,0,32.39,-0.31089,0.66361,0.74135
0,0,0,0,32.4,-0.31425,0.67013,0.74373
0,0,0,0,32.41,-0.31739,0.67617,0.7462
0,0,0,0,32.42,-0.32088,0.68225,0.74872
0,0,0,0,32.43,-0.32432,0.68793,0.75119
0,0,0,0,32.44,-0.32765,0.69337,0.75371
0,0,0,0,32.45,-0.33096,0.69884,0.75619
0,0,0,0,32.46,-0.33406,0.70388,0.75865
0,0,0,0,32.47,-0.33723,0.70885,0.7613
0,0,0,0,32.48,-0.34067,0.7137,0.76387
0,0,0,0,32.49,-0.34402,0.71838,0.76647
0,0,0,0,32.5,-0.34724,0.72296,0.76899
0,0,0,0,32.51,-0.3506,0.72752,0.77153
0,0,0,0,32.52,-0.354,0.73172,0.77402
0,0,0,0,32.53,-0.3574,0.73583,0.77652
0,0,0,0,32.54,-0.36069,0.74,0.77887
0,0,0,0,32.55,-0.36394,0.74387,0.78137
0,0,0,0,32.56,-0.36723,0.74772,0.78391
0,0,0,0,32.57,-0.37039,0.75152,0.78652
0,0,0,0,32.58,-0.37361,0.75505,0.78901
0,0,0,0,32.59,-0.37706,0.75853,0.79113
0,0,0,0,32.6,-0.38049,0.76208,0.79351
0,0,0,0,32.61,-0.38403,0.76597,0.79586
0,0,0,0,32.62,-0.38748,0.7695,0.79815
0,0,0,0,32.63,-0.39086,0.77261,0.80044
0,0,0,0,32.64,-0.3943,0.77575,0.80263
0,0,0,0,32.65,-0.39765,0.77877,0.80487
0,0,0,0,32.66,-0.40105,0.78156,0.80696
0,0,0,0,32.67,-0.40446,0.78439,0.80913
0,0,0,0,32.68,-0.40767,0.78708,0.81104
0,0,0,0,32.69,-0.41114,0.78952,0.81313
0,0,0,0,32.7,-0.41471,0.7917,0.81532
0,0,0,0,32.71,-0.41818,0.79385,0.81732
0,0,0,0,32.72,-0.42164,0.79584,0.81949
0,0,0,0,32.73,-0.42512,0.7974,0.82147
0,0,0,0,32.74,-0.42865,0.79882,0.82339
0,0,0,0,32.75,-0.43206,0.80013,0.82535
0,0,0,0,32.76,-0.43557,0.80106,0.82722
0,0,0,0,32.77,-0.43906,0.80189,0.82914
0,0,0,0,32.78,-0.44254,0.80277,0.8313
0,0,0,0,32.79,-0.44607,0.80323,0.83334
0,0,0,0,32.8,-0.44953,0.80327,0.83513
0,0,0,0,32.81,-0.45302,0.80317,0.83705
0,0,0,0,32.82,-0.4565,0.80296,0.83895
0,0,0,0,32.83,-0.45995,0.80254,0.8407
0,0,0,0,32.84,-0.46354,0.80194,0.84238
0,0,0,0,32.85,-0.46702,0.80123,0.84432
0,0,0,0,32.86,-0.47048,0.80044,0.84627
0,0,0,0,32.87,-0.47416,0.79956,0.84797
0,0,0,0,32.88,-0.47792,0.79867,0.84972
0,0,0,0,32.89,-0.4817,0.79729,0.85136
0,0,0,0,32.9,-0.48533,0.79551,0.85298
0,0,0,0,32.91,-0.48879,0.79395,0.85477
0,0,0,0,32.92,-0.4922,0.79213,0.85635
0,0,0,0,32.93,-0.49587,0.7901,0.85799
0,0,0,0,32.94,-0.49967,0.78822,0.8597
0,0,0,0,32.95,-0.50338,0.78604,0.86144
0,0,0,0,32.96,-0.50706,0.78359,0.86322
0,0,0,0,32.97,-0.5107,0.78117,0.86462
0,0,0,0,32.98,-0.51421,0.77853,0.866
0,0,0,0,32.99,-0.51791,0.77563,0.86774
0,0,0,0,33,-0.52172,0.77278,0.86948
0,0,0,0,33.01,-0.52527,0.76987,0.87098
0,0,0,0,33.02,-0.52924,0.76699,0.87231
0,0,0,0,33.03,-0.53323,0.76409,0.87355
0,0,0,0,33.04,-0.53694,0.76092,0.87482
0,0,0,0,33.05,-0.54012,0.75751,0.87638
0,0,0,0,33.06,-0.54385,0.75425,0.87795
0,0,0,0,33.07,-0.54843,0.75111,0.87934
0,0,0,0,33.08,-0.55207,0.74749,0.88107
0,0,0,0,33.09,-0.55575,0.74388,0.88278
0,0,0,0,33.1,-0.55944,0.74041,0.88445
0,0,0,0,33.11,-0.56311,0.73657,0.8861
0,0,0,0,33.12,-0.56689,0.73232,0.88784
0,0,0,0,33.13,-0.57064,0.72853,0.88975
0,0,0,0,33.14,-0.57433,0.72463,0.89145
0,0,0,0,33.15,-0.57791,0.72008,0.89316
0,0,0,0,33.16,-0.58127,0.71537,0.89488
0,0,0,0,33.17,-0.58492,0.71112,0.89675
0,0,0,0,33.18,-0.58864,0.70689,0.89857
0,0,0,0,33.19,-0.59202,0.70224,0.90025
0,0,0,0,33.2,-0.59532,0.69744,0.90209
0,0,0,0,33.21,-0.59859,0.69275,0.90388
0,0,0,0,33.22,-0.60195,0.6881,0.9056
0,0,0,0,33.23,-0.60533,0.68336,0.90743
0,0,0,0,33.24,-0.60861,0.67837,0.90939
0,0,0,0,33.25,-0.61181,0.67345,0.91123
0,0,0,0,33.26,-0.61466,0.66858,0.91305
0,0,0,0,33.27,-0.61748,0.66366,0.91486
0,0,0,0,33.28,-0.62044,0.65861,0.91688
0,0,0,0,33.29,-0.6234,0.65365,0.91887
0,0,0,0,33.3,-0.62619,0.64875,0.92056
0,0,0,0,33.31,-0.62883,0.64377,0.92237
0,0,0,0,33.32,-0.63159,0.63879,0.92432
0,0,0,0,33.33,-0.63428,0.6337,0.92632
0,0,0,0,33.34,-0.63669,0.62847,0.92823
0,0,0,0,33.35,-0.63909,0.62312,0.93016
0,0,0,0,33.36,-0.64165,0.61782,0.93207
0,0,0,0,33.37,-0.64407,0.61247,0.93397
0,0,0,0,33.38,-0.64638,0.6071,0.93595
0,0,0,0,33.39,-0.64872,0.6017,0.93792
0,0,0,0,33.4,-0.65098,0.5962,0.93978
0,0,0,0,33.41,-0.65314,0.59061,0.94168
0,0,0,0,33.42,-0.65518,0.58504,0.94361
0,0,0,0,33.43,-0.65715,0.5794,0.94562
0,0,0,0,33.44,-0.65912,0.57367,0.9476
0,0,0,0,33.45,-0.66097,0.56795,0.94953
0,0,0,0,33.46,-0.66274,0.56224,0.95146
0,0,0,0,33.47,-0.66451,0.55647,0.95334
0,0,0,0,33.48,-0.66601,0.55056,0.95531
0,0,0,0,33.49,-0.66751,0.5446,0.95735
0,0,0,0,33.5,-0.66903,0.53876,0.9592
0,0,0,0,33.51,-0.67037,0.53292,0.96103
0,0,0,0,33.52,-0.67155,0.52695,0.96285
0,0,0,0,33.53,-0.67262,0.52104,0.96474
0,0,0,0,33.54,-0.67361,0.51516,0.96667
0,0,0,0,33.55,-0.67448,0.50923,0.96846
0,0,0,0,33.56,-0.67514,0.50347,0.97015
0,0,0,0,33.57,-0.67561,0.49762,0.97192
0,0,0,0,33.58,-0.67601,0.49173,0.97387
0,0,0,0,33.59,-0.67615,0.48614,0.97561
0,0,0,0,33.6,-0.67592,0.48054,0.97728
0,0,0,0,33.61,-0.67557,0.47507,0.97888
0,0,0,0,33.62,-0.67504,0.46967,0.98043
0,0,0,0,33.63,-0.67439,0.46405,0.98222
0,0,0,0,33.64,-0.67352,0.45864,0.98385
0,0,0,0,33.65,-0.67236,0.45333,0.98533
0,0,0,0,33.66,-0.67117,0.4481,0.98685
0,0,0,0,33.67,-0.6699,0.44289,0.98828
0,0,0,0,33.68,-0.66839,0.43759,0.98968
0,0,0,0,33.69,-0.6669,0.43223,0.99121
0,0,0,0,33.7,-0.66531,0.42699,0.9927
0,0,0,0,33.71,-0.66353,0.42188,0.99387
0,0,0,0,33.72,-0.6617,0.41665,0.99526
0,0,0,0,33.73,-0.65973,0.41158,0.99685
0,0,0,0,33.74,-0.65757,0.40661,0.9981
0,0,0,0,33.75,-0.65531,0.40131,0.99943
0,0,0,0,33.76,-0.65309,0.39624,1.0008
0,0,0,0,33.77,-0.65073,0.39109,1.002
0,0,0,0,33.78,-0.64805,0.38571,1.0033
0,0,0,0,33.79,-0.64524,0.3806,1.0046
0,0,0,0,33.8,-0.64249,0.37546,1.0059
0,0,0,0,33.81,-0.63968,0.37043,1.0071
0,0,0,0,33.82,-0.63653,0.36529,1.0083
0,0,0,0,33.83,-0.63306,0.3601,1.0094
0,0,0,0,33.84,-0.6297,0.35497,1.0105
0,0,0,0,33.85,-0.62624,0.34987,1.0119
0,0,0,0,33.86,-0.62242,0.34465,1.0131
0,0,0,0,33.87,-0.61844,0.33947,1.0144
0,0,0,0,33.88,-0.61446,0.33438,1.0154
0,0,0,0,33.89,-0.6102,0.32921,1.0166
0,0,0,0,33.9,-0.60549,0.32401,1.0179
0,0,0,0,33.91,-0.60099,0.31903,1.0191
0,0,0,0,33.92,-0.59677,0.31419,1.0202
0,0,0,0,33.93,-0.59208,0.30923,1.0212
0,0,0,0,33.94,-0.58711,0.30438,1.0222
0,0,0,0,33.95,-0.58196,0.29974,1.0232
0,0,0,0,33.96,-0.57673,0.29521,1.0243
0,0,0,0,33.97,-0.57133,0.29066,1.0253
0,0,0,0,33.98,-0.56579,0.28617,1.0262
0,0,0,0,33.99,-0.55994,0.28186,1.0269
0,0,0,0,34,-0.55395,0.27767,1.0276
0,0,0,0,34.01,-0.54797,0.27354,1.0285
0,0,0,0,34.02,-0.5419,0.26941,1.0294
0,0,0,0,34.03,-0.53572,0.2654,1.0302
0,0,0,0,34.04,-0.52928,0.26143,1.031
0,0,0,0,34.05,-0.52277,0.25744,1.0317
0,0,0,0,34.06,-0.51611,0.2535,1.0323
0,0,0,0,34.07,-0.50932,0.24962,1.0331
0,0,0,0,34.08,-0.50245,0.24581,1.0338
0,0,0,0,34.09,-0.49541,0.24204,1.0345
0,0,0,0,34.1,-0.48824,0.2383,1.0352
0,0,0,0,34.11,-0.48105,0.23454,1.0359
0,0,0,0,34.12,-0.47364,0.23085,1.0366
0,0,0,0,34.13,-0.46598,0.2272,1.0372
0,0,0,0,34.14,-0.45836,0.22353,1.0377
0,0,0,0,34.15,-0.45076,0.21994,1.0383
0,0,0,0,34.16,-0.44289,0.21633,1.039
0,0,0,0,34.17,-0.43497,0.21275,1.0396
0,0,0,0,34.18,-0.42691,0.20924,1.0403
0,0,0,0,34.19,-0.41871,0.20572,1.0409
0,0,0,0,34.2,-0.41056,0.20225,1.0414
0,0,0,0,34.21,-0.40222,0.19887,1.0419
0,0,0,0,34.22,-0.39361,0.19562,1.0424
0,0,0,0,34.23,NaN,NaN,NaN
0,0,0,0,34.24,NaN,NaN,NaN
0,0,0,0,34.25,NaN,NaN,NaN
0,0,0,0,34.26,NaN,NaN,NaN
0,0,0,0,34.27,NaN,NaN,NaN
0,0,0,0,34.28,NaN,NaN,NaN
0,0,0,0,34.29,NaN,NaN,NaN
0,0,0,0,34.3,-0.3231,0.17064,1.0461
0,0,0,0,34.31,NaN,NaN,NaN
0,0,0,0,34.32,-0.30471,0.16539,1.0467
0,0,0,0,34.33,NaN,NaN,NaN
0,0,0,0,34.34,-0.28625,0.16074,1.0472
0,0,0,0,34.35,NaN,NaN,NaN
0,0,0,0,34.36,-0.26763,0.15675,1.0474
0,0,0,0,34.37,NaN,NaN,NaN
0,0,0,0,34.38,-0.24876,0.15339,1.0474
0,0,0,0,34.39,NaN,NaN,NaN
0,0,0,0,34.4,-0.22999,0.15071,1.0471
0,0,0,0,34.41,NaN,NaN,NaN
0,0,0,0,34.42,-0.21101,0.1487,1.047
0,0,0,0,34.43,NaN,NaN,NaN
0,0,0,0,34.44,-0.19171,0.14722,1.0466
0,0,0,0,34.45,NaN,NaN,NaN
0,0,0,0,34.46,NaN,NaN,NaN
0,0,0,0,34.47,NaN,NaN,NaN
0,0,0,0,34.48,-0.15271,0.14569,1.0458
0,0,0,0,34.49,NaN,NaN,NaN
0,0,0,0,34.5,-0.13291,0.1457,1.0456
0,0,0,0,34.51,NaN,NaN,NaN
0,0,0,0,34.52,-0.113,0.14622,1.0455
0,0,0,0,34.53,NaN,NaN,NaN
0,0,0,0,34.54,-0.092738,0.14723,1.0455
0,0,0,0,34.55,NaN,NaN,NaN
0,0,0,0,34.56,-0.07232,0.14866,1.0458
0,0,0,0,34.57,NaN,NaN,NaN
0,0,0,0,34.58,-0.052232,0.15073,1.0462
0,0,0,0,34.59,NaN,NaN,NaN
0,0,0,0,34.6,-0.031856,0.15317,1.0469
0,0,0,0,34.61,NaN,NaN,NaN
0,0,0,0,34.62,-0.011707,0.15617,1.0477
0,0,0,0,34.63,NaN,NaN,NaN
0,0,0,0,34.64,0.008503,0.15984,1.0487
0,0,0,0,34.65,NaN,NaN,NaN
0,0,0,0,34.66,0.028686,0.16407,1.0497
0,0,0,0,34.67,NaN,NaN,NaN
0,0,0,0,34.68,0.048708,0.16895,1.0508
0,0,0,0,34.69,NaN,NaN,NaN
0,0,0,0,34.7,0.068498,0.17481,1.0518
0,0,0,0,34.71,NaN,NaN,NaN
0,0,0,0,34.72,0.087927,0.18144,1.0526
0,0,0,0,34.73,NaN,NaN,NaN
0,0,0,0,34.74,0.10711,0.18888,1.0532
0,0,0,0,34.75,NaN,NaN,NaN
0,0,0,0,34.76,0.1254,0.19768,1.0534
0,0,0,0,34.77,NaN,NaN,NaN
0,0,0,0,34.78,NaN,NaN,NaN
0,0,0,0,34.79,NaN,NaN,NaN
0,0,0,0,34.8,NaN,NaN,NaN
0,0,0,0,34.81,NaN,NaN,NaN
0,0,0,0,34.82,NaN,NaN,NaN
0,0,0,0,34.83,NaN,NaN,NaN
0,0,0,0,34.84,NaN,NaN,NaN
0,0,0,0,34.85,NaN,NaN,NaN
0,0,0,0,34.86,NaN,NaN,NaN
0,0,0,0,34.87,NaN,NaN,NaN
0,0,0,0,34.88,NaN,NaN,NaN
0,0,0,0,34.89,0.23643,0.26946,1.0507
0,0,0,0,34.9,NaN,NaN,NaN
0,0,0,0,34.91,0.25268,0.28277,1.0506
0,0,0,0,34.92,NaN,NaN,NaN
0,0,0,0,34.93,0.26844,0.29654,1.0505
0,0,0,0,34.94,NaN,NaN,NaN
0,0,0,0,34.95,0.28351,0.31039,1.0506
0,0,0,0,34.96,NaN,NaN,NaN
0,0,0,0,34.97,0.29782,0.32426,1.051
0,0,0,0,34.98,NaN,NaN,NaN
0,0,0,0,34.99,0.31169,0.33795,1.0515
0,0,0,0,35,NaN,NaN,NaN
0,0,0,0,35.01,0.32476,0.35155,1.052
0,0,0,0,35.02,0.33095,0.35828,1.0521
0,0,0,0,35.03,0.33716,0.36494,1.0523
0,0,0,0,35.04,0.34317,0.37155,1.0525
0,0,0,0,35.05,0.34886,0.37816,1.0527
0,0,0,0,35.06,0.35434,0.38483,1.0529
0,0,0,0,35.07,0.35957,0.39169,1.053
0,0,0,0,35.08,0.36469,0.39851,1.0531
0,0,0,0,35.09,0.36966,0.40531,1.053
0,0,0,0,35.1,0.37439,0.41209,1.053
0,0,0,0,35.11,0.37896,0.41894,1.0531
0,0,0,0,35.12,0.38339,0.42585,1.053
0,0,0,0,35.13,0.38756,0.43283,1.0529
0,0,0,0,35.14,0.39148,0.4398,1.0529
0,0,0,0,35.15,0.3953,0.44683,1.0527
0,0,0,0,35.16,0.39899,0.4539,1.0525
0,0,0,0,35.17,0.40252,0.46094,1.0524
0,0,0,0,35.18,0.40586,0.46812,1.0522
0,0,0,0,35.19,0.409,0.47538,1.052
0,0,0,0,35.2,0.41187,0.48259,1.0518
0,0,0,0,35.21,0.41457,0.48986,1.0515
0,0,0,0,35.22,0.4171,0.49706,1.0511
0,0,0,0,35.23,0.41941,0.50423,1.0508
0,0,0,0,35.24,0.42162,0.51138,1.0503
0,0,0,0,35.25,0.42368,0.51853,1.0499
0,0,0,0,35.26,0.42542,0.5257,1.0495
0,0,0,0,35.27,0.42703,0.53271,1.049
0,0,0,0,35.28,0.42846,0.53964,1.0485
0,0,0,0,35.29,0.42954,0.54658,1.0479
0,0,0,0,35.3,0.43045,0.5534,1.0474
0,0,0,0,35.31,0.43138,0.56005,1.0467
0,0,0,0,35.32,0.43203,0.56657,1.0461
0,0,0,0,35.33,0.43234,0.57302,1.0454
0,0,0,0,35.34,0.43253,0.57946,1.0447
0,0,0,0,35.35,0.43246,0.58573,1.044
0,0,0,0,35.36,0.43215,0.59196,1.0432
0,0,0,0,35.37,0.43169,0.59801,1.0424
0,0,0,0,35.38,0.43104,0.60389,1.0416
0,0,0,0,35.39,0.43024,0.60972,1.0408
0,0,0,0,35.4,0.42917,0.61541,1.04
0,0,0,0,35.41,0.42787,0.62101,1.0391
0,0,0,0,35.42,0.42624,0.62649,1.0381
0,0,0,0,35.43,0.42432,0.63198,1.0372
0,0,0,0,35.44,0.42244,0.63726,1.0363
0,0,0,0,35.45,0.42035,0.6423,1.0353
0,0,0,0,35.46,0.41786,0.64751,1.0343
0,0,0,0,35.47,0.4152,0.65266,1.0333
0,0,0,0,35.48,0.41237,0.65763,1.0324
0,0,0,0,35.49,0.40935,0.66251,1.0313
0,0,0,0,35.5,0.40624,0.6673,1.0302
0,0,0,0,35.51,0.40286,0.67197,1.0291
0,0,0,0,35.52,0.39924,0.67672,1.028
0,0,0,0,35.53,0.39539,0.68148,1.0268
0,0,0,0,35.54,0.39137,0.68614,1.0256
0,0,0,0,35.55,0.3873,0.69059,1.0245
0,0,0,0,35.56,0.38296,0.69519,1.0233
0,0,0,0,35.57,0.37843,0.69978,1.022
0,0,0,0,35.58,0.37375,0.70418,1.0206
0,0,0,0,35.59,0.36873,0.70865,1.0193
0,0,0,0,35.6,0.3634,0.71312,1.0179
0,0,0,0,35.61,0.35793,0.71756,1.0166
0,0,0,0,35.62,0.35241,0.72189,1.0152
0,0,0,0,35.63,0.34663,0.7263,1.0137
0,0,0,0,35.64,0.34069,0.73063,1.0121
0,0,0,0,35.65,0.33459,0.73484,1.0105
0,0,0,0,35.66,0.32818,0.73915,1.0091
0,0,0,0,35.67,0.32167,0.74329,1.0075
0,0,0,0,35.68,0.31509,0.74743,1.0059
0,0,0,0,35.69,0.30826,0.75151,1.0044
0,0,0,0,35.7,0.30134,0.75566,1.0028
0,0,0,0,35.71,0.29427,0.75985,1.0013
0,0,0,0,35.72,0.28702,0.76392,0.99969
0,0,0,0,35.73,0.27968,0.76784,0.99814
0,0,0,0,35.74,0.2722,0.77173,0.99672
0,0,0,0,35.75,0.26466,0.7754,0.99533
0,0,0,0,35.76,0.25715,0.77889,0.99408
0,0,0,0,35.77,0.24946,0.78237,0.99287
0,0,0,0,35.78,0.24171,0.78567,0.99166
0,0,0,0,35.79,0.23393,0.78876,0.99052
0,0,0,0,35.8,0.22601,0.79165,0.98947
0,0,0,0,35.81,0.21795,0.79447,0.98835
0,0,0,0,35.82,0.20983,0.79727,0.98717
0,0,0,0,35.83,0.20164,0.79993,0.98592
0,0,0,0,35.84,0.19329,0.80245,0.98485
0,0,0,0,35.85,0.18483,0.80488,0.98385
0,0,0,0,35.86,0.17629,0.80733,0.98267
0,0,0,0,35.87,0.16774,0.80973,0.98155
0,0,0,0,35.88,0.15917,0.81187,0.98047
0,0,0,0,35.89,0.15031,0.81419,0.97928
0,0,0,0,35.9,0.14154,0.81633,0.97809
0,0,0,0,35.91,0.13272,0.81838,0.97696
0,0,0,0,35.92,0.12359,0.82081,0.97564
0,0,0,0,35.93,0.11433,0.82298,0.97434
0,0,0,0,35.94,0.10489,0.82507,0.97308
0,0,0,0,35.95,0.095542,0.8271,0.97173
0,0,0,0,35.96,0.086082,0.82915,0.97029
0,0,0,0,35.97,0.076471,0.83103,0.96885
0,0,0,0,35.98,0.066717,0.83289,0.96738
0,0,0,0,35.99,0.056891,0.83474,0.96583
0,0,0,0,36,0.046983,0.83632,0.9644
0,0,0,0,36.01,0.037075,0.83788,0.96291
0,0,0,0,36.02,0.02693,0.83948,0.96131
0,0,0,0,36.03,NaN,NaN,NaN
0,0,0,0,36.04,NaN,NaN,NaN
0,0,0,0,36.05,NaN,NaN,NaN
0,0,0,0,36.06,NaN,NaN,NaN
0,0,0,0,36.07,NaN,NaN,NaN
0,0,0,0,36.08,-0.034208,0.84662,0.95146
0,0,0,0,36.09,-0.04439,0.84732,0.94985
0,0,0,0,36.1,-0.054692,0.84815,0.9482
0,0,0,0,36.11,-0.064861,0.84893,0.94647
0,0,0,0,36.12,-0.074928,0.84955,0.94473
0,0,0,0,36.13,-0.085097,0.85012,0.94305
0,0,0,0,36.14,-0.095204,0.85058,0.94148
0,0,0,0,36.15,-0.1051,0.85085,0.93981
0,0,0,0,36.16,-0.11503,0.85106,0.9382
0,0,0,0,36.17,-0.12494,0.85108,0.93668
0,0,0,0,36.18,-0.13465,0.85099,0.93522
0,0,0,0,36.19,-0.14444,0.85088,0.9336
0,0,0,0,36.2,-0.15422,0.85055,0.93207
0,0,0,0,36.21,-0.16385,0.8501,0.93059
0,0,0,0,36.22,-0.17347,0.84959,0.92913
0,0,0,0,36.23,-0.18316,0.84874,0.9276
0,0,0,0,36.24,-0.19281,0.8477,0.92617
0,0,0,0,36.25,-0.20236,0.8468,0.92468
0,0,0,0,36.26,-0.21185,0.84565,0.92341
0,0,0,0,36.27,-0.22137,0.84434,0.92208
0,0,0,0,36.28,-0.23086,0.843,0.92065
0,0,0,0,36.29,-0.24051,0.84162,0.91925
0,0,0,0,36.3,-0.25007,0.84028,0.91774
0,0,0,0,36.31,-0.25946,0.83871,0.91639
0,0,0,0,36.32,-0.2688,0.83705,0.91491
0,0,0,0,36.33,-0.27812,0.83532,0.91328
0,0,0,0,36.34,-0.28737,0.8333,0.91185
0,0,0,0,36.35,-0.29674,0.83141,0.91076
0,0,0,0,36.36,-0.3061,0.82965,0.90937
0,0,0,0,36.37,-0.31536,0.82757,0.90781
0,0,0,0,36.38,-0.32456,0.8255,0.90621
0,0,0,0,36.39,-0.3337,0.82324,0.90474
0,0,0,0,36.4,-0.34253,0.82065,0.90335
0,0,0,0,36.41,-0.35143,0.81812,0.90177
0,0,0,0,36.42,-0.36082,0.81587,0.90026
0,0,0,0,36.43,-0.36999,0.81338,0.89888
0,0,0,0,36.44,-0.3789,0.81064,0.89739
0,0,0,0,36.45,-0.38766,0.80793,0.89581
0,0,0,0,36.46,-0.3963,0.80517,0.89426
0,0,0,0,36.47,-0.40482,0.80215,0.89298
0,0,0,0,36.48,-0.41325,0.79921,0.89168
0,0,0,0,36.49,-0.42133,0.79617,0.8903
0,0,0,0,36.5,-0.42957,0.79303,0.88873
0,0,0,0,36.51,-0.43757,0.78956,0.88734
0,0,0,0,36.52,-0.44543,0.786,0.88606
0,0,0,0,36.53,-0.45315,0.7824,0.88485
0,0,0,0,36.54,-0.46061,0.77862,0.88352
0,0,0,0,36.55,-0.4684,0.77498,0.88216
0,0,0,0,36.56,-0.47598,0.77124,0.88082
0,0,0,0,36.57,-0.48347,0.76746,0.87943
0,0,0,0,36.58,-0.49053,0.76331,0.87794
0,0,0,0,36.59,-0.49749,0.75926,0.87667
0,0,0,0,36.6,-0.50473,0.75531,0.8754
0,0,0,0,36.61,-0.51177,0.75097,0.87391
0,0,0,0,36.62,-0.51858,0.74652,0.87244
0,0,0,0,36.63,-0.52527,0.74211,0.87122
0,0,0,0,36.64,-0.53197,0.7374,0.86999
0,0,0,0,36.65,-0.53863,0.7329,0.86835
0,0,0,0,36.66,-0.54519,0.72834,0.86669
0,0,0,0,36.67,-0.55172,0.72356,0.86539
0,0,0,0,36.68,-0.55812,0.71856,0.86386
0,0,0,0,36.69,-0.56421,0.71326,0.86239
0,0,0,0,36.7,-0.57027,0.70799,0.86106
0,0,0,0,36.71,-0.57651,0.70296,0.8596
0,0,0,0,36.72,-0.58261,0.69799,0.85792
0,0,0,0,36.73,-0.5885,0.69273,0.85615
0,0,0,0,36.74,-0.5942,0.68724,0.85471
0,0,0,0,36.75,-0.60001,0.68181,0.85308
0,0,0,0,36.76,-0.60549,0.67633,0.85145
0,0,0,0,36.77,-0.61093,0.67067,0.85
0,0,0,0,36.78,-0.61642,0.66518,0.84817
0,0,0,0,36.79,-0.6216,0.65952,0.8464
0,0,0,0,36.8,-0.62666,0.6535,0.84488
0,0,0,0,36.81,-0.63173,0.64776,0.84314
0,0,0,0,36.82,-0.63648,0.64187,0.84132
0,0,0,0,36.83,-0.64121,0.63569,0.83978
0,0,0,0,36.84,-0.64593,0.62962,0.83801
0,0,0,0,36.85,-0.65042,0.62328,0.8363
0,0,0,0,36.86,-0.65461,0.61688,0.83475
0,0,0,0,36.87,-0.65861,0.61035,0.83313
0,0,0,0,36.88,-0.66272,0.60393,0.83144
0,0,0,0,36.89,-0.66684,0.59741,0.82959
0,0,0,0,36.9,-0.67038,0.59036,0.82795
0,0,0,0,36.91,-0.67406,0.58379,0.82629
0,0,0,0,36.92,-0.67773,0.57716,0.82463
0,0,0,0,36.93,-0.68102,0.57012,0.82285
0,0,0,0,36.94,-0.68418,0.56328,0.8209
0,0,0,0,36.95,-0.68736,0.55612,0.81923
0,0,0,0,36.96,-0.6904,0.54891,0.81769
0,0,0,0,36.97,-0.69324,0.54175,0.81599
0,0,0,0,36.98,-0.69604,0.5345,0.81417
0,0,0,0,36.99,-0.69857,0.52711,0.81265
0,0,0,0,37,-0.70098,0.51974,0.81099
0,0,0,0,37.01,-0.70337,0.51222,0.80921
0,0,0,0,37.02,-0.70588,0.50488,0.80741
0,0,0,0,37.03,-0.70805,0.49739,0.80557
0,0,0,0,37.04,-0.71,0.48972,0.80392
0,0,0,0,37.05,-0.71193,0.4821,0.80227
0,0,0,0,37.06,-0.71362,0.47456,0.80053
0,0,0,0,37.07,-0.71535,0.46699,0.79881
0,0,0,0,37.08,-0.71697,0.45925,0.79709
0,0,0,0,37.09,-0.7184,0.45181,0.79529
0,0,0,0,37.1,-0.71975,0.44434,0.79347
0,0,0,0,37.11,-0.72096,0.43684,0.7916
0,0,0,0,37.12,-0.722,0.42936,0.7899
0,0,0,0,37.13,-0.72292,0.42191,0.78811
0,0,0,0,37.14,-0.72362,0.41428,0.7865
0,0,0,0,37.15,-0.72437,0.4071,0.78463
0,0,0,0,37.16,-0.72475,0.39986,0.78287
0,0,0,0,37.17,-0.72494,0.39268,0.78099
0,0,0,0,37.18,-0.72542,0.38556,0.77917
0,0,0,0,37.19,-0.72559,0.37829,0.77759
0,0,0,0,37.2,-0.72561,0.37123,0.77589
0,0,0,0,37.21,-0.72511,0.36418,0.77407
0,0,0,0,37.22,-0.72456,0.3572,0.77222
0,0,0,0,37.23,-0.72435,0.35041,0.77026
0,0,0,0,37.24,-0.72382,0.34368,0.76815
0,0,0,0,37.25,-0.72298,0.33668,0.76671
0,0,0,0,37.26,-0.72203,0.32973,0.76513
0,0,0,0,37.27,-0.72088,0.32284,0.7634
0,0,0,0,37.28,-0.71969,0.31591,0.76186
0,0,0,0,37.29,-0.71895,0.30915,0.76023
0,0,0,0,37.3,-0.71745,0.30226,0.75879
0,0,0,0,37.31,-0.71593,0.29541,0.75724
0,0,0,0,37.32,-0.71439,0.28847,0.75578
0,0,0,0,37.33,-0.71259,0.28158,0.75419
0,0,0,0,37.34,-0.71052,0.27464,0.75296
0,0,0,0,37.35,-0.70817,0.26772,0.75207
0,0,0,0,37.36,-0.70604,0.26081,0.75102
0,0,0,0,37.37,-0.70405,0.25412,0.74979
0,0,0,0,37.38,-0.7013,0.24733,0.74851
0,0,0,0,37.39,-0.69834,0.24047,0.74763
0,0,0,0,37.4,-0.69586,0.23392,0.7465
0,0,0,0,37.41,-0.69301,0.2273,0.74535
0,0,0,0,37.42,-0.68973,0.22069,0.7443
0,0,0,0,37.43,-0.68656,0.21422,0.74345
0,0,0,0,37.44,-0.68345,0.20785,0.74241
0,0,0,0,37.45,-0.68032,0.20161,0.74127
0,0,0,0,37.46,-0.67675,0.19542,0.74018
0,0,0,0,37.47,-0.67326,0.18942,0.73914
0,0,0,0,37.48,-0.66955,0.18331,0.73816
0,0,0,0,37.49,-0.66566,0.17735,0.73712
0,0,0,0,37.5,-0.66159,0.17156,0.73596
0,0,0,0,37.51,-0.6574,0.16577,0.73467
0,0,0,0,37.52,-0.65297,0.16011,0.73364
0,0,0,0,37.53,-0.64855,0.15456,0.73264
0,0,0,0,37.54,-0.64418,0.1492,0.73143
0,0,0,0,37.55,-0.63964,0.14391,0.73033
0,0,0,0,37.56,-0.63487,0.13868,0.72904
0,0,0,0,37.57,-0.62995,0.1335,0.72774
0,0,0,0,37.58,-0.6251,0.12837,0.72666
0,0,0,0,37.59,-0.62002,0.1233,0.72553
0,0,0,0,37.6,-0.61484,0.11823,0.72424
0,0,0,0,37.61,-0.60956,0.11323,0.72307
0,0,0,0,37.62,-0.60397,0.10818,0.72208
0,0,0,0,37.63,-0.5981,0.10289,0.72105
0,0,0,0,37.64,-0.59274,0.09776,0.71994
0,0,0,0,37.65,-0.58751,0.092784,0.719
0,0,0,0,37.66,-0.58154,0.087564,0.71798
0,0,0,0,37.67,-0.57545,0.082448,0.71684
0,0,0,0,37.68,-0.56955,0.077336,0.71591
0,0,0,0,37.69,-0.56353,0.072219,0.71505
0,0,0,0,37.7,-0.55725,0.067182,0.7141
0,0,0,0,37.71,-0.55082,0.06229,0.71309
0,0,0,0,37.72,-0.54444,0.057538,0.71196
0,0,0,0,37.73,-0.53798,0.052721,0.71112
0,0,0,0,37.74,-0.53133,0.04799,0.71025
0,0,0,0,37.75,-0.52449,0.043456,0.70914
0,0,0,0,37.76,-0.51757,0.038975,0.7081
0,0,0,0,37.77,-0.5106,0.034509,0.7072
0,0,0,0,37.78,-0.50345,0.030075,0.70627
0,0,0,0,37.79,-0.49648,0.025707,0.70554
0,0,0,0,37.8,-0.48916,0.021251,0.70467
0,0,0,0,37.81,-0.48179,0.016805,0.70371
0,0,0,0,37.82,-0.47437,0.012469,0.70285
0,0,0,0,37.83,-0.46692,0.008223,0.702
0,0,0,0,37.84,-0.45943,0.00368,0.70126
0,0,0,0,37.85,-0.45153,-0.000783,0.70068
0,0,0,0,37.86,NaN,NaN,NaN
0,0,0,0,37.87,NaN,NaN,NaN
0,0,0,0,37.88,NaN,NaN,NaN
0,0,0,0,37.89,NaN,NaN,NaN
0,0,0,0,37.9,NaN,NaN,NaN
0,0,0,0,37.91,NaN,NaN,NaN
0,0,0,0,37.92,NaN,NaN,NaN
0,0,0,0,37.93,NaN,NaN,NaN
0,0,0,0,37.94,NaN,NaN,NaN
0,0,0,0,37.95,NaN,NaN,NaN
0,0,0,0,37.96,NaN,NaN,NaN
0,0,0,0,37.97,NaN,NaN,NaN
0,0,0,0,37.98,NaN,NaN,NaN
0,0,0,0,37.99,NaN,NaN,NaN
0,0,0,0,38,NaN,NaN,NaN
0,0,0,0,38.01,NaN,NaN,NaN
0,0,0,0,38.02,NaN,NaN,NaN
0,0,0,0,38.03,NaN,NaN,NaN
0,0,0,0,38.04,NaN,NaN,NaN
0,0,0,0,38.05,NaN,NaN,NaN
0,0,0,0,38.06,NaN,NaN,NaN
0,0,0,0,38.07,-0.26427,-0.10073,0.68972
0,0,0,0,38.08,NaN,NaN,NaN
0,0,0,0,38.09,-0.2452,-0.10998,0.68923
0,0,0,0,38.1,NaN,NaN,NaN
0,0,0,0,38.11,-0.22592,-0.11945,0.68876
0,0,0,0,38.12,NaN,NaN,NaN
0,0,0,0,38.13,-0.20675,-0.12871,0.68852
0,0,0,0,38.14,NaN,NaN,NaN
0,0,0,0,38.15,-0.18697,-0.13831,0.68824
0,0,0,0,38.16,NaN,NaN,NaN
0,0,0,0,38.17,-0.16714,-0.14795,0.68786
0,0,0,0,38.18,NaN,NaN,NaN
0,0,0,0,38.19,-0.14728,-0.15784,0.68784
0,0,0,0,38.2,NaN,NaN,NaN
0,0,0,0,38.21,-0.12742,-0.16818,0.68797
0,0,0,0,38.22,NaN,NaN,NaN
0,0,0,0,38.23,-0.10709,-0.17919,0.68806
0,0,0,0,38.24,NaN,NaN,NaN
0,0,0,0,38.25,-0.086517,-0.19072,0.68813
0,0,0,0,38.26,NaN,NaN,NaN
0,0,0,0,38.27,-0.065967,-0.20245,0.68824
0,0,0,0,38.28,NaN,NaN,NaN
0,0,0,0,38.29,-0.045493,-0.21462,0.68843
0,0,0,0,38.3,NaN,NaN,NaN
0,0,0,0,38.31,-0.024824,-0.2269,0.68848
0,0,0,0,38.32,NaN,NaN,NaN
0,0,0,0,38.33,-0.004383,-0.23942,0.68857
0,0,0,0,38.34,NaN,NaN,NaN
0,0,0,0,38.35,0.016256,-0.25232,0.6887
0,0,0,0,38.36,NaN,NaN,NaN
0,0,0,0,38.37,0.036663,-0.26542,0.68871
0,0,0,0,38.38,NaN,NaN,NaN
0,0,0,0,38.39,0.056883,-0.2785,0.68861
0,0,0,0,38.4,NaN,NaN,NaN
0,0,0,0,38.41,0.077103,-0.2917,0.68847
0,0,0,0,38.42,NaN,NaN,NaN
0,0,0,0,38.43,0.097196,-0.305,0.68813
0,0,0,0,38.44,NaN,NaN,NaN
0,0,0,0,38.45,0.1174,-0.31854,0.68817
0,0,0,0,38.46,NaN,NaN,NaN
0,0,0,0,38.47,0.1377,-0.33214,0.68816
0,0,0,0,38.48,NaN,NaN,NaN
0,0,0,0,38.49,0.15768,-0.34582,0.68801
0,0,0,0,38.5,0.16792,-0.35269,0.68785
0,0,0,0,38.51,0.17816,-0.35971,0.68769
0,0,0,0,38.52,0.18801,-0.36673,0.68778
0,0,0,0,38.53,0.19794,-0.37367,0.68788
0,0,0,0,38.54,0.20789,-0.38085,0.6878
0,0,0,0,38.55,0.21782,-0.38799,0.68767
0,0,0,0,38.56,0.22752,-0.3952,0.68783
0,0,0,0,38.57,0.23739,-0.40243,0.68783
0,0,0,0,38.58,0.2472,-0.4098,0.68791
0,0,0,0,38.59,0.25697,-0.41715,0.68801
0,0,0,0,38.6,0.26671,-0.42437,0.68802
0,0,0,0,38.61,0.2763,-0.43177,0.68817
0,0,0,0,38.62,0.2859,-0.4394,0.68852
0,0,0,0,38.63,0.29548,-0.44689,0.68873
0,0,0,0,38.64,0.30497,-0.45446,0.68907
0,0,0,0,38.65,0.31435,-0.46217,0.68946
0,0,0,0,38.66,0.32373,-0.46989,0.68978
0,0,0,0,38.67,0.33306,-0.47759,0.69009
0,0,0,0,38.68,0.34212,-0.48541,0.69052
0,0,0,0,38.69,0.35109,-0.49324,0.69093
0,0,0,0,38.7,0.35989,-0.50096,0.69133
0,0,0,0,38.71,0.36862,-0.50872,0.69177
0,0,0,0,38.72,0.3772,-0.51648,0.69217
0,0,0,0,38.73,0.38535,-0.52423,0.69251
0,0,0,0,38.74,0.39347,-0.53201,0.69282
0,0,0,0,38.75,0.40134,-0.53979,0.69327
0,0,0,0,38.76,0.40911,-0.54757,0.69367
0,0,0,0,38.77,0.41642,-0.55528,0.69402
0,0,0,0,38.78,0.42349,-0.56299,0.69421
0,0,0,0,38.79,0.43049,-0.57062,0.69444
0,0,0,0,38.8,0.43737,-0.57826,0.69465
0,0,0,0,38.81,0.44395,-0.58588,0.69465
0,0,0,0,38.82,0.45024,-0.59337,0.69462
0,0,0,0,38.83,0.45636,-0.60078,0.69454
0,0,0,0,38.84,0.46224,-0.60817,0.69446
0,0,0,0,38.85,0.46796,-0.61541,0.69431
0,0,0,0,38.86,0.47327,-0.62259,0.6942
0,0,0,0,38.87,0.47866,-0.6297,0.69405
0,0,0,0,38.88,0.48391,-0.63676,0.69377
0,0,0,0,38.89,0.48874,-0.64373,0.69358
0,0,0,0,38.9,0.49332,-0.65048,0.69339
0,0,0,0,38.91,0.49776,-0.65718,0.69325
0,0,0,0,38.92,0.50214,-0.66377,0.69305
0,0,0,0,38.93,0.50629,-0.67022,0.69277
0,0,0,0,38.94,0.51005,-0.67645,0.6925
0,0,0,0,38.95,0.51371,-0.68266,0.69222
0,0,0,0,38.96,0.51741,-0.68886,0.69195
0,0,0,0,38.97,0.52072,-0.69481,0.69173
0,0,0,0,38.98,0.5239,-0.70063,0.69169
0,0,0,0,38.99,0.52678,-0.70649,0.69178
0,0,0,0,39,0.52958,-0.7122,0.69188
0,0,0,0,39.01,0.53216,-0.71761,0.69192
0,0,0,0,39.02,0.53462,-0.72303,0.69208
0,0,0,0,39.03,0.5369,-0.72832,0.69232
0,0,0,0,39.04,0.539,-0.73347,0.69252
0,0,0,0,39.05,0.54111,-0.73857,0.69282
0,0,0,0,39.06,0.5429,-0.74356,0.69334
0,0,0,0,39.07,0.54416,-0.74835,0.69393
0,0,0,0,39.08,0.54518,-0.75317,0.69461
0,0,0,0,39.09,0.5462,-0.75801,0.69522
0,0,0,0,39.1,0.54709,-0.76261,0.69584
0,0,0,0,39.11,0.5477,-0.76705,0.69658
0,0,0,0,39.12,0.54802,-0.77142,0.69731
0,0,0,0,39.13,0.54823,-0.77571,0.69808
0,0,0,0,39.14,0.54833,-0.77993,0.69892
0,0,0,0,39.15,0.54829,-0.78404,0.69978
0,0,0,0,39.16,0.54793,-0.78801,0.70055
0,0,0,0,39.17,0.54737,-0.79194,0.70124
0,0,0,0,39.18,0.54652,-0.79572,0.70206
0,0,0,0,39.19,0.54561,-0.79943,0.70292
0,0,0,0,39.2,0.54446,-0.80299,0.70373
0,0,0,0,39.21,0.54297,-0.80643,0.70454
0,0,0,0,39.22,0.54128,-0.80977,0.70542
0,0,0,0,39.23,0.53959,-0.8129,0.70623
0,0,0,0,39.24,0.538,-0.81606,0.70696
0,0,0,0,39.25,0.53593,-0.81908,0.70758
0,0,0,0,39.26,0.53353,-0.82187,0.70827
0,0,0,0,39.27,0.531,-0.82453,0.7091
0,0,0,0,39.28,0.52865,-0.82713,0.70979
0,0,0,0,39.29,0.526,-0.82969,0.71038
0,0,0,0,39.3,0.52316,-0.83208,0.7109
0,0,0,0,39.31,0.52004,-0.83427,0.71147
0,0,0,0,39.32,0.51699,-0.83633,0.71199
0,0,0,0,39.33,0.51376,-0.83829,0.71239
0,0,0,0,39.34,0.51034,-0.84008,0.71275
0,0,0,0,39.35,0.50685,-0.84173,0.7131
0,0,0,0,39.36,0.50311,-0.84323,0.71346
0,0,0,0,39.37,0.49949,-0.84458,0.71376
0,0,0,0,39.38,0.49569,-0.84568,0.71405
0,0,0,0,39.39,0.49169,-0.84673,0.71431
0,0,0,0,39.4,0.48749,-0.84766,0.71457
0,0,0,0,39.41,0.48337,-0.84847,0.71476
0,0,0,0,39.42,0.47921,-0.84906,0.715
0,0,0,0,39.43,0.47485,-0.84956,0.71523
0,0,0,0,39.44,0.47055,-0.85004,0.71532
0,0,0,0,39.45,0.46624,-0.85038,0.71541
0,0,0,0,39.46,0.46181,-0.85051,0.71561
0,0,0,0,39.47,0.45742,-0.85055,0.71572
0,0,0,0,39.48,0.45279,-0.85035,0.71577
0,0,0,0,39.49,0.44826,-0.85005,0.71585
0,0,0,0,39.5,0.44367,-0.8495,0.71591
0,0,0,0,39.51,0.43899,-0.84879,0.71603
0,0,0,0,39.52,0.4344,-0.84799,0.71615
0,0,0,0,39.53,0.42967,-0.84706,0.71618
0,0,0,0,39.54,0.42493,-0.84605,0.71615
0,0,0,0,39.55,0.42019,-0.8449,0.71617
0,0,0,0,39.56,0.41554,-0.84349,0.71619
0,0,0,0,39.57,0.41084,-0.84189,0.71618
0,0,0,0,39.58,0.40599,-0.84015,0.71632
0,0,0,0,39.59,0.40118,-0.83823,0.71634
0,0,0,0,39.6,0.39625,-0.83607,0.71635
0,0,0,0,39.61,0.39139,-0.83376,0.71637
0,0,0,0,39.62,0.38653,-0.83125,0.71646
0,0,0,0,39.63,0.38158,-0.82852,0.71643
0,0,0,0,39.64,0.37661,-0.82563,0.71636
0,0,0,0,39.65,0.37162,-0.82258,0.71637
0,0,0,0,39.66,0.36669,-0.81938,0.71641
0,0,0,0,39.67,0.36169,-0.81605,0.71647
0,0,0,0,39.68,0.35658,-0.81243,0.71645
0,0,0,0,39.69,0.35137,-0.80864,0.71647
0,0,0,0,39.7,0.34609,-0.80475,0.71659
0,0,0,0,39.71,0.34102,-0.8007,0.71665
0,0,0,0,39.72,0.33595,-0.79636,0.71675
0,0,0,0,39.73,0.33065,-0.79185,0.71698
0,0,0,0,39.74,0.32539,-0.78722,0.71708
0,0,0,0,39.75,0.32019,-0.78235,0.71723
0,0,0,0,39.76,0.31497,-0.77725,0.71735
0,0,0,0,39.77,0.30972,-0.7719,0.71749
0,0,0,0,39.78,0.30435,-0.76633,0.71765
0,0,0,0,39.79,0.2991,-0.76061,0.71773
0,0,0,0,39.8,0.29374,-0.75467,0.71785
0,0,0,0,39.81,0.28819,-0.74843,0.71806
0,0,0,0,39.82,0.28274,-0.74207,0.71817
0,0,0,0,39.83,0.27725,-0.73554,0.71832
0,0,0,0,39.84,0.27179,-0.72881,0.71842
0,0,0,0,39.85,0.26634,-0.72183,0.71864
0,0,0,0,39.86,0.26077,-0.71466,0.71883
0,0,0,0,39.87,0.25511,-0.70734,0.71895
0,0,0,0,39.88,0.24942,-0.69991,0.71918
0,0,0,0,39.89,0.24379,-0.69221,0.71945
0,0,0,0,39.9,0.23815,-0.68427,0.71964
0,0,0,0,39.91,0.23244,-0.67627,0.71985
0,0,0,0,39.92,0.22673,-0.66807,0.72001
0,0,0,0,39.93,0.22079,-0.65961,0.72018
0,0,0,0,39.94,0.21493,-0.65097,0.72032
0,0,0,0,39.95,0.20911,-0.64209,0.72051
0,0,0,0,39.96,0.20325,-0.63295,0.72061
0,0,0,0,39.97,0.19722,-0.62364,0.72076
0,0,0,0,39.98,0.19116,-0.61421,0.72079
0,0,0,0,39.99,0.18532,-0.60455,0.72085
0,0,0,0,40,0.17943,-0.59461,0.72086
0,0,0,0,40.01,0.17341,-0.58445,0.72094
0,0,0,0,40.02,0.16735,-0.57414,0.72093
0,0,0,0,40.03,0.16136,-0.56369,0.72097
0,0,0,0,40.04,0.15529,-0.55299,0.72097
0,0,0,0,40.05,0.14929,-0.54219,0.72101
0,0,0,0,40.06,0.14326,-0.53121,0.72098
0,0,0,0,40.07,0.13708,-0.52,0.72092
0,0,0,0,40.08,0.13089,-0.50864,0.72093
0,0,0,0,40.09,0.12465,-0.49702,0.72076
0,0,0,0,40.1,0.11853,-0.48527,0.72069
0,0,0,0,40.11,0.11239,-0.47335,0.72071
0,0,0,0,40.12,0.10631,-0.46119,0.72051
0,0,0,0,40.13,0.10001,-0.4489,0.72039
0,0,0,0,40.14,0.093657,-0.43652,0.72029
0,0,0,0,40.15,0.087252,-0.42385,0.72003
0,0,0,0,40.16,0.080794,-0.41097,0.71978
0,0,0,0,40.17,0.074156,-0.39797,0.71971
0,0,0,0,40.18,0.067675,-0.3849,0.71955
0,0,0,0,40.19,0.061173,-0.37135,0.71922
0,0,0,0,40.2,NaN,NaN,NaN
0,0,0,0,40.21,NaN,NaN,NaN
0,0,0,0,40.22,NaN,NaN,NaN
0,0,0,0,40.23,NaN,NaN,NaN
0,0,0,0,40.24,NaN,NaN,NaN
0,0,0,0,40.25,NaN,NaN,NaN
0,0,0,0,40.26,NaN,NaN,NaN
0,0,0,0,40.27,NaN,NaN,NaN
0,0,0,0,40.28,NaN,NaN,NaN
0,0,0,0,40.29,NaN,NaN,NaN
0,0,0,0,40.3,NaN,NaN,NaN
0,0,0,0,40.31,NaN,NaN,NaN
0,0,0,0,40.32,NaN,NaN,NaN
0,0,0,0,40.33,NaN,NaN,NaN
0,0,0,0,40.34,NaN,NaN,NaN
0,0,0,0,40.35,-0.048441,-0.1414,0.71518
0,0,0,0,40.36,-0.055601,-0.12596,0.71487
0,0,0,0,40.37,-0.062779,-0.11041,0.71456
0,0,0,0,40.38,-0.069909,-0.094757,0.71425
0,0,0,0,40.39,-0.077094,-0.078956,0.71397
0,0,0,0,40.4,-0.08426,-0.063017,0.7136
0,0,0,0,40.41,-0.091394,-0.04702,0.71328
0,0,0,0,40.42,-0.098557,-0.031024,0.71294
0,0,0,0,40.43,-0.10586,-0.014866,0.7127
0,0,0,0,40.44,-0.11301,0.001366,0.7124
0,0,0,0,40.45,-0.12036,0.017584,0.71225
0,0,0,0,40.46,-0.12758,0.033807,0.71211
0,0,0,0,40.47,-0.13471,0.049923,0.71198
0,0,0,0,40.48,-0.14184,0.066012,0.712
0,0,0,0,40.49,-0.14901,0.082056,0.71211
0,0,0,0,40.5,-0.15625,0.098026,0.71228
0,0,0,0,40.51,-0.1634,0.11387,0.71255
0,0,0,0,40.52,-0.17047,0.12956,0.71284
0,0,0,0,40.53,-0.17754,0.14526,0.71324
0,0,0,0,40.54,-0.18443,0.1608,0.71371
0,0,0,0,40.55,-0.19123,0.17626,0.71419
0,0,0,0,40.56,-0.19808,0.19169,0.71474
0,0,0,0,40.57,-0.20482,0.20698,0.71529
0,0,0,0,40.58,-0.21147,0.22222,0.71591
0,0,0,0,40.59,-0.21794,0.23748,0.71648
0,0,0,0,40.6,-0.22427,0.25263,0.71708
0,0,0,0,40.61,NaN,NaN,NaN
0,0,0,0,40.62,NaN,NaN,NaN
0,0,0,0,40.63,NaN,NaN,NaN
0,0,0,0,40.64,NaN,NaN,NaN
0,0,0,0,40.65,NaN,NaN,NaN
0,0,0,0,40.66,NaN,NaN,NaN
0,0,0,0,40.67,NaN,NaN,NaN
0,0,0,0,40.68,NaN,NaN,NaN
0,0,0,0,40.69,NaN,NaN,NaN
0,0,0,0,40.7,NaN,NaN,NaN
0,0,0,0,40.71,NaN,NaN,NaN
0,0,0,0,40.72,NaN,NaN,NaN
0,0,0,0,40.73,NaN,NaN,NaN
0,0,0,0,40.74,-0.31248,0.46238,0.72448
0,0,0,0,40.75,-0.31843,0.47606,0.72493
0,0,0,0,40.76,-0.32449,0.4896,0.72537
0,0,0,0,40.77,-0.33033,0.50269,0.72566
0,0,0,0,40.78,-0.33599,0.51558,0.72578
0,0,0,0,40.79,-0.3418,0.52812,0.72613
0,0,0,0,40.8,-0.34754,0.54019,0.72642
0,0,0,0,40.81,-0.35294,0.55166,0.72661
0,0,0,0,40.82,-0.35838,0.56327,0.72657
0,0,0,0,40.83,-0.36397,0.57447,0.72655
0,0,0,0,40.84,-0.36938,0.58515,0.72651
0,0,0,0,40.85,-0.37471,0.59547,0.72619
0,0,0,0,40.86,-0.37988,0.60548,0.72606
0,0,0,0,40.87,-0.38504,0.61539,0.7259
0,0,0,0,40.88,-0.38999,0.62503,0.72547
0,0,0,0,40.89,-0.39488,0.6344,0.72504
0,0,0,0,40.9,-0.39991,0.64357,0.72464
0,0,0,0,40.91,-0.40468,0.65263,0.72415
0,0,0,0,40.92,-0.40951,0.66103,0.7235
0,0,0,0,40.93,-0.41427,0.66953,0.72281
0,0,0,0,40.94,-0.41883,0.67776,0.72207
0,0,0,0,40.95,-0.42348,0.68576,0.72129
0,0,0,0,40.96,-0.42804,0.69371,0.72059
0,0,0,0,40.97,-0.43282,0.70126,0.71959
0,0,0,0,40.98,-0.43719,0.70883,0.71876
0,0,0,0,40.99,-0.44162,0.71598,0.71784
0,0,0,0,41,-0.44583,0.72269,0.71671
0,0,0,0,41.01,-0.45016,0.72961,0.71548
0,0,0,0,41.02,-0.45446,0.736,0.71426
0,0,0,0,41.03,-0.4586,0.74222,0.71293
0,0,0,0,41.04,-0.46278,0.74836,0.71157
0,0,0,0,41.05,-0.46665,0.754,0.71023
0,0,0,0,41.06,-0.47076,0.75952,0.7086
0,0,0,0,41.07,-0.47463,0.76476,0.70692
0,0,0,0,41.08,-0.4784,0.76977,0.70518
0,0,0,0,41.09,-0.48214,0.77418,0.70345
0,0,0,0,41.1,-0.48585,0.77863,0.70164
0,0,0,0,41.11,-0.48948,0.78244,0.69983
0,0,0,0,41.12,-0.49301,0.78603,0.69765
0,0,0,0,41.13,-0.49629,0.78932,0.69526
0,0,0,0,41.14,-0.49972,0.79275,0.6935
0,0,0,0,41.15,-0.50318,0.79539,0.6915
0,0,0,0,41.16,-0.50643,0.79778,0.68937
0,0,0,0,41.17,-0.50958,0.80002,0.68703
0,0,0,0,41.18,-0.5127,0.80198,0.6849
0,0,0,0,41.19,-0.51569,0.80362,0.68288
0,0,0,0,41.2,-0.51871,0.805,0.68081
0,0,0,0,41.21,-0.52166,0.80609,0.67847
0,0,0,0,41.22,-0.52458,0.80717,0.67627
0,0,0,0,41.23,-0.5274,0.80785,0.67392
0,0,0,0,41.24,-0.52993,0.80785,0.67147
0,0,0,0,41.25,-0.53306,0.80853,0.66931
0,0,0,0,41.26,-0.53608,0.80821,0.6671
0,0,0,0,41.27,-0.53885,0.80796,0.66499
0,0,0,0,41.28,-0.54158,0.8075,0.66286
0,0,0,0,41.29,-0.54428,0.80669,0.66072
0,0,0,0,41.3,-0.54693,0.80569,0.65834
0,0,0,0,41.31,-0.54965,0.80487,0.65628
0,0,0,0,41.32,-0.55212,0.80331,0.6543
0,0,0,0,41.33,NaN,NaN,NaN
0,0,0,0,41.34,NaN,NaN,NaN
0,0,0,0,41.35,NaN,NaN,NaN
0,0,0,0,41.36,NaN,NaN,NaN
0,0,0,0,41.37,NaN,NaN,NaN
0,0,0,0,41.38,NaN,NaN,NaN
0,0,0,0,41.39,NaN,NaN,NaN
0,0,0,0,41.4,NaN,NaN,NaN
0,0,0,0,41.41,NaN,NaN,NaN
0,0,0,0,41.42,NaN,NaN,NaN
0,0,0,0,41.43,NaN,NaN,NaN
0,0,0,0,41.44,NaN,NaN,NaN
0,0,0,0,41.45,NaN,NaN,NaN
0,0,0,0,41.46,NaN,NaN,NaN
0,0,0,0,41.47,NaN,NaN,NaN
0,0,0,0,41.48,NaN,NaN,NaN
0,0,0,0,41.49,NaN,NaN,NaN
0,0,0,0,41.5,NaN,NaN,NaN
0,0,0,0,41.51,NaN,NaN,NaN
0,0,0,0,41.52,NaN,NaN,NaN
0,0,0,0,41.53,NaN,NaN,NaN
0,0,0,0,41.54,NaN,NaN,NaN
0,0,0,0,41.55,NaN,NaN,NaN
0,0,0,0,41.56,NaN,NaN,NaN
0,0,0,0,41.57,NaN,NaN,NaN
0,0,0,0,41.58,NaN,NaN,NaN
0,0,0,0,41.59,NaN,NaN,NaN
0,0,0,0,41.6,NaN,NaN,NaN
0,0,0,0,41.61,NaN,NaN,NaN
0,0,0,0,41.62,NaN,NaN,NaN
0,0,0,0,41.63,NaN,NaN,NaN
0,0,0,0,41.64,-0.61826,0.69805,0.59524
0,0,0,0,41.65,-0.61965,0.69286,0.59375
0,0,0,0,41.66,-0.62105,0.68817,0.59219
0,0,0,0,41.67,-0.62237,0.68339,0.59047
0,0,0,0,41.68,-0.62382,0.67866,0.58894
0,0,0,0,41.69,-0.62506,0.67385,0.58723
0,0,0,0,41.7,-0.62695,0.66931,0.58549
0,0,0,0,41.71,-0.62825,0.66397,0.58418
0,0,0,0,41.72,-0.62935,0.65867,0.58274
0,0,0,0,41.73,-0.63059,0.65362,0.58119
0,0,0,0,41.74,-0.6318,0.64855,0.57974
0,0,0,0,41.75,-0.63273,0.64355,0.57803
0,0,0,0,41.76,-0.63454,0.6387,0.57654
0,0,0,0,41.77,-0.63556,0.63324,0.57531
0,0,0,0,41.78,-0.63659,0.62794,0.5739
0,0,0,0,41.79,-0.63777,0.62272,0.57253
0,0,0,0,41.8,-0.63905,0.6177,0.57098
0,0,0,0,41.81,-0.64011,0.61255,0.56947
0,0,0,0,41.82,-0.64081,0.60699,0.56839
0,0,0,0,41.83,-0.64179,0.60189,0.56711
0,0,0,0,41.84,-0.64291,0.59693,0.56561
0,0,0,0,41.85,-0.64406,0.59184,0.56429
0,0,0,0,41.86,-0.64503,0.58669,0.56311
0,0,0,0,41.87,-0.64602,0.58165,0.56179
0,0,0,0,41.88,-0.64701,0.57684,0.5604
0,0,0,0,41.89,-0.64786,0.57205,0.55923
0,0,0,0,41.9,-0.64822,0.56632,0.55799
0,0,0,0,41.91,-0.64924,0.56148,0.55676
0,0,0,0,41.92,-0.6503,0.55659,0.55577
0,0,0,0,41.93,-0.65121,0.55162,0.55472
0,0,0,0,41.94,-0.65197,0.54669,0.55372
0,0,0,0,41.95,-0.65276,0.54188,0.55258
0,0,0,0,41.96,-0.65341,0.53724,0.55139
0,0,0,0,41.97,-0.65369,0.53259,0.55026
0,0,0,0,41.98,-0.65485,0.52803,0.54939
0,0,0,0,41.99,-0.65571,0.52338,0.5485
0,0,0,0,42,-0.65656,0.51879,0.54768
0,0,0,0,42.01,-0.65721,0.51423,0.5469
0,0,0,0,42.02,-0.65788,0.50966,0.54616
0,0,0,0,42.03,-0.65865,0.50512,0.5455
0,0,0,0,42.04,-0.65894,0.50055,0.5448
0,0,0,0,42.05,-0.65882,0.49604,0.54406
0,0,0,0,42.06,-0.6598,0.49172,0.5436
0,0,0,0,42.07,-0.6611,0.48749,0.54316
0,0,0,0,42.08,-0.66148,0.48298,0.54295
0,0,0,0,42.09,-0.66146,0.47851,0.54268
0,0,0,0,42.1,-0.66226,0.47444,0.54234
0,0,0,0,42.11,-0.6628,0.47017,0.5422
0,0,0,0,42.12,-0.66333,0.46594,0.54214
0,0,0,0,42.13,-0.66378,0.46184,0.54207
0,0,0,0,42.14,-0.66437,0.45777,0.54212
0,0,0,0,42.15,-0.66512,0.45376,0.54216
0,0,0,0,42.16,-0.6656,0.44975,0.54231
0,0,0,0,42.17,-0.66608,0.4458,0.5425
0,0,0,0,42.18,-0.66657,0.44191,0.54276
0,0,0,0,42.19,-0.66682,0.43806,0.54302
0,0,0,0,42.2,-0.66675,0.43428,0.54319
0,0,0,0,42.21,-0.66714,0.4305,0.54357
0,0,0,0,42.22,-0.66728,0.42678,0.54391
0,0,0,0,42.23,-0.66768,0.42332,0.54424
0,0,0,0,42.24,-0.668,0.41989,0.54463
0,0,0,0,42.25,-0.66825,0.41657,0.545
0,0,0,0,42.26,-0.669,0.41334,0.54552
0,0,0,0,42.27,-0.67003,0.41013,0.54622
0,0,0,0,42.28,-0.67026,0.40694,0.54674
0,0,0,0,42.29,-0.67054,0.40394,0.54722
0,0,0,0,42.3,-0.6708,0.40108,0.54765
0,0,0,0,42.31,-0.67123,0.39825,0.54813
0,0,0,0,42.32,-0.67154,0.39551,0.54862
0,0,0,0,42.33,-0.67173,0.39287,0.54916
0,0,0,0,42.34,-0.67188,0.39029,0.54967
0,0,0,0,42.35,-0.67207,0.38777,0.55025
0,0,0,0,42.36,-0.67222,0.38525,0.55088
0,0,0,0,42.37,-0.67238,0.38279,0.5514
0,0,0,0,42.38,-0.67267,0.38057,0.55188
0,0,0,0,42.39,-0.67278,0.37849,0.55239
0,0,0,0,42.4,-0.67251,0.37607,0.55308
0,0,0,0,42.41,-0.67303,0.37398,0.55375
0,0,0,0,42.42,-0.67304,0.37168,0.55484
0,0,0,0,42.43,-0.67309,0.36957,0.55551
0,0,0,0,42.44,-0.67309,0.36751,0.55622
0,0,0,0,42.45,-0.67302,0.36555,0.5569
0,0,0,0,42.46,-0.67295,0.36359,0.55763
0,0,0,0,42.47,-0.67275,0.36172,0.55832
0,0,0,0,42.48,-0.67237,0.35983,0.55911
0,0,0,0,42.49,-0.67262,0.35808,0.55997
0,0,0,0,42.5,-0.67234,0.35631,0.56068
0,0,0,0,42.51,-0.67191,0.35445,0.56139
0,0,0,0,42.52,-0.67213,0.35288,0.56203
0,0,0,0,42.53,-0.67248,0.35139,0.56276
0,0,0,0,42.54,-0.67231,0.34952,0.56389
0,0,0,0,42.55,-0.67209,0.34795,0.56468
0,0,0,0,42.56,-0.67206,0.34645,0.5655
0,0,0,0,42.57,-0.67188,0.34476,0.56629
0,0,0,0,42.58,-0.67178,0.34324,0.56707
0,0,0,0,42.59,-0.67167,0.34192,0.56782
0,0,0,0,42.6,-0.67146,0.34055,0.56859
0,0,0,0,42.61,-0.67122,0.33909,0.56938
0,0,0,0,42.62,-0.67096,0.33767,0.5701
0,0,0,0,42.63,-0.67071,0.33626,0.57085
0,0,0,0,42.64,-0.67059,0.33479,0.57169
0,0,0,0,42.65,-0.67076,0.33358,0.57263
0,0,0,0,42.66,-0.67075,0.33263,0.57327
0,0,0,0,42.67,-0.67063,0.33167,0.57386
0,0,0,0,42.68,-0.67037,0.33036,0.57475
0,0,0,0,42.69,-0.67002,0.32886,0.57594
0,0,0,0,42.7,-0.66961,0.32767,0.57675
0,0,0,0,42.71,-0.66938,0.32668,0.57757
0,0,0,0,42.72,-0.66885,0.3257,0.57833
0,0,0,0,42.73,-0.66836,0.32474,0.57923
0,0,0,0,42.74,-0.66872,0.32398,0.58022
0,0,0,0,42.75,-0.66849,0.32312,0.58104
0,0,0,0,42.76,-0.66816,0.32222,0.58191
0,0,0,0,42.77,-0.66776,0.32132,0.58283
0,0,0,0,42.78,-0.66733,0.32049,0.58376
0,0,0,0,42.79,-0.66707,0.31997,0.58459
0,0,0,0,42.8,-0.66689,0.31949,0.58534
0,0,0,0,42.81,-0.66664,0.31865,0.58627
0,0,0,0,42.82,-0.66614,0.31771,0.58745
0,0,0,0,42.83,-0.66543,0.31683,0.58887
0,0,0,0,42.84,-0.66528,0.31628,0.59001
0,0,0,0,42.85,-0.665,0.31572,0.59113
0,0,0,0,42.86,-0.6645,0.31508,0.59224
0,0,0,0,42.87,-0.66372,0.31444,0.59342
0,0,0,0,42.88,-0.66329,0.31406,0.59455
0,0,0,0,42.89,-0.66308,0.31358,0.59585
0,0,0,0,42.9,-0.66314,0.31305,0.59731
0,0,0,0,42.91,-0.66259,0.31244,0.5986
0,0,0,0,42.92,-0.66218,0.3121,0.59991
0,0,0,0,42.93,-0.66184,0.31189,0.60124
0,0,0,0,42.94,-0.66139,0.31156,0.60243
0,0,0,0,42.95,-0.66096,0.31117,0.60384
0,0,0,0,42.96,-0.66042,0.31064,0.60552
0,0,0,0,42.97,-0.65989,0.31011,0.60722
0,0,0,0,42.98,-0.65938,0.30975,0.60898
0,0,0,0,42.99,-0.65883,0.30946,0.61061
0,0,0,0,43,-0.65836,0.3092,0.61218
0,0,0,0,43.01,-0.65776,0.30862,0.61398
0,0,0,0,43.02,-0.65742,0.30821,0.61583
0,0,0,0,43.03,-0.65692,0.30799,0.61765
0,0,0,0,43.04,-0.65611,0.30771,0.61947
0,0,0,0,43.05,-0.6554,0.30695,0.62155
0,0,0,0,43.06,-0.65479,0.30671,0.62334
0,0,0,0,43.07,-0.65418,0.3064,0.62518
0,0,0,0,43.08,-0.6535,0.30591,0.62721
0,0,0,0,43.09,-0.65292,0.30543,0.62945
0,0,0,0,43.1,-0.65218,0.30505,0.6313
0,0,0,0,43.11,-0.65142,0.30463,0.63324
0,0,0,0,43.12,-0.65076,0.30426,0.63516
0,0,0,0,43.13,-0.64972,0.3038,0.63724
0,0,0,0,43.14,-0.64923,0.30338,0.63915
0,0,0,0,43.15,-0.64855,0.3026,0.64137
0,0,0,0,43.16,-0.6476,0.30202,0.64362
0,0,0,0,43.17,-0.6467,0.30145,0.64574
0,0,0,0,43.18,-0.64592,0.30075,0.64779
0,0,0,0,43.19,-0.6451,0.30012,0.65001
0,0,0,0,43.2,-0.64421,0.29966,0.65202
0,0,0,0,43.21,-0.64321,0.29889,0.65417
0,0,0,0,43.22,-0.64215,0.29835,0.65618
0,0,0,0,43.23,-0.64097,0.29771,0.65823
0,0,0,0,43.24,-0.64002,0.29694,0.66029
0,0,0,0,43.25,-0.63918,0.29619,0.66255
0,0,0,0,43.26,-0.63815,0.29557,0.66458
0,0,0,0,43.27,-0.63698,0.29497,0.66651
0,0,0,0,43.28,-0.63562,0.29419,0.6685
0,0,0,0,43.29,-0.63453,0.29353,0.67053
0,0,0,0,43.3,-0.63346,0.29276,0.67263
0,0,0,0,43.31,-0.63228,0.29214,0.67448
0,0,0,0,43.32,-0.63122,0.29157,0.67651
0,0,0,0,43.33,-0.63001,0.29055,0.67853
0,0,0,0,43.34,-0.62879,0.28978,0.68031
0,0,0,0,43.35,-0.62756,0.28894,0.68223
0,0,0,0,43.36,-0.62645,0.28811,0.68417
0,0,0,0,43.37,-0.62515,0.28732,0.68603
0,0,0,0,43.38,-0.62385,0.28637,0.68794
0,0,0,0,43.39,-0.62255,0.2856,0.68973
0,0,0,0,43.4,-0.62128,0.28466,0.69155
0,0,0,0,43.41,-0.62001,0.28374,0.69322
0,0,0,0,43.42,-0.61877,0.28298,0.69496
0,0,0,0,43.43,-0.61736,0.28183,0.69701
0,0,0,0,43.44,-0.61587,0.28093,0.69872
0,0,0,0,43.45,-0.61448,0.28008,0.70045
0,0,0,0,43.46,-0.61312,0.27893,0.70222
0,0,0,0,43.47,-0.61179,0.27797,0.70407
0,0,0,0,43.48,-0.61015,0.27706,0.70575
0,0,0,0,43.49,-0.60869,0.27607,0.70757
0,0,0,0,43.5,-0.60716,0.27507,0.70929
0,0,0,0,43.51,-0.6056,0.27421,0.71096
0,0,0,0,43.52,-0.60422,0.27344,0.71283
0,0,0,0,43.53,-0.60251,0.27251,0.71463
0,0,0,0,43.54,-0.60088,0.27162,0.7162
0,0,0,0,43.55,-0.59941,0.27083,0.71786
0,0,0,0,43.56,-0.59781,0.27007,0.7196
0,0,0,0,43.57,-0.59614,0.26929,0.72141
0,0,0,0,43.58,-0.59462,0.2686,0.72347
0,0,0,0,43.59,-0.59308,0.26803,0.72543
0,0,0,0,43.6,-0.59149,0.26744,0.72727
0,0,0,0,43.61,-0.58973,0.26617,0.72892
0,0,0,0,43.62,-0.588,0.2653,0.73079
0,0,0,0,43.63,-0.58633,0.26451,0.73271
0,0,0,0,43.64,-0.58469,0.2637,0.73469
0,0,0,0,43.65,-0.58291,0.26281,0.73665
0,0,0,0,43.66,-0.58132,0.26197,0.73857
0,0,0,0,43.67,-0.57977,0.26104,0.74071
0,0,0,0,43.68,-0.57801,0.26007,0.7427
0,0,0,0,43.69,-0.57642,0.25925,0.74451
0,0,0,0,43.7,-0.57452,0.25829,0.74652
0,0,0,0,43.71,-0.57277,0.25736,0.74866
0,0,0,0,43.72,-0.57154,0.25664,0.75079
0,0,0,0,43.73,-0.5697,0.25571,0.75268
0,0,0,0,43.74,-0.56785,0.25472,0.75461
0,0,0,0,43.75,-0.56676,0.254,0.75691
0,0,0,0,43.76,-0.56496,0.25323,0.75887
0,0,0,0,43.77,-0.56316,0.25246,0.76089
0,0,0,0,43.78,-0.56172,0.25178,0.76293
0,0,0,0,43.79,-0.56032,0.25109,0.76532
0,0,0,0,43.8,-0.55879,0.25046,0.76735
0,0,0,0,43.81,-0.55696,0.24982,0.76932
0,0,0,0,43.82,-0.55534,0.24922,0.77135
0,0,0,0,43.83,-0.55384,0.24868,0.77345
0,0,0,0,43.84,-0.55232,0.24819,0.77572
0,0,0,0,43.85,-0.55067,0.24764,0.7778
0,0,0,0,43.86,-0.54912,0.24728,0.77998
0,0,0,0,43.87,-0.54748,0.24691,0.78195
0,0,0,0,43.88,-0.54583,0.2466,0.78387
0,0,0,0,43.89,-0.54429,0.24632,0.78577
0,0,0,0,43.9,-0.54281,0.24599,0.78782
0,0,0,0,43.91,-0.54143,0.24574,0.79015
0,0,0,0,43.92,-0.5399,0.24556,0.79214
0,0,0,0,43.93,-0.53835,0.24537,0.79422
0,0,0,0,43.94,-0.53682,0.24525,0.79614
0,0,0,0,43.95,-0.53529,0.24501,0.79826
0,0,0,0,43.96,-0.53403,0.24496,0.80045
0,0,0,0,43.97,-0.53262,0.24487,0.8024
0,0,0,0,43.98,-0.53109,0.24472,0.80432
0,0,0,0,43.99,-0.52964,0.24451,0.80656
0,0,0,0,44,-0.52822,0.24432,0.80852
0,0,0,0,44.01,-0.52684,0.24424,0.81037
0,0,0,0,44.02,-0.52543,0.24405,0.81242
0,0,0,0,44.03,-0.52414,0.24372,0.81485
0,0,0,0,44.04,-0.52275,0.2434,0.8168
0,0,0,0,44.05,-0.5214,0.24302,0.81889
0,0,0,0,44.06,-0.5201,0.24271,0.8211
0,0,0,0,44.07,-0.51866,0.24241,0.82324
0,0,0,0,44.08,-0.51737,0.24215,0.82531
0,0,0,0,44.09,-0.51607,0.24182,0.82734
0,0,0,0,44.1,-0.51476,0.24144,0.82936
0,0,0,0,44.11,-0.51343,0.24116,0.83141
0,0,0,0,44.12,-0.51206,0.24088,0.83345
0,0,0,0,44.13,-0.51059,0.24059,0.83543
0,0,0,0,44.14,-0.50944,0.24037,0.83751
0,0,0,0,44.15,-0.50829,0.24009,0.83944
0,0,0,0,44.16,-0.50707,0.23976,0.84137
0,0,0,0,44.17,-0.50575,0.23951,0.8432
0,0,0,0,44.18,-0.50441,0.23917,0.84527
0,0,0,0,44.19,-0.50304,0.2388,0.8472
0,0,0,0,44.2,-0.50183,0.23844,0.84896
0,0,0,0,44.21,-0.50053,0.23798,0.85091
0,0,0,0,44.22,-0.49941,0.23745,0.85286
0,0,0,0,44.23,-0.49807,0.23694,0.85472
0,0,0,0,44.24,-0.49661,0.23643,0.85635
0,0,0,0,44.25,-0.49535,0.23584,0.8582
0,0,0,0,44.26,-0.49426,0.23526,0.86011
0,0,0,0,44.27,-0.49303,0.23463,0.86178
0,0,0,0,44.28,-0.49176,0.23409,0.86343
0,0,0,0,44.29,-0.4904,0.23341,0.86507
0,0,0,0,44.3,-0.48912,0.23266,0.86663
0,0,0,0,44.31,-0.48789,0.23196,0.86807
0,0,0,0,44.32,-0.4867,0.2312,0.86966
0,0,0,0,44.33,-0.48558,0.23043,0.8712
0,0,0,0,44.34,-0.48425,0.22962,0.87244
0,0,0,0,44.35,-0.48303,0.22877,0.87371
0,0,0,0,44.36,-0.48192,0.22782,0.87505
0,0,0,0,44.37,-0.48085,0.22681,0.87641
0,0,0,0,44.38,-0.47977,0.22582,0.8777
0,0,0,0,44.39,-0.47849,0.2249,0.87873
0,0,0,0,44.4,-0.47728,0.2239,0.87979
0,0,0,0,44.41,-0.47621,0.22288,0.88077
0,0,0,0,44.42,-0.47517,0.22183,0.88167
0,0,0,0,44.43,-0.47398,0.22071,0.88259
0,0,0,0,44.44,-0.47277,0.21964,0.88348
0,0,0,0,44.45,-0.47179,0.21856,0.8844
0,0,0,0,44.46,-0.47073,0.21742,0.88516
0,0,0,0,44.47,-0.4697,0.2162,0.88591
0,0,0,0,44.48,-0.46862,0.21489,0.88663
0,0,0,0,44.49,-0.46765,0.21369,0.8872
0,0,0,0,44.5,-0.46659,0.21247,0.88778
0,0,0,0,44.51,-0.46559,0.21117,0.88835
0,0,0,0,44.52,-0.46463,0.20988,0.88885
0,0,0,0,44.53,-0.46365,0.20852,0.88932
0,0,0,0,44.54,-0.46277,0.20712,0.88973
0,0,0,0,44.55,-0.4618,0.20568,0.8901
0,0,0,0,44.56,-0.46085,0.20425,0.89038
0,0,0,0,44.57,-0.45995,0.20288,0.89064
0,0,0,0,44.58,-0.45907,0.20146,0.89095
0,0,0,0,44.59,-0.4582,0.19999,0.89118
0,0,0,0,44.6,-0.45737,0.1985,0.89139
0,0,0,0,44.61,-0.45656,0.197,0.89151
0,0,0,0,44.62,-0.45571,0.19548,0.89159
0,0,0,0,44.63,-0.45499,0.19409,0.89143
0,0,0,0,44.64,NaN,NaN,NaN
0,0,0,0,44.65,NaN,NaN,NaN
0,0,0,0,44.66,NaN,NaN,NaN
0,0,0,0,44.67,NaN,NaN,NaN
0,0,0,0,44.68,NaN,NaN,NaN
0,0,0,0,44.69,NaN,NaN,NaN
0,0,0,0,44.7,NaN,NaN,NaN
0,0,0,0,44.71,NaN,NaN,NaN
0,0,0,0,44.72,NaN,NaN,NaN
0,0,0,0,44.73,NaN,NaN,NaN
0,0,0,0,44.74,NaN,NaN,NaN
0,0,0,0,44.75,NaN,NaN,NaN
0,0,0,0,44.76,NaN,NaN,NaN
0,0,0,0,44.77,NaN,NaN,NaN
0,0,0,0,44.78,NaN,NaN,NaN
0,0,0,0,44.79,NaN,NaN,NaN
0,0,0,0,44.8,NaN,NaN,NaN
0,0,0,0,44.81,NaN,NaN,NaN
0,0,0,0,44.82,NaN,NaN,NaN
0,0,0,0,44.83,NaN,NaN,NaN
0,0,0,0,44.84,NaN,NaN,NaN
0,0,0,0,44.85,NaN,NaN,NaN
0,0,0,0,44.86,NaN,NaN,NaN
0,0,0,0,44.87,NaN,NaN,NaN
0,0,0,0,44.88,NaN,NaN,NaN
0,0,0,0,44.89,NaN,NaN,NaN
0,0,0,0,44.9,NaN,NaN,NaN
0,0,0,0,44.91,NaN,NaN,NaN
0,0,0,0,44.92,NaN,NaN,NaN
0,0,0,0,44.93,NaN,NaN,NaN
0,0,0,0,44.94,NaN,NaN,NaN
0,0,0,0,44.95,NaN,NaN,NaN
0,0,0,0,44.96,NaN,NaN,NaN
0,0,0,0,44.97,NaN,NaN,NaN
0,0,0,0,44.98,NaN,NaN,NaN
0,0,0,0,44.99,NaN,NaN,NaN
0,0,0,0,45,NaN,NaN,NaN
0,0,0,0,45.01,NaN,NaN,NaN
0,0,0,0,45.02,NaN,NaN,NaN
0,0,0,0,45.03,NaN,NaN,NaN
0,0,0,0,45.04,NaN,NaN,NaN
0,0,0,0,45.05,NaN,NaN,NaN
0,0,0,0,45.06,NaN,NaN,NaN
0,0,0,0,45.07,NaN,NaN,NaN
0,0,0,0,45.08,NaN,NaN,NaN
0,0,0,0,45.09,NaN,NaN,NaN
0,0,0,0,45.1,NaN,NaN,NaN
0,0,0,0,45.11,NaN,NaN,NaN
0,0,0,0,45.12,NaN,NaN,NaN
0,0,0,0,45.13,-0.4371,0.13253,0.85318
0,0,0,0,45.14,NaN,NaN,NaN
0,0,0,0,45.15,-0.43737,0.13147,0.85
0,0,0,0,45.16,NaN,NaN,NaN
0,0,0,0,45.17,-0.43796,0.1305,0.8468
0,0,0,0,45.18,NaN,NaN,NaN
0,0,0,0,45.19,-0.43838,0.12954,0.84333
0,0,0,0,45.2,NaN,NaN,NaN
0,0,0,0,45.21,-0.43902,0.12876,0.83973
0,0,0,0,45.22,NaN,NaN,NaN
0,0,0,0,45.23,-0.43983,0.12817,0.83614
0,0,0,0,45.24,NaN,NaN,NaN
0,0,0,0,45.25,-0.44059,0.12752,0.83244
0,0,0,0,45.26,NaN,NaN,NaN
0,0,0,0,45.27,-0.44152,0.12697,0.82864
0,0,0,0,45.28,NaN,NaN,NaN
0,0,0,0,45.29,-0.44226,0.12639,0.82475
0,0,0,0,45.3,NaN,NaN,NaN
0,0,0,0,45.31,-0.44336,0.12586,0.82101
0,0,0,0,45.32,NaN,NaN,NaN
0,0,0,0,45.33,-0.44433,0.12533,0.81706
0,0,0,0,45.34,NaN,NaN,NaN
0,0,0,0,45.35,-0.44541,0.12488,0.81299
0,0,0,0,45.36,NaN,NaN,NaN
0,0,0,0,45.37,-0.44661,0.12438,0.80894
0,0,0,0,45.38,NaN,NaN,NaN
0,0,0,0,45.39,-0.44783,0.12403,0.8051
0,0,0,0,45.4,NaN,NaN,NaN
0,0,0,0,45.41,-0.44907,0.12363,0.80091
0,0,0,0,45.42,NaN,NaN,NaN
0,0,0,0,45.43,-0.45047,0.12325,0.79693
0,0,0,0,45.44,NaN,NaN,NaN
0,0,0,0,45.45,-0.45158,0.12302,0.79256
0,0,0,0,45.46,NaN,NaN,NaN
0,0,0,0,45.47,-0.45321,0.12282,0.78841
0,0,0,0,45.48,NaN,NaN,NaN
0,0,0,0,45.49,-0.45451,0.12258,0.78399
0,0,0,0,45.5,NaN,NaN,NaN
0,0,0,0,45.51,-0.45611,0.12247,0.77996
0,0,0,0,45.52,NaN,NaN,NaN
0,0,0,0,45.53,-0.45749,0.12231,0.77564
0,0,0,0,45.54,NaN,NaN,NaN
0,0,0,0,45.55,-0.45867,0.1222,0.77119
0,0,0,0,45.56,NaN,NaN,NaN
0,0,0,0,45.57,-0.46003,0.12225,0.76703
0,0,0,0,45.58,NaN,NaN,NaN
0,0,0,0,45.59,-0.46094,0.12234,0.76254
0,0,0,0,45.6,NaN,NaN,NaN
0,0,0,0,45.61,-0.46179,0.12235,0.75808
0,0,0,0,45.62,NaN,NaN,NaN
0,0,0,0,45.63,-0.46292,0.12254,0.75373
0,0,0,0,45.64,NaN,NaN,NaN
0,0,0,0,45.65,-0.46369,0.12274,0.7489
0,0,0,0,45.66,NaN,NaN,NaN
0,0,0,0,45.67,-0.46485,0.1229,0.74448
0,0,0,0,45.68,NaN,NaN,NaN
0,0,0,0,45.69,-0.46569,0.12329,0.73949
0,0,0,0,45.7,NaN,NaN,NaN
0,0,0,0,45.71,-0.46696,0.12343,0.73482
0,0,0,0,45.72,NaN,NaN,NaN
0,0,0,0,45.73,-0.46782,0.12379,0.72971
0,0,0,0,45.74,NaN,NaN,NaN
0,0,0,0,45.75,-0.46903,0.12409,0.72461
0,0,0,0,45.76,-0.46941,0.12424,0.72184
0,0,0,0,45.77,-0.47011,0.12443,0.71933
0,0,0,0,45.78,-0.47064,0.12456,0.71675
0,0,0,0,45.79,-0.47114,0.12476,0.7139
0,0,0,0,45.8,-0.47148,0.12484,0.71117
0,0,0,0,45.81,-0.47208,0.12496,0.70853
0,0,0,0,45.82,-0.47284,0.12521,0.7058
0,0,0,0,45.83,-0.47314,0.12536,0.70289
0,0,0,0,45.84,-0.47372,0.12551,0.70016
0,0,0,0,45.85,-0.4742,0.12568,0.69737
0,0,0,0,45.86,-0.47474,0.1259,0.69444
0,0,0,0,45.87,-0.47516,0.126,0.69162
0,0,0,0,45.88,-0.47564,0.12617,0.68862
0,0,0,0,45.89,-0.4759,0.12638,0.68563
0,0,0,0,45.9,-0.47627,0.12655,0.68285
0,0,0,0,45.91,-0.47669,0.12668,0.67993
0,0,0,0,45.92,-0.47703,0.12684,0.67694
0,0,0,0,45.93,-0.47738,0.12701,0.67402
0,0,0,0,45.94,-0.47742,0.12709,0.67106
0,0,0,0,45.95,-0.47775,0.12737,0.66809
0,0,0,0,45.96,-0.47795,0.12766,0.6651
0,0,0,0,45.97,-0.47828,0.12789,0.66216
0,0,0,0,45.98,-0.47858,0.12823,0.65907
0,0,0,0,45.99,-0.47871,0.12847,0.65593
0,0,0,0,46,-0.47889,0.12866,0.65299
0,0,0,0,46.01,-0.47892,0.129,0.64977
0,0,0,0,46.02,-0.47887,0.12926,0.64693
0,0,0,0,46.03,-0.47899,0.12954,0.64389
0,0,0,0,46.04,-0.47912,0.12993,0.64081
0,0,0,0,46.05,-0.47915,0.13027,0.63757
0,0,0,0,46.06,-0.47927,0.13056,0.6346
0,0,0,0,46.07,-0.47926,0.13088,0.6317
0,0,0,0,46.08,-0.47913,0.13122,0.62854
0,0,0,0,46.09,-0.47913,0.1316,0.62541
0,0,0,0,46.1,-0.47914,0.13198,0.62233
0,0,0,0,46.11,-0.47903,0.13239,0.61908
0,0,0,0,46.12,-0.47902,0.13275,0.61589
0,0,0,0,46.13,-0.47886,0.13323,0.61264
0,0,0,0,46.14,-0.47896,0.1336,0.60967
0,0,0,0,46.15,-0.47877,0.13398,0.60653
0,0,0,0,46.16,-0.47828,0.13421,0.60342
0,0,0,0,46.17,-0.478,0.13453,0.60033
0,0,0,0,46.18,-0.478,0.13489,0.59714
0,0,0,0,46.19,-0.4774,0.13512,0.59398
0,0,0,0,46.2,-0.47748,0.13558,0.59078
0,0,0,0,46.21,-0.47706,0.1358,0.58768
0,0,0,0,46.22,-0.47686,0.13605,0.58447
0,0,0,0,46.23,-0.47642,0.1362,0.5815
0,0,0,0,46.24,-0.47612,0.13645,0.57837
0,0,0,0,46.25,-0.47577,0.13668,0.57509
0,0,0,0,46.26,-0.47553,0.13684,0.57211
0,0,0,0,46.27,-0.47515,0.13707,0.56886
0,0,0,0,46.28,-0.4748,0.13729,0.56571
0,0,0,0,46.29,-0.47447,0.13757,0.56261
0,0,0,0,46.3,-0.47414,0.13784,0.55943
0,0,0,0,46.31,-0.47368,0.13824,0.55606
0,0,0,0,46.32,-0.47333,0.13814,0.55325
0,0,0,0,46.33,-0.47295,0.1383,0.55026
0,0,0,0,46.34,-0.47252,0.13875,0.54678
0,0,0,0,46.35,-0.4721,0.13882,0.54383
0,0,0,0,46.36,-0.47165,0.13906,0.54062
0,0,0,0,46.37,-0.47109,0.13938,0.53733
0,0,0,0,46.38,-0.47075,0.13951,0.53421
0,0,0,0,46.39,-0.47016,0.1397,0.53098
0,0,0,0,46.4,-0.46978,0.13998,0.52793
0,0,0,0,46.41,-0.4693,0.14038,0.52467
0,0,0,0,46.42,-0.46885,0.14068,0.52134
0,0,0,0,46.43,-0.46837,0.14092,0.51825
0,0,0,0,46.44,-0.46756,0.14095,0.51495
0,0,0,0,46.45,-0.46673,0.14121,0.51189
0,0,0,0,46.46,-0.46631,0.14158,0.50864
0,0,0,0,46.47,-0.46532,0.14166,0.50545
0,0,0,0,46.48,-0.46504,0.14215,0.50214
0,0,0,0,46.49,-0.46443,0.1423,0.49908
0,0,0,0,46.5,-0.46365,0.14247,0.49572
0,0,0,0,46.51,-0.46295,0.14276,0.49263
0,0,0,0,46.52,-0.46197,0.14299,0.48941
0,0,0,0,46.53,-0.46125,0.14324,0.48617
0,0,0,0,46.54,-0.46039,0.14338,0.48298
0,0,0,0,46.55,-0.45945,0.14376,0.47974
0,0,0,0,46.56,-0.45838,0.14382,0.4765
0,0,0,0,46.57,-0.45764,0.14409,0.47332
0,0,0,0,46.58,-0.45669,0.14423,0.47027
0,0,0,0,46.59,-0.45557,0.14449,0.46695
0,0,0,0,46.6,-0.45468,0.14456,0.4641
0,0,0,0,46.61,-0.45365,0.14472,0.46109
0,0,0,0,46.62,-0.45257,0.14494,0.45778
0,0,0,0,46.63,-0.45171,0.14501,0.45484
0,0,0,0,46.64,-0.45054,0.1452,0.45155
0,0,0,0,46.65,-0.44945,0.14531,0.44862
0,0,0,0,46.66,-0.44814,0.14552,0.44561
0,0,0,0,46.67,-0.44724,0.14577,0.44257
0,0,0,0,46.68,-0.44589,0.14585,0.43958
0,0,0,0,46.69,-0.44529,0.14609,0.43663
0,0,0,0,46.7,-0.44413,0.14636,0.4337
0,0,0,0,46.71,-0.44287,0.14662,0.43064
0,0,0,0,46.72,-0.44131,0.14684,0.42771
0,0,0,0,46.73,-0.44053,0.14717,0.42463
0,0,0,0,46.74,-0.43903,0.14744,0.42171
0,0,0,0,46.75,-0.4386,0.1479,0.41871
0,0,0,0,46.76,-0.43763,0.14809,0.41587
0,0,0,0,46.77,-0.43639,0.14841,0.4128
0,0,0,0,46.78,-0.43518,0.14882,0.4099
0,0,0,0,46.79,-0.4346,0.1496,0.40685
0,0,0,0,46.8,-0.43356,0.14949,0.40432
0,0,0,0,46.81,-0.43257,0.1498,0.40158
0,0,0,0,46.82,-0.43134,0.15012,0.39881
0,0,0,0,46.83,-0.4301,0.15049,0.39609
0,0,0,0,46.84,-0.42947,0.15089,0.39339
0,0,0,0,46.85,-0.42798,0.15136,0.3905
0,0,0,0,46.86,-0.42647,0.15157,0.3883
0,0,0,0,46.87,-0.42555,0.15191,0.38588
0,0,0,0,46.88,-0.4239,0.15216,0.38345
0,0,0,0,46.89,-0.42317,0.15257,0.38113
0,0,0,0,46.9,-0.42214,0.15299,0.37882
0,0,0,0,46.91,-0.4207,0.15339,0.37643
0,0,0,0,46.92,-0.41927,0.15353,0.37451
0,0,0,0,46.93,-0.4183,0.15392,0.37219
0,0,0,0,46.94,-0.41711,0.15453,0.36987
0,0,0,0,46.95,-0.41608,0.15479,0.36786
0,0,0,0,46.96,-0.41471,0.155,0.36605
0,0,0,0,46.97,-0.41349,0.15519,0.36403
0,0,0,0,46.98,-0.4121,0.15566,0.36185
0,0,0,0,46.99,-0.41096,0.15597,0.36009
0,0,0,0,47,-0.40996,0.1564,0.35817
0,0,0,0,47.01,-0.40858,0.15686,0.35601
0,0,0,0,47.02,-0.4072,0.1572,0.3543
0,0,0,0,47.03,-0.40575,0.15749,0.35274
0,0,0,0,47.04,-0.4046,0.15792,0.35111
0,0,0,0,47.05,-0.40328,0.15847,0.34919
0,0,0,0,47.06,-0.40211,0.15896,0.34761
0,0,0,0,47.07,-0.40074,0.15931,0.34618
0,0,0,0,47.08,-0.39934,0.1598,0.34474
0,0,0,0,47.09,-0.3985,0.16064,0.3429
0,0,0,0,47.1,-0.39715,0.16124,0.34138
0,0,0,0,47.11,-0.39574,0.16171,0.34021
0,0,0,0,47.12,-0.39489,0.16236,0.33877
0,0,0,0,47.13,-0.39344,0.16286,0.33731
0,0,0,0,47.14,-0.39175,0.16348,0.33584
0,0,0,0,47.15,-0.39071,0.16428,0.33461
0,0,0,0,47.16,-0.3894,0.16501,0.33349
0,0,0,0,47.17,-0.38811,0.16566,0.33239
0,0,0,0,47.18,-0.38681,0.16627,0.33123
0,0,0,0,47.19,-0.38533,0.16696,0.33013
0,0,0,0,47.2,-0.38369,0.16779,0.329
0,0,0,0,47.21,-0.38216,0.16844,0.32817
0,0,0,0,47.22,-0.38058,0.16907,0.32734
0,0,0,0,47.23,-0.37921,0.16969,0.32634
0,0,0,0,47.24,-0.37802,0.17046,0.32531
0,0,0,0,47.25,-0.37632,0.17089,0.32481
0,0,0,0,47.26,-0.37469,0.17135,0.32436
0,0,0,0,47.27,-0.37292,0.17164,0.32401
0,0,0,0,47.28,-0.37102,0.17173,0.32383
0,0,0,0,47.29,-0.3694,0.1718,0.32362
0,0,0,0,47.3,-0.36781,0.17204,0.32319
0,0,0,0,47.31,-0.36584,0.17217,0.32289
0,0,0,0,47.32,-0.36399,0.1723,0.32268
0,0,0,0,47.33,-0.36189,0.17254,0.32244
0,0,0,0,47.34,-0.35944,0.17237,0.32256
0,0,0,0,47.35,-0.35758,0.17249,0.32245
0,0,0,0,47.36,-0.35541,0.17253,0.3224
0,0,0,0,47.37,-0.35357,0.17272,0.32243
0,0,0,0,47.38,-0.35142,0.17291,0.32226
0,0,0,0,47.39,-0.3491,0.17298,0.32221
0,0,0,0,47.4,-0.34718,0.17319,0.32236
0,0,0,0,47.41,-0.34498,0.17351,0.32213
0,0,0,0,47.42,-0.34345,0.17412,0.32194
0,0,0,0,47.43,-0.3413,0.17433,0.32214
0,0,0,0,47.44,-0.33869,0.1745,0.32247
0,0,0,0,47.45,-0.33661,0.17488,0.3226
0,0,0,0,47.46,-0.33449,0.1751,0.32263
0,0,0,0,47.47,-0.3323,0.17537,0.32268
0,0,0,0,47.48,-0.32987,0.17553,0.32271
0,0,0,0,47.49,-0.32768,0.17565,0.32282
0,0,0,0,47.5,-0.32534,0.17594,0.32282
0,0,0,0,47.51,-0.32289,0.17636,0.32274
0,0,0,0,47.52,-0.32025,0.17648,0.32303
0,0,0,0,47.53,-0.31767,0.17663,0.32323
0,0,0,0,47.54,-0.31527,0.17677,0.32323
0,0,0,0,47.55,-0.31279,0.17696,0.32311
0,0,0,0,47.56,-0.31039,0.177,0.32334
0,0,0,0,47.57,-0.308,0.17725,0.32308
0,0,0,0,47.58,-0.30574,0.17718,0.32328
0,0,0,0,47.59,-0.30313,0.17717,0.32347
0,0,0,0,47.6,-0.30026,0.17707,0.32384
0,0,0,0,47.61,-0.29773,0.17704,0.324
0,0,0,0,47.62,-0.29521,0.17688,0.32414
0,0,0,0,47.63,-0.2928,0.17672,0.32424
0,0,0,0,47.64,-0.29031,0.17652,0.32422
0,0,0,0,47.65,-0.28754,0.17636,0.32428
0,0,0,0,47.66,-0.28523,0.17627,0.32443
0,0,0,0,47.67,-0.28232,0.1761,0.3249
0,0,0,0,47.68,-0.27962,0.1758,0.32507
0,0,0,0,47.69,-0.27692,0.17558,0.32521
0,0,0,0,47.7,-0.27417,0.17549,0.32534
0,0,0,0,47.71,-0.2719,0.17549,0.32543
0,0,0,0,47.72,-0.26885,0.17528,0.3254
0,0,0,0,47.73,-0.2662,0.17519,0.32564
0,0,0,0,47.74,-0.26299,0.17515,0.32588
0,0,0,0,47.75,-0.25993,0.17496,0.32627
0,0,0,0,47.76,-0.25767,0.17508,0.3265
0,0,0,0,47.77,-0.25515,0.17504,0.32672
0,0,0,0,47.78,-0.25238,0.17493,0.32706
0,0,0,0,47.79,-0.24966,0.17482,0.32738
0,0,0,0,47.8,-0.24668,0.17469,0.32792
0,0,0,0,47.81,-0.24397,0.17464,0.32823
0,0,0,0,47.82,-0.24144,0.17466,0.32846
0,0,0,0,47.83,-0.23884,0.17464,0.32872
0,0,0,0,47.84,-0.23622,0.17457,0.32923
0,0,0,0,47.85,-0.23356,0.17441,0.32992
0,0,0,0,47.86,-0.23092,0.17426,0.33039
0,0,0,0,47.87,-0.22834,0.17417,0.33089
0,0,0,0,47.88,-0.22581,0.17417,0.3314
0,0,0,0,47.89,-0.2233,0.1741,0.33203
0,0,0,0,47.9,-0.22032,0.17389,0.33279
0,0,0,0,47.91,-0.21752,0.17376,0.33346
0,0,0,0,47.92,-0.21499,0.17363,0.33406
0,0,0,0,47.93,-0.21215,0.17348,0.33482
0,0,0,0,47.94,-0.20922,0.1734,0.33591
0,0,0,0,47.95,-0.20639,0.17326,0.33662
0,0,0,0,47.96,-0.20397,0.17319,0.33743
0,0,0,0,47.97,-0.2013,0.17313,0.33829
0,0,0,0,47.98,-0.19847,0.173,0.33915
0,0,0,0,47.99,-0.1958,0.17296,0.34012
0,0,0,0,48,-0.19328,0.17295,0.34099
0,0,0,0,48.01,-0.19067,0.17288,0.34196
0,0,0,0,48.02,-0.18787,0.17276,0.34285
0,0,0,0,48.03,-0.18515,0.17269,0.34379
0,0,0,0,48.04,-0.1826,0.1727,0.34467
0,0,0,0,48.05,-0.17997,0.17263,0.34559
0,0,0,0,48.06,-0.17721,0.17263,0.34645
0,0,0,0,48.07,-0.17437,0.17266,0.34737
0,0,0,0,48.08,-0.17194,0.17278,0.34822
0,0,0,0,48.09,-0.16952,0.17287,0.34923
0,0,0,0,48.1,-0.16688,0.17292,0.35002
0,0,0,0,48.11,-0.16428,0.17309,0.35086
0,0,0,0,48.12,-0.16154,0.17314,0.35157
0,0,0,0,48.13,-0.15904,0.17321,0.35238
0,0,0,0,48.14,-0.15645,0.17338,0.35348
0,0,0,0,48.15,-0.15394,0.17357,0.35424
0,0,0,0,48.16,-0.15146,0.17383,0.35502
0,0,0,0,48.17,-0.14883,0.17401,0.3559
0,0,0,0,48.18,-0.14647,0.17415,0.35679
0,0,0,0,48.19,-0.14404,0.17432,0.35769
0,0,0,0,48.2,-0.14151,0.17445,0.35854
0,0,0,0,48.21,-0.13894,0.17463,0.35937
0,0,0,0,48.22,-0.13619,0.17467,0.36035
0,0,0,0,48.23,-0.1338,0.17491,0.36126
0,0,0,0,48.24,-0.13127,0.17511,0.36213
0,0,0,0,48.25,-0.12882,0.17521,0.36318
0,0,0,0,48.26,-0.12634,0.17534,0.36393
0,0,0,0,48.27,-0.12375,0.1756,0.36474
0,0,0,0,48.28,-0.1212,0.17582,0.36562
0,0,0,0,48.29,-0.11877,0.17609,0.36646
0,0,0,0,48.3,-0.11629,0.17615,0.36738
0,0,0,0,48.31,-0.11383,0.17639,0.36823
0,0,0,0,48.32,-0.11129,0.17671,0.36888
0,0,0,0,48.33,-0.10884,0.17699,0.36969
0,0,0,0,48.34,-0.10632,0.17729,0.37061
0,0,0,0,48.35,-0.10371,0.17761,0.37158
0,0,0,0,48.36,-0.10104,0.17774,0.37245
0,0,0,0,48.37,-0.098355,0.17806,0.37287
0,0,0,0,48.38,-0.095986,0.17841,0.37398
0,0,0,0,48.39,-0.093534,0.17852,0.37521
0,0,0,0,48.4,-0.090846,0.1789,0.37602
0,0,0,0,48.41,-0.088148,0.17933,0.37684
0,0,0,0,48.42,-0.085606,0.1796,0.37789
0,0,0,0,48.43,-0.083101,0.17977,0.37878
0,0,0,0,48.44,-0.080571,0.18009,0.37971
0,0,0,0,48.45,-0.077902,0.18046,0.38055
0,0,0,0,48.46,-0.075427,0.18081,0.38148
0,0,0,0,48.47,NaN,NaN,NaN
0,0,0,0,48.48,NaN,NaN,NaN
0,0,0,0,48.49,NaN,NaN,NaN
0,0,0,0,48.5,NaN,NaN,NaN
0,0,0,0,48.51,NaN,NaN,NaN
0,0,0,0,48.52,NaN,NaN,NaN
0,0,0,0,48.53,NaN,NaN,NaN
0,0,0,0,48.54,NaN,NaN,NaN
0,0,0,0,48.55,NaN,NaN,NaN
0,0,0,0,48.56,NaN,NaN,NaN
0,0,0,0,48.57,NaN,NaN,NaN
0,0,0,0,48.58,NaN,NaN,NaN
0,0,0,0,48.59,NaN,NaN,NaN
0,0,0,0,48.6,NaN,NaN,NaN
0,0,0,0,48.61,NaN,NaN,NaN
0,0,0,0,48.62,NaN,NaN,NaN
0,0,0,0,48.63,NaN,NaN,NaN
0,0,0,0,48.64,NaN,NaN,NaN
0,0,0,0,48.65,NaN,NaN,NaN
0,0,0,0,48.66,NaN,NaN,NaN
0,0,0,0,48.67,NaN,NaN,NaN
0,0,0,0,48.68,NaN,NaN,NaN
0,0,0,0,48.69,NaN,NaN,NaN
0,0,0,0,48.7,NaN,NaN,NaN
0,0,0,0,48.71,NaN,NaN,NaN
0,0,0,0,48.72,NaN,NaN,NaN
0,0,0,0,48.73,NaN,NaN,NaN
0,0,0,0,48.74,NaN,NaN,NaN
0,0,0,0,48.75,NaN,NaN,NaN
0,0,0,0,48.76,NaN,NaN,NaN
0,0,0,0,48.77,NaN,NaN,NaN
0,0,0,0,48.78,NaN,NaN,NaN
0,0,0,0,48.79,NaN,NaN,NaN
0,0,0,0,48.8,NaN,NaN,NaN
0,0,0,0,48.81,NaN,NaN,NaN
0,0,0,0,48.82,NaN,NaN,NaN
0,0,0,0,48.83,NaN,NaN,NaN
0,0,0,0,48.84,NaN,NaN,NaN
0,0,0,0,48.85,NaN,NaN,NaN
0,0,0,0,48.86,NaN,NaN,NaN
0,0,0,0,48.87,NaN,NaN,NaN
0,0,0,0,48.88,NaN,NaN,NaN
0,0,0,0,48.89,NaN,NaN,NaN
0,0,0,0,48.9,NaN,NaN,NaN
0,0,0,0,48.91,NaN,NaN,NaN
0,0,0,0,48.92,NaN,NaN,NaN
0,0,0,0,48.93,NaN,NaN,NaN
0,0,0,0,48.94,NaN,NaN,NaN
0,0,0,0,48.95,NaN,NaN,NaN
0,0,0,0,48.96,NaN,NaN,NaN
0,0,0,0,48.97,NaN,NaN,NaN
0,0,0,0,48.98,NaN,NaN,NaN
0,0,0,0,48.99,NaN,NaN,NaN
0,0,0,0,49,NaN,NaN,NaN
0,0,0,0,49.01,NaN,NaN,NaN
0,0,0,0,49.02,NaN,NaN,NaN
0,0,0,0,49.03,NaN,NaN,NaN
0,0,0,0,49.04,NaN,NaN,NaN
0,0,0,0,49.05,NaN,NaN,NaN
0,0,0,0,49.06,NaN,NaN,NaN
0,0,0,0,49.07,NaN,NaN,NaN
0,0,0,0,49.08,NaN,NaN,NaN
0,0,0,0,49.09,NaN,NaN,NaN
0,0,0,0,49.1,NaN,NaN,NaN
0,0,0,0,49.11,NaN,NaN,NaN
0,0,0,0,49.12,NaN,NaN,NaN
0,0,0,0,49.13,NaN,NaN,NaN
0,0,0,0,49.14,NaN,NaN,NaN
0,0,0,0,49.15,0.098816,0.19625,0.45401
0,0,0,0,49.16,NaN,NaN,NaN
0,0,0,0,49.17,NaN,NaN,NaN
0,0,0,0,49.18,NaN,NaN,NaN
0,0,0,0,49.19,NaN,NaN,NaN
0,0,0,0,49.2,NaN,NaN,NaN
0,0,0,0,49.21,0.11427,0.19317,0.45958
0,0,0,0,49.22,NaN,NaN,NaN
0,0,0,0,49.23,NaN,NaN,NaN
0,0,0,0,49.24,NaN,NaN,NaN
0,0,0,0,49.25,NaN,NaN,NaN
0,0,0,0,49.26,NaN,NaN,NaN
0,0,0,0,49.27,0.12898,0.18912,0.46465
0,0,0,0,49.28,NaN,NaN,NaN
0,0,0,0,49.29,NaN,NaN,NaN
0,0,0,0,49.3,NaN,NaN,NaN
0,0,0,0,49.31,NaN,NaN,NaN
0,0,0,0,49.32,NaN,NaN,NaN
0,0,0,0,49.33,0.14325,0.18422,0.4685
0,0,0,0,49.34,NaN,NaN,NaN
0,0,0,0,49.35,NaN,NaN,NaN
0,0,0,0,49.36,NaN,NaN,NaN
0,0,0,0,49.37,NaN,NaN,NaN
0,0,0,0,49.38,NaN,NaN,NaN
0,0,0,0,49.39,0.15764,0.17827,0.46939
0,0,0,0,49.4,NaN,NaN,NaN
0,0,0,0,49.41,NaN,NaN,NaN
0,0,0,0,49.42,NaN,NaN,NaN
0,0,0,0,49.43,NaN,NaN,NaN
0,0,0,0,49.44,NaN,NaN,NaN
0,0,0,0,49.45,0.17036,0.17209,0.468
0,0,0,0,49.46,NaN,NaN,NaN
0,0,0,0,49.47,NaN,NaN,NaN
0,0,0,0,49.48,NaN,NaN,NaN
0,0,0,0,49.49,NaN,NaN,NaN
0,0,0,0,49.5,NaN,NaN,NaN
0,0,0,0,49.51,0.18171,0.16515,0.46359
0,0,0,0,49.52,NaN,NaN,NaN
0,0,0,0,49.53,NaN,NaN,NaN
0,0,0,0,49.54,NaN,NaN,NaN
0,0,0,0,49.55,NaN,NaN,NaN
0,0,0,0,49.56,NaN,NaN,NaN
0,0,0,0,49.57,0.19108,0.1589,0.45636
0,0,0,0,49.58,NaN,NaN,NaN
0,0,0,0,49.59,NaN,NaN,NaN
0,0,0,0,49.6,NaN,NaN,NaN
0,0,0,0,49.61,NaN,NaN,NaN
0,0,0,0,49.62,NaN,NaN,NaN
0,0,0,0,49.63,0.19945,0.15332,0.44695
0,0,0,0,49.64,NaN,NaN,NaN
0,0,0,0,49.65,NaN,NaN,NaN
0,0,0,0,49.66,NaN,NaN,NaN
0,0,0,0,49.67,NaN,NaN,NaN
0,0,0,0,49.68,NaN,NaN,NaN
0,0,0,0,49.69,0.20739,0.14744,0.43691
0,0,0,0,49.7,NaN,NaN,NaN
0,0,0,0,49.71,NaN,NaN,NaN
0,0,0,0,49.72,NaN,NaN,NaN
0,0,0,0,49.73,NaN,NaN,NaN
0,0,0,0,49.74,NaN,NaN,NaN
0,0,0,0,49.75,0.21522,0.14108,0.42658
0,0,0,0,49.76,NaN,NaN,NaN
0,0,0,0,49.77,0.21762,0.1388,0.42312
0,0,0,0,49.78,NaN,NaN,NaN
0,0,0,0,49.79,0.21989,0.13662,0.41948
0,0,0,0,49.8,NaN,NaN,NaN
0,0,0,0,49.81,0.22196,0.1345,0.41616
0,0,0,0,49.82,NaN,NaN,NaN
0,0,0,0,49.83,0.22407,0.13248,0.41241
0,0,0,0,49.84,NaN,NaN,NaN
0,0,0,0,49.85,0.22571,0.13036,0.40885
0,0,0,0,49.86,NaN,NaN,NaN
0,0,0,0,49.87,0.22736,0.12865,0.40475
0,0,0,0,49.88,NaN,NaN,NaN
0,0,0,0,49.89,0.22878,0.12691,0.40083
0,0,0,0,49.9,0.22965,0.12617,0.39874
0,0,0,0,49.91,0.23013,0.12535,0.39649
0,0,0,0,49.92,0.2307,0.12462,0.39441
0,0,0,0,49.93,0.23124,0.1239,0.39215
0,0,0,0,49.94,0.23172,0.12331,0.38983
0,0,0,0,49.95,0.23213,0.12268,0.38763
0,0,0,0,49.96,0.23268,0.12202,0.38523
0,0,0,0,49.97,0.233,0.12154,0.38294
0,0,0,0,49.98,0.2333,0.12096,0.38049
0,0,0,0,49.99,0.23373,0.12051,0.37805
0,0,0,0,50,0.2341,0.11995,0.37576
0,0,0,0,50.01,0.23456,0.11942,0.37316
0,0,0,0,50.02,0.23474,0.11907,0.37068
0,0,0,0,50.03,0.23496,0.11865,0.36811
0,0,0,0,50.04,0.23557,0.11809,0.36537
0,0,0,0,50.05,0.23567,0.11789,0.36282
0,0,0,0,50.06,0.23577,0.11756,0.3601
0,0,0,0,50.07,0.23619,0.11726,0.35745
0,0,0,0,50.08,0.23658,0.11681,0.35465
0,0,0,0,50.09,0.2368,0.11661,0.35205
0,0,0,0,50.1,0.23727,0.11627,0.34914
0,0,0,0,50.11,0.23744,0.11597,0.34658
0,0,0,0,50.12,0.23772,0.11583,0.34385
0,0,0,0,50.13,0.23816,0.11558,0.34096
0,0,0,0,50.14,0.23849,0.11528,0.33831
0,0,0,0,50.15,0.23877,0.11504,0.33545
0,0,0,0,50.16,0.23907,0.11485,0.33278
0,0,0,0,50.17,0.23935,0.11466,0.33009
0,0,0,0,50.18,0.23953,0.11433,0.32732
0,0,0,0,50.19,0.24013,0.11418,0.3245
0,0,0,0,50.2,0.24031,0.11413,0.32181
0,0,0,0,50.21,0.2407,0.11402,0.31914
0,0,0,0,50.22,0.24108,0.11401,0.31638
0,0,0,0,50.23,0.24148,0.11384,0.31383
0,0,0,0,50.24,0.24184,0.11374,0.31121
0,0,0,0,50.25,0.24215,0.11386,0.30842
0,0,0,0,50.26,0.24265,0.11392,0.30587
0,0,0,0,50.27,0.24296,0.11395,0.30339
0,0,0,0,50.28,0.24322,0.11407,0.30061
0,0,0,0,50.29,0.24357,0.11422,0.29786
0,0,0,0,50.3,0.24385,0.11433,0.29505
0,0,0,0,50.31,0.24406,0.11445,0.29256
0,0,0,0,50.32,0.24415,0.11471,0.29
0,0,0,0,50.33,0.24446,0.11482,0.28731
0,0,0,0,50.34,0.24466,0.11496,0.28478
0,0,0,0,50.35,0.2446,0.11541,0.28225
0,0,0,0,50.36,0.24499,0.11556,0.2795
0,0,0,0,50.37,0.24494,0.11572,0.27723
0,0,0,0,50.38,0.24508,0.11604,0.27485
0,0,0,0,50.39,0.24527,0.11623,0.27207
0,0,0,0,50.4,0.24527,0.11645,0.26961
0,0,0,0,50.41,0.24547,0.11659,0.26725
0,0,0,0,50.42,0.24562,0.11701,0.26476
0,0,0,0,50.43,0.24557,0.11736,0.26251
0,0,0,0,50.44,0.24588,0.11751,0.26
0,0,0,0,50.45,0.24563,0.11794,0.25772
0,0,0,0,50.46,0.24556,0.1183,0.25528
0,0,0,0,50.47,0.24582,0.11873,0.25279
0,0,0,0,50.48,0.24584,0.1191,0.25077
0,0,0,0,50.49,0.24601,0.11962,0.24831
0,0,0,0,50.5,0.2463,0.12008,0.24581
0,0,0,0,50.51,0.24626,0.12065,0.24382
0,0,0,0,50.52,0.24623,0.12119,0.24153
0,0,0,0,50.53,0.24669,0.12179,0.2392
0,0,0,0,50.54,0.24679,0.12243,0.2374
0,0,0,0,50.55,0.24672,0.12335,0.23522
0,0,0,0,50.56,0.24701,0.12406,0.2332
0,0,0,0,50.57,0.24721,0.12466,0.23102
0,0,0,0,50.58,0.24729,0.12553,0.22893
0,0,0,0,50.59,0.24763,0.12629,0.22687
0,0,0,0,50.6,0.24735,0.12742,0.22527
0,0,0,0,50.61,0.24742,0.12829,0.22365
0,0,0,0,50.62,0.2482,0.12911,0.222
0,0,0,0,50.63,0.24823,0.1302,0.22013
0,0,0,0,50.64,0.24828,0.13111,0.21862
0,0,0,0,50.65,0.24775,0.13228,0.21674
0,0,0,0,50.66,0.24817,0.13328,0.21526
0,0,0,0,50.67,0.24849,0.13447,0.21413
0,0,0,0,50.68,0.24949,0.13539,0.21299
0,0,0,0,50.69,0.24977,0.13645,0.21191
0,0,0,0,50.7,0.24954,0.13792,0.21069
0,0,0,0,50.71,0.24933,0.13928,0.20968
0,0,0,0,50.72,0.24918,0.14016,0.20897
0,0,0,0,50.73,0.24892,0.14129,0.20865
0,0,0,0,50.74,0.24868,0.1424,0.20822
0,0,0,0,50.75,0.24813,0.1435,0.20776
0,0,0,0,50.76,0.24797,0.14429,0.20743
0,0,0,0,50.77,0.24756,0.14555,0.20732
0,0,0,0,50.78,0.24695,0.14678,0.20703
0,0,0,0,50.79,0.24657,0.14794,0.2068
0,0,0,0,50.8,0.24601,0.14936,0.20727
0,0,0,0,50.81,0.24562,0.15065,0.20732
0,0,0,0,50.82,0.24507,0.1518,0.2076
0,0,0,0,50.83,0.24482,0.15292,0.20798
0,0,0,0,50.84,0.24426,0.15421,0.20852
0,0,0,0,50.85,0.24385,0.15583,0.20925
0,0,0,0,50.86,0.24373,0.15693,0.21002
0,0,0,0,50.87,0.24354,0.15805,0.2112
0,0,0,0,50.88,0.24332,0.15949,0.21213
0,0,0,0,50.89,0.243,0.16108,0.21293
0,0,0,0,50.9,0.24305,0.16252,0.21399
0,0,0,0,50.91,0.24304,0.16399,0.21509
0,0,0,0,50.92,0.24303,0.16561,0.21628
0,0,0,0,50.93,0.2431,0.16686,0.21773
0,0,0,0,50.94,0.24309,0.1683,0.2191
0,0,0,0,50.95,0.24298,0.17004,0.22035
0,0,0,0,50.96,0.24301,0.17149,0.22149
0,0,0,0,50.97,0.24299,0.17308,0.2226
0,0,0,0,50.98,0.24295,0.17495,0.22389
0,0,0,0,50.99,0.24291,0.17687,0.22484
0,0,0,0,51,0.24288,0.17833,0.22615
0,0,0,0,51.01,0.24244,0.18029,0.22717
0,0,0,0,51.02,0.24276,0.18211,0.22823
0,0,0,0,51.03,0.24282,0.18379,0.22901
0,0,0,0,51.04,0.24285,0.18567,0.22995
0,0,0,0,51.05,0.24282,0.18775,0.23109
0,0,0,0,51.06,0.24266,0.18968,0.23197
0,0,0,0,51.07,0.24263,0.19161,0.23268
0,0,0,0,51.08,0.24237,0.19362,0.23328
0,0,0,0,51.09,0.24225,0.19551,0.23374
0,0,0,0,51.1,0.24217,0.19749,0.23397
0,0,0,0,51.11,0.24207,0.19966,0.23406
0,0,0,0,51.12,0.24168,0.20195,0.23393
0,0,0,0,51.13,0.24159,0.20415,0.23387
0,0,0,0,51.14,0.24115,0.20645,0.23381
0,0,0,0,51.15,0.24087,0.20853,0.23342
0,0,0,0,51.16,0.2408,0.21073,0.23315
0,0,0,0,51.17,0.24057,0.21302,0.23243
0,0,0,0,51.18,0.24023,0.2154,0.2317
0,0,0,0,51.19,0.23967,0.21792,0.23046
0,0,0,0,51.2,0.23982,0.22007,0.22929
0,0,0,0,51.21,0.23931,0.22257,0.22807
0,0,0,0,51.22,0.23891,0.22484,0.22693
0,0,0,0,51.23,0.23875,0.22722,0.22543
0,0,0,0,51.24,0.2383,0.22981,0.22375
0,0,0,0,51.25,0.23804,0.23222,0.22212
0,0,0,0,51.26,0.23771,0.23458,0.22042
0,0,0,0,51.27,0.23763,0.23702,0.21837
0,0,0,0,51.28,0.2371,0.23973,0.21624
0,0,0,0,51.29,0.23694,0.24208,0.21424
0,0,0,0,51.3,0.23657,0.24455,0.21192
0,0,0,0,51.31,0.23582,0.24667,0.21002
0,0,0,0,51.32,0.23509,0.24898,0.2078
0,0,0,0,51.33,0.23389,0.25087,0.20581
0,0,0,0,51.34,0.2322,0.25359,0.20337
0,0,0,0,51.35,0.23113,0.25547,0.20169
0,0,0,0,51.36,0.23047,0.25753,0.20012
0,0,0,0,51.37,0.23072,0.2602,0.19978
0,0,0,0,51.38,0.23028,0.26264,0.20022
0,0,0,0,51.39,0.23031,0.26492,0.20045
0,0,0,0,51.4,0.22995,0.26716,0.20067
0,0,0,0,51.41,0.22966,0.26927,0.20084
0,0,0,0,51.42,0.22953,0.27221,0.20196
0,0,0,0,51.43,0.22922,0.27433,0.20265
0,0,0,0,51.44,0.22917,0.27651,0.20355
0,0,0,0,51.45,0.22891,0.27878,0.20415
0,0,0,0,51.46,0.2291,0.28122,0.2048
0,0,0,0,51.47,0.22942,0.28326,0.20547
0,0,0,0,51.48,0.22901,0.28601,0.20597
0,0,0,0,51.49,0.22872,0.2884,0.20623
0,0,0,0,51.5,0.22856,0.29075,0.20649
0,0,0,0,51.51,0.22828,0.2934,0.20697
0,0,0,0,51.52,0.22807,0.29554,0.2073
0,0,0,0,51.53,0.22806,0.29771,0.20775
0,0,0,0,51.54,0.22783,0.30008,0.2078
0,0,0,0,51.55,0.22753,0.30259,0.20763
0,0,0,0,51.56,0.22717,0.30499,0.20765
0,0,0,0,51.57,0.22675,0.30748,0.20738
0,0,0,0,51.58,0.22595,0.31019,0.20696
0,0,0,0,51.59,0.22542,0.31263,0.20685
0,0,0,0,51.6,0.22499,0.31502,0.20627
0,0,0,0,51.61,0.22447,0.31737,0.20583
0,0,0,0,51.62,0.2238,0.31971,0.20523
0,0,0,0,51.63,0.22325,0.32209,0.20442
0,0,0,0,51.64,0.22234,0.32468,0.20334
0,0,0,0,51.65,0.2216,0.32685,0.2022
0,0,0,0,51.66,0.2207,0.32924,0.20105
0,0,0,0,51.67,0.22017,0.3315,0.20021
0,0,0,0,51.68,0.2204,0.33333,0.20016
0,0,0,0,51.69,0.21952,0.33574,0.20049
0,0,0,0,51.7,0.21918,0.33806,0.20078
0,0,0,0,51.71,0.2183,0.33994,0.20109
0,0,0,0,51.72,0.21805,0.34182,0.20098
0,0,0,0,51.73,0.21762,0.3437,0.20077
0,0,0,0,51.74,0.21737,0.34541,0.20026
0,0,0,0,51.75,0.21721,0.34684,0.2002
0,0,0,0,51.76,0.21673,0.34833,0.20022
0,0,0,0,51.77,0.21627,0.34975,0.20039
0,0,0,0,51.78,0.21564,0.35113,0.20019
0,0,0,0,51.79,0.21574,0.35203,0.20015
0,0,0,0,51.8,0.2153,0.35337,0.19992
0,0,0,0,51.81,0.21527,0.35435,0.19997
0,0,0,0,51.82,0.21507,0.35485,0.19995
0,0,0,0,51.83,0.21496,0.3552,0.20001
0,0,0,0,51.84,0.2148,0.35582,0.19996
0,0,0,0,51.85,0.21485,0.35598,0.19996
0,0,0,0,51.86,0.2149,0.35581,0.19991
0,0,0,0,51.87,0.21497,0.35574,0.19993
0,0,0,0,51.88,0.21491,0.35578,0.19991
0,0,0,0,51.89,0.21509,0.35545,0.19989
0,0,0,0,51.9,0.215,0.35527,0.19985
0,0,0,0,51.91,0.215,0.35541,0.19989
0,0,0,0,51.92,0.21499,0.35541,0.1999
0,0,0,0,51.93,0.21495,0.35539,0.19987
0,0,0,0,51.94,0.21484,0.35562,0.19989
0,0,0,0,51.95,0.21495,0.35568,0.19983
0,0,0,0,51.96,0.21521,0.3552,0.20009
0,0,0,0,51.97,0.21504,0.35539,0.19995
0,0,0,0,51.98,0.21503,0.35547,0.19993
0,0,0,0,51.99,0.21495,0.35549,0.19989
0,0,0,0,52,0.21482,0.35547,0.19987
0,0,0,0,52.01,0.21493,0.35549,0.19994
0,0,0,0,52.02,0.21501,0.35551,0.19997
0,0,0,0,52.03,0.21502,0.35544,0.19993
0,0,0,0,52.04,0.2149,0.35552,0.19988
0,0,0,0,52.05,0.21487,0.35555,0.19989
0,0,0,0,52.06,0.21504,0.35539,0.19996
0,0,0,0,52.07,0.21502,0.35544,0.19985
0,0,0,0,52.08,0.2149,0.35549,0.19967
0,0,0,0,52.09,0.21511,0.35524,0.20006
0,0,0,0,52.1,0.21503,0.35544,0.19992
0,0,0,0,52.11,0.215,0.35548,0.19992
0,0,0,0,52.12,0.21521,0.35521,0.20008
0,0,0,0,52.13,0.215,0.35542,0.19993
0,0,0,0,52.14,0.21485,0.35549,0.19988
0,0,0,0,52.15,0.21502,0.35544,0.19994
0,0,0,0,52.16,0.21503,0.35547,0.19989
0,0,0,0,52.17,0.21488,0.35559,0.19975
0,0,0,0,52.18,0.21502,0.35544,0.19998
0,0,0,0,52.19,0.21498,0.3555,0.19992
0,0,0,0,52.2,0.21517,0.35528,0.20005
0,0,0,0,52.21,0.21501,0.35546,0.19992
0,0,0,0,52.22,0.21493,0.35553,0.19988
0,0,0,0,52.23,0.21502,0.35543,0.19993
0,0,0,0,52.24,0.21487,0.3555,0.19988
0,0,0,0,52.25,0.21504,0.35544,0.19996
0,0,0,0,52.26,0.21487,0.35556,0.19988
0,0,0,0,52.27,0.21501,0.35546,0.19995
0,0,0,0,52.28,0.21493,0.3555,0.19991
0,0,0,0,52.29,0.21498,0.35547,0.19995
0,0,0,0,52.3,0.21501,0.35547,0.19992
0,0,0,0,52.31,0.215,0.35546,0.19994
0,0,0,0,52.32,0.21492,0.35552,0.19988
0,0,0,0,52.33,0.21498,0.35547,0.19992
0,0,0,0,52.34,0.21502,0.35548,0.19992
0,0,0,0,52.35,0.21503,0.35545,0.19994
0,0,0,0,52.36,0.21495,0.35551,0.19988
0,0,0,0,52.37,0.21499,0.35543,0.19997
0,0,0,0,52.38,0.21489,0.35551,0.19988
0,0,0,0,52.39,0.21507,0.35545,0.19994
0,0,0,0,52.4,0.21489,0.35554,0.19985
0,0,0,0,52.41,0.21505,0.35541,0.19994
0,0,0,0,52.42,0.21523,0.35515,0.2001
0,0,0,0,52.43,0.21502,0.35548,0.1999
0,0,0,0,52.44,0.21503,0.35546,0.19994
0,0,0,0,52.45,0.2149,0.35552,0.19988
0,0,0,0,52.46,0.21502,0.35548,0.19991
0,0,0,0,52.47,0.21493,0.3555,0.19989
0,0,0,0,52.48,0.21504,0.35547,0.19989
0,0,0,0,52.49,0.21494,0.35552,0.19991
0,0,0,0,52.5,0.21489,0.35554,0.19986
0,0,0,0,52.51,0.21507,0.35542,0.19994
0,0,0,0,52.52,0.21509,0.35529,0.2
0,0,0,0,52.53,0.21502,0.35549,0.1999
0,0,0,0,52.54,0.21505,0.35546,0.19989
0,0,0,0,52.55,0.21491,0.35553,0.19964
0,0,0,0,52.56,0.215,0.35546,0.19992
0,0,0,0,52.57,0.21494,0.35548,0.19993
0,0,0,0,52.58,0.21492,0.35556,0.19987
0,0,0,0,52.59,0.21508,0.35543,0.19996
0,0,0,0,52.6,0.21509,0.35525,0.20006
0,0,0,0,52.61,0.21482,0.35554,0.19985
0,0,0,0,52.62,0.21507,0.35539,0.19994
0,0,0,0,52.63,0.21518,0.35526,0.20004
0,0,0,0,52.64,0.21489,0.35551,0.19987
0,0,0,0,52.65,0.21507,0.3554,0.19992
0,0,0,0,52.66,0.21512,0.35532,0.19998
0,0,0,0,52.67,0.2149,0.35547,0.19988
0,0,0,0,52.68,0.21514,0.35524,0.19998
0,0,0,0,52.69,0.21502,0.35547,0.19991
0,0,0,0,52.7,0.2149,0.35554,0.19984
0,0,0,0,52.71,0.21502,0.35543,0.19988
0,0,0,0,52.72,0.21507,0.35541,0.1999
0,0,0,0,52.73,0.21498,0.35547,0.19983
0,0,0,0,52.74,0.21507,0.35544,0.19985
0,0,0,0,52.75,0.21513,0.3554,0.19991
0,0,0,0,52.76,0.2152,0.3553,0.19996
0,0,0,0,52.77,0.21495,0.35554,0.19981
0,0,0,0,52.78,0.21515,0.35542,0.19986
0,0,0,0,52.79,0.21517,0.35534,0.19994
0,0,0,0,52.8,0.21529,0.35516,0.20001
0,0,0,0,52.81,0.21495,0.35551,0.19981
0,0,0,0,52.82,0.2151,0.35543,0.19986
0,0,0,0,52.83,0.2151,0.3554,0.19988
0,0,0,0,52.84,0.21496,0.35547,0.19981
0,0,0,0,52.85,0.21504,0.35542,0.19958
0,0,0,0,52.86,0.21514,0.35542,0.19986
0,0,0,0,52.87,0.21521,0.35536,0.19988
0,0,0,0,52.88,0.21526,0.35523,0.19995
0,0,0,0,52.89,0.21493,0.35552,0.19984
0,0,0,0,52.9,0.21507,0.35544,0.19988
0,0,0,0,52.91,0.21521,0.35531,0.19988
0,0,0,0,52.92,0.21527,0.3552,0.19994
0,0,0,0,52.93,0.21494,0.35554,0.19957
0,0,0,0,52.94,0.2151,0.35545,0.19985
0,0,0,0,52.95,0.21514,0.3554,0.19986
0,0,0,0,52.96,0.21519,0.35525,0.19998
0,0,0,0,52.97,0.21501,0.35546,0.19982
0,0,0,0,52.98,0.21495,0.3555,0.19981
0,0,0,0,52.99,0.21507,0.35544,0.19984
0,0,0,0,53,0.2151,0.35545,0.19984
0,0,0,0,53.01,0.21503,0.35546,0.19986
0,0,0,0,53.02,0.21497,0.35549,0.19984
0,0,0,0,53.03,0.21493,0.35552,0.19983
0,0,0,0,53.04,0.21506,0.35543,0.19982
0,0,0,0,53.05,0.21512,0.35544,0.19984
0,0,0,0,53.06,0.21517,0.35538,0.19989
0,0,0,0,53.07,0.21535,0.35513,0.19997
0,0,0,0,53.08,0.21492,0.35551,0.19981
0,0,0,0,53.09,0.21501,0.35546,0.19982
0,0,0,0,53.1,0.21509,0.3554,0.19986
0,0,0,0,53.11,0.21513,0.35541,0.19986
0,0,0,0,53.12,0.21511,0.35537,0.19988
0,0,0,0,53.13,0.21532,0.35516,0.19996
0,0,0,0,53.14,0.21493,0.35553,0.19978
0,0,0,0,53.15,0.21513,0.35545,0.1998
0,0,0,0,53.16,0.21508,0.35545,0.19982
0,0,0,0,53.17,0.21515,0.35539,0.19987
0,0,0,0,53.18,0.21525,0.35524,0.19997
0,0,0,0,53.19,0.21519,0.35526,0.19999
0,0,0,0,53.2,0.21491,0.35552,0.19978
0,0,0,0,53.21,0.21492,0.35554,0.1998
0,0,0,0,53.22,0.21504,0.35547,0.1998
0,0,0,0,53.23,0.21509,0.3554,0.19983
0,0,0,0,53.24,0.21512,0.35538,0.19984
0,0,0,0,53.25,0.2151,0.35543,0.19986
0,0,0,0,53.26,0.21505,0.35538,0.1998
0,0,0,0,53.27,0.21529,0.35516,0.19992
0,0,0,0,53.28,0.21496,0.35553,0.19956
0,0,0,0,53.29,0.21501,0.35554,0.19981
0,0,0,0,53.3,0.21506,0.35546,0.19982
0,0,0,0,53.31,0.2151,0.35543,0.19985
0,0,0,0,53.32,0.21513,0.35542,0.19986
0,0,0,0,53.33,0.21512,0.35541,0.19987
0,0,0,0,53.34,0.21507,0.35543,0.19989
0,0,0,0,53.35,0.21528,0.35517,0.20002
0,0,0,0,53.36,0.21499,0.35548,0.19978
0,0,0,0,53.37,0.21495,0.3555,0.19954
0,0,0,0,53.38,0.21493,0.35553,0.19978
0,0,0,0,53.39,0.21508,0.35547,0.19982
0,0,0,0,53.4,0.21514,0.35541,0.19984
0,0,0,0,53.41,0.2151,0.35539,0.19984
0,0,0,0,53.42,0.21514,0.35542,0.19982
0,0,0,0,53.43,0.21518,0.35537,0.19986
0,0,0,0,53.44,0.21509,0.35544,0.19986
0,0,0,0,53.45,0.215,0.35548,0.19985
0,0,0,0,53.46,0.2149,0.35552,0.19971
0,0,0,0,53.47,0.21499,0.35547,0.19983
0,0,0,0,53.48,0.21493,0.35553,0.1997
0,0,0,0,53.49,0.21491,0.3555,0.1995
0,0,0,0,53.5,0.21496,0.35552,0.1998
0,0,0,0,53.51,0.21505,0.35544,0.1998
0,0,0,0,53.52,0.21505,0.35541,0.19974
0,0,0,0,53.53,0.2151,0.3554,0.19985
0,0,0,0,53.54,0.21512,0.35543,0.19985
0,0,0,0,53.55,0.21517,0.3554,0.19984
0,0,0,0,53.56,0.21531,0.35524,0.19996
0,0,0,0,53.57,0.21515,0.35539,0.19989
0,0,0,0,53.58,0.21509,0.35541,0.19989
0,0,0,0,53.59,0.21504,0.35541,0.19988
0,0,0,0,53.6,0.21507,0.35539,0.19989
0,0,0,0,53.61,0.21527,0.35523,0.19996
0,0,0,0,53.62,0.21493,0.35548,0.19973
0,0,0,0,53.63,0.21529,0.35517,0.19998
0,0,0,0,53.64,0.21498,0.35548,0.1998
0,0,0,0,53.65,0.21493,0.35553,0.1997
0,0,0,0,53.66,0.21491,0.35554,0.19953
0,0,0,0,53.67,0.21492,0.35554,0.19979
0,0,0,0,53.68,0.21491,0.35553,0.1998
0,0,0,0,53.69,0.21491,0.35551,0.19982
0,0,0,0,53.7,0.21489,0.35555,0.19979
0,0,0,0,53.71,0.21495,0.35552,0.1998
0,0,0,0,53.72,0.21505,0.35544,0.19979
0,0,0,0,53.73,0.21508,0.35545,0.19978
0,0,0,0,53.74,0.21506,0.35546,0.1998
0,0,0,0,53.75,0.21507,0.35546,0.19983
0,0,0,0,53.76,0.21506,0.35544,0.19985
0,0,0,0,53.77,0.21509,0.35544,0.19984
0,0,0,0,53.78,0.21507,0.35545,0.19982
0,0,0,0,53.79,0.21505,0.35545,0.19984
0,0,0,0,53.8,0.21507,0.35543,0.19986
0,0,0,0,53.81,0.21514,0.35542,0.19985
0,0,0,0,53.82,0.21505,0.35546,0.19981
0,0,0,0,53.83,0.21505,0.3554,0.19976
0,0,0,0,53.84,0.21507,0.35543,0.19985
0,0,0,0,53.85,0.21508,0.35544,0.19983
0,0,0,0,53.86,0.21509,0.35541,0.19985
0,0,0,0,53.87,0.21505,0.35546,0.1998
0,0,0,0,53.88,0.21506,0.3554,0.19976
0,0,0,0,53.89,0.21506,0.35543,0.19985
0,0,0,0,53.9,0.2151,0.35542,0.19984
0,0,0,0,53.91,0.21509,0.35541,0.19985
0,0,0,0,53.92,0.21507,0.35542,0.19984
0,0,0,0,53.93,0.21508,0.35543,0.19985
0,0,0,0,53.94,0.21508,0.35543,0.19984
0,0,0,0,53.95,0.21506,0.35541,0.19985
0,0,0,0,53.96,0.21508,0.35542,0.19984
0,0,0,0,53.97,0.21508,0.35543,0.19984
0,0,0,0,53.98,0.21508,0.35543,0.19983
0,0,0,0,53.99,0.21509,0.35542,0.19984
0,0,0,0,54,0.21508,0.35542,0.19983
0,0,0,0,54.01,0.21504,0.35546,0.19982
0,0,0,0,54.02,0.21508,0.35544,0.19985
0,0,0,0,54.03,0.21507,0.35542,0.19986
0,0,0,0,54.04,0.21508,0.35541,0.19986
0,0,0,0,54.05,0.21509,0.35546,0.19983
0,0,0,0,54.06,0.2151,0.35544,0.19986
0,0,0,0,54.07,0.21511,0.35543,0.19984
0,0,0,0,54.08,0.21506,0.35546,0.19984
0,0,0,0,54.09,0.21509,0.35543,0.19985
0,0,0,0,54.1,0.21509,0.3554,0.19986
0,0,0,0,54.11,0.21507,0.35545,0.19984
0,0,0,0,54.12,0.21506,0.35545,0.19984
0,0,0,0,54.13,0.21507,0.35541,0.19985
0,0,0,0,54.14,0.21508,0.35543,0.19985
0,0,0,0,54.15,0.21507,0.35542,0.19985
0,0,0,0,54.16,0.21504,0.35539,0.19976
0,0,0,0,54.17,0.21504,0.35544,0.19984
0,0,0,0,54.18,0.21507,0.35544,0.19985
0,0,0,0,54.19,0.21507,0.35542,0.19986
0,0,0,0,54.2,0.21507,0.35543,0.19986
0,0,0,0,54.21,0.21508,0.35541,0.19986
0,0,0,0,54.22,0.21508,0.35542,0.19984
0,0,0,0,54.23,0.21509,0.35542,0.19985
0,0,0,0,54.24,0.21508,0.35543,0.19984
0,0,0,0,54.25,0.21509,0.35542,0.19984
0,0,0,0,54.26,0.21509,0.3554,0.19983
0,0,0,0,54.27,0.21505,0.35543,0.19975
0,0,0,0,54.28,0.21505,0.35545,0.19982
0,0,0,0,54.29,0.21504,0.35544,0.19983
0,0,0,0,54.3,0.21507,0.35541,0.19985
0,0,0,0,54.31,0.21507,0.35543,0.19984
0,0,0,0,54.32,0.21507,0.35541,0.19986
0,0,0,0,54.33,0.21507,0.3554,0.19986
0,0,0,0,54.34,0.21507,0.35541,0.19986
0,0,0,0,54.35,0.21507,0.35542,0.19986
0,0,0,0,54.36,0.21506,0.35545,0.19985
0,0,0,0,54.37,0.21507,0.35541,0.19986
0,0,0,0,54.38,0.2151,0.35542,0.19985
0,0,0,0,54.39,0.21508,0.35544,0.19986
0,0,0,0,54.4,0.21508,0.35542,0.19985
0,0,0,0,54.41,0.21508,0.35543,0.19985
0,0,0,0,54.42,0.21508,0.35544,0.19984
0,0,0,0,54.43,0.2151,0.35543,0.19983
0,0,0,0,54.44,0.21509,0.35543,0.1998
0,0,0,0,54.45,0.21506,0.35541,0.19973
0,0,0,0,54.46,0.21503,0.35543,0.19975
0,0,0,0,54.47,0.21507,0.35544,0.19982
0,0,0,0,54.48,0.21504,0.35544,0.19982
0,0,0,0,54.49,0.21504,0.35543,0.19985
0,0,0,0,54.5,0.21504,0.35547,0.19984
0,0,0,0,54.51,0.21507,0.35542,0.19984
0,0,0,0,54.52,0.21505,0.35541,0.19986
0,0,0,0,54.53,0.21505,0.35546,0.19984
0,0,0,0,54.54,0.21506,0.35543,0.19984
0,0,0,0,54.55,0.21507,0.35541,0.19986
0,0,0,0,54.56,0.21508,0.35546,0.19984
0,0,0,0,54.57,0.21509,0.35541,0.19986
0,0,0,0,54.58,0.21507,0.35542,0.19985
0,0,0,0,54.59,0.21507,0.35542,0.19986
0,0,0,0,54.6,0.21509,0.35541,0.19985
0,0,0,0,54.61,0.21509,0.35543,0.19983
0,0,0,0,54.62,0.21509,0.35542,0.19986
0,0,0,0,54.63,0.21508,0.35541,0.19986
0,0,0,0,54.64,0.21512,0.35541,0.19986
0,0,0,0,54.65,0.21509,0.35544,0.19984
0,0,0,0,54.66,0.21507,0.35543,0.19986
0,0,0,0,54.67,0.21509,0.35542,0.19986
0,0,0,0,54.68,0.21508,0.35543,0.19986
0,0,0,0,54.69,0.21508,0.35543,0.19985
0,0,0,0,54.7,0.21507,0.35545,0.19985
0,0,0,0,54.71,0.21507,0.35543,0.19986
0,0,0,0,54.72,0.21509,0.35544,0.19983
0,0,0,0,54.73,0.21508,0.35544,0.19984
0,0,0,0,54.74,0.2151,0.35544,0.19984
0,0,0,0,54.75,0.2151,0.35544,0.19984
0,0,0,0,54.76,0.21506,0.35547,0.19986
0,0,0,0,54.77,0.21507,0.35546,0.19984
0,0,0,0,54.78,0.21509,0.35545,0.19985
0,0,0,0,54.79,0.21508,0.35546,0.19984
0,0,0,0,54.8,0.21509,0.35542,0.19986
0,0,0,0,54.81,0.21509,0.35543,0.19984
0,0,0,0,54.82,0.21509,0.35543,0.19983
0,0,0,0,54.83,0.21509,0.35544,0.19984
0,0,0,0,54.84,0.2151,0.35544,0.19983
0,0,0,0,54.85,0.21508,0.35544,0.19984
0,0,0,0,54.86,0.2151,0.35543,0.19985
0,0,0,0,54.87,0.21508,0.3554,0.19986
0,0,0,0,54.88,0.21507,0.35543,0.19984
0,0,0,0,54.89,0.21504,0.35545,0.19985
0,0,0,0,54.9,0.21507,0.35545,0.19985
0,0,0,0,54.91,0.21509,0.35541,0.19985
0,0,0,0,54.92,0.21509,0.35542,0.19986
0,0,0,0,54.93,0.21509,0.35543,0.19985
0,0,0,0,54.94,0.21508,0.35542,0.19987
0,0,0,0,54.95,0.21508,0.35542,0.19987
0,0,0,0,54.96,0.21508,0.35541,0.19985
0,0,0,0,54.97,0.21509,0.35543,0.19986
0,0,0,0,54.98,0.21509,0.35542,0.19986
0,0,0,0,54.99,0.21512,0.35544,0.19984
0,0,0,0,55,0.21509,0.35544,0.19985
0,0,0,0,55.01,0.2151,0.35542,0.19986
0,0,0,0,55.02,0.21507,0.35542,0.19986
0,0,0,0,55.03,0.2151,0.35543,0.19984
0,0,0,0,55.04,0.21507,0.35545,0.19984
0,0,0,0,55.05,0.21508,0.35545,0.19984
0,0,0,0,55.06,0.21507,0.35544,0.19983
0,0,0,0,55.07,0.21508,0.35542,0.19986
0,0,0,0,55.08,0.21509,0.35542,0.19984
0,0,0,0,55.09,0.21507,0.35544,0.19986
0,0,0,0,55.1,0.21509,0.35545,0.19984
0,0,0,0,55.11,0.2151,0.35545,0.19984
0,0,0,0,55.12,0.21507,0.35543,0.19984
0,0,0,0,55.13,0.21507,0.35543,0.19984
0,0,0,0,55.14,0.21509,0.35543,0.19983
0,0,0,0,55.15,0.21509,0.3554,0.19984
0,0,0,0,55.16,0.21509,0.35545,0.19984
0,0,0,0,55.17,0.21509,0.35542,0.19986
0,0,0,0,55.18,0.21507,0.35542,0.19986
0,0,0,0,55.19,0.21508,0.35544,0.19984
0,0,0,0,55.2,0.21508,0.35544,0.19983
0,0,0,0,55.21,0.21509,0.35542,0.19986
0,0,0,0,55.22,0.21509,0.35544,0.19984
0,0,0,0,55.23,0.21509,0.35542,0.19985
0,0,0,0,55.24,0.21506,0.35542,0.19986
0,0,0,0,55.25,0.21507,0.35543,0.19986
0,0,0,0,55.26,0.21508,0.35545,0.19985
0,0,0,0,55.27,0.21508,0.35544,0.19985
0,0,0,0,55.28,0.21507,0.35547,0.19982
0,0,0,0,55.29,0.21513,0.35541,0.19988
0,0,0,0,55.3,0.21508,0.35543,0.19986
0,0,0,0,55.31,0.21508,0.35541,0.19985
0,0,0,0,55.32,0.21507,0.35541,0.19986
0,0,0,0,55.33,0.21507,0.35541,0.19986
0,0,0,0,55.34,0.21507,0.35541,0.19987
0,0,0,0,55.35,0.21509,0.35541,0.19986
0,0,0,0,55.36,0.21509,0.35545,0.19982
0,0,0,0,55.37,0.21507,0.35546,0.19984
0,0,0,0,55.38,0.21509,0.35544,0.19984
0,0,0,0,55.39,0.21506,0.35542,0.19984
0,0,0,0,55.4,0.21507,0.35545,0.19984
0,0,0,0,55.41,0.21508,0.35542,0.19985
0,0,0,0,55.42,0.21509,0.35544,0.19983
0,0,0,0,55.43,0.21508,0.35545,0.19984
0,0,0,0,55.44,0.21509,0.35541,0.19986
0,0,0,0,55.45,0.2151,0.35542,0.19985
0,0,0,0,55.46,0.21509,0.35541,0.19986
0,0,0,0,55.47,0.21507,0.35541,0.19986
0,0,0,0,55.48,0.21508,0.35544,0.19986
0,0,0,0,55.49,0.21508,0.35544,0.19984
0,0,0,0,55.5,0.2151,0.35543,0.19984
0,0,0,0,55.51,0.2151,0.3554,0.19986
0,0,0,0,55.52,0.21507,0.35545,0.19985
0,0,0,0,55.53,0.21511,0.3554,0.19986
0,0,0,0,55.54,0.21509,0.35544,0.19984
0,0,0,0,55.55,0.2151,0.35543,0.19984
0,0,0,0,55.56,0.21508,0.35541,0.19985
0,0,0,0,55.57,0.21507,0.35542,0.19986
0,0,0,0,55.58,0.21509,0.35542,0.19985
0,0,0,0,55.59,0.2151,0.35542,0.19985
0,0,0,0,55.6,0.2151,0.35544,0.19985
0,0,0,0,55.61,0.2151,0.35541,0.19985
0,0,0,0,55.62,0.21508,0.35546,0.19984
0,0,0,0,55.63,0.21509,0.35544,0.19982
0,0,0,0,55.64,0.21508,0.35542,0.19985
0,0,0,0,55.65,0.21509,0.35544,0.19985
0,0,0,0,55.66,0.21508,0.35542,0.19986
0,0,0,0,55.67,0.21508,0.35545,0.19984
0,0,0,0,55.68,0.21509,0.35541,0.19986
0,0,0,0,55.69,0.21507,0.35545,0.19984
0,0,0,0,55.7,0.21508,0.35543,0.19986
0,0,0,0,55.71,0.21509,0.35546,0.19984
0,0,0,0,55.72,0.21509,0.35545,0.19984
0,0,0,0,55.73,0.21507,0.35543,0.19983
0,0,0,0,55.74,0.21509,0.35541,0.19985
0,0,0,0,55.75,0.21506,0.35542,0.19985
0,0,0,0,55.76,0.21508,0.35546,0.19984
0,0,0,0,55.77,0.21514,0.35541,0.19984
0,0,0,0,55.78,0.21509,0.35541,0.19985
0,0,0,0,55.79,0.21507,0.35543,0.19984
0,0,0,0,55.8,0.21508,0.3554,0.19985
0,0,0,0,55.81,0.21508,0.35544,0.19984
0,0,0,0,55.82,0.21507,0.35543,0.19986
0,0,0,0,55.83,0.21509,0.35545,0.19983
0,0,0,0,55.84,0.21508,0.35544,0.19985
0,0,0,0,55.85,0.2151,0.35543,0.19983
0,0,0,0,55.86,0.2151,0.35543,0.19983
0,0,0,0,55.87,0.2151,0.35542,0.19985
0,0,0,0,55.88,0.21509,0.35544,0.19985
0,0,0,0,55.89,0.21507,0.35541,0.19985
0,0,0,0,55.9,0.2151,0.35541,0.19986
0,0,0,0,55.91,0.21509,0.35543,0.19984
0,0,0,0,55.92,0.21509,0.35543,0.19984
0,0,0,0,55.93,0.21511,0.35541,0.19985
0,0,0,0,55.94,0.2151,0.35541,0.19986
0,0,0,0,55.95,0.21509,0.35544,0.19983
0,0,0,0,55.96,0.21508,0.35544,0.19984
0,0,0,0,55.97,0.21508,0.35543,0.19986
0,0,0,0,55.98,0.21507,0.35545,0.19984
0,0,0,0,55.99,0.21507,0.35542,0.19986
0,0,0,0,56,0.2151,0.35541,0.19985
0,0,0,0,56.01,0.21508,0.35542,0.19985
0,0,0,0,56.02,0.21509,0.35542,0.19986
0,0,0,0,56.03,0.21508,0.35545,0.19985
0,0,0,0,56.04,0.21507,0.35543,0.19986
0,0,0,0,56.05,0.21507,0.35543,0.19982
0,0,0,0,56.06,0.21508,0.35544,0.19985
0,0,0,0,56.07,0.21507,0.35545,0.19984
0,0,0,0,56.08,0.21509,0.35542,0.19986
0,0,0,0,56.09,0.2151,0.35544,0.19983
0,0,0,0,56.1,0.21507,0.35546,0.19984
0,0,0,0,56.11,0.21505,0.35546,0.19981
0,0,0,0,56.12,0.21508,0.35542,0.19985
0,0,0,0,56.13,0.21507,0.35545,0.19984
0,0,0,0,56.14,0.21507,0.35541,0.19985
0,0,0,0,56.15,0.21509,0.35543,0.19984
0,0,0,0,56.16,0.21515,0.35542,0.19984
0,0,0,0,56.17,0.21508,0.35546,0.19984
0,0,0,0,56.18,0.21508,0.35544,0.19984
0,0,0,0,56.19,0.2151,0.35542,0.19985
0,0,0,0,56.2,0.21509,0.35543,0.19985
0,0,0,0,56.21,0.2151,0.35544,0.19984
0,0,0,0,56.22,0.21508,0.3554,0.19983
0,0,0,0,56.23,0.21509,0.3554,0.19984
0,0,0,0,56.24,0.2151,0.3554,0.19984
0,0,0,0,56.25,0.2151,0.3554,0.19984
0,0,0,0,56.26,0.21509,0.35543,0.19985
0,0,0,0,56.27,0.2151,0.3554,0.19984
0,0,0,0,56.28,0.21516,0.3554,0.19986
0,0,0,0,56.29,0.21508,0.35543,0.19983
0,0,0,0,56.3,0.21508,0.35545,0.19984
0,0,0,0,56.31,0.21508,0.35546,0.19984
0,0,0,0,56.32,0.21507,0.35544,0.19985
0,0,0,0,56.33,0.21507,0.35546,0.19985
0,0,0,0,56.34,0.21508,0.35543,0.19986
0,0,0,0,56.35,0.21507,0.35545,0.19984
0,0,0,0,56.36,0.21506,0.35543,0.19987
0,0,0,0,56.37,0.21508,0.35544,0.19986
0,0,0,0,56.38,0.21508,0.35542,0.19985
0,0,0,0,56.39,0.21508,0.35543,0.19985
0,0,0,0,56.4,0.21507,0.35546,0.19984
0,0,0,0,56.41,0.21506,0.35544,0.19984
0,0,0,0,56.42,0.21507,0.35545,0.19983
0,0,0,0,56.43,0.21508,0.35545,0.19985
0,0,0,0,56.44,0.21515,0.35543,0.19984
0,0,0,0,56.45,0.21509,0.35544,0.19984
0,0,0,0,56.46,0.21508,0.35544,0.19985
0,0,0,0,56.47,0.21508,0.35543,0.19984
0,0,0,0,56.48,0.21507,0.35545,0.19984
0,0,0,0,56.49,0.21508,0.35544,0.19984
0,0,0,0,56.5,0.2151,0.35541,0.19985
0,0,0,0,56.51,0.21505,0.35545,0.19982
0,0,0,0,56.52,0.21509,0.35544,0.19983
0,0,0,0,56.53,0.21508,0.35544,0.19983
0,0,0,0,56.54,0.21509,0.35541,0.19984
0,0,0,0,56.55,0.21509,0.3554,0.19985
0,0,0,0,56.56,0.21508,0.35542,0.19983
0,0,0,0,56.57,0.21509,0.35543,0.19985
0,0,0,0,56.58,0.21508,0.35545,0.19982
0,0,0,0,56.59,0.21508,0.35545,0.19984
0,0,0,0,56.6,0.21509,0.35543,0.19984
0,0,0,0,56.61,0.21511,0.35541,0.19985
0,0,0,0,56.62,0.21507,0.35544,0.19985
0,0,0,0,56.63,0.21508,0.35541,0.19986
0,0,0,0,56.64,0.21507,0.35544,0.19983
0,0,0,0,56.65,0.21506,0.35546,0.19985
0,0,0,0,56.66,0.21509,0.35545,0.19984
0,0,0,0,56.67,0.21503,0.35547,0.19982
0,0,0,0,56.68,0.21514,0.35544,0.19985
0,0,0,0,56.69,0.21507,0.35543,0.19984
0,0,0,0,56.7,0.21507,0.35542,0.19985
0,0,0,0,56.71,0.21504,0.35549,0.19983
0,0,0,0,56.72,0.21508,0.35545,0.19984
0,0,0,0,56.73,0.21507,0.35539,0.19982
0,0,0,0,56.74,0.21508,0.35539,0.19983
0,0,0,0,56.75,0.21507,0.35536,0.19982
0,0,0,0,56.76,0.21508,0.35534,0.19983
0,0,0,0,56.77,0.21509,0.35537,0.19981
0,0,0,0,56.78,0.21509,0.35535,0.19982
0,0,0,0,56.79,0.2151,0.35535,0.19982
0,0,0,0,56.8,0.21509,0.35535,0.19982
0,0,0,0,56.81,0.21507,0.3554,0.1998
0,0,0,0,56.82,0.21509,0.35535,0.19982
0,0,0,0,56.83,0.2151,0.35535,0.19983
0,0,0,0,56.84,0.2151,0.35536,0.19983
0,0,0,0,56.85,0.21508,0.3554,0.19979
0,0,0,0,56.86,0.21507,0.35535,0.19983
0,0,0,0,56.87,0.21508,0.35534,0.19982
0,0,0,0,56.88,0.21509,0.35537,0.19984
0,0,0,0,56.89,0.21508,0.35537,0.19983
0,0,0,0,56.9,0.21509,0.35538,0.1998
0,0,0,0,56.91,0.21507,0.35541,0.19982
0,0,0,0,56.92,0.21507,0.35539,0.19982
0,0,0,0,56.93,0.21506,0.3554,0.19982
0,0,0,0,56.94,0.21505,0.35539,0.19981
0,0,0,0,56.95,0.21506,0.3554,0.19981
0,0,0,0,56.96,0.21508,0.35536,0.19981
0,0,0,0,56.97,0.21506,0.3554,0.19983
0,0,0,0,56.98,0.21509,0.35537,0.19982
0,0,0,0,56.99,0.21507,0.35538,0.19983
0,0,0,0,57,0.21507,0.35539,0.19983
0,0,0,0,57.01,0.21508,0.35538,0.19983
0,0,0,0,57.02,0.2151,0.35536,0.19982
0,0,0,0,57.03,0.21526,0.35512,0.19987
0,0,0,0,57.04,0.21512,0.35544,0.19985
0,0,0,0,57.05,0.21509,0.35541,0.19984
0,0,0,0,57.06,0.21508,0.35541,0.19984
0,0,0,0,57.07,0.21507,0.35544,0.19984
0,0,0,0,57.08,0.21509,0.35542,0.19984
0,0,0,0,57.09,0.21507,0.35544,0.19984
0,0,0,0,57.1,0.21508,0.35542,0.19985
0,0,0,0,57.11,0.21508,0.35546,0.19984
0,0,0,0,57.12,0.21509,0.35544,0.19982
0,0,0,0,57.13,0.21508,0.3554,0.19985
0,0,0,0,57.14,0.21516,0.3554,0.19985
0,0,0,0,57.15,0.21515,0.3555,0.19988
0,0,0,0,57.16,0.21505,0.35548,0.19991
0,0,0,0,57.17,0.21507,0.35541,0.19983
0,0,0,0,57.18,0.21509,0.35546,0.19983
0,0,0,0,57.19,0.21509,0.35541,0.19984
0,0,0,0,57.2,0.21509,0.35541,0.19986
0,0,0,0,57.21,0.21508,0.35541,0.19985
0,0,0,0,57.22,0.21509,0.35544,0.19984
0,0,0,0,57.23,0.21507,0.35544,0.19985
0,0,0,0,57.24,0.21508,0.35541,0.19986
0,0,0,0,57.25,0.21507,0.35546,0.19985
0,0,0,0,57.26,0.21507,0.35545,0.19984
0,0,0,0,57.27,0.21508,0.35545,0.19983
0,0,0,0,57.28,0.21507,0.35544,0.19984
0,0,0,0,57.29,0.21507,0.35545,0.19983
0,0,0,0,57.3,0.21507,0.35544,0.19984
0,0,0,0,57.31,0.21507,0.35545,0.19984
0,0,0,0,57.32,0.21506,0.35545,0.19985
0,0,0,0,57.33,0.21507,0.35543,0.19986
0,0,0,0,57.34,0.21507,0.35543,0.19985
0,0,0,0,57.35,0.21507,0.35543,0.19985
0,0,0,0,57.36,0.21507,0.35545,0.19983
0,0,0,0,57.37,0.21508,0.35541,0.19983
0,0,0,0,57.38,0.21508,0.35545,0.19982
0,0,0,0,57.39,0.21507,0.35542,0.19984
0,0,0,0,57.4,0.2151,0.35542,0.19985
0,0,0,0,57.41,0.21508,0.35545,0.19984
0,0,0,0,57.42,0.2151,0.35542,0.19982
0,0,0,0,57.43,0.21509,0.35541,0.19983
0,0,0,0,57.44,0.21509,0.35539,0.19985
0,0,0,0,57.45,0.21516,0.35539,0.19986
0,0,0,0,57.46,0.21509,0.35544,0.19983
0,0,0,0,57.47,0.2151,0.3554,0.19985
0,0,0,0,57.48,0.2151,0.3554,0.19984
0,0,0,0,57.49,0.21509,0.35543,0.19983
0,0,0,0,57.5,0.21508,0.35542,0.19985
0,0,0,0,57.51,0.21508,0.35541,0.19985
0,0,0,0,57.52,0.21508,0.35543,0.19985
0,0,0,0,57.53,0.21509,0.35545,0.19985
0,0,0,0,57.54,0.21509,0.35543,0.19986
0,0,0,0,57.55,0.21507,0.35542,0.19986
0,0,0,0,57.56,0.21508,0.35544,0.19984
0,0,0,0,57.57,0.21513,0.35543,0.19985
0,0,0,0,57.58,0.21509,0.35542,0.19985
0,0,0,0,57.59,0.21507,0.35545,0.19985
0,0,0,0,57.6,0.21506,0.35545,0.19984
0,0,0,0,57.61,0.21507,0.35543,0.19986
0,0,0,0,57.62,0.21513,0.35543,0.19984
0,0,0,0,57.63,0.21509,0.35545,0.19982
0,0,0,0,57.64,0.21507,0.35545,0.19983
0,0,0,0,57.65,0.21507,0.35541,0.19986
0,0,0,0,57.66,0.21507,0.35542,0.19985
0,0,0,0,57.67,0.21508,0.35542,0.19985
0,0,0,0,57.68,0.21506,0.35543,0.19986
0,0,0,0,57.69,0.21509,0.35545,0.19984
0,0,0,0,57.7,0.21509,0.35543,0.19986
0,0,0,0,57.71,0.21508,0.35545,0.19984
0,0,0,0,57.72,0.2151,0.35544,0.19983
0,0,0,0,57.73,0.21509,0.35545,0.19982
0,0,0,0,57.74,0.21509,0.35542,0.19983
0,0,0,0,57.75,0.21508,0.35544,0.19985
0,0,0,0,57.76,0.21507,0.35543,0.19983
0,0,0,0,57.77,0.21507,0.35541,0.19985
0,0,0,0,57.78,0.21508,0.35541,0.19985
0,0,0,0,57.79,0.21508,0.35545,0.19983
0,0,0,0,57.8,0.21506,0.35543,0.19984
0,0,0,0,57.81,0.21508,0.35545,0.19984
0,0,0,0,57.82,0.21507,0.35542,0.19985
0,0,0,0,57.83,0.21511,0.35544,0.19983
0,0,0,0,57.84,0.21508,0.35545,0.19984
0,0,0,0,57.85,0.21507,0.35541,0.19986
0,0,0,0,57.86,0.21508,0.35543,0.19986
0,0,0,0,57.87,0.21506,0.35547,0.19984
0,0,0,0,57.88,0.21506,0.35545,0.19984
0,0,0,0,57.89,0.21507,0.35545,0.19984
0,0,0,0,57.9,0.21508,0.35545,0.19985
0,0,0,0,57.91,0.21514,0.35539,0.19985
0,0,0,0,57.92,0.21508,0.35543,0.19984
0,0,0,0,57.93,0.21508,0.35543,0.19984
0,0,0,0,57.94,0.21507,0.35542,0.19984
0,0,0,0,57.95,0.21505,0.35541,0.19985
0,0,0,0,57.96,0.21507,0.35545,0.19983
0,0,0,0,57.97,0.21506,0.35546,0.19984
0,0,0,0,57.98,0.21509,0.35541,0.19984
0,0,0,0,57.99,0.21509,0.35543,0.19982
0,0,0,0,58,0.21506,0.35545,0.19983
0,0,0,0,58.01,0.21509,0.3554,0.19984
0,0,0,0,58.02,0.21515,0.35539,0.19986
0,0,0,0,58.03,0.21506,0.35539,0.19984
0,0,0,0,58.04,0.21506,0.35547,0.19982
0,0,0,0,58.05,0.21509,0.35544,0.19984
0,0,0,0,58.06,0.21509,0.35541,0.19985
0,0,0,0,58.07,0.21509,0.35541,0.19985
0,0,0,0,58.08,0.21509,0.35545,0.19984
0,0,0,0,58.09,0.21507,0.35544,0.19984
0,0,0,0,58.1,0.2151,0.35545,0.19984
0,0,0,0,58.11,0.21509,0.35545,0.19984
0,0,0,0,58.12,0.21507,0.35545,0.19984
0,0,0,0,58.13,0.21508,0.35543,0.19986
0,0,0,0,58.14,0.21504,0.35547,0.19983
0,0,0,0,58.15,0.21506,0.35543,0.19986
0,0,0,0,58.16,0.21507,0.35542,0.19985
0,0,0,0,58.17,0.21507,0.35545,0.19985
0,0,0,0,58.18,0.21506,0.35541,0.19985
0,0,0,0,58.19,0.21507,0.35546,0.19984
0,0,0,0,58.2,0.21506,0.35545,0.19984
0,0,0,0,58.21,0.21508,0.35544,0.19984
0,0,0,0,58.22,0.21508,0.35542,0.19986
0,0,0,0,58.23,0.21508,0.35543,0.19984
0,0,0,0,58.24,0.21507,0.35546,0.19983
0,0,0,0,58.25,0.21513,0.35543,0.19984
0,0,0,0,58.26,0.21507,0.35543,0.19983
0,0,0,0,58.27,0.21507,0.35544,0.19984
0,0,0,0,58.28,0.21509,0.35543,0.19984
0,0,0,0,58.29,0.21507,0.35541,0.19985
0,0,0,0,58.3,0.21508,0.35541,0.19984
0,0,0,0,58.31,0.21499,0.35553,0.19978
0,0,0,0,58.32,0.21508,0.35542,0.19984
0,0,0,0,58.33,0.21507,0.35541,0.19984
0,0,0,0,58.34,0.21506,0.35545,0.19985
0,0,0,0,58.35,0.21509,0.35541,0.19985
0,0,0,0,58.36,0.21514,0.35541,0.19986
0,0,0,0,58.37,0.21507,0.35542,0.19985
0,0,0,0,58.38,0.21506,0.35541,0.19986
0,0,0,0,58.39,0.21508,0.35544,0.19985
0,0,0,0,58.4,0.21506,0.35543,0.19985
0,0,0,0,58.41,0.21508,0.35542,0.19986
0,0,0,0,58.42,0.2151,0.35541,0.19984
0,0,0,0,58.43,0.21508,0.35541,0.19985
0,0,0,0,58.44,0.21508,0.35545,0.19984
0,0,0,0,58.45,0.21508,0.35542,0.19986
0,0,0,0,58.46,0.21505,0.35545,0.19984
0,0,0,0,58.47,0.21508,0.35546,0.19985
0,0,0,0,58.48,0.21518,0.3554,0.19985
0,0,0,0,58.49,0.21509,0.35545,0.19983
0,0,0,0,58.5,0.2151,0.35544,0.19985
0,0,0,0,58.51,0.21505,0.35545,0.19984
0,0,0,0,58.52,0.21509,0.35545,0.19984
0,0,0,0,58.53,0.21508,0.35543,0.19986
0,0,0,0,58.54,0.21506,0.35546,0.19984
0,0,0,0,58.55,0.21505,0.35547,0.19983
0,0,0,0,58.56,0.21505,0.35546,0.19982
0,0,0,0,58.57,0.21506,0.35545,0.19983
0,0,0,0,58.58,0.21508,0.35545,0.19982
0,0,0,0,58.59,0.21508,0.35545,0.19983
0,0,0,0,58.6,0.21507,0.35545,0.19982
0,0,0,0,58.61,0.21507,0.35544,0.19983
0,0,0,0,58.62,0.21515,0.35542,0.19984
0,0,0,0,58.63,0.21511,0.35541,0.19984
0,0,0,0,58.64,0.21508,0.3554,0.19984
0,0,0,0,58.65,0.21508,0.35544,0.19984
0,0,0,0,58.66,0.21508,0.35542,0.19984
0,0,0,0,58.67,0.21507,0.35544,0.19985
0,0,0,0,58.68,0.21507,0.35542,0.19984
0,0,0,0,58.69,0.21507,0.35545,0.19983
0,0,0,0,58.7,0.21506,0.35542,0.19985
0,0,0,0,58.71,0.21508,0.35545,0.19983
0,0,0,0,58.72,0.21507,0.35542,0.19986
0,0,0,0,58.73,0.21506,0.35545,0.19984
0,0,0,0,58.74,0.21506,0.35543,0.19986
0,0,0,0,58.75,0.21508,0.35544,0.19986
0,0,0,0,58.76,0.21506,0.35544,0.19985
0,0,0,0,58.77,0.21506,0.35546,0.19985
0,0,0,0,58.78,0.21507,0.35542,0.19985
0,0,0,0,58.79,0.21506,0.35544,0.19985
0,0,0,0,58.8,0.21506,0.35542,0.19984
0,0,0,0,58.81,0.21506,0.35544,0.19985
0,0,0,0,58.82,0.21507,0.35542,0.19986
0,0,0,0,58.83,0.21507,0.35546,0.19984
0,0,0,0,58.84,0.21507,0.35546,0.19983
0,0,0,0,58.85,0.21507,0.35545,0.19982
0,0,0,0,58.86,0.21504,0.35546,0.19981
0,0,0,0,58.87,0.21507,0.35545,0.19983
0,0,0,0,58.88,0.21509,0.35543,0.19982
0,0,0,0,58.89,0.21506,0.35542,0.19986
0,0,0,0,58.9,0.21506,0.35543,0.19984
0,0,0,0,58.91,0.21506,0.35544,0.19986
0,0,0,0,58.92,0.21508,0.35542,0.19986
0,0,0,0,58.93,0.21514,0.35539,0.19988
0,0,0,0,58.94,0.21524,0.35524,0.19994
0,0,0,0,58.95,0.21508,0.35541,0.19984
0,0,0,0,58.96,0.21509,0.35541,0.19986
0,0,0,0,58.97,0.21509,0.3554,0.19985
0,0,0,0,58.98,0.21508,0.35541,0.19985
0,0,0,0,58.99,0.21508,0.35544,0.19985
0,0,0,0,59,0.21507,0.35542,0.19986
0,0,0,0,59.01,0.21508,0.35545,0.19985
0,0,0,0,59.02,0.21508,0.35543,0.19984
0,0,0,0,59.03,0.21522,0.35525,0.19995
0,0,0,0,59.04,0.21509,0.35546,0.19986
0,0,0,0,59.05,0.21507,0.35542,0.19986
0,0,0,0,59.06,0.21508,0.35542,0.19985
0,0,0,0,59.07,0.21512,0.35544,0.19985
0,0,0,0,59.08,0.21508,0.35546,0.19984
0,0,0,0,59.09,0.21506,0.35544,0.19983
0,0,0,0,59.1,0.21508,0.35545,0.19984
0,0,0,0,59.11,0.21507,0.35541,0.19985
0,0,0,0,59.12,0.21514,0.35541,0.19987
0,0,0,0,59.13,0.21506,0.35545,0.19985
0,0,0,0,59.14,0.21507,0.35545,0.19983
0,0,0,0,59.15,0.21507,0.35543,0.19985
0,0,0,0,59.16,0.21507,0.35543,0.19984
0,0,0,0,59.17,0.21509,0.3554,0.19985
0,0,0,0,59.18,0.21524,0.35522,0.19994
0,0,0,0,59.19,0.21509,0.35544,0.19982
0,0,0,0,59.2,0.21507,0.35543,0.19983
0,0,0,0,59.21,0.21507,0.35545,0.19984
0,0,0,0,59.22,0.21505,0.35546,0.19981
0,0,0,0,59.23,0.21508,0.35541,0.19985
0,0,0,0,59.24,0.21503,0.35548,0.19981
0,0,0,0,59.25,0.21506,0.35543,0.19986
0,0,0,0,59.26,0.21508,0.35542,0.19984
0,0,0,0,59.27,0.21507,0.35542,0.19984
0,0,0,0,59.28,0.21506,0.35544,0.19985
0,0,0,0,59.29,0.21505,0.35546,0.19985
0,0,0,0,59.3,0.21508,0.35541,0.19986
0,0,0,0,59.31,0.21508,0.35543,0.19986
0,0,0,0,59.32,0.21507,0.35542,0.19985
0,0,0,0,59.33,0.21509,0.35543,0.19985
0,0,0,0,59.34,0.21507,0.35543,0.19985
0,0,0,0,59.35,0.21508,0.35543,0.19986
0,0,0,0,59.36,0.21505,0.35547,0.19985
0,0,0,0,59.37,0.21506,0.35544,0.19985
0,0,0,0,59.38,0.21507,0.35545,0.19983
0,0,0,0,59.39,0.21506,0.35545,0.19983
0,0,0,0,59.4,0.21507,0.35542,0.19985
0,0,0,0,59.41,0.21514,0.35542,0.19985
0,0,0,0,59.42,0.21508,0.35544,0.19983
0,0,0,0,59.43,0.21507,0.35541,0.19984
0,0,0,0,59.44,0.21507,0.35545,0.19982
0,0,0,0,59.45,0.21507,0.35545,0.19983
0,0,0,0,59.46,0.21507,0.35542,0.19985
0,0,0,0,59.47,0.21509,0.35545,0.19983
0,0,0,0,59.48,0.21508,0.35543,0.19984
0,0,0,0,59.49,0.21506,0.35546,0.19981
0,0,0,0,59.5,0.21509,0.35544,0.19983
0,0,0,0,59.51,0.21506,0.35544,0.19986
0,0,0,0,59.52,0.21507,0.35546,0.19984
0,0,0,0,59.53,0.21506,0.35546,0.19981
0,0,0,0,59.54,0.21507,0.35544,0.19982
0,0,0,0,59.55,0.21508,0.35546,0.19983
0,0,0,0,59.56,0.21507,0.35545,0.19984
0,0,0,0,59.57,0.21514,0.35542,0.19984
0,0,0,0,59.58,0.21507,0.35542,0.19986
0,0,0,0,59.59,0.21505,0.35544,0.19986
0,0,0,0,59.6,0.21506,0.35544,0.19986
0,0,0,0,59.61,0.21507,0.35544,0.19983
0,0,0,0,59.62,0.21508,0.35542,0.19986
0,0,0,0,59.63,0.21509,0.35542,0.19984
0,0,0,0,59.64,0.21531,0.35524,0.19995
0,0,0,0,59.65,0.21509,0.35543,0.19985
0,0,0,0,59.66,0.21506,0.35545,0.19982
0,0,0,0,59.67,0.21509,0.35542,0.19985
0,0,0,0,59.68,0.21526,0.35522,0.19994
0,0,0,0,59.69,0.21513,0.3554,0.19987
0,0,0,0,59.7,0.21507,0.35542,0.19984
0,0,0,0,59.71,0.21504,0.35552,0.1999
0,0,0,0,59.72,0.21505,0.35546,0.19983
0,0,0,0,59.73,0.21509,0.35542,0.19986
0,0,0,0,59.74,0.21508,0.35544,0.19984
0,0,0,0,59.75,0.21507,0.35545,0.19984
0,0,0,0,59.76,0.21507,0.35543,0.19984
0,0,0,0,59.77,0.21506,0.35542,0.19984
0,0,0,0,59.78,0.21507,0.35544,0.19984
0,0,0,0,59.79,0.2151,0.35544,0.19982
0,0,0,0,59.8,0.21509,0.35541,0.19986
0,0,0,0,59.81,0.21508,0.35541,0.19984
0,0,0,0,59.82,0.21504,0.35547,0.19982
0,0,0,0,59.83,0.21508,0.35545,0.19983
0,0,0,0,59.84,0.21507,0.35545,0.19983
0,0,0,0,59.85,0.21507,0.35545,0.19983
0,0,0,0,59.86,0.21507,0.35543,0.19985
0,0,0,0,59.87,0.21509,0.35542,0.19985
0,0,0,0,59.88,0.21508,0.35544,0.19985
0,0,0,0,59.89,0.21507,0.35544,0.19983
0,0,0,0,59.9,0.21506,0.35542,0.19984
0,0,0,0,59.91,0.21504,0.35547,0.19983
0,0,0,0,59.92,0.21507,0.35545,0.19984
0,0,0,0,59.93,0.21508,0.35543,0.19985
0,0,0,0,59.94,0.21508,0.35541,0.19985
0,0,0,0,59.95,0.21508,0.35544,0.19983
0,0,0,0,59.96,0.2151,0.35541,0.19984
0,0,0,0,59.97,0.21508,0.35541,0.19986
0,0,0,0,59.98,0.21509,0.35544,0.19984
0,0,0,0,59.99,0.21507,0.35542,0.19985
0,0,0,0,60,0.21508,0.35541,0.19984
0,0,0,0,60.01,0.21507,0.35542,0.19984
0,0,0,0,60.02,0.21509,0.35543,0.19983
0,0,0,0,60.03,0.21507,0.35542,0.19985
0,0,0,0,60.04,0.21509,0.35542,0.19984
0,0,0,0,60.05,0.21508,0.35542,0.19983
0,0,0,0,60.06,0.21505,0.35547,0.19983
0,0,0,0,60.07,0.21509,0.35542,0.19985
0,0,0,0,60.08,0.21506,0.35544,0.19983
0,0,0,0,60.09,0.21508,0.35542,0.19985
0,0,0,0,60.1,0.21508,0.35541,0.19985
0,0,0,0,60.11,0.21507,0.35542,0.19986
0,0,0,0,60.12,0.21508,0.35542,0.19986
0,0,0,0,60.13,0.21508,0.35542,0.19984
0,0,0,0,60.14,0.21507,0.35544,0.19983
0,0,0,0,60.15,0.21514,0.35543,0.19985
0,0,0,0,60.16,0.21509,0.35543,0.19986
0,0,0,0,60.17,0.21506,0.35544,0.19984
0,0,0,0,60.18,0.21509,0.35545,0.19983
0,0,0,0,60.19,0.21507,0.35545,0.19983
0,0,0,0,60.2,0.21507,0.35541,0.19985
0,0,0,0,60.21,0.21508,0.35544,0.19985
0,0,0,0,60.22,0.21508,0.35543,0.19985
0,0,0,0,60.23,0.21508,0.35541,0.19984
0,0,0,0,60.24,0.21507,0.35543,0.19985
0,0,0,0,60.25,0.2151,0.35543,0.19984
0,0,0,0,60.26,0.21508,0.35543,0.19984
0,0,0,0,60.27,0.21508,0.35545,0.19986
0,0,0,0,60.28,0.21508,0.35541,0.19986
0,0,0,0,60.29,0.21507,0.35546,0.19985
0,0,0,0,60.3,0.21509,0.35541,0.19984
0,0,0,0,60.31,0.21507,0.35545,0.19984
0,0,0,0,60.32,0.21507,0.35545,0.19984
0,0,0,0,60.33,0.21508,0.35542,0.19984
0,0,0,0,60.34,0.2151,0.35541,0.19985
0,0,0,0,60.35,0.21507,0.35544,0.19985
0,0,0,0,60.36,0.21509,0.35544,0.19984
0,0,0,0,60.37,0.21509,0.35543,0.19983
0,0,0,0,60.38,0.21508,0.35546,0.19984
0,0,0,0,60.39,0.21508,0.35543,0.19986
0,0,0,0,60.4,0.21507,0.35544,0.19985
0,0,0,0,60.41,0.21507,0.35546,0.19984
0,0,0,0,60.42,0.21508,0.35542,0.19986
0,0,0,0,60.43,0.21509,0.35541,0.19985
0,0,0,0,60.44,0.21522,0.35524,0.19996
0,0,0,0,60.45,0.21508,0.35546,0.19985
0,0,0,0,60.46,0.21507,0.35546,0.19983
0,0,0,0,60.47,0.21509,0.35544,0.19985
0,0,0,0,60.48,0.21507,0.35547,0.19984
0,0,0,0,60.49,0.21508,0.35546,0.19984
0,0,0,0,60.5,0.21507,0.35546,0.19984
0,0,0,0,60.51,0.21507,0.35543,0.19986
0,0,0,0,60.52,0.21509,0.35544,0.19984
0,0,0,0,60.53,0.21509,0.35542,0.19984
0,0,0,0,60.54,0.21508,0.35544,0.19984
0,0,0,0,60.55,0.21509,0.35542,0.19986
0,0,0,0,60.56,0.21508,0.35544,0.19985
0,0,0,0,60.57,0.21505,0.35544,0.19984
0,0,0,0,60.58,0.21508,0.35545,0.19984
0,0,0,0,60.59,0.21508,0.3554,0.19985
0,0,0,0,60.6,0.21507,0.35542,0.19986
0,0,0,0,60.61,0.21506,0.35545,0.19982
0,0,0,0,60.62,0.21514,0.35539,0.19985
0,0,0,0,60.63,0.21508,0.35544,0.19982
0,0,0,0,60.64,0.21509,0.35542,0.19985
0,0,0,0,60.65,0.21507,0.35542,0.19984
0,0,0,0,60.66,0.21507,0.35546,0.19984
0,0,0,0,60.67,0.21507,0.35546,0.19983
0,0,0,0,60.68,0.21507,0.35546,0.19984
0,0,0,0,60.69,0.21508,0.35545,0.19984
0,0,0,0,60.7,0.21504,0.35548,0.19983
0,0,0,0,60.71,0.21508,0.35541,0.19985
0,0,0,0,60.72,0.21508,0.35541,0.19984
0,0,0,0,60.73,0.21507,0.35543,0.19986
0,0,0,0,60.74,0.21507,0.35544,0.19985
0,0,0,0,60.75,0.21509,0.35542,0.19984
0,0,0,0,60.76,0.21506,0.35542,0.19986
0,0,0,0,60.77,0.21508,0.35542,0.19986
0,0,0,0,60.78,0.21507,0.35544,0.19986
0,0,0,0,60.79,0.21509,0.35541,0.19986
0,0,0,0,60.8,0.21506,0.35541,0.19986
0,0,0,0,60.81,0.21507,0.35542,0.19984
0,0,0,0,60.82,0.21507,0.35542,0.19986
0,0,0,0,60.83,0.21509,0.35545,0.19984
0,0,0,0,60.84,0.21507,0.3554,0.19986
0,0,0,0,60.85,0.2151,0.35541,0.19985
0,0,0,0,60.86,0.21509,0.35541,0.19986
0,0,0,0,60.87,0.21509,0.35541,0.19986
0,0,0,0,60.88,0.21509,0.35542,0.19984
0,0,0,0,60.89,0.21525,0.35524,0.19993
0,0,0,0,60.9,0.21508,0.35542,0.19985
0,0,0,0,60.91,0.21509,0.35542,0.19985
0,0,0,0,60.92,0.21509,0.3554,0.19984
0,0,0,0,60.93,0.21508,0.35545,0.19984
0,0,0,0,60.94,0.21508,0.35544,0.19984
0,0,0,0,60.95,0.21509,0.35541,0.19986
0,0,0,0,60.96,0.21507,0.35545,0.19982
0,0,0,0,60.97,0.21508,0.35544,0.19984
0,0,0,0,60.98,0.21507,0.35545,0.19984
0,0,0,0,60.99,0.21509,0.35542,0.19985
0,0,0,0,61,0.21524,0.35521,0.19995
0,0,0,0,61.01,0.21506,0.35543,0.19984
0,0,0,0,61.02,0.21507,0.3554,0.19984
0,0,0,0,61.03,0.21509,0.35543,0.19985
0,0,0,0,61.04,0.21508,0.35543,0.19986
0,0,0,0,61.05,0.21508,0.35545,0.19985
0,0,0,0,61.06,0.21508,0.35542,0.19985
0,0,0,0,61.07,0.21509,0.35546,0.19983
0,0,0,0,61.08,0.21507,0.35542,0.19985
0,0,0,0,61.09,0.21507,0.35544,0.19984
0,0,0,0,61.1,0.21509,0.35545,0.19984
0,0,0,0,61.11,0.21506,0.35545,0.19984
0,0,0,0,61.12,0.21506,0.35544,0.19982
0,0,0,0,61.13,0.21508,0.35547,0.19985
0,0,0,0,61.14,0.21507,0.35541,0.19986
0,0,0,0,61.15,0.21503,0.35549,0.19982
0,0,0,0,61.16,0.21508,0.35545,0.19985
0,0,0,0,61.17,0.21509,0.35542,0.19985
0,0,0,0,61.18,0.21506,0.35544,0.19983
0,0,0,0,61.19,0.21508,0.35542,0.19985
0,0,0,0,61.2,0.21516,0.35544,0.19985
0,0,0,0,61.21,0.21507,0.35546,0.19983
0,0,0,0,61.22,0.21507,0.35544,0.19984
0,0,0,0,61.23,0.21507,0.35542,0.19985
0,0,0,0,61.24,0.21515,0.35538,0.19985
0,0,0,0,61.25,0.21509,0.35541,0.19985
0,0,0,0,61.26,0.21508,0.35543,0.19983
0,0,0,0,61.27,0.21507,0.35544,0.19984
0,0,0,0,61.28,0.21508,0.35541,0.19985
0,0,0,0,61.29,0.21508,0.35544,0.19984
0,0,0,0,61.3,0.21508,0.35545,0.19984
0,0,0,0,61.31,0.21508,0.35545,0.19985
0,0,0,0,61.32,0.21507,0.35542,0.19986
0,0,0,0,61.33,0.21505,0.35545,0.19985
0,0,0,0,61.34,0.21508,0.35542,0.19986
0,0,0,0,61.35,0.21507,0.35542,0.19985
0,0,0,0,61.36,0.21507,0.35545,0.19984
0,0,0,0,61.37,0.21507,0.35546,0.19985
0,0,0,0,61.38,0.21509,0.35543,0.19986
0,0,0,0,61.39,0.21507,0.35546,0.19984
0,0,0,0,61.4,0.21507,0.35542,0.19984
0,0,0,0,61.41,0.21507,0.35546,0.19986
0,0,0,0,61.42,0.21508,0.35546,0.19985
0,0,0,0,61.43,0.21508,0.35542,0.19984
0,0,0,0,61.44,0.21506,0.35544,0.19987
0,0,0,0,61.45,0.21506,0.35545,0.19986
0,0,0,0,61.46,0.2151,0.35542,0.19984
0,0,0,0,61.47,0.21507,0.35545,0.19982
0,0,0,0,61.48,0.21509,0.35545,0.19984
0,0,0,0,61.49,0.21507,0.35542,0.19985
0,0,0,0,61.5,0.21507,0.35543,0.19984
0,0,0,0,61.51,0.21508,0.35546,0.19984
0,0,0,0,61.52,0.21509,0.35544,0.19983
0,0,0,0,61.53,0.21508,0.35544,0.19987
0,0,0,0,61.54,0.21508,0.35541,0.19984
0,0,0,0,61.55,0.21507,0.35545,0.19984
0,0,0,0,61.56,0.21508,0.35542,0.19984
0,0,0,0,61.57,0.21507,0.35545,0.19984
0,0,0,0,61.58,0.21507,0.35543,0.19984
0,0,0,0,61.59,0.21506,0.35546,0.19984
0,0,0,0,61.6,0.21506,0.35541,0.19985
0,0,0,0,61.61,0.21507,0.35545,0.19984
0,0,0,0,61.62,0.21509,0.35542,0.19981
0,0,0,0,61.63,0.21505,0.35545,0.19984
0,0,0,0,61.64,0.21508,0.35544,0.19984
0,0,0,0,61.65,0.21508,0.35546,0.19983
0,0,0,0,61.66,0.21506,0.35546,0.19983
0,0,0,0,61.67,0.21506,0.35543,0.19986
0,0,0,0,61.68,0.21506,0.35546,0.19984
0,0,0,0,61.69,0.21506,0.35546,0.19986
0,0,0,0,61.7,0.21507,0.35546,0.19983
0,0,0,0,61.71,0.21505,0.35543,0.19985
0,0,0,0,61.72,0.21505,0.35545,0.19986
0,0,0,0,61.73,0.21508,0.35545,0.19985
0,0,0,0,61.74,0.21507,0.35541,0.19985
0,0,0,0,61.75,0.21507,0.35545,0.19985
0,0,0,0,61.76,0.21504,0.35547,0.19984
0,0,0,0,61.77,0.21509,0.35541,0.19982
0,0,0,0,61.78,0.21509,0.35543,0.19985
0,0,0,0,61.79,0.21507,0.35541,0.19986
0,0,0,0,61.8,0.21507,0.35542,0.19985
0,0,0,0,61.81,0.21508,0.35541,0.19985
0,0,0,0,61.82,0.2151,0.35545,0.19983
0,0,0,0,61.83,0.21507,0.35541,0.19985
0,0,0,0,61.84,0.21508,0.35542,0.19984
0,0,0,0,61.85,0.21507,0.35541,0.19985
0,0,0,0,61.86,0.21507,0.35542,0.19984
0,0,0,0,61.87,0.21506,0.35542,0.19985
0,0,0,0,61.88,0.21506,0.35542,0.19984
0,0,0,0,61.89,0.21507,0.35543,0.19985
0,0,0,0,61.9,0.21507,0.35544,0.19984
0,0,0,0,61.91,0.21508,0.35541,0.19986
0,0,0,0,61.92,0.21507,0.35547,0.19984
0,0,0,0,61.93,0.21507,0.35543,0.19986
0,0,0,0,61.94,0.21508,0.35546,0.19986
0,0,0,0,61.95,0.21508,0.35546,0.19984
0,0,0,0,61.96,0.21507,0.35547,0.19985
0,0,0,0,61.97,0.21508,0.35544,0.19984
0,0,0,0,61.98,0.21506,0.35544,0.19985
0,0,0,0,61.99,0.21508,0.35545,0.19985
0,0,0,0,62,0.21506,0.35545,0.19982
0,0,0,0,62.01,0.21502,0.35547,0.19984
0,0,0,0,62.02,0.21505,0.35543,0.19986
0,0,0,0,62.03,0.21515,0.35542,0.19988
0,0,0,0,62.04,0.21507,0.35545,0.19985
0,0,0,0,62.05,0.21507,0.35542,0.19986
0,0,0,0,62.06,0.21507,0.35541,0.19984
0,0,0,0,62.07,0.21507,0.35545,0.19984
0,0,0,0,62.08,0.21508,0.35544,0.19984
0,0,0,0,62.09,0.21509,0.35543,0.19985
0,0,0,0,62.1,0.21508,0.35544,0.19984
0,0,0,0,62.11,0.2151,0.3554,0.19985
0,0,0,0,62.12,0.21508,0.35541,0.19986
0,0,0,0,62.13,0.21508,0.3554,0.19985
0,0,0,0,62.14,0.21509,0.35545,0.19984
0,0,0,0,62.15,0.21508,0.35543,0.19984
0,0,0,0,62.16,0.21507,0.35541,0.19984
0,0,0,0,62.17,0.21507,0.35543,0.19984
