13.124,-0.883,4.186,3.701,0.000,-1,0,0
13.175,-0.883,4.186,3.693,0.000,9,0,0
13.226,-0.883,4.186,3.676,0.000,0,0,0
13.277,-0.882,4.187,3.676,0.000,2,0,0
13.328,-0.882,4.187,3.673,0.000,2,0,0
13.379,-0.883,4.187,3.664,0.000,-1,0,0
13.430,-0.883,4.187,3.670,0.000,0,0,0
13.481,-0.883,4.187,3.666,0.000,1,0,0
13.532,-0.885,4.188,3.666,0.000,1,0,0
13.583,-0.887,4.188,3.676,0.000,0,0,0
13.634,-0.887,4.188,3.664,0.000,0,0,0
13.685,-0.888,4.189,3.663,0.000,0,0,0
13.736,-0.890,4.189,3.663,0.000,0,0,0
13.787,-0.889,4.189,3.669,0.000,0,0,0
13.838,-0.889,4.189,3.669,0.000,0,0,0
13.889,-0.888,4.188,3.659,0.000,-1,0,0
13.940,-0.887,4.187,3.664,0.000,0,0,0
13.991,-0.887,4.187,3.664,0.000,0,0,0
14.042,-0.885,4.187,3.665,0.000,0,0,0
14.093,-0.885,4.187,3.669,0.000,0,0,0
14.144,-0.885,4.186,3.670,0.000,0,0,0
14.195,-0.885,4.186,3.670,0.000,0,0,0
14.246,-0.884,4.187,3.661,0.000,0,0,0
14.297,-0.883,4.187,3.668,0.000,0,0,0
14.348,-0.885,4.187,3.674,0.000,0,0,0
14.399,-0.885,4.187,3.664,0.000,0,0,0
14.450,-0.885,4.188,3.664,0.000,0,0,0
14.501,-0.886,4.187,3.666,0.000,0,0,0
14.552,-0.886,4.187,3.671,0.000,0,0,0
14.603,-0.886,4.188,3.669,0.000,0,0,0
14.654,-0.886,4.188,3.669,0.000,0,0,0
14.705,-0.885,4.187,3.664,0.000,0,0,0
14.756,-0.885,4.187,3.679,0.000,0,0,0
14.807,-0.886,4.188,3.670,0.000,0,0,0
14.858,-0.886,4.188,3.667,0.000,0,0,0
14.909,-0.886,4.188,3.667,0.000,0,0,0
14.960,-0.885,4.188,3.664,0.000,0,0,0
15.011,-0.885,4.188,3.668,0.000,0,0,0
15.062,-0.885,4.188,3.663,0.000,0,0,0
15.113,-0.885,4.188,3.667,0.000,0,0,0
15.164,-0.885,4.188,3.667,0.000,0,0,0
15.215,-0.885,4.187,3.671,0.000,0,0,0
15.266,-0.886,4.188,3.665,0.000,0,0,0
15.317,-0.886,4.188,3.672,0.000,0,0,0
15.368,-0.886,4.188,3.672,0.000,0,0,0
15.419,-0.886,4.187,3.664,0.000,0,0,0
15.470,-0.886,4.187,3.658,0.000,0,0,0
15.521,-0.885,4.187,3.661,0.000,0,0,0
15.572,-0.885,4.187,3.666,0.000,0,0,0
15.623,-0.885,4.187,3.666,0.000,1,0,0
15.674,-0.885,4.187,3.663,0.000,0,0,0
15.725,-0.885,4.187,3.668,0.000,0,0,0
15.776,-0.886,4.187,3.672,0.000,0,0,0
15.827,-0.886,4.187,3.672,0.000,0,0,0
15.878,-0.887,4.187,3.662,0.000,0,0,0
15.929,-0.887,4.187,3.665,0.000,0,0,0
15.980,-0.886,4.187,3.672,0.000,0,0,0
16.031,-0.886,4.187,3.669,0.000,0,0,0
16.082,-0.886,4.187,3.669,0.000,0,0,0
16.133,-0.886,4.187,3.666,0.000,0,0,0
16.184,-0.886,4.187,3.670,0.000,0,0,0
16.235,-0.885,4.186,3.669,0.000,0,0,0
16.286,-0.886,4.187,3.669,0.000,0,0,0
16.337,-0.886,4.187,3.684,0.000,0,0,0
16.388,-0.886,4.187,3.665,0.000,0,0,0
16.439,-0.888,4.187,3.658,0.000,0,0,0
16.490,-0.888,4.187,3.666,0.000,0,0,0
16.541,-0.889,4.189,3.666,0.000,0,0,0
16.592,-0.889,4.189,3.669,0.000,0,0,0
16.643,-0.889,4.189,3.669,0.000,0,0,0
16.694,-0.889,4.189,3.667,0.000,0,0,0
16.745,-0.889,4.189,3.665,0.000,0,0,0
16.796,-0.889,4.188,3.665,0.000,0,0,0
16.847,-0.889,4.188,3.671,0.000,0,0,0
16.898,-0.889,4.188,3.667,0.000,0,0,0
16.949,-0.889,4.188,3.663,0.000,0,0,0
17.000,-0.888,4.188,3.663,0.000,0,0,0
17.051,-0.887,4.188,3.669,0.000,0,0,0
17.102,-0.887,4.188,3.669,0.000,0,0,0
17.153,-0.887,4.188,3.671,0.000,0,0,0
17.204,-0.887,4.187,3.668,0.000,0,0,0
17.255,-0.886,4.186,3.668,0.000,0,0,0
17.306,-0.886,4.186,3.668,0.000,0,0,0
17.357,-0.887,4.187,3.665,0.000,0,0,0
17.408,-0.887,4.187,3.666,0.000,0,0,0
17.459,-0.887,4.187,3.666,0.000,0,0,0
17.510,-0.886,4.187,3.663,0.000,0,0,0
17.561,-0.886,4.188,3.673,0.000,0,0,0
17.612,-0.888,4.188,3.666,0.000,0,0,0
17.663,-0.888,4.188,3.666,0.000,0,0,0
17.714,-0.888,4.188,3.666,0.000,0,0,0
17.765,-0.888,4.188,3.666,0.000,0,0,0
17.816,-0.889,4.189,3.663,0.000,0,0,0
17.867,-0.889,4.189,3.675,0.000,0,0,0
17.918,-0.890,4.190,3.675,0.000,0,0,0
17.969,-0.888,4.190,3.670,0.000,0,0,0
18.020,-0.888,4.190,3.669,0.000,0,0,0
18.071,-0.887,4.190,3.663,0.000,0,0,0
18.122,-0.886,4.189,3.666,0.000,0,0,0
18.174,-0.885,4.189,3.666,0.000,0,0,0
18.225,-0.885,4.189,3.669,0.000,0,0,0
18.276,-0.886,4.189,3.673,0.000,0,0,0
18.328,-0.886,4.189,3.671,0.000,0,1,1
18.430,-0.886,4.189,3.655,0.000,2,1,1
18.481,-0.887,4.189,3.646,0.000,2,1,1
18.532,-0.887,4.188,3.634,0.000,1,1,0
18.583,-0.887,4.188,3.623,0.000,2,0,1
18.634,-0.888,4.188,3.623,0.000,1,2,1
18.685,-0.890,4.189,3.611,0.000,1,0,1
18.736,-0.892,4.191,3.601,0.000,0,-2,0
18.787,-0.892,4.191,3.608,0.000,-1,0,-2
18.838,-0.892,4.191,3.611,0.000,-1,1,0
18.889,-0.892,4.191,3.611,0.000,0,0,1
18.940,-0.892,4.191,3.617,0.000,1,0,0
18.991,-0.891,4.191,3.614,0.000,0,0,0
19.042,-0.891,4.191,3.614,0.000,0,0,0
19.093,-0.890,4.190,3.614,0.000,0,0,0
19.144,-0.890,4.190,3.620,0.000,0,0,0
19.195,-0.891,4.191,3.615,0.000,0,-1,0
19.246,-0.891,4.191,3.617,0.000,0,0,-1
19.297,-0.891,4.191,3.611,0.000,0,0,0
19.348,-0.891,4.191,3.611,0.000,0,0,0
19.399,-0.891,4.191,3.613,0.000,0,0,0
19.450,-0.893,4.191,3.615,0.000,-1,0,0
19.501,-0.893,4.191,3.612,0.000,0,0,0
19.552,-0.894,4.192,3.612,0.000,0,0,0
19.603,-0.895,4.191,3.623,0.000,0,0,0
19.654,-0.896,4.192,3.617,0.000,0,0,0
19.705,-0.896,4.192,3.609,0.000,0,0,0
19.756,-0.895,4.193,3.618,0.000,0,0,0
19.807,-0.895,4.193,3.618,0.000,0,0,0
19.858,-0.895,4.193,3.614,0.000,0,0,0
19.909,-0.894,4.193,3.607,0.000,0,0,0
19.960,-0.893,4.192,3.617,0.000,0,0,0
20.011,-0.893,4.192,3.615,0.000,0,0,0
20.062,-0.893,4.192,3.615,0.000,0,0,0
20.113,-0.892,4.192,3.609,0.000,0,0,0
20.164,-0.892,4.192,3.609,0.000,0,0,0
20.215,-0.892,4.192,3.616,0.000,0,0,0
20.266,-0.892,4.192,3.616,0.000,0,0,0
20.317,-0.893,4.192,3.610,0.000,0,0,0
20.368,-0.892,4.191,3.622,0.000,0,0,0
20.419,-0.892,4.191,3.618,0.000,0,0,0
20.470,-0.892,4.190,3.620,0.000,0,0,0
20.521,-0.891,4.190,3.620,0.000,0,0,0
20.572,-0.891,4.190,3.612,0.000,0,0,0
20.623,-0.890,4.190,3.617,0.000,0,0,0
20.674,-0.890,4.189,3.620,0.000,0,0,0
20.725,-0.889,4.189,3.620,0.000,0,0,0
20.776,-0.889,4.189,3.614,0.000,0,0,0
20.827,-0.889,4.189,3.615,0.000,0,0,0
20.878,-0.889,4.189,3.614,0.000,0,0,0
20.929,-0.890,4.190,3.626,0.000,0,0,0
20.980,-0.890,4.190,3.626,0.000,0,0,0
21.031,-0.892,4.191,3.611,0.000,0,1,0
21.082,-0.893,4.192,3.623,0.000,0,0,0
21.133,-0.893,4.192,3.612,0.000,0,0,0
21.184,-0.893,4.192,3.612,0.000,0,0,0
21.235,-0.893,4.193,3.624,0.000,0,0,0
21.286,-0.892,4.192,3.618,0.000,0,0,0
21.337,-0.892,4.192,3.609,0.000,0,0,0
21.388,-0.891,4.191,3.616,0.000,0,0,0
21.439,-0.891,4.191,3.616,0.000,0,0,0
21.490,-0.891,4.191,3.615,0.000,0,0,0
21.541,-0.890,4.190,3.614,0.000,0,0,0
21.592,-0.890,4.190,3.615,0.000,0,0,0
21.643,-0.890,4.190,3.618,0.000,0,0,0
21.694,-0.890,4.190,3.618,0.000,0,0,0
21.745,-0.889,4.190,3.613,0.000,0,0,0
21.796,-0.892,4.188,3.611,0.000,0,0,0
21.847,-0.893,4.188,3.617,0.000,0,0,0
21.898,-0.893,4.188,3.617,0.000,0,0,0
21.949,-0.893,4.188,3.603,0.000,0,9,-9
22.000,-0.895,4.188,3.610,0.000,0,13,-13
22.051,-0.895,4.188,3.608,0.000,0,12,-13
22.102,-0.895,4.188,3.613,0.000,0,15,-14
22.153,-0.895,4.188,3.613,0.000,0,14,-14
22.204,-0.895,4.178,3.607,0.000,0,14,-15
22.255,-0.895,4.178,3.610,0.000,0,15,-14
22.306,-0.895,4.178,3.605,0.000,0,14,-15
22.357,-0.894,4.141,3.605,0.000,0,15,-14
22.408,-0.894,4.141,3.603,0.000,0,14,-15
22.459,-0.895,4.116,3.600,0.000,0,15,-14
22.510,-0.895,4.095,3.599,0.000,0,14,-15
22.561,-0.895,4.095,3.611,0.000,0,14,-14
22.612,-0.895,4.095,3.611,0.000,1,15,-15
22.663,-0.894,4.067,3.597,0.000,0,14,-14
22.714,-0.893,4.040,3.596,0.000,0,15,-15
22.765,-0.892,4.013,3.590,0.000,0,14,-14
22.816,-0.892,4.013,3.590,0.000,0,15,-15
22.867,-0.891,3.985,3.592,0.000,0,14,-15
22.919,-0.890,3.963,3.593,0.000,-10,15,-9
22.970,-0.890,3.963,3.589,0.000,-14,15,-7
23.021,-0.890,3.941,3.610,0.000,-14,14,-6
23.072,-0.890,3.941,3.610,0.000,-15,15,-7
23.123,-0.883,3.915,3.641,0.000,-15,15,-7
23.174,-0.883,3.915,3.660,0.000,-15,15,-6
23.225,-0.871,3.891,3.702,0.000,-16,15,-7
23.276,-0.855,3.868,3.726,0.000,-15,15,-6
23.327,-0.855,3.868,3.726,0.000,-15,15,-6
23.378,-0.834,3.847,3.753,0.000,-15,16,-9
23.430,-0.834,3.847,3.791,0.000,-2,15,-12
23.481,-0.809,3.827,3.807,0.000,2,15,-13
23.532,-0.809,3.827,3.807,0.000,-4,15,-13
23.583,-0.786,3.807,3.811,0.000,-2,15,-14
23.634,-0.768,3.786,3.819,0.000,2,15,-14
23.685,-0.752,3.764,3.819,0.000,0,14,-14
23.736,-0.752,3.764,3.826,0.000,-1,15,-14
23.787,-0.746,3.744,3.826,0.000,-1,14,-14
23.838,-0.741,3.724,3.837,0.000,0,15,-14
23.889,-0.741,3.724,3.840,0.000,0,15,-14
23.940,-0.736,3.702,3.844,0.000,1,14,-14
23.991,-0.731,3.681,3.844,0.000,0,15,-14
24.042,-0.731,3.681,3.853,0.000,0,14,-14
24.093,-0.731,3.681,3.851,0.000,0,15,-15
24.144,-0.724,3.654,3.865,0.000,0,14,-14
24.195,-0.717,3.629,3.866,0.000,0,15,-14
24.246,-0.717,3.629,3.866,0.000,0,14,-14
24.297,-0.710,3.603,3.872,0.000,0,15,-14
24.348,-0.707,3.577,3.880,0.000,0,14,-14
24.399,-0.707,3.577,3.893,0.000,0,15,-14
24.450,-0.707,3.577,3.893,0.000,0,14,-14
24.501,-0.702,3.551,3.915,0.000,0,14,-14
24.552,-0.698,3.524,3.922,0.000,0,15,-15
24.603,-0.695,3.498,3.921,0.000,0,14,-14
24.654,-0.695,3.498,3.936,0.000,-1,14,-14
24.705,-0.686,3.471,3.936,0.000,0,15,-14
24.756,-0.682,3.450,3.955,0.000,0,14,-14
24.807,-0.682,3.450,3.951,0.000,0,15,-14
24.858,-0.677,3.429,3.971,0.000,0,14,-14
24.909,-0.671,3.408,3.970,0.000,0,15,-14
24.960,-0.667,3.387,3.970,0.000,0,14,-15
25.011,-0.667,3.387,3.983,0.000,0,14,-14
25.062,-0.662,3.366,3.982,0.000,0,15,-14
25.113,-0.658,3.346,3.995,0.000,0,14,-14
25.164,-0.658,3.346,3.995,0.000,0,14,-14
25.215,-0.653,3.324,4.018,0.000,0,15,-14
25.266,-0.648,3.302,4.018,0.000,0,14,-15
25.317,-0.645,3.282,4.045,0.000,0,14,-14
25.368,-0.645,3.282,4.036,0.000,0,15,-14
25.419,-0.641,3.260,4.036,0.000,0,14,-14
25.470,-0.636,3.240,4.037,0.000,0,14,-14
25.521,-0.636,3.240,4.066,0.000,0,14,-14
25.572,-0.633,3.218,4.072,0.000,0,15,-14
25.623,-0.626,3.197,4.072,0.000,0,14,-14
25.674,-0.622,3.176,4.067,0.000,0,14,-15
25.725,-0.622,3.176,4.087,0.000,0,14,-14
25.776,-0.619,3.154,4.073,0.000,0,15,-14
25.827,-0.614,3.134,4.078,0.000,0,14,-14
25.878,-0.610,3.113,4.078,0.000,0,14,-14
25.929,-0.610,3.113,4.098,0.000,0,14,-14
25.980,-0.606,3.092,4.080,0.000,0,14,-14
26.031,-0.601,3.071,4.076,0.000,0,14,-14
26.082,-0.601,3.071,4.076,0.000,0,15,-14
26.133,-0.597,3.051,4.100,0.000,0,14,-14
26.184,-0.593,3.030,4.091,0.000,0,14,-14
26.235,-0.588,3.009,4.102,0.000,0,14,-15
26.286,-0.588,3.009,4.083,0.000,0,14,-14
26.337,-0.584,2.988,4.083,0.000,0,14,-14
26.388,-0.580,2.966,4.087,0.000,0,14,-14
26.439,-0.580,2.966,4.104,0.000,0,14,-14
26.490,-0.575,2.945,4.084,0.000,0,14,-14
26.541,-0.570,2.924,4.084,0.000,0,14,-14
26.592,-0.566,2.904,4.085,0.000,0,15,-14
26.643,-0.566,2.904,4.081,0.000,0,14,-14
26.694,-0.563,2.883,4.070,0.000,0,14,-13
26.745,-0.558,2.863,4.080,0.000,0,14,-14
26.796,-0.558,2.863,4.080,0.000,0,14,-15
26.847,-0.554,2.842,4.071,0.000,0,14,-14
26.898,-0.549,2.821,4.051,0.000,0,14,-14
26.949,-0.543,2.800,4.061,0.000,0,14,-14
27.000,-0.543,2.800,4.067,0.000,0,14,-14
27.051,-0.539,2.779,4.067,0.000,0,14,-14
27.102,-0.533,2.758,4.047,0.000,0,15,-14
27.153,-0.530,2.737,4.042,0.000,0,14,-14
27.204,-0.530,2.737,4.037,0.000,0,14,-13
27.255,-0.525,2.717,4.037,0.000,0,14,-14
27.306,-0.520,2.696,4.027,0.000,0,14,-15
27.357,-0.520,2.696,4.023,0.000,0,14,-14
27.408,-0.517,2.676,4.018,0.000,0,14,-14
27.459,-0.512,2.655,4.008,0.000,0,14,-14
27.510,-0.509,2.634,4.008,0.000,0,14,-14
27.561,-0.509,2.634,4.013,0.000,0,14,-14
27.612,-0.504,2.613,3.999,0.000,0,14,-14
27.663,-0.498,2.592,3.980,0.000,0,14,-14
27.714,-0.498,2.592,3.980,0.000,0,14,-14
27.765,-0.494,2.573,3.980,0.000,0,14,-14
27.816,-0.489,2.552,3.972,0.000,0,14,-14
27.867,-0.484,2.530,3.968,0.000,0,14,-14
27.918,-0.484,2.530,3.981,0.000,0,14,-14
27.969,-0.480,2.509,3.981,0.000,0,14,-14
28.020,-0.474,2.486,3.977,0.000,0,14,-14
28.071,-0.470,2.464,3.973,0.000,0,14,-14
28.122,-0.470,2.464,3.969,0.000,0,14,-14
28.173,-0.466,2.445,3.969,0.000,0,14,-14
28.224,-0.462,2.426,3.950,0.000,0,14,-14
28.275,-0.462,2.426,3.950,0.000,0,15,-14
28.326,-0.457,2.406,3.950,0.000,0,14,-14
28.377,-0.453,2.386,3.955,0.000,0,14,-14
28.428,-0.448,2.363,3.955,0.000,0,14,-14
28.479,-0.448,2.363,3.951,0.000,0,14,-14
28.530,-0.442,2.340,3.946,0.000,0,14,-14
28.581,-0.438,2.320,3.947,0.000,0,14,-14
28.632,-0.438,2.320,3.937,0.000,0,14,-14
28.683,-0.433,2.298,3.937,0.000,0,14,-15
28.734,-0.428,2.278,3.938,0.000,0,14,-14
28.785,-0.423,2.260,3.943,0.000,0,14,-13
28.836,-0.423,2.260,3.938,0.000,0,15,-14
28.887,-0.419,2.240,3.938,0.000,0,14,-14
28.938,-0.414,2.220,3.937,0.000,0,14,-14
28.989,-0.409,2.201,3.920,0.000,0,14,-14
29.040,-0.409,2.201,3.916,0.000,0,14,-14
29.091,-0.403,2.180,3.911,0.000,0,14,-14
29.142,-0.398,2.159,3.911,0.000,0,14,-14
29.193,-0.398,2.159,3.915,0.000,0,14,-14
29.244,-0.394,2.139,3.917,0.000,0,14,-15
29.295,-0.388,2.119,3.907,0.000,0,14,-14
29.346,-0.383,2.097,3.907,0.000,0,14,-14
29.397,-0.383,2.097,3.917,0.000,0,14,-14
29.448,-0.379,2.077,3.907,0.000,0,14,-14
29.499,-0.372,2.057,3.903,0.000,0,14,-14
29.550,-0.372,2.057,3.893,0.000,1,14,-14
29.601,-0.368,2.035,3.893,0.000,0,14,-14
29.652,-0.363,2.015,3.886,0.000,0,14,-14
29.703,-0.358,1.994,3.909,0.000,0,14,-14
29.754,-0.358,1.994,3.884,0.000,0,14,-14
29.805,-0.354,1.974,3.884,0.000,0,14,-14
29.856,-0.349,1.953,3.907,0.000,0,14,-14
29.907,-0.349,1.953,3.898,0.000,0,14,-14
29.958,-0.345,1.933,3.892,0.000,0,14,-14
30.009,-0.340,1.911,3.880,0.000,0,14,-14
30.060,-0.337,1.889,3.880,0.000,0,14,-14
30.111,-0.337,1.889,3.877,0.000,0,14,-14
30.162,-0.332,1.867,3.874,0.000,0,14,-14
30.213,-0.328,1.846,3.878,0.000,0,14,-14
30.264,-0.324,1.825,3.878,0.000,0,14,-14
30.315,-0.324,1.825,3.874,0.000,0,14,-14
30.366,-0.318,1.804,3.884,0.000,0,14,-14
30.417,-0.314,1.784,3.857,0.000,0,14,-14
30.468,-0.314,1.784,3.853,0.000,0,14,-14
30.519,-0.311,1.764,3.853,0.000,0,14,-14
30.570,-0.308,1.745,3.855,0.000,0,14,-14
30.621,-0.302,1.724,3.834,0.000,0,14,-14
30.672,-0.302,1.724,3.827,0.000,0,14,-14
30.723,-0.296,1.703,3.831,0.000,1,14,-14
30.774,-0.288,1.682,3.831,0.000,0,14,-14
30.825,-0.288,1.682,3.822,0.000,0,14,-14
30.876,-0.280,1.661,3.823,0.000,0,14,-14
30.927,-0.278,1.640,3.823,0.000,0,14,-14
30.978,-0.274,1.619,3.823,0.000,0,14,-15
31.029,-0.274,1.619,3.814,0.000,0,14,-14
31.080,-0.271,1.599,3.802,0.000,0,14,-14
31.131,-0.266,1.577,3.798,0.000,0,14,-14
31.182,-0.261,1.556,3.783,0.000,0,14,-14
31.233,-0.261,1.556,3.783,0.000,0,14,-14
31.284,-0.253,1.536,3.784,0.000,0,14,-14
31.335,-0.248,1.516,3.782,0.000,0,14,-14
31.386,-0.248,1.516,3.767,0.000,0,14,-14
31.437,-0.243,1.497,3.767,0.000,0,14,-14
31.539,-0.232,1.458,3.707,0.000,13,16,0
31.590,-0.232,1.458,3.624,0.000,14,15,0
31.641,-0.228,1.440,3.516,0.000,14,15,0
31.692,-0.224,1.426,3.516,0.000,13,15,0
31.743,-0.224,1.426,3.438,0.000,14,15,0
31.794,-0.218,1.415,3.355,0.000,14,15,0
31.845,-0.219,1.406,3.254,0.000,14,16,0
31.896,-0.216,1.401,3.254,0.000,13,15,0
31.947,-0.216,1.401,3.171,0.000,14,15,0
31.998,-0.221,1.395,3.083,0.000,13,15,0
32.049,-0.222,1.389,3.014,0.000,-9,4,-10
32.151,-0.223,1.384,3.096,0.000,-13,4,-15
32.202,-0.227,1.378,3.188,0.000,-14,2,-16
32.253,-0.235,1.370,3.284,0.000,-14,3,-15
32.304,-0.235,1.370,3.352,0.000,-14,2,-16
32.355,-0.248,1.359,3.438,0.000,-14,1,-16
32.406,-0.255,1.343,3.438,0.000,-14,2,-15
32.457,-0.252,1.324,3.527,0.000,-14,2,-16
32.508,-0.252,1.324,3.601,0.000,-13,2,-16
32.559,-0.249,1.304,3.675,0.000,-14,1,-15
32.610,-0.248,1.286,3.675,0.000,-14,2,-16
32.661,-0.248,1.286,3.756,0.000,-13,1,-16
32.712,-0.250,1.268,3.829,0.000,8,11,-4
32.763,-0.258,1.251,3.745,0.000,14,16,4
32.815,-0.256,1.235,3.687,0.000,1,15,-10
32.866,-0.256,1.235,3.687,0.000,0,13,-14
32.917,-0.253,1.223,3.685,0.000,3,14,-14
32.968,-0.248,1.212,3.672,0.000,1,14,-14
33.070,-0.244,1.199,3.670,0.000,0,14,-15
33.121,-0.241,1.185,3.671,0.000,1,14,-15
33.172,-0.237,1.165,3.664,0.000,0,15,-15
33.223,-0.237,1.165,3.670,0.000,0,14,-14
33.274,-0.233,1.143,3.673,0.000,0,15,-15
33.325,-0.231,1.121,3.673,0.000,0,14,-15
33.376,-0.227,1.099,3.658,0.000,0,15,-14
33.427,-0.227,1.099,3.658,0.000,0,14,-15
33.478,-0.226,1.077,3.639,0.000,0,15,-15
33.529,-0.222,1.055,3.639,0.000,0,14,-14
33.580,-0.222,1.055,3.639,0.000,0,15,-15
33.631,-0.219,1.033,3.640,0.000,0,14,-14
33.682,-0.215,1.011,3.649,0.000,0,14,-15
33.733,-0.211,0.990,3.635,0.000,0,15,-15
33.784,-0.211,0.990,3.635,0.000,-1,14,-14
33.835,-0.207,0.969,3.644,0.000,0,14,-15
33.887,-0.204,0.947,3.637,0.000,-8,4,-16
33.939,-0.201,0.926,3.714,0.000,-2,10,-16
33.990,-0.201,0.926,3.686,0.000,3,14,-13
34.041,-0.198,0.905,3.686,0.000,-2,14,-14
34.092,-0.195,0.884,3.689,0.000,-2,14,-15
34.143,-0.195,0.884,3.703,0.000,0,15,-14
34.194,-0.191,0.865,3.686,0.000,1,15,-15
34.245,-0.186,0.846,3.686,0.000,1,14,-14
34.296,-0.181,0.826,3.678,0.000,0,15,-14
34.347,-0.181,0.826,3.687,0.000,-2,14,-15
34.398,-0.175,0.805,3.669,0.000,0,15,-14
34.449,-0.169,0.784,3.661,0.000,1,14,-15
34.500,-0.169,0.784,3.661,0.000,0,14,-14
34.551,-0.163,0.763,3.655,0.000,0,15,-14
34.602,-0.157,0.743,3.651,0.000,-1,14,-14
34.653,-0.151,0.721,3.655,0.000,0,14,-15
34.704,-0.151,0.721,3.655,0.000,0,15,-14
34.755,-0.146,0.699,3.677,0.000,10,15,-2
34.807,-0.140,0.677,3.589,0.000,0,16,-8
34.858,-0.134,0.656,3.590,0.000,-1,13,-14
34.909,-0.134,0.656,3.590,0.000,2,14,-14
34.960,-0.129,0.637,3.590,0.000,-1,14,-14
35.011,-0.124,0.620,3.564,0.000,-1,14,-15
35.062,-0.124,0.620,3.568,0.000,1,15,-14
35.113,-0.120,0.603,3.559,0.000,0,14,-15
35.164,-0.117,0.584,3.559,0.000,0,15,-15
35.215,-0.112,0.564,3.559,0.000,0,14,-14
35.266,-0.112,0.564,3.566,0.000,0,14,-15
35.317,-0.106,0.541,3.550,0.000,0,15,-14
35.368,-0.101,0.519,3.544,0.000,0,14,-14
35.419,-0.101,0.519,3.544,0.000,0,15,-15
35.470,-0.096,0.497,3.535,0.000,0,14,-14
35.521,-0.094,0.476,3.539,0.000,0,14,-15
35.572,-0.090,0.454,3.533,0.000,0,15,-14
35.623,-0.090,0.454,3.521,0.000,-1,14,-14
35.674,-0.086,0.433,3.521,0.000,0,14,-14
35.725,-0.082,0.412,3.529,0.000,0,15,-15
35.776,-0.078,0.391,3.511,0.000,0,14,-14
35.827,-0.078,0.391,3.516,0.000,0,14,-14
35.878,-0.074,0.370,3.516,0.000,0,14,-14
35.929,-0.070,0.350,3.509,0.000,0,14,-14
35.980,-0.070,0.350,3.494,0.000,0,14,-14
36.031,-0.065,0.330,3.500,0.000,0,15,-14
36.082,-0.060,0.311,3.488,0.000,0,14,-14
36.133,-0.056,0.289,3.488,0.000,0,14,-15
36.184,-0.056,0.289,3.486,0.000,0,14,-14
36.235,-0.051,0.268,3.492,0.000,0,14,-14
36.286,-0.046,0.247,3.465,0.000,0,15,-14
36.337,-0.046,0.247,3.465,0.000,0,14,-14
36.388,-0.044,0.225,3.466,0.000,0,14,-14
36.439,-0.039,0.205,3.470,0.000,0,14,-14
36.490,-0.036,0.184,3.453,0.000,0,14,-13
36.541,-0.036,0.184,3.464,0.000,0,14,-14
36.592,-0.030,0.163,3.464,0.000,0,15,-15
36.643,-0.022,0.141,3.461,0.000,0,14,-14
36.694,-0.022,0.141,3.455,0.000,0,14,-14
36.745,-0.017,0.119,3.449,0.000,0,1,1
36.796,-0.014,0.099,3.445,0.000,0,-1,0
36.847,-0.012,0.078,3.445,0.000,0,2,-2
36.898,-0.012,0.078,3.458,0.000,0,-2,2
36.949,-0.009,0.062,3.456,0.000,0,-1,1
37.000,-0.008,0.052,3.443,0.000,0,0,-1
37.051,-0.008,0.052,3.443,0.000,0,2,0
37.102,-0.007,0.047,3.446,0.000,0,0,0
37.153,-0.009,0.047,3.425,0.000,0,-1,0
37.256,-0.010,0.048,3.403,0.000,9,10,9
37.307,-0.010,0.048,3.403,0.000,14,14,14
37.358,-0.008,0.048,3.263,0.000,0,0,2
37.409,-0.008,0.048,3.256,0.000,-1,0,-2
37.460,-0.003,0.051,3.249,0.000,1,3,4
37.511,0.000,0.053,3.249,0.000,0,0,2
37.562,0.003,0.056,3.250,0.000,-3,-2,-2
37.613,0.003,0.056,3.263,0.000,-1,-1,0
37.664,0.004,0.059,3.256,0.000,2,1,1
37.715,0.005,0.059,3.201,0.000,10,10,10
37.766,0.005,0.059,3.201,0.000,1,1,2
37.817,0.005,0.059,3.156,0.000,-1,-2,-4
37.868,0.007,0.061,3.159,0.000,0,3,2
37.919,0.008,0.061,3.142,0.000,-1,2,1
37.970,0.008,0.061,3.142,0.000,0,-2,-1
38.021,0.009,0.062,3.139,0.000,0,1,-1
38.072,0.010,0.063,3.163,0.000,1,0,1
38.123,0.010,0.062,3.151,0.000,0,0,1
38.175,0.010,0.062,3.155,0.000,0,7,-8
38.227,0.011,0.061,3.155,0.000,0,11,-11
38.278,0.011,0.061,3.149,0.000,0,0,-2
38.329,0.010,0.057,3.131,0.000,0,-1,1
38.380,0.010,0.057,3.128,0.000,0,5,-3
38.431,0.011,0.052,3.124,0.000,0,2,-1
38.482,0.011,0.045,3.124,0.000,0,-2,1
38.533,0.011,0.045,3.135,0.000,0,0,0
38.584,0.010,0.039,3.132,0.000,0,1,0
38.636,0.010,0.036,3.142,0.000,8,-5,-5
38.687,0.010,0.034,3.142,0.000,-1,0,-2
38.738,0.010,0.034,3.170,0.000,-1,2,4
38.789,0.007,0.034,3.131,0.000,1,0,1
38.840,0.007,0.034,3.139,0.000,-3,-1,-2
38.891,0.007,0.034,3.152,0.000,-2,-1,-1
38.942,0.007,0.034,3.152,0.000,2,0,1
38.994,0.006,0.034,3.155,0.000,11,-10,5
39.045,0.007,0.035,3.107,0.000,14,-14,9
39.096,0.007,0.035,3.049,0.000,15,-13,7
39.147,0.006,0.037,3.052,0.000,2,-3,1
39.198,0.003,0.043,3.052,0.000,-2,0,-1
39.249,0.000,0.052,3.098,0.000,5,-3,0
39.300,0.000,0.052,3.069,0.000,2,-1,1
39.351,-0.005,0.063,3.080,0.000,-2,1,0
39.402,-0.011,0.072,3.080,0.000,0,0,0
39.453,-0.011,0.072,3.081,0.000,2,-1,0
39.504,-0.014,0.077,3.087,0.000,1,1,0
39.555,-0.014,0.079,3.076,0.000,0,0,0
39.606,-0.015,0.079,3.076,0.000,-1,0,-1
39.657,-0.015,0.079,3.076,0.000,0,0,0
39.708,-0.014,0.079,3.072,0.000,0,0,0
39.759,-0.015,0.080,3.084,0.000,1,0,0
39.810,-0.016,0.079,3.069,0.000,0,0,0
39.861,-0.016,0.079,3.069,0.000,0,0,0
39.912,-0.016,0.079,3.081,0.000,0,0,0
39.963,-0.017,0.079,3.085,0.000,0,-1,0
40.014,-0.017,0.079,3.097,0.000,0,0,0
40.065,-0.018,0.077,3.080,0.000,0,0,0
40.116,-0.019,0.078,3.080,0.000,0,0,0
40.167,-0.019,0.078,3.090,0.000,0,0,0
40.218,-0.019,0.078,3.093,0.000,0,0,0
40.269,-0.017,0.077,3.087,0.000,0,0,0
40.320,-0.016,0.080,3.087,0.000,0,0,0
40.371,-0.016,0.080,3.074,0.000,0,0,0
40.422,-0.015,0.079,3.077,0.000,0,0,0
40.473,-0.016,0.080,3.091,0.000,0,0,0
40.524,-0.017,0.081,3.091,0.000,0,0,0
40.575,-0.017,0.081,3.091,0.000,0,0,0
40.626,-0.016,0.080,3.079,0.000,0,0,0
40.677,-0.016,0.080,3.094,0.000,-1,0,0
40.728,-0.015,0.080,3.087,0.000,0,0,0
40.779,-0.015,0.080,3.073,0.000,0,0,0
40.830,-0.015,0.079,3.073,0.000,0,0,0
40.881,-0.016,0.079,3.079,0.000,0,0,0
40.932,-0.016,0.079,3.082,0.000,0,0,0
40.983,-0.016,0.078,3.075,0.000,0,0,0
41.034,-0.016,0.078,3.075,0.000,0,0,0
41.085,-0.015,0.077,3.095,0.000,0,0,0
41.136,-0.015,0.077,3.091,0.000,0,0,0
41.187,-0.014,0.078,3.090,0.000,0,0,0
41.238,-0.015,0.078,3.091,0.000,0,0,0
41.289,-0.015,0.078,3.091,0.000,0,0,0
41.340,-0.015,0.078,3.076,0.000,0,0,0
41.391,-0.015,0.078,3.095,0.000,0,0,0
41.442,-0.015,0.078,3.088,0.000,0,0,0
41.493,-0.015,0.078,3.088,0.000,0,0,0
41.544,-0.015,0.078,3.090,0.000,0,0,0
41.595,-0.017,0.078,3.085,0.000,0,0,0
41.646,-0.017,0.078,3.089,0.000,0,0,0
41.697,-0.017,0.079,3.095,0.000,0,0,0
41.748,-0.017,0.079,3.095,0.000,0,0,0
41.799,-0.017,0.080,3.100,0.000,0,0,0
41.850,-0.017,0.080,3.086,0.000,0,0,0
41.901,-0.017,0.080,3.084,0.000,0,0,0
41.952,-0.018,0.080,3.084,0.000,0,0,0
42.003,-0.018,0.080,3.073,0.000,0,0,0
42.054,-0.018,0.080,3.082,0.000,0,0,0
42.105,-0.019,0.080,3.077,0.000,0,0,0
42.156,-0.018,0.080,3.074,0.000,0,0,0
42.207,-0.018,0.080,3.074,0.000,0,0,0
42.258,-0.017,0.080,3.076,0.000,0,0,0
42.309,-0.017,0.080,3.076,0.000,0,0,0
42.360,-0.017,0.079,3.085,0.000,0,0,0
42.411,-0.017,0.079,3.071,0.000,0,0,0
42.462,-0.017,0.079,3.071,0.000,0,0,0
42.513,-0.018,0.079,3.080,0.000,0,0,0
42.564,-0.018,0.079,3.095,0.000,0,0,0
42.615,-0.021,0.079,3.083,0.000,0,0,0
42.666,-0.020,0.080,3.083,0.000,0,0,0
42.717,-0.018,0.080,3.082,0.000,0,0,0
42.768,-0.018,0.080,3.075,0.000,0,0,0
42.819,-0.018,0.081,3.088,0.000,0,0,0
42.870,-0.015,0.081,3.093,0.000,0,0,0
42.921,-0.015,0.081,3.093,0.000,0,0,0
42.972,-0.014,0.080,3.083,0.000,0,0,0
43.023,-0.015,0.080,3.094,0.000,0,0,0
43.074,-0.014,0.079,3.089,0.000,0,0,0
43.125,-0.014,0.079,3.089,0.000,0,0,0
43.176,-0.015,0.079,3.087,0.000,0,0,0
43.227,-0.016,0.079,3.093,0.000,0,0,0
43.278,-0.016,0.080,3.084,0.000,0,0,0
43.329,-0.016,0.080,3.088,0.000,0,0,0
43.380,-0.017,0.080,3.088,0.000,0,0,0
43.431,-0.015,0.080,3.087,0.000,0,0,0
43.482,-0.015,0.080,3.088,0.000,0,0,0
43.533,-0.015,0.079,3.084,0.000,0,0,0
43.584,-0.016,0.079,3.084,0.000,0,0,0
43.635,-0.016,0.079,3.081,0.000,0,0,0
43.686,-0.016,0.079,3.076,0.000,0,0,0
43.737,-0.016,0.080,3.078,0.000,0,0,0
43.788,-0.016,0.080,3.083,0.000,0,0,0
43.839,-0.016,0.080,3.083,0.000,0,0,0
43.890,-0.015,0.080,3.082,0.000,0,0,0
43.941,-0.017,0.080,3.088,0.000,0,0,0
43.992,-0.017,0.079,3.091,0.000,0,0,0
44.043,-0.017,0.079,3.091,0.000,0,0,0
44.094,-0.016,0.079,3.074,0.000,0,0,0
44.145,-0.017,0.079,3.101,0.000,0,0,0
44.196,-0.016,0.078,3.092,0.000,0,0,0
44.247,-0.016,0.078,3.095,0.000,0,0,0
44.298,-0.017,0.079,3.095,0.000,0,0,0
44.349,-0.018,0.080,3.086,0.000,0,0,0
44.400,-0.018,0.080,3.083,0.000,0,0,0
44.451,-0.018,0.080,3.079,0.000,0,0,0
44.502,-0.017,0.080,3.085,0.000,0,0,0
44.553,-0.017,0.080,3.085,0.000,0,0,0
44.604,-0.017,0.080,3.086,0.000,0,0,0
44.655,-0.016,0.079,3.081,0.000,0,0,0
44.706,-0.015,0.078,3.087,0.000,0,0,0
44.757,-0.015,0.078,3.087,0.000,0,0,0
44.808,-0.015,0.078,3.094,0.000,0,0,0
44.859,-0.015,0.079,3.095,0.000,0,0,0
44.910,-0.016,0.080,3.085,0.000,0,0,0
44.961,-0.016,0.080,3.083,0.000,0,0,0
45.012,-0.016,0.079,3.083,0.000,0,0,0
45.063,-0.018,0.078,3.078,0.000,0,0,1
45.114,-0.019,0.078,3.084,0.000,0,0,0
45.165,-0.019,0.078,3.090,0.000,0,0,0
45.216,-0.020,0.077,3.090,0.000,0,0,0
45.267,-0.019,0.078,3.069,0.000,0,0,0
45.318,-0.019,0.078,3.073,0.000,0,0,0
45.369,-0.017,0.079,3.083,0.000,0,0,0
45.420,-0.019,0.079,3.083,0.000,0,0,0
45.471,-0.019,0.080,3.083,0.000,0,0,0
45.522,-0.019,0.080,3.090,0.000,0,0,0
45.573,-0.019,0.080,3.074,0.000,0,1,0
45.624,-0.019,0.080,3.084,0.000,0,0,0
45.675,-0.019,0.080,3.084,0.000,0,0,0
45.726,-0.016,0.080,3.080,0.000,0,0,0
45.777,-0.014,0.080,3.061,0.000,0,0,0
45.828,-0.014,0.079,3.081,0.000,0,0,0
45.879,-0.014,0.079,3.084,0.000,0,0,0
45.930,-0.015,0.079,3.084,0.000,0,0,0
45.981,-0.015,0.079,3.074,0.000,0,0,0
46.032,-0.014,0.080,3.081,0.000,0,0,0
46.083,-0.014,0.080,3.087,0.000,0,0,0
46.134,-0.015,0.080,3.086,0.000,0,0,0
46.185,-0.015,0.080,3.086,0.000,0,0,0
46.236,-0.015,0.080,3.076,0.000,0,0,0
46.287,-0.015,0.080,3.073,0.000,0,0,0
46.338,-0.016,0.079,3.094,0.000,0,0,0
46.389,-0.016,0.079,3.094,0.000,0,0,0
46.440,-0.016,0.079,3.082,0.000,0,0,0
46.491,-0.016,0.079,3.071,0.000,0,0,0
46.542,-0.016,0.080,3.090,0.000,0,0,0
46.593,-0.016,0.080,3.077,0.000,0,0,0
46.644,-0.016,0.081,3.077,0.000,0,0,0
46.695,-0.015,0.081,3.083,0.000,0,0,0
46.746,-0.015,0.080,3.090,0.000,0,0,0
46.797,-0.015,0.080,3.082,0.000,0,0,0
46.848,-0.015,0.080,3.082,0.000,0,0,0
46.899,-0.015,0.079,3.079,0.000,0,0,0
46.950,-0.015,0.079,3.073,0.000,0,0,0
47.001,-0.015,0.079,3.087,0.000,0,0,0
47.052,-0.015,0.080,3.065,0.000,0,0,0
47.103,-0.014,0.080,3.065,0.000,1,0,0
47.154,-0.014,0.080,3.077,0.000,0,0,0
47.205,-0.014,0.079,3.080,0.000,0,0,0
47.256,-0.014,0.079,3.081,0.000,0,0,0
47.307,-0.015,0.079,3.081,0.000,0,0,0
47.358,-0.015,0.079,3.081,0.000,0,0,0
47.409,-0.015,0.080,3.083,0.000,0,0,0
47.460,-0.015,0.080,3.074,0.000,0,0,0
47.511,-0.015,0.080,3.065,0.000,0,0,0
47.562,-0.015,0.080,3.065,0.000,0,0,0
47.613,-0.015,0.080,3.070,0.000,0,0,0
47.664,-0.015,0.080,3.081,0.000,0,0,0
47.715,-0.015,0.080,3.070,0.000,0,0,0
47.766,-0.015,0.080,3.079,0.000,0,0,0
47.817,-0.013,0.079,3.079,0.000,0,0,0
47.868,-0.013,0.079,3.081,0.000,0,0,0
47.919,-0.013,0.079,3.079,0.000,0,0,0
47.970,-0.013,0.079,3.079,0.000,0,0,0
48.021,-0.012,0.078,3.079,0.000,0,0,0
48.072,-0.012,0.078,3.076,0.000,0,0,0
48.123,-0.014,0.078,3.077,0.000,0,0,0
48.174,-0.014,0.079,3.066,0.000,0,0,0
48.225,-0.015,0.079,3.061,0.000,0,0,0
48.276,-0.015,0.079,3.061,0.000,0,0,0
48.327,-0.020,0.079,3.089,0.000,0,0,0
48.378,-0.020,0.079,3.088,0.000,0,0,0
48.429,-0.020,0.079,3.079,0.000,0,0,0
48.480,-0.021,0.080,3.079,0.000,0,0,0
48.531,-0.021,0.079,3.077,0.000,0,0,0
48.582,-0.017,0.080,3.086,0.000,0,0,0
48.633,-0.017,0.080,3.080,0.000,0,0,0
48.684,-0.017,0.079,3.090,0.000,0,0,0
48.735,-0.018,0.079,3.090,0.000,0,0,0
48.786,-0.018,0.079,3.068,0.000,0,0,0
48.837,-0.018,0.080,3.072,0.000,0,0,0
48.888,-0.018,0.080,3.075,0.000,0,0,0
48.939,-0.018,0.080,3.075,0.000,0,0,0
48.990,-0.018,0.080,3.097,0.000,0,0,0
49.041,-0.018,0.080,3.066,0.000,0,0,0
49.092,-0.019,0.080,3.089,0.000,0,0,0
49.143,-0.019,0.080,3.087,0.000,0,0,0
49.194,-0.019,0.080,3.087,0.000,0,0,0
49.245,-0.019,0.080,3.086,0.000,0,0,0
49.296,-0.017,0.080,3.076,0.000,0,0,0
49.347,-0.017,0.080,3.080,0.000,0,0,0
49.398,-0.014,0.080,3.081,0.000,0,0,0
49.449,-0.013,0.078,3.081,0.000,0,0,0
49.500,-0.013,0.079,3.071,0.000,0,0,0
49.551,-0.013,0.079,3.086,0.000,0,0,0
49.602,-0.014,0.079,3.077,0.000,0,0,0
49.653,-0.014,0.079,3.077,0.000,0,0,0
49.704,-0.014,0.079,3.092,0.000,0,0,0
49.755,-0.016,0.079,3.087,0.000,0,0,0
49.806,-0.014,0.079,3.087,0.000,0,0,0
49.857,-0.014,0.079,3.088,0.000,0,0,0
49.908,-0.014,0.079,3.088,0.000,0,0,0
49.959,-0.014,0.080,3.076,0.000,0,0,0
50.010,-0.014,0.079,3.089,0.000,0,0,0
50.061,-0.014,0.079,3.077,0.000,0,0,0
50.112,-0.015,0.079,3.077,0.000,0,0,0
50.163,-0.014,0.079,3.078,0.000,0,0,0
50.214,-0.015,0.080,3.087,0.000,0,0,0
50.265,-0.015,0.080,3.079,0.000,0,0,0
50.316,-0.015,0.080,3.089,0.000,0,0,0
50.367,-0.014,0.080,3.089,0.000,0,0,0
50.418,-0.014,0.080,3.089,0.000,0,0,0
50.469,-0.014,0.080,3.064,0.000,0,0,0
50.520,-0.014,0.080,3.074,0.000,0,0,0
50.571,-0.014,0.079,3.074,0.000,0,0,0
50.622,-0.014,0.079,3.080,0.000,0,0,0
50.673,-0.014,0.079,3.080,0.000,0,0,0
50.724,-0.015,0.080,3.066,0.000,0,0,0
50.775,-0.015,0.080,3.076,0.000,0,0,0
50.826,-0.015,0.080,3.076,0.000,0,0,0
50.877,-0.015,0.080,3.063,0.000,0,0,0
50.928,-0.014,0.080,3.073,0.000,0,0,0
50.979,-0.014,0.080,3.088,0.000,0,0,0
51.030,-0.013,0.079,3.088,0.000,0,0,0
51.081,-0.014,0.079,3.076,0.000,0,0,0
51.132,-0.015,0.079,3.068,0.000,0,0,0
51.183,-0.015,0.079,3.086,0.000,0,0,0
51.234,-0.016,0.078,3.085,0.000,0,0,0
51.285,-0.015,0.078,3.085,0.000,0,0,0
51.336,-0.015,0.078,3.080,0.000,0,0,0
51.387,-0.016,0.077,3.081,0.000,0,0,0
51.438,-0.014,0.078,3.086,0.000,0,0,0
51.489,-0.014,0.079,3.060,0.000,0,0,0
51.540,-0.014,0.079,3.060,0.000,0,0,0
51.591,-0.014,0.080,3.080,0.000,0,0,0
51.642,-0.013,0.080,3.092,0.000,0,0,0
51.693,-0.012,0.079,3.085,0.000,0,0,0
51.744,-0.012,0.079,3.085,0.000,0,0,0
51.795,-0.013,0.079,3.090,0.000,0,0,0
51.846,-0.015,0.079,3.088,0.000,0,0,0
51.897,-0.015,0.079,3.083,0.000,0,0,0
51.948,-0.015,0.079,3.085,0.000,0,0,0
51.999,-0.016,0.079,3.085,0.000,0,0,0
52.050,-0.017,0.079,3.091,0.000,0,0,0
52.101,-0.017,0.079,3.075,0.000,0,0,0
52.152,-0.015,0.078,3.087,0.000,0,0,0
52.203,-0.016,0.078,3.087,0.000,0,0,0
52.254,-0.016,0.078,3.075,0.000,0,0,0
52.305,-0.016,0.078,3.084,0.000,0,0,0
52.356,-0.016,0.080,3.073,0.000,0,0,0
52.407,-0.017,0.080,3.089,0.000,0,0,0
52.458,-0.017,0.080,3.089,0.000,0,0,0
52.509,-0.016,0.080,3.071,0.000,0,0,0
52.560,-0.017,0.080,3.081,0.000,0,0,0
52.611,-0.017,0.080,3.077,0.000,0,0,0
52.662,-0.016,0.080,3.077,0.000,0,0,0
52.713,-0.016,0.080,3.085,0.000,0,0,0
52.764,-0.015,0.080,3.080,0.000,0,0,0
52.815,-0.015,0.080,3.094,0.000,0,0,0
52.866,-0.014,0.080,3.079,0.000,0,9,-9
52.917,-0.014,0.080,3.079,0.000,0,13,-12
52.968,-0.016,0.078,3.060,0.000,0,12,-11
53.019,-0.016,0.078,3.055,0.000,0,14,-14
53.070,-0.017,0.075,3.046,0.000,0,14,-13
53.121,-0.019,0.066,3.049,0.000,0,15,-14
53.172,-0.019,0.066,3.049,0.000,0,14,-14
53.223,-0.021,0.053,3.058,0.000,0,15,-14
53.274,-0.024,0.036,3.044,0.000,0,14,-14
53.325,-0.027,0.016,3.054,0.000,0,14,-14
53.376,-0.027,0.016,3.054,0.000,0,15,-14
53.427,-0.031,-0.004,3.037,0.000,0,14,-14
53.478,-0.039,-0.024,3.024,0.000,0,14,-14
53.529,-0.039,-0.024,3.024,0.000,0,15,-14
53.580,-0.042,-0.046,3.002,0.000,0,14,-14
53.631,-0.047,-0.067,3.002,0.000,0,15,-14
53.682,-0.052,-0.088,3.028,0.000,0,14,-14
53.733,-0.052,-0.088,2.998,0.000,0,14,-14
53.835,-0.059,-0.130,2.993,0.000,0,14,-14
53.886,-0.061,-0.151,2.991,0.000,0,14,-15
53.937,-0.061,-0.151,2.996,0.000,0,15,-14
53.988,-0.065,-0.171,2.990,0.000,0,14,-14
54.039,-0.068,-0.193,2.988,0.000,0,14,-14
54.090,-0.068,-0.193,2.988,0.000,0,14,-14
54.141,-0.073,-0.214,2.960,0.000,0,15,-14
54.192,-0.078,-0.236,2.973,0.000,0,14,-14
54.243,-0.080,-0.258,2.958,0.000,0,14,-14
54.294,-0.080,-0.258,2.958,0.000,0,15,-14
54.345,-0.083,-0.279,2.969,0.000,0,14,-14
54.396,-0.087,-0.300,2.949,0.000,0,14,-14
54.448,-0.087,-0.300,2.956,0.000,-9,3,-15
54.499,-0.091,-0.320,3.072,0.000,-13,1,-17
54.550,-0.096,-0.340,3.072,0.000,0,10,-14
54.601,-0.102,-0.359,3.122,0.000,1,13,-13
54.652,-0.102,-0.359,3.102,0.000,-1,14,-14
54.703,-0.106,-0.377,3.094,0.000,2,15,-14
54.754,-0.110,-0.397,3.079,0.000,0,14,-14
54.805,-0.113,-0.416,3.079,0.000,-1,14,-14
54.856,-0.113,-0.416,3.097,0.000,0,15,-15
54.907,-0.114,-0.437,3.086,0.000,1,14,-14
54.958,-0.115,-0.458,3.087,0.000,0,15,-14
55.009,-0.115,-0.458,3.087,0.000,0,14,-14
55.060,-0.116,-0.479,3.086,0.000,0,14,-14
55.163,-0.119,-0.521,3.076,0.000,-8,11,-15
55.214,-0.119,-0.521,3.153,0.000,-10,7,-16
55.265,-0.120,-0.541,3.153,0.000,-10,7,-15
55.316,-0.122,-0.563,3.194,0.000,-10,7,-15
55.367,-0.122,-0.563,3.253,0.000,-9,7,-15
55.418,-0.122,-0.583,3.315,0.000,-9,7,-16
55.469,-0.117,-0.605,3.315,0.000,-9,7,-15
55.520,-0.112,-0.625,3.364,0.000,-9,6,-16
55.571,-0.112,-0.625,3.409,0.000,-8,7,-15
55.622,-0.107,-0.645,3.482,0.000,-8,6,-15
55.673,-0.099,-0.663,3.521,0.000,-8,6,-16
55.724,-0.092,-0.681,3.521,0.000,-8,7,-16
55.775,-0.092,-0.681,3.580,0.000,-8,7,-15
55.826,-0.084,-0.699,3.628,0.000,-8,6,-16
55.929,-0.075,-0.715,3.559,0.000,14,16,-2
55.980,-0.067,-0.732,3.559,0.000,3,13,-10
56.031,-0.059,-0.745,3.519,0.000,0,13,-14
56.082,-0.052,-0.758,3.532,0.000,1,14,-15
56.133,-0.052,-0.758,3.535,0.000,1,14,-14
56.184,-0.044,-0.771,3.535,0.000,0,13,-15
56.235,-0.037,-0.783,3.534,0.000,0,14,-15
56.286,-0.028,-0.800,3.541,0.000,0,14,-15
56.337,-0.028,-0.800,3.544,0.000,0,14,-14
56.388,-0.020,-0.818,3.552,0.000,0,14,-15
56.439,-0.012,-0.837,3.552,0.000,0,14,-15
56.490,-0.012,-0.837,3.559,0.000,0,15,-14
56.541,-0.002,-0.856,3.557,0.000,-2,14,-15
56.592,0.007,-0.875,3.539,0.000,0,14,-14
56.643,0.019,-0.895,3.539,0.000,1,14,-15
56.694,0.019,-0.895,3.559,0.000,0,14,-14
56.745,0.030,-0.914,3.564,0.000,0,14,-15
56.796,0.041,-0.934,3.564,0.000,0,14,-14
56.847,0.041,-0.934,3.564,0.000,0,14,-15
56.898,0.051,-0.953,3.564,0.000,-1,14,-14
56.949,0.061,-0.972,3.573,0.000,0,14,-15
57.000,0.074,-0.992,3.577,0.000,0,14,-14
57.051,0.074,-0.992,3.598,0.000,0,14,-14
57.102,0.085,-1.011,3.598,0.000,0,14,-15
57.153,0.096,-1.030,3.598,0.000,0,14,-14
57.204,0.096,-1.030,3.591,0.000,0,14,-14
57.255,0.106,-1.048,3.598,0.000,0,15,-14
57.306,0.115,-1.067,3.594,0.000,0,13,-15
57.357,0.124,-1.086,3.594,0.000,0,15,-14
57.408,0.124,-1.086,3.609,0.000,0,14,-14
57.459,0.134,-1.104,3.605,0.000,0,14,-14
57.510,0.144,-1.123,3.620,0.000,0,14,-15
57.561,0.153,-1.142,3.632,0.000,0,14,-14
57.663,0.164,-1.160,3.618,0.000,0,14,-15
57.714,0.173,-1.179,3.626,0.000,0,14,-14
57.765,0.173,-1.179,3.634,0.000,0,15,-14
57.816,0.182,-1.197,3.634,0.000,0,14,-14
57.867,0.191,-1.214,3.626,0.000,0,14,-14
57.918,0.200,-1.233,3.661,0.000,0,14,-14
57.969,0.200,-1.233,3.663,0.000,0,14,-15
58.020,0.210,-1.252,3.666,0.000,0,14,-14
58.071,0.221,-1.270,3.666,0.000,0,14,-14
58.122,0.221,-1.270,3.677,0.000,0,14,-14
58.224,0.241,-1.307,3.698,0.000,0,14,-14
58.275,0.252,-1.325,3.698,0.000,0,14,-14
58.326,0.252,-1.325,3.694,0.000,0,13,-14
58.377,0.264,-1.343,3.707,0.000,0,15,-13
58.530,0.283,-1.379,3.710,0.000,-8,4,-14
58.684,0.300,-1.416,3.985,0.000,-12,4,-15
58.735,0.308,-1.430,3.985,0.000,-7,9,-15
58.786,0.321,-1.449,4.043,0.000,-4,11,-14
58.837,0.321,-1.449,4.062,0.000,-4,11,-16
58.888,0.321,-1.449,4.100,0.000,-6,10,-15
58.939,0.334,-1.464,4.153,0.000,-5,11,-15
58.990,0.348,-1.481,4.153,0.000,-6,10,-16
59.041,0.348,-1.481,4.185,0.000,-5,10,-15
59.092,0.356,-1.489,4.221,0.000,-5,11,-16
59.143,0.380,-1.510,4.258,0.000,-5,9,-15
59.194,0.394,-1.520,4.308,0.000,-5,10,-16
59.245,0.394,-1.520,4.308,0.000,-4,9,-15
59.296,0.411,-1.530,4.349,0.000,-5,10,-16
59.347,0.432,-1.540,4.386,0.000,-5,9,-16
59.398,0.432,-1.540,4.437,0.000,-6,10,-15
59.449,0.447,-1.560,4.437,0.000,-5,9,-16
59.500,0.454,-1.584,4.491,0.000,5,13,-14
59.552,0.472,-1.595,4.481,0.000,13,15,-4
59.603,0.472,-1.595,4.422,0.000,1,15,-8
59.654,0.493,-1.607,4.447,0.000,0,13,-14
59.705,0.517,-1.606,4.447,0.000,1,13,-15
59.756,0.543,-1.602,4.444,0.000,0,14,-14
59.807,0.543,-1.602,4.484,0.000,-1,14,-15
59.858,0.559,-1.608,4.476,0.000,0,14,-15
59.961,0.559,-1.608,4.501,0.000,-9,1,-16
60.012,0.559,-1.608,4.554,0.000,-14,-1,-17
60.063,0.559,-1.608,4.647,0.000,-1,9,-14
60.114,-0.325,-2.582,4.667,0.000,1,14,-14
60.165,-0.325,-2.582,4.667,0.000,-1,14,-14
60.216,-0.296,-2.593,4.668,0.000,1,14,-15
60.267,-0.266,-2.605,4.663,0.000,1,15,-14
60.318,-0.266,-2.605,4.679,0.000,-1,14,-15
60.369,-0.266,-2.605,4.688,0.000,1,15,-15
60.420,-0.266,-2.605,4.688,0.000,0,14,-15
60.471,-0.266,-2.605,4.701,0.000,0,14,-14
60.522,-0.266,-2.605,4.733,0.000,0,14,-15
60.574,0.702,-1.703,4.745,0.000,-9,3,-15
60.626,0.722,-1.708,4.745,0.000,-1,9,-16
60.677,0.742,-1.713,4.785,0.000,0,14,-13
60.728,0.742,-1.713,4.793,0.000,-2,13,-15
60.779,0.766,-1.717,4.794,0.000,1,14,-14
60.830,0.837,-1.699,4.806,0.000,0,15,-14
60.881,0.837,-1.699,4.806,0.000,-1,14,-15
60.983,0.891,-1.706,4.815,0.000,0,14,-15
61.034,0.911,-1.708,4.824,0.000,0,14,-14
61.085,0.911,-1.708,4.824,0.000,0,15,-14
61.136,0.935,-1.710,4.836,0.000,0,14,-15
61.187,0.956,-1.712,4.822,0.000,0,15,-14
61.238,0.956,-1.712,4.820,0.000,1,14,-14
61.289,0.974,-1.715,4.828,0.000,0,14,-14
61.340,1.001,-1.719,4.828,0.000,0,15,-15
61.391,1.021,-1.722,4.829,0.000,0,14,-14
61.442,1.021,-1.722,4.821,0.000,0,14,-14
61.493,1.043,-1.727,4.826,0.000,1,15,-14
61.544,1.070,-1.731,4.826,0.000,0,14,-15
61.595,1.092,-1.735,4.825,0.000,0,14,-14
61.646,1.092,-1.735,4.825,0.000,0,14,-14
61.697,1.118,-1.738,4.817,0.000,-9,2,-15
61.748,1.138,-1.740,4.933,0.000,-13,0,-16
61.799,1.138,-1.740,4.933,0.000,-14,1,-16
61.850,1.158,-1.742,5.010,0.000,-14,0,-15
61.901,1.171,-1.741,5.086,0.000,-13,0,-16
61.953,1.186,-1.737,5.182,0.000,-1,9,-14
62.004,1.186,-1.737,5.180,0.000,1,14,-13
62.055,1.203,-1.737,5.180,0.000,-1,14,-15
62.106,1.220,-1.734,5.164,0.000,2,14,-14
62.157,1.220,-1.734,5.129,0.000,1,14,-14
62.208,1.243,-1.732,5.146,0.000,-1,15,-15
62.259,1.266,-1.731,5.146,0.000,-1,14,-14
62.361,1.287,-1.725,5.137,0.000,0,15,-15
62.412,1.308,-1.719,5.120,0.000,-1,14,-14
62.464,1.330,-1.714,5.175,0.000,-7,7,-16
62.516,1.349,-1.706,5.175,0.000,-13,1,-17
62.568,1.349,-1.706,5.243,0.000,-13,1,-16
62.619,1.373,-1.701,5.349,0.000,-14,0,-16
62.670,1.394,-1.696,5.435,0.000,-14,0,-15
62.721,1.394,-1.696,5.515,0.000,-13,0,-15
62.772,1.411,-1.690,5.515,0.000,-14,0,-16
62.823,1.432,-1.686,5.609,0.000,0,9,-14
62.874,1.447,-1.678,5.610,0.000,2,14,-13
62.925,1.447,-1.678,5.610,0.000,-4,13,-15
62.976,1.460,-1.669,5.610,0.000,-2,15,-15
63.027,1.477,-1.657,5.622,0.000,3,14,-15
63.078,1.477,-1.657,5.609,0.000,1,14,-14
63.129,1.490,-1.644,5.608,0.000,-2,15,-15
63.180,1.504,-1.627,5.615,0.000,0,14,-15
63.231,1.521,-1.613,5.615,0.000,1,14,-15
63.282,1.521,-1.613,5.580,0.000,0,15,-14
63.333,1.535,-1.597,5.595,0.000,0,14,-15
63.384,1.542,-1.574,5.601,0.000,0,14,-14
63.435,1.556,-1.559,5.601,0.000,0,15,-15
63.486,1.556,-1.559,5.601,0.000,-1,14,-14
63.537,1.569,-1.542,5.586,0.000,0,14,-14
63.588,1.587,-1.528,5.592,0.000,0,14,-15
63.639,1.587,-1.528,5.592,0.000,0,14,-14
63.690,1.604,-1.514,5.592,0.000,0,15,-15
63.741,1.619,-1.498,5.571,0.000,0,14,-14
63.792,1.619,-1.498,5.590,0.000,0,14,-14
63.843,1.619,-1.498,5.571,0.000,0,14,-14
63.894,1.619,-1.498,5.571,0.000,0,14,-15
63.945,1.619,-1.498,5.585,0.000,0,15,-14
63.996,1.619,-1.498,5.564,0.000,0,14,-14
64.047,1.645,-1.471,5.576,0.000,0,14,-15
64.098,1.669,-1.443,5.589,0.000,0,14,-14
64.149,1.698,-1.420,5.589,0.000,0,15,-14
64.200,1.698,-1.420,5.575,0.000,0,14,-14
64.251,1.724,-1.393,5.569,0.000,0,14,-15
64.302,1.739,-1.378,5.575,0.000,0,14,-14
64.353,1.754,-1.363,5.569,0.000,0,14,-14
64.404,1.754,-1.363,5.569,0.000,0,15,-15
64.455,1.771,-1.348,5.581,0.000,0,14,-14
64.506,1.787,-1.334,5.592,0.000,0,14,-14
64.557,1.787,-1.334,5.580,0.000,0,14,-14
64.608,1.801,-1.318,5.580,0.000,0,15,-14
64.659,1.817,-1.302,5.592,0.000,0,14,-15
64.710,1.830,-1.286,5.603,0.000,0,14,-14
64.761,1.830,-1.286,5.591,0.000,0,14,-14
64.812,1.843,-1.269,5.584,0.000,1,15,-14
64.863,1.856,-1.252,5.584,0.000,0,14,-15
64.914,1.856,-1.252,5.585,0.000,0,14,-13
64.965,1.870,-1.236,5.589,0.000,0,14,-15
65.016,1.884,-1.224,5.585,0.000,0,14,-14
65.067,1.900,-1.204,5.585,0.000,0,14,-14
65.118,1.900,-1.204,5.584,0.000,0,14,-14
65.169,1.913,-1.188,5.584,0.000,0,14,-14
65.220,1.925,-1.173,5.579,0.000,0,14,-14
65.271,1.940,-1.154,5.589,0.000,0,15,-14
65.322,1.940,-1.154,5.589,0.000,0,14,-14
65.373,1.954,-1.140,5.594,0.000,0,14,-14
65.424,1.968,-1.124,5.589,0.000,0,14,-14
65.475,1.968,-1.124,5.594,0.000,0,14,-14
65.526,1.985,-1.109,5.594,0.000,0,14,-14
65.577,2.001,-1.094,5.593,0.000,0,14,-14
65.628,2.011,-1.078,5.593,0.000,0,14,-14
65.679,2.011,-1.078,5.593,0.000,0,14,-15
65.730,2.028,-1.064,5.603,0.000,0,14,-14
65.781,2.029,-1.035,5.603,0.000,0,15,-14
65.832,2.029,-1.035,5.588,0.000,0,14,-14
65.883,2.044,-1.021,5.603,0.000,0,14,-14
65.934,2.059,-1.004,5.593,0.000,0,14,-14
65.985,2.072,-0.987,5.589,0.000,0,14,-14
66.036,2.072,-0.987,5.589,0.000,0,14,-14
66.087,2.098,-0.980,5.594,0.000,0,14,-15
66.138,2.108,-0.961,5.588,0.000,0,14,-14
66.189,2.108,-0.961,5.598,0.000,0,14,-13
66.240,2.121,-0.945,5.598,0.000,0,15,-15
66.291,2.134,-0.927,5.593,0.000,0,14,-14
66.342,2.147,-0.911,5.579,0.000,0,13,-13
66.393,2.147,-0.911,5.588,0.000,0,15,-15
66.445,2.151,-0.887,5.625,0.000,-6,10,-15
66.497,2.167,-0.873,5.625,0.000,-1,11,-15
66.548,2.183,-0.859,5.652,0.000,3,14,-14
66.599,2.183,-0.859,5.621,0.000,0,13,-14
66.650,2.198,-0.845,5.639,0.000,-1,14,-14
66.701,2.225,-0.840,5.639,0.000,0,14,-14
66.752,2.225,-0.840,5.629,0.000,0,14,-14
66.803,2.238,-0.824,5.638,0.000,1,14,-14
66.854,2.249,-0.809,5.652,0.000,0,14,-14
66.905,2.249,-0.809,5.648,0.000,0,14,-14
66.956,2.249,-0.809,5.648,0.000,0,15,-15
67.007,2.249,-0.809,5.652,0.000,0,14,-14
67.058,2.264,-0.785,5.660,0.000,0,14,-14
67.110,2.283,-0.758,5.676,0.000,-8,3,-15
67.162,2.283,-0.758,5.773,0.000,-14,2,-17
67.213,2.302,-0.733,5.773,0.000,-1,9,-14
67.264,2.329,-0.714,5.813,0.000,0,14,-13
67.315,2.329,-0.714,5.817,0.000,-2,14,-14
67.366,2.351,-0.704,5.814,0.000,0,14,-14
67.417,2.365,-0.693,5.814,0.000,0,14,-14
67.468,2.379,-0.681,5.825,0.000,2,15,-14
67.519,2.379,-0.681,5.820,0.000,1,14,-14
67.570,2.387,-0.663,5.813,0.000,0,14,-14
67.621,2.395,-0.644,5.840,0.000,-1,14,-14
67.672,2.395,-0.644,5.840,0.000,-1,14,-15
67.723,2.406,-0.626,5.823,0.000,0,15,-14
67.775,2.413,-0.604,5.839,0.000,-3,13,-15
67.827,2.420,-0.583,5.859,0.000,-7,11,-15
67.878,2.420,-0.583,5.859,0.000,-1,11,-15
67.929,2.427,-0.561,5.895,0.000,1,14,-14
67.980,2.438,-0.544,5.888,0.000,-2,14,-14
68.031,2.452,-0.530,5.906,0.000,1,14,-14
68.082,2.452,-0.530,5.902,0.000,0,14,-15
68.133,2.466,-0.514,5.902,0.000,0,15,-14
68.184,2.479,-0.499,5.903,0.000,-1,14,-15
68.286,2.483,-0.475,5.928,0.000,-7,5,-15
68.337,2.494,-0.456,6.055,0.000,-13,-4,-17
68.388,2.496,-0.432,6.055,0.000,-13,5,-15
68.439,2.496,-0.432,6.131,0.000,0,11,-14
68.490,2.494,-0.410,6.147,0.000,2,13,-13
68.541,2.498,-0.391,6.162,0.000,-2,14,-14
68.592,2.498,-0.391,6.162,0.000,0,14,-15
68.643,2.494,-0.368,6.164,0.000,1,15,-14
68.694,2.497,-0.348,6.151,0.000,0,14,-15
68.745,2.504,-0.327,6.167,0.000,0,14,-14
68.796,2.504,-0.327,6.169,0.000,-1,15,-14
68.847,2.507,-0.311,6.169,0.000,0,14,-15
68.898,2.511,-0.292,6.165,0.000,0,14,-14
68.949,2.511,-0.292,6.167,0.000,0,15,-15
69.000,2.514,-0.272,6.176,0.000,0,14,-14
69.051,2.516,-0.253,6.176,0.000,0,14,-14
69.102,2.524,-0.229,6.191,0.000,0,14,-14
69.153,2.524,-0.229,6.184,0.000,0,14,-14
69.204,2.528,-0.211,6.200,0.000,0,14,-15
69.255,2.532,-0.193,6.198,0.000,0,14,-14
69.306,2.539,-0.170,6.198,0.000,0,15,-14
69.357,2.539,-0.170,6.205,0.000,0,14,-15
69.408,2.542,-0.148,6.209,0.000,0,14,-14
69.459,2.551,-0.123,6.197,0.000,0,14,-14
69.510,2.551,-0.123,6.197,0.000,0,14,-14
69.561,2.556,-0.101,6.204,0.000,1,14,-14
69.612,2.558,-0.085,6.223,0.000,0,15,-14
69.663,2.562,-0.068,6.227,0.000,0,14,-15
69.714,2.562,-0.068,6.220,0.000,0,14,-14
69.765,2.564,-0.050,6.220,0.000,0,14,-14
69.816,2.567,-0.030,6.230,0.000,0,14,-14
69.867,2.573,-0.008,6.246,0.000,0,14,-14
69.918,2.573,-0.008,6.249,0.000,0,14,-14
69.969,2.576,0.011,6.247,0.000,0,15,-15
70.020,2.581,0.031,6.247,0.000,0,14,-14
70.071,2.581,0.031,6.245,0.000,0,14,-14
70.122,2.586,0.052,6.265,0.000,0,14,-14
70.173,2.589,0.072,6.263,0.000,0,14,-14
70.224,2.594,0.092,6.263,0.000,0,14,-14
70.275,2.594,0.092,6.272,0.000,0,14,-14
70.326,2.597,0.113,6.280,0.000,0,14,-14
70.377,2.602,0.133,6.288,0.000,0,14,-14
70.428,2.602,0.133,6.292,0.000,0,14,-14
70.479,2.607,0.154,6.292,0.000,0,15,-15
70.530,2.611,0.178,6.290,0.000,0,14,-14
70.582,2.615,0.198,6.294,0.000,0,14,-14
70.633,2.615,0.198,6.329,0.000,-1,13,-15
70.684,2.618,0.220,6.329,0.000,0,14,-15
70.735,2.622,0.240,6.324,0.000,0,14,-14
70.786,2.622,0.240,6.331,0.000,0,14,-14
70.837,2.627,0.262,6.345,0.000,0,14,-14
70.939,2.639,0.308,6.354,0.000,0,14,-14
70.991,2.639,0.308,6.354,0.000,-8,6,-15
71.042,2.643,0.331,6.427,0.000,-12,2,-17
71.094,2.648,0.353,6.511,0.000,-1,10,-14
71.145,2.650,0.372,6.512,0.000,3,14,-13
71.196,2.650,0.372,6.512,0.000,-1,14,-14
71.247,2.653,0.392,6.518,0.000,0,14,-14
71.298,2.657,0.414,6.538,0.000,0,14,-15
71.349,2.657,0.414,6.545,0.000,0,14,-14
71.400,2.658,0.435,6.545,0.000,1,15,-14
71.451,2.664,0.458,6.543,0.000,0,14,-14
71.502,2.665,0.481,6.549,0.000,0,14,-15
71.553,2.665,0.481,6.566,0.000,0,14,-14
71.604,2.667,0.503,6.572,0.000,0,14,-14
71.655,2.668,0.526,6.572,0.000,0,15,-14
71.706,2.669,0.548,6.570,0.000,0,14,-14
71.757,2.669,0.548,6.585,0.000,0,14,-15
71.808,2.670,0.569,6.595,0.000,0,14,-14
71.859,2.669,0.591,6.595,0.000,0,14,-14
71.910,2.669,0.591,6.602,0.000,0,15,-14
71.961,2.671,0.612,6.602,0.000,0,14,-14
72.012,2.668,0.632,6.626,0.000,0,14,-14
72.063,2.669,0.653,6.637,0.000,0,14,-14
72.114,2.669,0.653,6.637,0.000,0,14,-14
72.165,2.671,0.675,6.653,0.000,0,14,-14
72.216,2.672,0.696,6.665,0.000,0,15,-14
72.267,2.672,0.696,6.671,0.000,0,14,-14
72.318,2.679,0.717,6.671,0.000,0,14,-14
72.369,2.681,0.739,6.687,0.000,0,14,-14
72.420,2.682,0.760,6.704,0.000,0,14,-15
72.471,2.682,0.760,6.724,0.000,0,14,-14
72.522,2.686,0.780,6.738,0.000,0,14,-14
72.573,2.686,0.803,6.738,0.000,0,14,-14
72.624,2.686,0.803,6.766,0.000,0,14,-14
72.675,2.687,0.822,6.788,0.000,0,15,-14
72.727,2.687,0.843,6.817,0.000,-1,14,-15
72.830,2.686,0.865,6.843,0.000,-1,14,-14
72.881,2.686,0.887,6.883,0.000,-5,13,-16
72.933,2.688,0.908,6.949,0.000,-6,12,-15
72.985,2.689,0.929,7.027,0.000,-6,11,-16
73.037,2.689,0.929,7.027,0.000,-10,8,-15
73.088,2.688,0.950,7.027,0.000,-9,6,-16
73.191,2.685,0.970,7.309,0.000,-10,5,-15
73.242,2.685,0.992,7.416,0.000,-10,6,-15
73.293,2.683,1.014,7.416,0.000,-9,5,-16
73.344,2.680,1.036,7.511,0.000,-9,6,-15
73.395,2.680,1.036,7.616,0.000,-9,5,-16
73.446,2.675,1.057,7.703,0.000,-9,6,-15
73.498,2.666,1.078,7.799,0.000,-8,8,-16
73.550,2.666,1.078,7.799,0.000,1,12,-14
73.601,2.657,1.096,7.862,0.000,2,13,-14
73.652,2.648,1.112,7.899,0.000,0,14,-15
73.703,2.638,1.130,7.944,0.000,-1,13,-15
73.754,2.638,1.130,7.944,0.000,-1,14,-15
73.805,2.628,1.147,8.012,0.000,1,14,-14
73.856,2.616,1.164,8.069,0.000,1,13,-14
73.907,2.603,1.183,8.123,0.000,0,14,-15
73.958,2.603,1.183,8.189,0.000,0,14,-14
74.009,2.592,1.201,8.189,0.000,-1,13,-14
74.060,2.580,1.219,8.251,0.000,0,14,-14
74.111,2.580,1.219,8.322,0.000,0,14,-15
74.162,2.568,1.237,8.373,0.000,0,14,-14
74.213,2.557,1.256,8.432,0.000,0,14,-14
74.264,2.557,1.256,8.432,0.000,0,14,-15
74.315,2.545,1.274,8.479,0.000,0,14,-14
74.366,2.534,1.292,8.517,0.000,0,14,-15
74.417,2.521,1.310,8.540,0.000,0,15,-15
74.468,2.521,1.310,8.540,0.000,0,14,-14
74.519,2.509,1.327,8.543,0.000,0,14,-15
74.570,2.497,1.344,8.531,0.000,0,14,-14
74.621,2.486,1.362,8.490,0.000,0,14,-15
74.672,2.486,1.362,8.450,0.000,1,14,-14
74.723,2.475,1.381,8.450,0.000,0,15,-15
74.774,2.462,1.399,8.364,0.000,0,14,-15
74.825,2.450,1.417,8.246,0.000,0,14,-14
74.876,2.450,1.417,8.128,0.000,0,15,-15
74.927,2.438,1.436,8.128,0.000,0,14,-14
74.978,2.425,1.453,7.997,0.000,0,14,-15
75.080,2.410,1.470,7.744,0.000,0,15,-15
75.132,2.397,1.487,7.627,0.000,-5,13,-15
75.184,2.385,1.505,7.627,0.000,-9,7,-16
75.236,2.385,1.505,7.579,0.000,-10,4,-16
75.287,2.372,1.523,7.590,0.000,-11,5,-15
75.339,2.359,1.544,7.562,0.000,-4,10,-16
75.390,2.359,1.544,7.499,0.000,1,12,-14
75.441,2.338,1.567,7.499,0.000,3,14,-14
75.492,2.322,1.576,7.436,0.000,1,14,-15
75.543,2.315,1.594,7.386,0.000,0,14,-15
75.594,2.315,1.594,7.358,0.000,0,14,-14
75.645,2.311,1.612,7.358,0.000,0,15,-15
75.696,2.312,1.626,7.341,0.000,0,14,-14
75.747,2.306,1.653,7.305,0.000,0,14,-15
75.798,2.306,1.653,7.308,0.000,0,14,-14
75.849,2.291,1.670,7.293,0.000,-1,14,-15
75.901,2.272,1.685,7.293,0.000,-4,13,-15
75.953,2.272,1.685,7.319,0.000,-7,11,-16
76.004,2.253,1.697,7.331,0.000,-7,11,-15
76.056,2.230,1.705,7.341,0.000,0,12,-15
76.107,2.208,1.713,7.362,0.000,0,14,-14
76.158,2.208,1.713,7.362,0.000,-2,14,-15
76.209,2.187,1.720,7.369,0.000,0,13,-14
76.260,2.166,1.729,7.351,0.000,0,14,-14
76.311,2.166,1.729,7.357,0.000,1,14,-14
76.362,2.150,1.742,7.357,0.000,0,14,-15
76.413,2.134,1.755,7.351,0.000,0,14,-14
76.464,2.119,1.769,7.364,0.000,0,14,-15
76.515,2.119,1.769,7.367,0.000,0,14,-14
76.566,2.104,1.783,7.373,0.000,0,14,-14
76.617,2.087,1.796,7.373,0.000,0,14,-15
76.668,2.070,1.809,7.366,0.000,0,14,-14
76.719,2.070,1.809,7.380,0.000,0,14,-14
76.770,2.051,1.821,7.393,0.000,0,13,-14
76.821,2.033,1.833,7.393,0.000,0,14,-14
76.872,2.033,1.833,7.383,0.000,-1,14,-14
76.923,2.016,1.845,7.392,0.000,0,14,-15
76.974,1.998,1.856,7.412,0.000,0,14,-14
77.025,1.982,1.869,7.400,0.000,0,14,-14
77.076,1.982,1.869,7.400,0.000,0,14,-14
77.127,1.965,1.882,7.415,0.000,0,14,-14
77.178,1.948,1.895,7.423,0.000,0,14,-15
77.229,1.948,1.895,7.439,0.000,0,14,-14
77.280,1.931,1.909,7.439,0.000,0,14,-14
77.331,1.914,1.922,7.422,0.000,0,14,-14
77.382,1.896,1.934,7.429,0.000,0,14,-14
77.433,1.896,1.934,7.418,0.000,0,14,-14
77.484,1.877,1.946,7.424,0.000,0,14,-14
77.535,1.859,1.959,7.424,0.000,0,14,-14
77.586,1.840,1.970,7.437,0.000,0,14,-15
77.637,1.840,1.970,7.429,0.000,0,14,-14
77.688,1.823,1.983,7.417,0.000,0,14,-14
77.739,1.806,1.994,7.419,0.000,0,15,-14
77.790,1.806,1.994,7.412,0.000,0,14,-14
77.841,1.789,2.006,7.418,0.000,0,14,-15
77.892,1.772,2.019,7.439,0.000,0,14,-14
77.943,1.754,2.031,7.405,0.000,0,14,-14
77.994,1.754,2.031,7.405,0.000,0,14,-14
78.045,1.735,2.045,7.413,0.000,0,14,-14
78.096,1.718,2.058,7.427,0.000,0,14,-14
78.147,1.700,2.070,7.416,0.000,0,14,-15
78.198,1.700,2.070,7.426,0.000,0,14,-14
78.249,1.683,2.082,7.426,0.000,0,14,-14
78.300,1.665,2.093,7.386,0.000,0,14,-14
78.351,1.665,2.093,7.416,0.000,0,14,-14
78.402,1.648,2.105,7.399,0.000,0,14,-14
78.453,1.630,2.116,7.399,0.000,0,14,-14
78.504,1.613,2.129,7.411,0.000,0,14,-14
78.555,1.613,2.129,7.395,0.000,0,14,-14
78.606,1.596,2.141,7.404,0.000,0,14,-15
78.657,1.576,2.151,7.416,0.000,0,14,-14
78.708,1.576,2.151,7.416,0.000,0,14,-14
78.759,1.557,2.162,7.417,0.000,0,14,-14
78.810,1.535,2.169,7.419,0.000,0,14,-14
78.861,1.518,2.182,7.408,0.000,0,15,-14
78.912,1.518,2.182,7.408,0.000,0,14,-14
78.963,1.502,2.197,7.405,0.000,0,14,-14
79.014,1.488,2.212,7.398,0.000,0,14,-14
79.065,1.488,2.212,7.432,0.000,0,14,-14
79.116,1.476,2.232,7.414,0.000,0,14,-15
79.219,1.448,2.264,7.427,0.000,0,14,-14
79.270,1.448,2.264,7.437,0.000,0,14,-14
79.321,1.431,2.279,7.443,0.000,0,14,-15
79.372,1.412,2.293,7.436,0.000,0,13,-14
79.423,1.392,2.304,7.436,0.000,0,14,-14
79.474,1.392,2.304,7.443,0.000,0,14,-14
79.525,1.372,2.315,7.455,0.000,0,14,-15
79.628,1.350,2.335,7.452,0.000,-10,1,-15
79.731,1.309,2.356,7.603,0.000,-11,9,-15
79.782,1.298,2.359,7.659,0.000,-7,10,-14
79.833,1.298,2.359,7.713,0.000,-8,9,-16
79.884,1.286,2.360,7.713,0.000,-8,10,-15
79.935,1.270,2.358,7.768,0.000,-7,9,-15
79.986,1.251,2.370,7.826,0.000,-7,8,-16
80.037,1.251,2.370,7.865,0.000,-7,8,-15
80.088,1.223,2.371,7.865,0.000,-7,9,-16
80.139,1.201,2.373,7.930,0.000,-6,8,-15
80.190,1.201,2.373,7.984,0.000,-8,7,-16
80.241,1.181,2.376,8.031,0.000,-6,8,-15
80.292,1.158,2.382,8.081,0.000,-6,8,-16
80.343,1.134,2.397,8.081,0.000,1,11,-15
80.394,1.134,2.397,8.116,0.000,11,15,-4
80.498,1.090,2.407,7.895,0.000,14,15,-2
80.549,1.090,2.407,7.815,0.000,14,15,-2
80.600,1.073,2.408,7.815,0.000,14,15,-2
80.651,1.064,2.405,7.692,0.000,14,15,-2
80.702,1.057,2.404,7.583,0.000,14,15,-1
80.753,1.057,2.404,7.480,0.000,14,15,-2
80.855,1.053,2.407,7.393,0.000,14,15,-1
80.907,1.047,2.409,7.277,0.000,-8,1,-11
80.958,1.047,2.409,7.387,0.000,-14,0,-17
81.009,1.039,2.414,7.500,0.000,-13,2,-15
81.060,1.026,2.423,7.500,0.000,-14,1,-15
81.111,1.026,2.423,7.595,0.000,-14,1,-16
81.162,1.017,2.432,7.698,0.000,-14,2,-16
81.214,1.008,2.445,7.778,0.000,-1,10,-15
81.265,0.996,2.452,7.769,0.000,0,14,-14
81.316,0.996,2.452,7.769,0.000,-3,14,-14
81.367,0.980,2.458,7.782,0.000,1,15,-15
81.418,0.963,2.459,7.771,0.000,0,15,-15
81.469,0.941,2.461,7.782,0.000,-1,14,-14
81.520,0.941,2.461,7.782,0.000,0,15,-15
81.571,0.921,2.466,7.784,0.000,0,14,-15
81.622,0.900,2.471,7.772,0.000,0,15,-14
81.673,0.900,2.471,7.771,0.000,0,14,-15
81.724,0.900,2.471,7.759,0.000,0,14,-14
81.775,0.857,2.482,7.759,0.000,0,14,-14
81.826,0.836,2.487,7.761,0.000,0,15,-15
81.877,0.836,2.487,7.744,0.000,0,14,-14
81.928,0.814,2.493,7.744,0.000,0,14,-15
81.979,0.793,2.499,7.744,0.000,1,15,-14
82.030,0.793,2.499,7.748,0.000,0,14,-15
82.081,0.772,2.505,7.734,0.000,0,15,-14
82.132,0.752,2.510,7.733,0.000,0,14,-15
82.184,0.730,2.516,7.761,0.000,-7,8,-15
82.236,0.730,2.516,7.761,0.000,-13,1,-17
82.287,0.708,2.521,7.866,0.000,-1,9,-15
82.338,0.687,2.524,7.904,0.000,1,13,-13
82.389,0.667,2.528,7.880,0.000,-1,15,-14
82.440,0.667,2.528,7.880,0.000,2,14,-15
82.491,0.647,2.531,7.880,0.000,1,15,-14
82.542,0.628,2.531,7.876,0.000,-1,14,-15
82.593,0.628,2.531,7.883,0.000,0,15,-15
82.644,0.606,2.534,7.874,0.000,0,14,-14
82.695,0.578,2.528,7.874,0.000,0,15,-15
82.746,0.555,2.530,7.884,0.000,0,14,-14
82.798,0.555,2.530,7.900,0.000,-8,3,-16
82.849,0.532,2.534,8.015,0.000,-14,0,-16
82.900,0.512,2.539,8.103,0.000,-13,2,-16
82.951,0.512,2.539,8.103,0.000,-1,9,-14
83.002,0.496,2.553,8.139,0.000,0,14,-14
83.053,0.476,2.556,8.155,0.000,-1,15,-14
83.104,0.456,2.559,8.140,0.000,2,14,-14
83.155,0.456,2.559,8.140,0.000,1,14,-15
83.206,0.435,2.561,8.160,0.000,0,15,-14
83.257,0.413,2.561,8.163,0.000,-2,14,-15
83.308,0.413,2.561,8.178,0.000,0,14,-14
83.359,0.392,2.562,8.167,0.000,0,14,-14
83.410,0.369,2.561,8.167,0.000,2,15,-14
83.461,0.348,2.557,8.196,0.000,1,14,-14
83.512,0.348,2.557,8.205,0.000,-1,14,-14
83.563,0.331,2.551,8.201,0.000,-1,15,-15
83.614,0.310,2.548,8.201,0.000,0,14,-14
83.665,0.310,2.548,8.228,0.000,1,14,-14
83.716,0.290,2.545,8.235,0.000,0,15,-15
83.767,0.269,2.540,8.257,0.000,0,14,-14
83.818,0.245,2.539,8.274,0.000,0,14,-14
83.869,0.245,2.539,8.274,0.000,0,15,-14
83.920,0.224,2.536,8.281,0.000,0,14,-15
83.971,0.203,2.532,8.322,0.000,0,14,-14
84.022,0.181,2.529,8.335,0.000,0,15,-14
84.073,0.181,2.529,8.335,0.000,-1,14,-14
84.124,0.160,2.525,8.371,0.000,0,14,-14
84.175,0.138,2.521,8.382,0.000,0,14,-15
84.226,0.138,2.521,8.407,0.000,0,14,-14
84.277,0.117,2.514,8.413,0.000,0,15,-14
84.328,0.097,2.507,8.413,0.000,0,14,-14
84.379,0.076,2.499,8.440,0.000,0,14,-14
84.430,0.076,2.499,8.481,0.000,0,14,-14
84.481,0.057,2.487,8.496,0.000,0,14,-14
84.533,0.035,2.484,8.546,0.000,-6,11,-15
84.585,0.035,2.484,8.546,0.000,-11,4,-17
84.636,0.014,2.481,8.636,0.000,-12,4,-15
84.687,0.014,2.481,8.724,0.000,0,10,-14
84.738,-0.012,2.475,8.736,0.000,2,13,-14
84.789,-0.012,2.475,8.736,0.000,-2,14,-14
84.840,-0.038,2.475,8.767,0.000,-1,14,-15
84.891,-0.064,2.467,8.784,0.000,2,14,-14
84.993,-0.089,2.458,8.789,0.000,0,14,-14
85.044,-0.109,2.452,8.789,0.000,-8,1,-15
85.095,-0.128,2.443,8.864,0.000,-13,2,-17
85.147,-0.128,2.443,8.959,0.000,-1,11,-14
85.198,-0.148,2.436,8.983,0.000,1,13,-13
85.249,-0.166,2.429,8.993,0.000,-1,14,-15
85.300,-0.184,2.421,8.995,0.000,1,15,-14
85.352,-0.184,2.421,9.002,0.000,-9,2,-15
85.403,-0.201,2.413,9.084,0.000,-13,0,-17
85.455,-0.217,2.404,9.185,0.000,-14,2,-15
85.506,-0.234,2.392,9.185,0.000,-1,10,-15
85.557,-0.234,2.392,9.221,0.000,1,14,-13
85.608,-0.251,2.380,9.230,0.000,-1,14,-14
85.659,-0.266,2.367,9.235,0.000,2,15,-15
85.710,-0.266,2.367,9.240,0.000,1,14,-14
85.761,-0.280,2.354,9.240,0.000,-1,15,-14
85.812,-0.295,2.341,9.237,0.000,0,14,-15
85.863,-0.311,2.328,9.226,0.000,0,14,-15
85.914,-0.311,2.328,9.253,0.000,0,15,-14
86.016,-0.345,2.305,9.231,0.000,-8,4,-16
86.067,-0.345,2.305,9.308,0.000,-13,3,-16
86.118,-0.362,2.292,9.380,0.000,-13,1,-16
86.169,-0.378,2.280,9.453,0.000,-1,9,-14
86.220,-0.397,2.271,9.453,0.000,1,13,-13
86.271,-0.397,2.271,9.436,0.000,-1,14,-14
86.373,-0.431,2.250,9.428,0.000,0,14,-14
86.425,-0.431,2.250,9.481,0.000,-10,3,-16
86.476,-0.448,2.239,9.481,0.000,-14,1,-16
86.527,-0.460,2.221,9.579,0.000,-1,10,-15
86.578,-0.468,2.203,9.602,0.000,-1,13,-13
86.629,-0.468,2.203,9.586,0.000,-1,14,-14
86.680,-0.474,2.183,9.586,0.000,0,15,-15
86.731,-0.479,2.163,9.592,0.000,3,14,-14
86.782,-0.483,2.141,9.586,0.000,1,15,-14
86.833,-0.483,2.141,9.593,0.000,-1,14,-15
86.884,-0.491,2.122,9.588,0.000,-1,15,-14
86.935,-0.499,2.103,9.588,0.000,0,14,-15
86.986,-0.499,2.103,9.586,0.000,1,14,-14
87.037,-0.508,2.082,9.585,0.000,0,15,-14
87.088,-0.508,2.082,9.582,0.000,0,14,-15
87.139,-0.521,2.059,9.582,0.000,-1,15,-14
87.190,-0.521,2.059,9.575,0.000,0,14,-14
87.241,-0.533,2.034,9.579,0.000,0,14,-15
87.292,-0.544,2.008,9.579,0.000,0,15,-14
87.343,-0.544,2.008,9.566,0.000,0,14,-14
87.394,-0.556,1.983,9.566,0.000,0,14,-15
87.445,-0.566,1.965,9.582,0.000,0,15,-14
87.496,-0.576,1.946,9.565,0.000,0,14,-14
87.547,-0.576,1.946,9.565,0.000,0,14,-15
87.598,-0.586,1.927,9.565,0.000,0,15,-14
87.649,-0.596,1.908,9.551,0.000,0,14,-14
87.700,-0.604,1.887,9.568,0.000,1,14,-14
87.751,-0.604,1.887,9.542,0.000,0,14,-15
87.802,-0.604,1.887,9.555,0.000,0,15,-14
87.853,-0.623,1.848,9.555,0.000,0,14,-14
87.904,-0.623,1.848,9.535,0.000,0,14,-14
87.955,-0.631,1.829,9.539,0.000,0,15,-14
88.006,-0.641,1.812,9.552,0.000,0,14,-15
88.057,-0.650,1.793,9.539,0.000,0,14,-14
88.160,-0.659,1.773,9.579,0.000,-4,8,-16
88.211,-0.659,1.773,9.591,0.000,1,12,-14
88.262,-0.659,1.773,9.591,0.000,-3,12,-15
88.313,-0.659,1.773,9.591,0.000,-3,12,-15
88.364,-0.673,1.746,9.619,0.000,-3,13,-15
88.415,-0.687,1.716,9.636,0.000,-3,12,-16
88.466,-0.687,1.716,9.644,0.000,-2,12,-15
88.517,-0.606,1.812,9.656,0.000,-3,12,-15
88.568,-0.617,1.784,9.656,0.000,-3,12,-16
88.619,-0.622,1.765,9.680,0.000,-3,12,-15
88.670,-0.622,1.765,9.716,0.000,-3,11,-16
88.721,-0.627,1.745,9.727,0.000,-3,12,-16
88.772,-0.724,1.598,9.727,0.000,-3,12,-15
88.823,-0.724,1.598,9.746,0.000,-4,11,-16
88.874,-0.727,1.577,9.757,0.000,-3,11,-15
88.925,-0.729,1.552,9.789,0.000,-3,12,-16
88.976,-0.731,1.526,9.809,0.000,-2,11,-15
89.027,-0.731,1.526,9.809,0.000,-3,12,-16
89.078,-0.732,1.503,9.832,0.000,-3,11,-16
89.129,-0.737,1.482,9.848,0.000,-1,12,-15
89.181,-0.737,1.482,9.834,0.000,11,15,-6
89.232,-0.748,1.452,9.810,0.000,14,16,-1
89.283,-0.756,1.432,9.735,0.000,14,15,-2
89.334,-0.762,1.414,9.633,0.000,2,14,-10
89.385,-0.762,1.414,9.623,0.000,-2,12,-15
89.436,-0.764,1.403,9.623,0.000,4,14,-15
89.487,-0.760,1.405,9.623,0.000,0,14,-14
89.538,-0.760,1.405,9.614,0.000,1,13,-15
89.589,-0.764,1.397,9.602,0.000,1,14,-15
89.640,-0.771,1.385,9.605,0.000,0,14,-15
89.691,-0.771,1.385,9.612,0.000,0,14,-15
89.742,-0.771,1.385,9.612,0.000,-1,14,-15
89.793,-0.785,1.354,9.620,0.000,0,14,-15
89.844,-0.798,1.325,9.612,0.000,0,14,-14
89.895,-0.808,1.299,9.619,0.000,0,14,-15
89.946,-0.808,1.299,9.619,0.000,0,14,-15
90.048,-0.821,1.253,9.613,0.000,0,14,-15
90.099,-0.821,1.253,9.622,0.000,0,14,-14
90.150,-0.826,1.233,9.614,0.000,1,14,-15
90.201,-0.830,1.212,9.614,0.000,0,14,-14
90.252,-0.836,1.191,9.615,0.000,0,14,-15
90.303,-0.836,1.191,9.622,0.000,0,15,-14
90.354,-0.842,1.170,9.625,0.000,0,14,-15
90.405,-0.848,1.149,9.625,0.000,0,14,-14
90.456,-0.848,1.149,9.631,0.000,0,14,-15
90.507,-0.854,1.127,9.617,0.000,0,14,-14
90.558,-0.859,1.106,9.614,0.000,0,14,-14
90.609,-0.863,1.087,9.620,0.000,0,14,-15
90.660,-0.863,1.087,9.620,0.000,0,14,-14
90.711,-0.869,1.065,9.624,0.000,8,14,-3
90.762,-0.873,1.044,9.542,0.000,14,17,1
90.813,-0.878,1.024,9.452,0.000,13,15,-5
90.864,-0.878,1.024,9.361,0.000,14,15,-3
90.916,-0.885,1.015,9.361,0.000,0,14,-9
90.967,-0.888,1.002,9.343,0.000,1,13,-14
91.018,-0.888,1.002,9.360,0.000,1,14,-14
91.069,-0.892,0.993,9.349,0.000,-2,14,-15
91.120,-0.899,0.982,9.349,0.000,-1,13,-14
91.171,-0.904,0.961,9.362,0.000,1,15,-14
91.222,-0.904,0.961,9.363,0.000,0,14,-15
91.273,-0.914,0.945,9.367,0.000,0,14,-14
91.324,-0.924,0.927,9.365,0.000,-1,15,-15
91.375,-0.924,0.927,9.365,0.000,0,14,-14
91.426,-0.933,0.908,9.349,0.000,0,14,-14
91.477,-0.942,0.888,9.370,0.000,0,15,-15
91.528,-0.953,0.870,9.365,0.000,0,14,-14
91.579,-0.953,0.870,9.365,0.000,0,14,-14
91.630,-0.962,0.852,9.361,0.000,0,14,-14
91.681,-0.971,0.833,9.367,0.000,0,15,-15
91.732,-0.981,0.816,9.365,0.000,0,14,-14
91.783,-0.981,0.816,9.369,0.000,0,14,-14
91.834,-0.989,0.800,9.369,0.000,0,14,-15
91.885,-0.998,0.785,9.373,0.000,0,15,-14
91.936,-0.998,0.785,9.370,0.000,0,13,-14
91.987,-1.007,0.769,9.373,0.000,0,15,-14
92.038,-1.015,0.753,9.373,0.000,0,14,-14
92.089,-1.025,0.736,9.398,0.000,0,13,-14
92.140,-1.025,0.736,9.386,0.000,0,14,-14
92.191,-1.033,0.716,9.401,0.000,0,15,-15
92.242,-1.043,0.695,9.399,0.000,0,14,-14
92.293,-1.043,0.695,9.399,0.000,0,14,-14
92.344,-1.054,0.678,9.391,0.000,0,14,-14
92.395,-1.065,0.658,9.380,0.000,1,14,-14
92.446,-1.076,0.639,9.388,0.000,0,14,-14
92.497,-1.076,0.639,9.396,0.000,0,14,-15
92.548,-1.087,0.620,9.406,0.000,0,14,-14
92.599,-1.097,0.599,9.419,0.000,0,14,-14
92.650,-1.106,0.580,9.401,0.000,0,15,-14
92.702,-1.106,0.580,9.405,0.000,0,14,-15
92.754,-1.118,0.561,9.405,0.000,-3,13,-15
92.806,-1.128,0.539,9.402,0.000,-6,12,-16
92.858,-1.128,0.539,9.450,0.000,-8,9,-16
92.910,-1.140,0.520,9.513,0.000,-11,2,-16
92.961,-1.150,0.497,9.633,0.000,-14,-5,-16
93.012,-1.163,0.480,9.633,0.000,-14,-1,-16
93.063,-1.163,0.480,9.719,0.000,-12,4,-15
93.114,-1.175,0.462,9.787,0.000,-13,3,-15
93.165,-1.182,0.446,9.908,0.000,-14,0,-16
93.216,-1.187,0.428,9.977,0.000,-13,-1,-15
93.267,-1.187,0.428,9.977,0.000,-14,0,-16
93.318,-1.185,0.407,10.099,0.000,-13,1,-15
93.369,-1.182,0.388,10.173,0.000,-13,1,-16
93.420,-1.182,0.388,10.247,0.000,-13,0,-15
93.471,-1.180,0.367,10.247,0.000,-13,0,-16
93.522,-1.175,0.348,10.354,0.000,-13,0,-16
93.573,-1.169,0.335,10.428,0.000,-13,0,-15
93.624,-1.169,0.335,10.498,0.000,-13,1,-16
93.675,-1.162,0.319,10.584,0.000,-13,0,-15
93.726,-1.162,0.319,10.584,0.000,-13,2,-16
93.777,-1.162,0.319,10.690,0.000,-13,1,-16
93.829,-1.162,0.319,10.759,0.000,1,10,-15
93.880,-1.147,0.302,10.791,0.000,2,14,-14
93.931,-1.132,0.288,10.791,0.000,2,15,-15
93.982,-1.132,0.288,10.770,0.000,1,14,-15
94.033,-1.114,0.266,10.774,0.000,0,15,-14
94.084,-1.092,0.249,10.775,0.000,0,14,-15
94.135,-1.074,0.234,10.770,0.000,0,15,-15
94.186,-1.074,0.234,10.770,0.000,-1,14,-15
94.237,-1.056,0.220,10.798,0.000,-1,15,-15
94.288,-1.038,0.208,10.788,0.000,0,14,-15
94.339,-1.038,0.208,10.803,0.000,1,15,-15
94.390,-1.020,0.195,10.803,0.000,-2,14,-15
94.441,-1.002,0.181,10.803,0.000,-3,13,-16
94.492,-0.984,0.172,10.819,0.000,1,14,-15
94.543,-0.984,0.172,10.822,0.000,1,14,-14
94.594,-0.965,0.165,10.814,0.000,0,14,-15
94.645,-0.947,0.154,10.814,0.000,0,14,-15
94.696,-0.947,0.154,10.829,0.000,-1,14,-14
94.747,-0.929,0.142,10.827,0.000,0,14,-15
94.799,-0.909,0.132,10.830,0.000,-9,3,-15
94.850,-0.890,0.112,10.929,0.000,-13,0,-17
94.901,-0.890,0.112,10.929,0.000,-14,2,-15
94.953,-0.890,0.112,11.006,0.000,0,9,-15
95.004,-0.866,0.099,11.017,0.000,-1,14,-14
95.055,-0.866,0.099,11.029,0.000,-1,14,-14
95.106,-0.843,0.091,11.029,0.000,2,15,-14
95.157,-0.820,0.079,11.013,0.000,1,14,-15
95.259,-0.796,0.075,11.015,0.000,-2,14,-14
95.310,-0.778,0.069,11.003,0.000,0,15,-15
95.361,-0.758,0.061,11.003,0.000,0,14,-15
95.412,-0.737,0.056,11.002,0.000,1,15,-14
95.463,-0.737,0.056,10.982,0.000,0,14,-15
95.568,-0.696,0.041,10.996,0.000,-6,12,-16
95.619,-0.696,0.041,10.996,0.000,0,12,-15
95.670,-0.674,0.036,11.009,0.000,1,15,-15
95.721,-0.653,0.030,10.993,0.000,0,14,-14
95.772,-0.633,0.026,11.002,0.000,-1,14,-15
95.824,-0.633,0.026,11.002,0.000,-10,1,-15
95.875,-0.611,0.020,11.041,0.000,-14,0,-17
95.927,-0.590,0.015,11.112,0.000,-14,2,-15
95.978,-0.570,0.008,11.184,0.000,0,9,-15
96.029,-0.570,0.008,11.179,0.000,-1,14,-14
96.080,-0.549,0.000,11.179,0.000,-1,13,-14
96.131,-0.532,-0.003,11.164,0.000,3,15,-14
96.182,-0.532,-0.003,11.163,0.000,0,14,-14
96.233,-0.515,-0.007,11.150,0.000,-2,14,-15
96.284,-0.497,-0.009,11.150,0.000,-1,15,-15
96.335,-0.478,-0.009,11.150,0.000,1,14,-14
96.386,-0.478,-0.009,11.149,0.000,0,14,-15
96.437,-0.454,-0.010,11.141,0.000,0,15,-14
96.488,-0.431,-0.010,11.132,0.000,0,14,-15
96.539,-0.431,-0.010,11.132,0.000,0,14,-14
96.590,-0.408,-0.010,11.113,0.000,-1,15,-15
96.641,-0.387,-0.010,11.112,0.000,-1,14,-14
96.692,-0.366,-0.010,11.109,0.000,0,14,-15
96.743,-0.366,-0.010,11.090,0.000,0,15,-14
96.794,-0.345,-0.010,11.090,0.000,0,14,-14
96.845,-0.323,-0.010,11.083,0.000,0,14,-14
96.896,-0.301,-0.011,11.075,0.000,0,15,-15
96.947,-0.301,-0.011,11.054,0.000,0,14,-14
96.998,-0.279,-0.011,11.054,0.000,1,15,-14
97.049,-0.257,-0.011,11.058,0.000,0,14,-14
97.100,-0.257,-0.011,11.040,0.000,0,14,-15
97.151,-0.235,-0.011,11.040,0.000,0,14,-14
97.202,-0.213,-0.010,11.036,0.000,0,14,-14
97.253,-0.193,-0.009,11.036,0.000,1,14,-15
97.304,-0.193,-0.009,11.019,0.000,0,15,-14
97.355,-0.173,-0.009,11.010,0.000,0,14,-14
97.459,-0.129,-0.009,11.016,0.000,-9,5,-15
97.511,-0.129,-0.009,11.016,0.000,-13,-2,-17
97.563,-0.107,-0.009,11.159,0.000,-14,0,-15
97.614,-0.086,-0.010,11.236,0.000,-13,3,-15
97.665,-0.086,-0.010,11.333,0.000,-13,2,-16
97.716,-0.067,-0.007,11.333,0.000,-14,1,-15
97.767,-0.049,-0.006,11.417,0.000,-13,0,-16
97.818,-0.033,0.000,11.521,0.000,-14,0,-15
97.869,-0.033,0.000,11.617,0.000,-14,0,-16
97.921,-0.017,0.009,11.688,0.000,-9,6,-15
97.972,-0.002,0.016,11.688,0.000,0,12,-14
98.023,-0.002,0.016,11.709,0.000,2,14,-14
98.074,0.012,0.026,11.718,0.000,1,14,-15
98.125,0.026,0.035,11.700,0.000,0,14,-14
98.176,0.041,0.043,11.700,0.000,0,15,-15
98.227,0.041,0.043,11.704,0.000,0,14,-15
98.278,0.056,0.055,11.705,0.000,0,14,-14
98.329,0.073,0.067,11.702,0.000,0,15,-15
98.380,0.090,0.082,11.713,0.000,-1,14,-15
98.431,0.090,0.082,11.713,0.000,0,15,-14
98.482,0.105,0.097,11.710,0.000,0,14,-15
98.533,0.120,0.112,11.725,0.000,0,14,-14
98.584,0.120,0.112,11.723,0.000,0,15,-14
98.635,0.135,0.129,11.723,0.000,0,14,-15
98.686,0.151,0.144,11.724,0.000,0,14,-14
98.737,0.167,0.159,11.712,0.000,0,14,-14
98.788,0.167,0.159,11.732,0.000,0,15,-14
98.839,0.184,0.174,11.739,0.000,0,14,-15
98.890,0.201,0.189,11.739,0.000,0,14,-14
98.941,0.201,0.189,11.729,0.000,0,14,-15
98.992,0.220,0.205,11.725,0.000,0,15,-14
99.043,0.238,0.220,11.734,0.000,0,14,-14
99.094,0.255,0.236,11.744,0.000,0,14,-14
99.145,0.255,0.236,11.744,0.000,0,15,-14
99.196,0.273,0.251,11.750,0.000,0,14,-14
99.247,0.285,0.265,11.745,0.000,0,14,-15
99.298,0.285,0.265,11.750,0.000,0,14,-14
99.349,0.298,0.280,11.750,0.000,0,14,-14
99.400,0.314,0.294,11.771,0.000,0,14,-14
99.451,0.330,0.308,11.761,0.000,0,15,-14
99.502,0.330,0.308,11.765,0.000,0,13,-15
99.553,0.349,0.324,11.765,0.000,0,15,-14
99.604,0.367,0.339,11.765,0.000,0,14,-14
99.655,0.367,0.339,11.761,0.000,0,14,-14
99.706,0.383,0.354,11.771,0.000,0,15,-14
99.757,0.398,0.369,11.790,0.000,0,14,-14
99.808,0.414,0.385,11.790,0.000,0,14,-15
99.859,0.414,0.385,11.775,0.000,0,14,-14
99.910,0.429,0.400,11.785,0.000,0,14,-14
99.961,0.445,0.415,11.784,0.000,0,14,-14
100.012,0.462,0.430,11.804,0.000,0,15,-15
100.063,0.462,0.430,11.804,0.000,0,14,-14
100.114,0.478,0.445,11.799,0.000,0,14,-14
100.165,0.495,0.459,11.789,0.000,0,14,-14
100.216,0.495,0.459,11.798,0.000,0,14,-14
100.267,0.509,0.474,11.798,0.000,0,14,-14
100.318,0.519,0.489,11.804,0.000,0,15,-14
100.369,0.529,0.502,11.794,0.000,1,14,-14
100.420,0.529,0.502,11.803,0.000,0,14,-14
100.471,0.541,0.520,11.812,0.000,0,14,-15
100.522,0.555,0.534,11.812,0.000,0,14,-14
100.573,0.555,0.534,11.818,0.000,0,14,-14
100.624,0.575,0.550,11.817,0.000,0,14,-14
100.675,0.595,0.565,11.832,0.000,0,14,-14
100.726,0.610,0.580,11.812,0.000,0,14,-14
100.777,0.610,0.580,11.812,0.000,0,14,-14
100.828,0.626,0.599,11.832,0.000,0,15,-15
100.930,0.650,0.636,11.846,0.000,0,14,-14
100.981,0.650,0.636,11.846,0.000,0,14,-14
101.032,0.666,0.651,11.822,0.000,0,14,-14
101.083,0.680,0.667,11.836,0.000,0,14,-14
101.134,0.680,0.667,11.855,0.000,0,14,-14
101.185,0.696,0.681,11.841,0.000,0,14,-14
101.236,0.712,0.695,11.841,0.000,0,14,-14
101.287,0.726,0.712,11.846,0.000,0,15,-14
101.339,0.726,0.712,11.860,0.000,0,14,-15
101.391,0.742,0.723,11.860,0.000,2,15,-13
101.443,0.761,0.736,11.831,0.000,5,15,-13
101.495,0.777,0.751,11.831,0.000,6,16,-11
101.546,0.777,0.751,11.808,0.000,7,15,-10
101.597,0.793,0.761,11.776,0.000,6,15,-10
101.648,0.807,0.773,11.743,0.000,6,15,-9
101.751,0.819,0.784,11.702,0.000,5,15,-10
101.802,0.834,0.790,11.688,0.000,4,15,-10
101.853,0.850,0.799,11.660,0.000,4,15,-11
101.904,0.850,0.799,11.634,0.000,3,15,-10
101.955,0.863,0.807,11.634,0.000,4,15,-11
102.006,0.878,0.813,11.603,0.000,2,15,-11
102.057,0.878,0.813,11.582,0.000,3,15,-10
102.108,0.892,0.824,11.571,0.000,3,16,-11
102.159,0.906,0.838,11.571,0.000,3,15,-11
102.210,0.922,0.853,11.538,0.000,4,15,-11
102.261,0.922,0.853,11.525,0.000,3,16,-10
102.312,0.938,0.870,11.493,0.000,3,15,-11
102.363,0.960,0.876,11.475,0.000,4,15,-10
102.414,0.960,0.876,11.475,0.000,3,16,-11
102.465,0.983,0.880,11.447,0.000,4,15,-11
102.516,1.000,0.884,11.434,0.000,4,15,-11
102.567,1.017,0.889,11.405,0.000,4,16,-10
102.618,1.017,0.889,11.405,0.000,4,15,-11
102.669,1.028,0.900,11.381,0.000,2,16,-11
102.720,1.028,0.900,11.351,0.000,3,15,-10
102.771,1.046,0.909,11.333,0.000,4,16,-11
102.822,1.046,0.909,11.301,0.000,3,15,-11
102.873,1.066,0.919,11.301,0.000,3,16,-11
102.924,1.088,0.926,11.286,0.000,4,15,-10
102.975,1.088,0.926,11.242,0.000,3,16,-11
103.026,1.115,0.926,11.218,0.000,4,15,-11
103.077,1.137,0.925,11.191,0.000,3,16,-10
103.129,1.161,0.920,11.191,0.000,4,16,-11
103.180,1.161,0.920,11.163,0.000,3,15,-11
103.231,1.185,0.918,11.137,0.000,4,16,-11
103.282,1.204,0.919,11.116,0.000,3,16,-11
103.333,1.204,0.919,11.116,0.000,3,15,-11
103.384,1.234,0.910,11.096,0.000,3,16,-10
103.435,1.258,0.908,11.052,0.000,3,15,-11
103.486,1.280,0.904,11.037,0.000,4,16,-11
103.537,1.280,0.904,11.015,0.000,3,16,-10
103.588,1.299,0.902,11.015,0.000,3,16,-11
103.639,1.307,0.911,10.972,0.000,4,15,-11
103.690,1.321,0.912,10.947,0.000,4,16,-11
103.741,1.321,0.912,10.930,0.000,4,16,-10
103.792,1.334,0.912,10.930,0.000,3,15,-11
103.843,1.349,0.908,10.920,0.000,3,16,-11
103.894,1.349,0.908,10.890,0.000,3,16,-11
103.945,1.366,0.904,10.863,0.000,3,16,-10
103.996,1.379,0.900,10.856,0.000,4,15,-11
104.047,1.396,0.896,10.856,0.000,3,16,-11
104.098,1.396,0.896,10.842,0.000,3,16,-10
104.149,1.413,0.891,10.814,0.000,4,15,-11
104.200,1.430,0.887,10.801,0.000,3,16,-11
104.251,1.430,0.887,10.801,0.000,4,16,-10
104.302,1.470,0.862,10.801,0.000,4,15,-11
104.353,1.487,0.856,10.772,0.000,3,16,-10
104.404,1.503,0.850,10.754,0.000,3,16,-11
104.455,1.503,0.850,10.769,0.000,3,16,-11
104.506,1.519,0.842,10.769,0.000,3,16,-10
104.557,1.514,0.854,10.750,0.000,3,15,-11
104.608,1.529,0.845,10.730,0.000,3,16,-11
104.659,1.529,0.845,10.725,0.000,4,16,-11
104.710,1.546,0.837,10.717,0.000,4,16,-10
104.761,1.562,0.828,10.717,0.000,3,16,-11
104.812,1.562,0.828,10.705,0.000,4,16,-11
104.863,1.579,0.819,10.683,0.000,3,15,-10
104.914,1.595,0.808,10.657,0.000,4,16,-11
104.965,1.609,0.797,10.657,0.000,4,16,-10
105.016,1.609,0.797,10.647,0.000,3,16,-11
105.067,1.614,0.786,10.634,0.000,3,16,-11
105.118,1.626,0.774,10.606,0.000,3,16,-10
105.169,1.641,0.764,10.579,0.000,3,16,-11
105.220,1.641,0.764,10.579,0.000,3,15,-11
105.271,1.656,0.753,10.565,0.000,4,16,-10
105.322,1.678,0.741,10.536,0.000,3,16,-11
105.373,1.678,0.741,10.521,0.000,3,16,-11
105.424,1.694,0.728,10.521,0.000,4,16,-11
105.475,1.707,0.713,10.493,0.000,4,16,-11
105.526,1.717,0.700,10.450,0.000,4,16,-10
105.577,1.717,0.700,10.430,0.000,3,16,-11
105.628,1.729,0.686,10.398,0.000,2,16,-11
105.679,1.741,0.672,10.398,0.000,3,16,-10
105.730,1.741,0.672,10.371,0.000,3,16,-11
105.781,1.753,0.657,10.326,0.000,4,16,-11
105.832,1.765,0.641,10.302,0.000,3,16,-11
105.883,1.777,0.624,10.302,0.000,3,16,-11
105.935,1.777,0.624,10.259,0.000,3,16,-11
105.986,1.785,0.606,10.215,0.000,3,16,-10
106.037,1.787,0.588,10.174,0.000,4,16,-11
106.088,1.787,0.588,10.134,0.000,3,16,-11
106.139,1.799,0.570,10.134,0.000,4,16,-11
106.190,1.802,0.553,10.098,0.000,4,16,-11
106.241,1.812,0.535,10.062,0.000,3,16,-11
106.292,1.812,0.535,10.022,0.000,2,16,-10
106.343,1.826,0.518,9.978,0.000,3,16,-11
106.394,1.826,0.500,9.978,0.000,3,16,-11
106.445,1.834,0.482,9.944,0.000,3,16,-11
106.496,1.834,0.482,9.895,0.000,3,16,-10
106.547,1.837,0.463,9.847,0.000,4,16,-11
106.598,1.840,0.444,9.847,0.000,3,16,-11
106.649,1.840,0.444,9.813,0.000,4,16,-10
106.700,1.843,0.424,9.778,0.000,3,16,-11
106.751,1.846,0.406,9.725,0.000,4,16,-11
106.802,1.847,0.388,9.681,0.000,4,16,-11
106.853,1.847,0.388,9.681,0.000,2,16,-11
106.904,1.853,0.368,9.663,0.000,3,16,-11
106.955,1.854,0.350,9.638,0.000,3,16,-11
107.006,1.854,0.350,9.601,0.000,4,16,-11
107.057,1.848,0.330,9.601,0.000,3,16,-10
107.108,1.841,0.309,9.558,0.000,3,16,-11
107.159,1.837,0.290,9.518,0.000,4,17,-10
107.210,1.837,0.290,9.476,0.000,3,16,-11
107.261,1.837,0.268,9.451,0.000,4,16,-10
107.312,1.843,0.249,9.451,0.000,4,16,-11
107.363,1.843,0.249,9.442,0.000,3,16,-11
107.414,1.847,0.231,9.396,0.000,4,16,-11
107.465,1.845,0.212,9.388,0.000,3,16,-11
107.516,1.840,0.195,9.388,0.000,3,16,-10
107.567,1.840,0.195,9.355,0.000,3,16,-11
107.618,1.833,0.180,9.322,0.000,3,16,-11
107.669,1.831,0.161,9.293,0.000,4,16,-10
107.720,1.828,0.142,9.270,0.000,3,16,-11
107.771,1.828,0.142,9.270,0.000,3,16,-10
107.822,1.826,0.124,9.252,0.000,3,16,-11
107.873,1.821,0.103,9.229,0.000,4,16,-10
107.924,1.821,0.103,9.192,0.000,4,17,-11
107.975,1.812,0.086,9.177,0.000,4,15,-11
108.026,1.801,0.068,9.177,0.000,3,17,-11
108.077,1.793,0.051,9.155,0.000,3,16,-10
108.128,1.793,0.051,9.133,0.000,3,16,-11
108.179,1.790,0.033,9.119,0.000,4,16,-11
108.230,1.784,0.017,9.119,0.000,3,16,-10
108.281,1.784,0.017,9.079,0.000,4,16,-11
108.332,1.779,0.002,9.057,0.000,3,16,-10
108.383,1.769,-0.013,9.041,0.000,3,16,-11
108.434,1.759,-0.027,9.009,0.000,4,16,-10
108.485,1.759,-0.027,9.009,0.000,3,17,-11
108.536,1.750,-0.042,8.983,0.000,4,16,-11
108.587,1.740,-0.058,8.959,0.000,4,16,-10
108.638,1.730,-0.072,8.943,0.000,2,16,-11
108.689,1.730,-0.072,8.943,0.000,4,16,-11
108.740,1.716,-0.085,8.924,0.000,3,16,-10
108.791,1.702,-0.098,8.901,0.000,3,16,-11
108.842,1.702,-0.098,8.861,0.000,3,16,-10
108.893,1.687,-0.111,8.828,0.000,3,16,-11
108.944,1.673,-0.124,8.828,0.000,4,16,-11
108.995,1.660,-0.139,8.815,0.000,3,17,-10
109.047,1.660,-0.139,8.787,0.000,4,16,-11
109.098,1.646,-0.151,8.764,0.000,3,16,-11
109.149,1.633,-0.162,8.754,0.000,4,16,-11
109.200,1.633,-0.162,8.755,0.000,3,16,-11
109.251,1.619,-0.172,8.731,0.000,3,16,-11
109.303,1.605,-0.180,8.691,0.000,3,17,-11
109.355,1.592,-0.189,8.667,0.000,3,16,-11
109.406,1.592,-0.189,8.667,0.000,4,16,-11
109.458,1.577,-0.199,8.643,0.000,-1,17,-12
109.509,1.577,-0.199,8.637,0.000,-1,15,-13
109.560,1.577,-0.199,8.643,0.000,1,16,-13
109.611,1.577,-0.199,8.653,0.000,0,16,-13
109.662,1.577,-0.199,8.653,0.000,-1,16,-14
109.713,1.548,-0.216,8.643,0.000,0,15,-13
109.764,1.548,-0.216,8.624,0.000,-1,16,-14
109.815,1.518,-0.233,8.623,0.000,0,16,-14
109.866,1.489,-0.251,8.623,0.000,0,16,-14
109.917,1.456,-0.268,8.637,0.000,0,15,-13
109.968,1.456,-0.268,8.643,0.000,0,16,-14
110.019,1.439,-0.277,8.613,0.000,8,16,-5
110.071,1.415,-0.291,8.527,0.000,12,17,1
110.122,1.394,-0.300,8.527,0.000,14,16,1
110.173,1.394,-0.300,8.401,0.000,0,15,-9
110.224,1.380,-0.307,8.394,0.000,-2,15,-14
110.275,1.365,-0.311,8.367,0.000,5,16,-14
110.326,1.365,-0.311,8.367,0.000,1,15,-14
110.377,1.352,-0.309,8.367,0.000,-3,15,-15
110.428,1.335,-0.311,8.377,0.000,0,16,-15
110.479,1.316,-0.313,8.384,0.000,0,16,-14
110.530,1.316,-0.313,8.374,0.000,-1,15,-14
110.581,1.292,-0.316,8.374,0.000,0,16,-15
110.632,1.271,-0.321,8.391,0.000,0,16,-14
110.683,1.271,-0.321,8.393,0.000,0,15,-14
110.734,1.250,-0.324,8.392,0.000,0,16,-15
110.785,1.225,-0.329,8.382,0.000,0,15,-14
110.836,1.202,-0.334,8.382,0.000,0,16,-14
110.887,1.202,-0.334,8.383,0.000,0,15,-14
110.938,1.177,-0.341,8.369,0.000,1,16,-14
110.989,1.152,-0.347,8.377,0.000,0,15,-15
111.040,1.130,-0.351,8.377,0.000,6,16,-9
111.091,1.130,-0.351,8.328,0.000,11,16,-1
111.142,1.108,-0.354,8.243,0.000,14,17,-1
111.193,1.089,-0.352,8.123,0.000,1,14,-9
111.244,1.089,-0.352,8.111,0.000,1,14,-14
111.295,1.075,-0.351,8.111,0.000,1,15,-14
111.346,1.062,-0.348,8.113,0.000,-3,15,-14
111.397,1.049,-0.345,8.126,0.000,1,15,-15
111.448,1.049,-0.345,8.126,0.000,0,16,-14
111.499,1.031,-0.345,8.126,0.000,0,15,-15
111.550,1.009,-0.342,8.097,0.000,-1,15,-14
111.601,1.009,-0.342,8.088,0.000,0,15,-14
111.652,0.987,-0.341,8.085,0.000,0,16,-15
111.703,0.964,-0.339,8.064,0.000,0,15,-14
111.754,0.942,-0.337,8.064,0.000,0,15,-14
111.805,0.942,-0.337,8.048,0.000,0,15,-14
111.856,0.920,-0.336,8.042,0.000,0,15,-14
111.907,0.898,-0.333,8.026,0.000,0,15,-15
111.958,0.898,-0.333,8.003,0.000,0,15,-14
112.009,0.875,-0.332,8.003,0.000,0,15,-14
112.060,0.854,-0.330,7.980,0.000,0,15,-14
112.111,0.831,-0.328,7.954,0.000,0,15,-15
112.162,0.831,-0.328,7.928,0.000,0,15,-14
112.213,0.810,-0.326,7.928,0.000,0,15,-14
112.265,0.788,-0.323,7.920,0.000,10,15,-3
112.316,0.788,-0.323,7.814,0.000,14,17,0
112.367,0.766,-0.321,7.711,0.000,0,15,-9
112.418,0.748,-0.319,7.693,0.000,0,13,-14
112.469,0.737,-0.317,7.693,0.000,2,15,-14
112.520,0.737,-0.317,7.683,0.000,-1,14,-14
112.571,0.724,-0.314,7.658,0.000,1,15,-15
112.622,0.707,-0.305,7.658,0.000,0,15,-15
112.673,0.689,-0.299,7.658,0.000,0,15,-14
112.724,0.689,-0.299,7.630,0.000,0,15,-15
112.775,0.666,-0.291,7.607,0.000,1,15,-14
112.827,0.645,-0.285,7.574,0.000,8,16,-11
112.879,0.645,-0.285,7.512,0.000,9,16,-8
112.930,0.629,-0.282,7.512,0.000,1,14,-12
112.981,0.609,-0.274,7.465,0.000,-2,14,-14
113.032,0.588,-0.265,7.482,0.000,0,15,-14
113.083,0.588,-0.265,7.471,0.000,1,15,-14
113.134,0.567,-0.257,7.439,0.000,0,15,-14
113.185,0.545,-0.250,7.439,0.000,8,15,-3
113.236,0.527,-0.242,7.370,0.000,1,16,-8
113.287,0.527,-0.242,7.358,0.000,-2,14,-13
113.338,0.507,-0.239,7.351,0.000,3,14,-14
113.389,0.491,-0.232,7.351,0.000,2,15,-14
113.440,0.491,-0.232,7.331,0.000,0,14,-14
113.491,0.475,-0.225,7.319,0.000,-1,15,-15
113.542,0.459,-0.219,7.336,0.000,0,14,-14
113.593,0.459,-0.219,7.329,0.000,0,15,-14
113.644,0.459,-0.219,7.329,0.000,0,14,-14
113.695,0.459,-0.219,7.330,0.000,0,15,-14
113.746,0.433,-0.203,7.326,0.000,0,14,-15
113.797,0.433,-0.203,7.317,0.000,0,15,-14
113.848,0.405,-0.190,7.317,0.000,0,15,-14
113.900,0.377,-0.176,7.298,0.000,10,15,-3
113.951,0.348,-0.162,7.237,0.000,13,16,0
114.003,0.348,-0.162,7.161,0.000,2,15,-10
114.054,0.333,-0.153,7.156,0.000,1,13,-14
114.105,0.318,-0.144,7.156,0.000,1,15,-14
114.156,0.307,-0.137,7.150,0.000,-2,14,-14
114.207,0.307,-0.137,7.155,0.000,0,14,-15
114.258,0.297,-0.130,7.172,0.000,1,15,-14
114.309,0.282,-0.120,7.155,0.000,1,14,-14
114.360,0.282,-0.120,7.155,0.000,0,15,-15
114.411,0.268,-0.109,7.160,0.000,0,14,-14
114.462,0.253,-0.095,7.166,0.000,0,15,-15
114.513,0.238,-0.079,7.171,0.000,0,14,-14
114.564,0.238,-0.079,7.171,0.000,-1,15,-15
114.615,0.222,-0.065,7.204,0.000,0,14,-14
114.666,0.205,-0.051,7.193,0.000,0,15,-14
114.717,0.205,-0.051,7.210,0.000,0,14,-15
114.768,0.188,-0.038,7.193,0.000,0,14,-14
114.819,0.170,-0.025,7.193,0.000,0,15,-14
114.870,0.152,-0.012,7.227,0.000,0,14,-14
114.972,0.133,0.000,7.241,0.000,0,14,-14
115.023,0.114,0.013,7.241,0.000,0,15,-14
115.074,0.095,0.025,7.276,0.000,0,14,-14
115.125,0.095,0.025,7.270,0.000,0,14,-15
115.176,0.076,0.039,7.289,0.000,0,14,-14
115.227,0.059,0.052,7.279,0.000,0,14,-14
115.278,0.059,0.052,7.279,0.000,0,15,-14
115.329,0.041,0.065,7.316,0.000,0,14,-15
115.380,0.024,0.079,7.330,0.000,0,14,-14
115.431,0.009,0.091,7.338,0.000,0,14,-14
115.482,0.009,0.091,7.338,0.000,6,15,-9
115.533,-0.009,0.105,7.338,0.000,12,16,-2
115.584,-0.026,0.116,7.245,0.000,14,16,0
115.635,-0.026,0.116,7.127,0.000,1,14,-9
115.686,-0.040,0.125,7.139,0.000,0,13,-13
115.737,-0.049,0.132,7.139,0.000,2,13,-13
115.788,-0.054,0.138,7.139,0.000,0,14,-14
115.839,-0.054,0.138,7.189,0.000,-1,15,-15
115.890,-0.062,0.147,7.183,0.000,-1,14,-14
115.941,-0.069,0.158,7.197,0.000,0,14,-14
115.992,-0.081,0.173,7.197,0.000,0,14,-14
116.043,-0.081,0.173,7.228,0.000,0,15,-14
116.094,-0.094,0.189,7.228,0.000,1,14,-14
116.145,-0.105,0.205,7.230,0.000,1,14,-14
116.196,-0.105,0.205,7.230,0.000,0,15,-14
116.247,-0.119,0.223,7.249,0.000,0,14,-14
116.298,-0.132,0.240,7.256,0.000,0,14,-14
116.349,-0.146,0.257,7.255,0.000,0,14,-15
116.400,-0.146,0.257,7.288,0.000,0,14,-14
116.451,-0.159,0.273,7.288,0.000,0,15,-14
116.502,-0.174,0.290,7.264,0.000,-1,14,-14
116.553,-0.174,0.290,7.290,0.000,0,14,-14
116.604,-0.189,0.306,7.302,0.000,0,14,-14
116.655,-0.204,0.323,7.302,0.000,0,14,-14
116.706,-0.220,0.340,7.309,0.000,0,14,-14
116.757,-0.220,0.340,7.324,0.000,0,15,-14
116.808,-0.234,0.356,7.329,0.000,0,14,-15
116.859,-0.249,0.372,7.341,0.000,0,14,-14
116.910,-0.249,0.372,7.341,0.000,0,14,-14
116.961,-0.262,0.388,7.344,0.000,0,14,-14
117.012,-0.275,0.405,7.334,0.000,0,14,-14
117.063,-0.291,0.421,7.346,0.000,0,15,-14
117.114,-0.291,0.421,7.346,0.000,0,14,-14
117.165,-0.306,0.437,7.365,0.000,0,14,-14
117.216,-0.323,0.453,7.364,0.000,0,14,-14
117.267,-0.337,0.469,7.337,0.000,0,14,-14
117.318,-0.337,0.469,7.357,0.000,0,14,-15
117.369,-0.351,0.486,7.357,0.000,0,14,-14
117.420,-0.364,0.503,7.371,0.000,0,15,-14
117.471,-0.364,0.503,7.368,0.000,0,14,-14
117.522,-0.378,0.519,7.374,0.000,0,14,-14
117.624,-0.406,0.551,7.369,0.000,0,14,-14
117.675,-0.406,0.551,7.375,0.000,0,14,-14
117.726,-0.421,0.567,7.356,0.000,0,14,-14
117.777,-0.433,0.584,7.374,0.000,0,14,-14
117.828,-0.433,0.584,7.374,0.000,0,14,-14
117.879,-0.447,0.600,7.380,0.000,0,14,-14
117.930,-0.460,0.617,7.370,0.000,0,14,-14
117.981,-0.473,0.632,7.360,0.000,0,14,-14
118.032,-0.473,0.632,7.374,0.000,0,15,-14
118.083,-0.486,0.648,7.374,0.000,0,14,-13
118.134,-0.501,0.664,7.359,0.000,0,14,-15
118.185,-0.515,0.680,7.336,0.000,0,14,-14
118.236,-0.515,0.680,7.371,0.000,0,14,-14
118.287,-0.528,0.696,7.371,0.000,0,14,-14
118.338,-0.541,0.713,7.352,0.000,0,14,-14
118.389,-0.541,0.713,7.350,0.000,0,14,-14
118.440,-0.553,0.729,7.356,0.000,0,14,-14
118.491,-0.566,0.744,7.357,0.000,0,15,-15
118.544,-0.580,0.761,7.357,0.000,0,14,-14
118.596,-0.580,0.761,7.342,0.000,-1,14,-15
118.649,-0.594,0.776,7.357,0.000,-3,13,-15
118.701,-0.608,0.792,7.371,0.000,-6,12,-16
118.805,-0.624,0.809,7.427,0.000,-9,8,-16
118.856,-0.641,0.827,7.487,0.000,-10,5,-16
118.908,-0.658,0.844,7.565,0.000,-12,3,-16
118.960,-0.677,0.859,7.661,0.000,-13,0,-16
119.011,-0.677,0.859,7.780,0.000,-13,0,-15
119.062,-0.693,0.872,7.780,0.000,-13,0,-16
119.113,-0.707,0.882,7.881,0.000,-12,0,-16
119.165,-0.707,0.882,7.987,0.000,-13,0,-15
119.216,-0.721,0.891,8.083,0.000,-13,0,-16
119.267,-0.733,0.900,8.083,0.000,-12,0,-15
119.318,-0.748,0.908,8.187,0.000,-12,0,-16
119.369,-0.748,0.908,8.288,0.000,-6,5,-15
119.420,-0.762,0.912,8.341,0.000,2,11,-14
119.471,-0.778,0.913,8.316,0.000,3,14,-14
119.522,-0.778,0.913,8.316,0.000,0,13,-15
119.573,-0.795,0.912,8.315,0.000,-2,14,-15
119.624,-0.814,0.910,8.308,0.000,0,14,-15
119.675,-0.833,0.909,8.305,0.000,2,14,-14
119.726,-0.833,0.909,8.305,0.000,0,15,-15
119.777,-0.854,0.909,8.310,0.000,0,14,-15
119.828,-0.875,0.909,8.308,0.000,0,14,-15
119.880,-0.898,0.908,8.303,0.000,-2,14,-15
119.931,-0.898,0.908,8.305,0.000,-3,13,-15
119.982,-0.920,0.905,8.305,0.000,-1,14,-16
120.033,-0.942,0.901,8.332,0.000,-1,13,-15
120.084,-0.942,0.901,8.345,0.000,-1,12,-15
120.135,-0.965,0.896,8.370,0.000,-1,13,-15
120.186,-0.986,0.894,8.361,0.000,-2,12,-16
120.237,-1.008,0.891,8.361,0.000,-3,13,-15
120.289,-1.008,0.891,8.380,0.000,0,13,-15
120.340,-1.030,0.890,8.385,0.000,2,14,-15
120.391,-1.052,0.889,8.381,0.000,1,14,-15
120.443,-1.052,0.889,8.381,0.000,-8,5,-16
120.494,-1.073,0.885,8.438,0.000,-13,-3,-16
120.545,-1.094,0.884,8.563,0.000,-14,0,-16
120.596,-1.116,0.888,8.664,0.000,-13,3,-15
120.647,-1.116,0.888,8.757,0.000,-14,2,-16
120.698,-1.135,0.889,8.757,0.000,-14,0,-16
120.749,-1.153,0.889,8.855,0.000,-14,0,-16
120.800,-1.171,0.887,8.961,0.000,-13,1,-16
120.852,-1.171,0.887,9.053,0.000,1,9,-14
120.903,-1.187,0.877,9.053,0.000,1,14,-14
120.954,-1.201,0.866,9.053,0.000,-1,15,-15
121.005,-1.201,0.866,9.049,0.000,3,14,-15
121.056,-1.215,0.855,9.046,0.000,1,14,-15
121.107,-1.228,0.839,9.050,0.000,-1,14,-15
121.158,-1.241,0.824,9.050,0.000,-1,14,-14
121.209,-1.241,0.824,9.053,0.000,1,15,-15
121.260,-1.257,0.809,9.052,0.000,0,14,-15
121.311,-1.272,0.793,9.051,0.000,0,14,-15
121.362,-1.272,0.793,9.056,0.000,0,14,-15
121.413,-1.288,0.779,9.056,0.000,0,14,-14
121.464,-1.304,0.764,9.080,0.000,0,15,-15
121.515,-1.319,0.749,9.060,0.000,0,14,-15
121.566,-1.319,0.749,9.085,0.000,-1,14,-14
121.617,-1.335,0.734,9.085,0.000,0,14,-15
121.668,-1.351,0.719,9.076,0.000,0,15,-15
121.719,-1.366,0.703,9.062,0.000,0,14,-14
121.821,-1.381,0.688,9.094,0.000,0,14,-14
121.872,-1.395,0.673,9.094,0.000,0,15,-15
121.923,-1.395,0.673,9.082,0.000,0,14,-14
121.974,-1.409,0.657,9.082,0.000,0,14,-15
122.025,-1.422,0.640,9.085,0.000,0,14,-14
122.076,-1.437,0.625,9.085,0.000,0,14,-14
122.179,-1.453,0.609,9.079,0.000,-8,5,-15
122.230,-1.468,0.594,9.160,0.000,-13,-2,-16
122.281,-1.483,0.578,9.292,0.000,-13,1,-16
122.333,-1.483,0.578,9.292,0.000,0,9,-14
122.384,-1.496,0.563,9.334,0.000,0,14,-14
122.435,-1.500,0.549,9.331,0.000,-2,14,-14
122.486,-1.500,0.549,9.342,0.000,0,15,-14
122.537,-1.503,0.535,9.332,0.000,1,14,-14
122.588,-1.507,0.520,9.332,0.000,0,14,-14
122.639,-1.511,0.504,9.333,0.000,0,14,-15
122.690,-1.511,0.504,9.339,0.000,0,15,-14
122.741,-1.526,0.485,9.321,0.000,0,14,-14
122.792,-1.540,0.467,9.321,0.000,0,14,-14
122.843,-1.540,0.467,9.341,0.000,-3,14,-15
122.895,-1.554,0.448,9.344,0.000,-4,13,-16
122.947,-1.568,0.429,9.346,0.000,1,14,-15
122.998,-1.580,0.411,9.379,0.000,0,14,-15
123.049,-1.580,0.411,9.379,0.000,0,14,-14
123.152,-1.603,0.372,9.356,0.000,-7,6,-15
123.204,-1.615,0.354,9.470,0.000,-13,-1,-17
123.255,-1.615,0.354,9.551,0.000,-12,5,-16
123.307,-1.625,0.336,9.551,0.000,-1,10,-14
123.358,-1.638,0.317,9.604,0.000,0,14,-13
123.409,-1.638,0.317,9.582,0.000,0,14,-15
123.460,-1.648,0.298,9.593,0.000,1,14,-14
123.511,-1.656,0.279,9.593,0.000,0,14,-14
123.562,-1.663,0.258,9.596,0.000,0,14,-15
123.613,-1.663,0.258,9.591,0.000,0,14,-14
123.664,-1.665,0.240,9.596,0.000,0,14,-15
123.715,-1.669,0.221,9.604,0.000,-3,14,-15
123.767,-1.669,0.221,9.604,0.000,-10,2,-15
123.818,-1.674,0.200,9.663,0.000,-14,0,-17
123.870,-1.677,0.180,9.751,0.000,0,10,-15
123.921,-1.680,0.159,9.764,0.000,2,14,-13
123.972,-1.680,0.159,9.771,0.000,-4,14,-14
124.023,-1.682,0.137,9.771,0.000,-2,14,-15
124.074,-1.682,0.117,9.798,0.000,0,15,-14
124.125,-1.683,0.097,9.785,0.000,2,14,-15
124.176,-1.683,0.097,9.776,0.000,0,14,-15
124.227,-1.683,0.076,9.776,0.000,-10,2,-15
124.278,-1.684,0.056,9.847,0.000,-15,0,-17
124.330,-1.684,0.056,9.950,0.000,0,10,-14
124.381,-1.682,0.034,9.940,0.000,1,14,-13
124.432,-1.681,0.015,9.943,0.000,-1,14,-15
124.483,-1.680,-0.004,9.943,0.000,1,14,-14
124.534,-1.680,-0.004,9.967,0.000,-1,14,-15
124.585,-1.677,-0.024,9.952,0.000,-1,14,-15
124.637,-1.676,-0.043,9.974,0.000,-1,14,-15
124.688,-1.676,-0.043,9.974,0.000,1,14,-15
124.739,-1.675,-0.066,9.972,0.000,0,14,-14
124.790,-1.673,-0.089,9.974,0.000,0,15,-15
124.841,-1.668,-0.108,9.985,0.000,0,14,-14
124.892,-1.668,-0.108,9.992,0.000,-1,14,-15
124.943,-1.665,-0.130,9.992,0.000,0,14,-14
124.995,-1.661,-0.151,9.995,0.000,-9,3,-15
125.046,-1.658,-0.172,10.072,0.000,-14,1,-18
125.099,-1.658,-0.172,10.157,0.000,-1,10,-14
125.150,-1.660,-0.197,10.155,0.000,0,14,-13
125.201,-1.657,-0.218,10.155,0.000,-2,14,-15
125.252,-1.657,-0.218,10.170,0.000,0,14,-14
125.303,-1.653,-0.238,10.176,0.000,1,15,-15
125.354,-1.648,-0.257,10.178,0.000,0,14,-14
125.405,-1.639,-0.276,10.178,0.000,0,15,-15
125.456,-1.639,-0.276,10.178,0.000,0,14,-14
125.507,-1.632,-0.296,10.178,0.000,0,14,-14
125.558,-1.625,-0.317,10.192,0.000,0,15,-15
125.609,-1.625,-0.317,10.208,0.000,0,14,-14
125.660,-1.617,-0.336,10.208,0.000,0,14,-15
125.711,-1.610,-0.357,10.216,0.000,0,15,-14
125.762,-1.610,-0.357,10.202,0.000,0,14,-15
125.813,-1.610,-0.357,10.218,0.000,-1,14,-14
125.864,-1.610,-0.357,10.218,0.000,-1,14,-14
125.915,-1.599,-0.388,10.224,0.000,0,15,-15
125.966,-1.588,-0.420,10.238,0.000,0,14,-14
126.017,-1.588,-0.420,10.239,0.000,0,14,-14
126.068,-1.578,-0.454,10.229,0.000,0,14,-14
126.119,-1.567,-0.485,10.229,0.000,0,15,-14
126.170,-1.567,-0.485,10.262,0.000,0,14,-14
126.221,-1.560,-0.505,10.259,0.000,0,14,-15
126.272,-1.553,-0.525,10.259,0.000,0,15,-14
126.323,-1.545,-0.545,10.268,0.000,0,14,-15
126.374,-1.545,-0.545,10.268,0.000,1,14,-14
126.425,-1.539,-0.565,10.259,0.000,0,15,-14
126.476,-1.531,-0.586,10.274,0.000,0,14,-14
126.527,-1.531,-0.586,10.269,0.000,0,14,-14
126.578,-1.525,-0.606,10.269,0.000,0,14,-15
126.629,-1.514,-0.627,10.283,0.000,0,14,-14
126.680,-1.504,-0.648,10.293,0.000,0,15,-14
126.731,-1.504,-0.648,10.293,0.000,0,14,-14
126.782,-1.497,-0.667,10.302,0.000,0,14,-14
126.833,-1.490,-0.688,10.302,0.000,0,14,-14
126.884,-1.483,-0.707,10.302,0.000,0,14,-15
126.935,-1.483,-0.707,10.325,0.000,0,14,-14
126.986,-1.478,-0.727,10.307,0.000,0,14,-14
127.037,-1.470,-0.748,10.307,0.000,0,14,-14
127.088,-1.470,-0.748,10.316,0.000,0,15,-15
127.139,-1.461,-0.768,10.334,0.000,0,14,-14
127.190,-1.456,-0.788,10.334,0.000,0,14,-14
127.241,-1.450,-0.808,10.329,0.000,0,14,-14
127.292,-1.450,-0.808,10.329,0.000,0,14,-14
127.343,-1.443,-0.828,10.338,0.000,0,14,-14
127.394,-1.437,-0.848,10.352,0.000,0,15,-14
127.445,-1.437,-0.848,10.329,0.000,0,14,-14
127.496,-1.431,-0.868,10.329,0.000,0,14,-14
127.547,-1.422,-0.887,10.342,0.000,0,14,-14
127.598,-1.415,-0.906,10.342,0.000,0,14,-14
127.649,-1.415,-0.906,10.350,0.000,0,14,-15
127.700,-1.407,-0.927,10.358,0.000,0,14,-13
127.751,-1.401,-0.947,10.358,0.000,0,14,-14
127.802,-1.394,-0.966,10.359,0.000,0,14,-15
127.853,-1.394,-0.966,10.353,0.000,0,14,-14
127.904,-1.387,-0.985,10.366,0.000,0,14,-14
127.955,-1.379,-1.005,10.370,0.000,0,14,-14
128.006,-1.379,-1.005,10.370,0.000,0,14,-14
128.057,-1.373,-1.024,10.362,0.000,0,14,-14
128.108,-1.363,-1.045,10.382,0.000,0,14,-14
128.159,-1.356,-1.065,10.370,0.000,0,14,-14
128.210,-1.356,-1.065,10.370,0.000,0,14,-14
128.261,-1.348,-1.086,10.377,0.000,0,14,-14
128.312,-1.338,-1.106,10.373,0.000,0,14,-14
128.363,-1.338,-1.106,10.378,0.000,0,14,-14
128.414,-1.331,-1.124,10.378,0.000,0,15,-14
128.465,-1.319,-1.146,10.378,0.000,0,14,-14
128.618,-1.302,-1.186,10.387,0.000,0,14,-14
128.669,-1.293,-1.207,10.387,0.000,0,14,-14
128.720,-1.293,-1.207,10.375,0.000,0,14,-14
128.771,-1.283,-1.226,10.383,0.000,0,14,-14
128.822,-1.277,-1.244,10.375,0.000,0,14,-14
128.873,-1.276,-1.263,10.382,0.000,0,14,-14
128.924,-1.276,-1.263,10.382,0.000,0,14,-14
128.975,-1.270,-1.282,10.390,0.000,0,14,-14
129.026,-1.268,-1.301,10.385,0.000,0,15,-14
129.077,-1.268,-1.301,10.392,0.000,0,14,-15
129.128,-1.262,-1.320,10.392,0.000,0,14,-13
129.179,-1.255,-1.340,10.403,0.000,0,14,-15
129.230,-1.254,-1.360,10.385,0.000,0,14,-14
129.281,-1.254,-1.360,10.404,0.000,0,14,-14
129.332,-1.251,-1.380,10.384,0.000,0,14,-14
129.383,-1.246,-1.400,10.384,0.000,0,14,-14
129.434,-1.236,-1.420,10.388,0.000,0,14,-14
129.485,-1.236,-1.420,10.399,0.000,0,14,-13
129.536,-1.228,-1.438,10.402,0.000,-9,1,-15
129.588,-1.220,-1.457,10.503,0.000,-14,1,-17
129.639,-1.220,-1.457,10.503,0.000,-14,2,-16
129.690,-1.211,-1.476,10.592,0.000,-2,9,-14
129.741,-1.204,-1.494,10.596,0.000,2,14,-13
129.792,-1.193,-1.510,10.603,0.000,-2,14,-14
129.843,-1.193,-1.510,10.603,0.000,-1,14,-14
129.894,-1.181,-1.527,10.604,0.000,1,15,-14
129.945,-1.170,-1.542,10.607,0.000,0,14,-14
129.996,-1.170,-1.542,10.599,0.000,-1,14,-14
130.047,-1.156,-1.559,10.607,0.000,0,14,-14
130.098,-1.144,-1.576,10.607,0.000,0,15,-14
130.149,-1.132,-1.592,10.596,0.000,0,14,-15
130.200,-1.132,-1.592,10.591,0.000,0,14,-14
130.251,-1.120,-1.609,10.601,0.000,0,14,-14
130.302,-1.108,-1.626,10.601,0.000,0,14,-14
130.353,-1.096,-1.643,10.594,0.000,0,14,-14
130.404,-1.096,-1.643,10.600,0.000,0,15,-14
130.455,-1.083,-1.661,10.592,0.000,0,14,-14
130.506,-1.071,-1.679,10.587,0.000,0,14,-14
130.557,-1.071,-1.679,10.587,0.000,0,14,-14
130.659,-1.050,-1.712,10.578,0.000,0,14,-14
130.710,-1.037,-1.730,10.576,0.000,0,14,-14
130.761,-1.037,-1.730,10.576,0.000,0,14,-14
130.812,-1.026,-1.747,10.567,0.000,1,15,-15
130.863,-1.014,-1.764,10.565,0.000,0,14,-14
130.914,-1.014,-1.764,10.574,0.000,0,14,-14
130.965,-1.001,-1.781,10.559,0.000,0,14,-14
131.016,-0.991,-1.798,10.559,0.000,0,14,-14
131.067,-0.978,-1.815,10.547,0.000,0,14,-14
131.118,-0.978,-1.815,10.535,0.000,0,15,-14
131.169,-0.968,-1.831,10.538,0.000,0,14,-14
131.220,-0.956,-1.848,10.525,0.000,0,14,-15
131.271,-0.945,-1.867,10.525,0.000,0,14,-14
131.322,-0.945,-1.867,10.528,0.000,0,14,-14
131.373,-0.934,-1.884,10.515,0.000,0,14,-14
131.425,-0.921,-1.902,10.531,0.000,-9,3,-15
131.476,-0.921,-1.902,10.531,0.000,-13,0,-17
131.527,-0.909,-1.920,10.621,0.000,-13,2,-15
131.629,-0.887,-1.953,10.797,0.000,-13,0,-15
131.680,-0.887,-1.953,10.831,0.000,-1,9,-14
131.731,-0.875,-1.963,10.831,0.000,1,15,-13
131.782,-0.856,-1.980,10.812,0.000,1,14,-14
131.833,-0.856,-1.980,10.794,0.000,1,14,-15
131.884,-0.833,-2.000,10.774,0.000,0,14,-14
131.935,-0.809,-2.020,10.774,0.000,0,15,-15
131.986,-0.785,-2.045,10.765,0.000,0,14,-14
132.037,-0.785,-2.045,10.753,0.000,-1,14,-14
132.088,-0.764,-2.062,10.751,0.000,0,15,-15
132.139,-0.754,-2.072,10.723,0.000,0,14,-14
132.190,-0.733,-2.083,10.723,0.000,0,14,-14
132.241,-0.733,-2.083,10.720,0.000,0,15,-15
132.292,-0.713,-2.094,10.715,0.000,0,14,-14
132.343,-0.702,-2.098,10.701,0.000,0,14,-14
132.394,-0.702,-2.098,10.701,0.000,0,15,-14
132.445,-0.676,-2.110,10.700,0.000,0,14,-15
132.496,-0.660,-2.121,10.679,0.000,0,14,-14
132.547,-0.649,-2.126,10.670,0.000,0,15,-14
132.598,-0.649,-2.126,10.658,0.000,0,14,-14
132.649,-0.630,-2.139,10.658,0.000,0,14,-14
132.701,-0.617,-2.145,10.656,0.000,-4,15,-15
132.753,-0.617,-2.145,10.655,0.000,-9,14,-12
132.804,-0.608,-2.147,10.682,0.000,-11,15,-12
132.856,-0.585,-2.166,10.705,0.000,-13,15,-9
132.907,-0.585,-2.166,10.705,0.000,-14,15,-7
132.958,-0.585,-2.166,10.704,0.000,-15,15,-6
133.009,-0.585,-2.166,10.717,0.000,-15,15,-6
133.060,-0.585,-2.166,10.719,0.000,-15,15,-6
133.111,-0.585,-2.166,10.719,0.000,-15,15,-6
133.162,-0.585,-2.166,10.753,0.000,-15,16,-6
133.213,-0.585,-2.166,10.744,0.000,-15,15,-5
133.264,-0.585,-2.166,10.762,0.000,-16,15,-6
133.315,-0.585,-2.166,10.773,0.000,-15,15,-6
133.366,-0.585,-2.166,10.773,0.000,-15,16,-5
133.417,-0.585,-2.166,10.775,0.000,-16,15,-6
133.468,-0.585,-2.166,10.793,0.000,-15,15,-6
133.519,-0.585,-2.166,10.788,0.000,-16,16,-7
133.570,-0.585,-2.166,10.812,0.000,-15,15,-7
133.622,0.036,-0.883,10.812,0.000,-1,15,-11
133.673,0.036,-0.883,10.823,0.000,-2,16,-12
133.724,0.036,-0.883,10.820,0.000,-4,14,-14
133.775,0.036,-0.883,10.824,0.000,-1,15,-13
133.826,0.036,-0.883,10.824,0.000,0,15,-14
133.877,0.036,-0.883,10.818,0.000,0,15,-14
133.928,0.397,-1.191,10.818,0.000,0,15,-14
133.979,0.412,-1.187,10.800,0.000,0,15,-14
134.030,0.420,-1.181,10.801,0.000,0,15,-13
134.081,0.420,-1.181,10.801,0.000,0,14,-14
134.132,0.433,-1.182,10.818,0.000,1,15,-14
134.183,0.433,-1.182,10.797,0.000,0,15,-14
134.234,0.433,-1.182,10.795,0.000,0,15,-14
134.285,0.433,-1.182,10.795,0.000,0,14,-14
134.336,0.433,-1.182,10.777,0.000,0,15,-14
134.387,0.433,-1.182,10.792,0.000,0,14,-14
134.438,0.433,-1.182,10.777,0.000,0,15,-14
134.489,-1.269,-0.967,10.785,0.000,0,15,-14
134.540,-1.257,-0.972,10.785,0.000,0,14,-14
134.592,-1.257,-0.972,10.795,0.000,0,15,-14
134.643,-1.257,-0.972,10.780,0.000,0,14,-14
134.694,-1.257,-0.972,10.790,0.000,0,15,-14
134.745,-1.257,-0.972,10.779,0.000,0,14,-14
134.796,-1.257,-0.972,10.779,0.000,0,15,-14
134.847,-1.257,-0.972,10.772,0.000,0,15,-14
134.899,-1.257,-0.972,10.776,0.000,-10,14,-10
135.001,0.006,-2.192,10.782,0.000,-14,15,-7
135.052,0.028,-2.196,10.802,0.000,-15,15,3
135.103,0.048,-2.197,10.810,0.000,-15,14,9
135.154,0.065,-2.187,10.779,0.000,-15,13,10
135.205,0.065,-2.187,10.741,0.000,-15,11,10
135.256,0.082,-2.177,10.741,0.000,-16,10,10
135.307,0.096,-2.160,10.735,0.000,-16,10,10
135.359,0.096,-2.160,10.714,0.000,-15,7,12
135.411,0.107,-2.140,10.703,0.000,-16,2,12
135.463,0.107,-2.140,10.703,0.000,-16,-4,15
135.514,0.107,-2.140,10.703,0.000,-16,-2,14
135.565,0.107,-2.140,10.706,0.000,-15,-1,16
135.616,0.107,-2.140,10.680,0.000,-16,0,15
135.667,0.107,-2.140,10.689,0.000,-15,0,15
135.718,0.107,-2.140,10.689,0.000,-16,0,16
135.769,0.130,-2.034,10.688,0.000,-16,0,15
135.820,0.135,-2.010,10.685,0.000,-15,0,16
135.871,0.131,-1.987,10.672,0.000,-16,0,15
135.922,0.131,-1.987,10.653,0.000,-16,1,15
135.973,0.126,-1.965,10.653,0.000,-15,0,16
136.024,0.123,-1.942,10.632,0.000,-16,0,16
136.075,0.123,-1.942,10.644,0.000,-16,0,15
136.126,0.119,-1.919,10.635,0.000,-15,0,16
136.177,0.117,-1.896,10.635,0.000,-16,0,15
136.228,0.118,-1.870,10.634,0.000,-16,0,16
136.279,0.118,-1.870,10.611,0.000,-16,0,15
136.330,0.115,-1.846,10.626,0.000,-16,0,16
136.381,0.113,-1.823,10.613,0.000,-15,0,15
136.432,0.110,-1.800,10.613,0.000,-16,-1,16
136.483,0.110,-1.800,10.604,0.000,-16,0,16
136.534,0.105,-1.778,10.600,0.000,-16,-1,15
136.585,0.103,-1.754,10.586,0.000,-16,0,16
136.636,0.103,-1.754,10.586,0.000,-15,0,16
136.687,0.100,-1.731,10.592,0.000,-16,0,16
136.789,0.094,-1.683,10.552,0.000,-16,0,16
136.840,0.094,-1.683,10.562,0.000,-16,0,16
136.891,0.083,-1.669,10.562,0.000,-15,0,15
136.942,0.079,-1.644,10.556,0.000,-16,0,16
136.993,0.079,-1.644,10.533,0.000,-16,0,16
137.044,0.071,-1.623,10.533,0.000,-16,0,16
137.095,0.068,-1.600,10.533,0.000,-16,0,16
137.146,0.073,-1.568,10.533,0.000,-15,0,16
137.197,0.073,-1.568,10.526,0.000,-16,0,15
137.248,0.066,-1.546,10.495,0.000,-16,0,16
137.299,0.069,-1.520,10.499,0.000,-16,0,16
137.350,0.069,-1.520,10.499,0.000,-16,0,16
137.402,0.063,-1.496,10.494,0.000,-16,0,16
137.453,0.059,-1.467,10.480,0.000,-16,0,16
137.504,0.054,-1.433,10.480,0.000,-16,0,16
137.555,0.054,-1.433,10.471,0.000,-17,0,16
137.608,0.054,-1.433,10.471,0.000,-13,9,17
137.659,0.054,-1.433,10.442,0.000,-10,13,16
137.710,0.046,-1.400,10.388,0.000,-13,-1,16
137.761,0.046,-1.400,10.374,0.000,-16,0,15
137.812,0.053,-1.366,10.374,0.000,-16,1,16
137.863,0.057,-1.333,10.350,0.000,-15,-2,16
137.914,0.057,-1.333,10.351,0.000,-17,-1,16
137.966,0.067,-1.303,10.365,0.000,-9,10,16
138.017,0.077,-1.274,10.277,0.000,-6,13,17
138.068,0.075,-1.247,10.277,0.000,-7,13,17
138.119,0.075,-1.247,10.218,0.000,-12,1,15
138.170,0.077,-1.223,10.175,0.000,-16,0,15
138.221,0.081,-1.199,10.163,0.000,-15,1,16
138.272,0.085,-1.175,10.179,0.000,-15,-2,16
138.323,0.085,-1.175,10.179,0.000,-16,-1,16
138.374,0.092,-1.151,10.172,0.000,-16,1,16
138.425,0.098,-1.127,10.160,0.000,-15,1,16
138.476,0.098,-1.127,10.160,0.000,-16,-1,16
138.528,0.103,-1.104,10.160,0.000,-16,4,17
138.580,0.106,-1.080,10.138,0.000,-15,4,16
138.632,0.109,-1.056,10.130,0.000,-15,1,16
138.683,0.109,-1.056,10.127,0.000,-16,-3,16
138.734,0.116,-1.034,10.143,0.000,-15,-6,16
138.785,0.121,-1.015,10.143,0.000,-16,-7,16
138.836,0.127,-0.991,10.166,0.000,-16,-8,16
138.887,0.127,-0.991,10.170,0.000,-16,-7,16
138.938,0.132,-0.971,10.205,0.000,-15,-10,16
138.990,0.133,-0.947,10.225,0.000,-2,-12,17
139.041,0.133,-0.920,10.225,0.000,0,-13,16
139.092,0.133,-0.920,10.226,0.000,-4,-13,16
139.143,0.129,-0.899,10.230,0.000,-2,-14,16
139.194,0.122,-0.878,10.236,0.000,0,-14,16
139.245,0.122,-0.878,10.236,0.000,0,-15,15
139.296,0.110,-0.860,10.213,0.000,0,-14,16
139.347,0.096,-0.845,10.227,0.000,0,-14,16
139.398,0.078,-0.831,10.199,0.000,0,-14,15
139.449,0.078,-0.831,10.209,0.000,-1,-14,16
139.500,0.061,-0.817,10.209,0.000,-5,-14,16
139.551,0.046,-0.804,10.228,0.000,-6,-13,15
139.603,0.046,-0.804,10.219,0.000,-8,-13,16
139.654,0.027,-0.790,10.233,0.000,-9,-12,16
139.706,0.014,-0.776,10.233,0.000,-11,-11,16
139.758,0.002,-0.759,10.233,0.000,-13,-8,16
139.809,0.002,-0.759,10.277,0.000,-15,-5,16
139.860,-0.024,-0.726,10.287,0.000,-15,-6,15
139.911,-0.035,-0.704,10.306,0.000,-15,-5,16
139.962,-0.044,-0.677,10.306,0.000,-15,-6,16
140.013,-0.044,-0.677,10.325,0.000,-15,-6,16
140.064,-0.051,-0.655,10.349,0.000,-15,-6,15
140.115,-0.042,-0.647,10.367,0.000,-16,-5,16
140.217,-0.043,-0.626,10.368,0.000,-15,-6,16
140.268,-0.046,-0.608,10.392,0.000,-16,-6,16
140.319,-0.051,-0.595,10.425,0.000,-15,-6,16
140.370,-0.051,-0.595,10.440,0.000,-15,-6,16
140.421,-0.056,-0.581,10.440,0.000,-16,-6,16
140.472,-0.061,-0.565,10.452,0.000,-15,-6,16
140.523,-0.061,-0.565,10.473,0.000,-15,-6,15
140.574,-0.068,-0.544,10.506,0.000,-16,-5,16
140.625,-0.076,-0.514,10.524,0.000,-16,-6,16
140.676,-0.083,-0.486,10.524,0.000,-15,-7,16
140.727,-0.083,-0.486,10.552,0.000,-16,-5,16
140.778,-0.090,-0.459,10.563,0.000,-15,-6,16
140.829,-0.097,-0.437,10.577,0.000,-16,-6,16
140.880,-0.103,-0.415,10.577,0.000,-15,-6,16
140.931,-0.103,-0.415,10.612,0.000,-16,-6,16
140.982,-0.111,-0.394,10.635,0.000,-16,-6,16
141.033,-0.119,-0.372,10.650,0.000,-15,-6,16
141.084,-0.119,-0.372,10.690,0.000,-16,-6,15
141.135,-0.128,-0.351,10.690,0.000,-15,-6,16
141.186,-0.139,-0.329,10.714,0.000,-16,-6,17
141.237,-0.150,-0.306,10.732,0.000,-16,-6,16
141.288,-0.150,-0.306,10.767,0.000,-16,-6,16
141.339,-0.163,-0.284,10.767,0.000,-15,-6,16
141.390,-0.163,-0.284,10.767,0.000,-16,-6,16
141.441,-0.163,-0.284,10.804,0.000,-15,-6,16
141.543,-0.180,-0.252,10.876,0.000,-16,-6,16
141.594,-0.197,-0.221,10.876,0.000,-16,-6,16
141.645,-0.197,-0.221,10.891,0.000,-16,-5,16
141.696,-0.214,-0.190,10.929,0.000,-16,-7,16
141.747,-0.231,-0.161,10.965,0.000,-16,-6,16
141.798,-0.231,-0.161,10.986,0.000,-15,-6,16
141.849,-0.243,-0.144,10.986,0.000,-16,-6,16
141.900,-0.257,-0.126,11.008,0.000,-16,-5,16
141.951,-0.270,-0.111,11.051,0.000,-16,-7,17
142.003,-0.270,-0.111,11.076,0.000,-16,-2,16
142.054,-0.283,-0.094,11.076,0.000,-15,1,16
142.106,-0.297,-0.078,11.080,0.000,-17,1,16
142.158,-0.310,-0.061,11.106,0.000,-16,4,17
142.210,-0.310,-0.061,11.076,0.000,-15,8,15
142.261,-0.325,-0.041,11.061,0.000,-16,10,15
142.312,-0.337,-0.019,11.061,0.000,-16,11,14
142.364,-0.337,-0.019,11.035,0.000,-6,12,-8
142.415,-0.346,0.004,11.023,0.000,0,13,-13
142.466,-0.352,0.030,10.970,0.000,-2,15,-12
142.517,-0.353,0.057,10.952,0.000,-3,13,-12
142.569,-0.353,0.057,10.952,0.000,-3,13,-11
142.621,-0.351,0.080,10.954,0.000,-2,0,0
142.672,-0.343,0.096,10.925,0.000,-1,-2,3
142.723,-0.331,0.104,10.952,0.000,0,3,-1
142.774,-0.331,0.104,10.952,0.000,0,0,1
142.826,-0.321,0.105,10.940,0.000,-9,6,5
142.878,-0.311,0.105,10.922,0.000,-14,-5,13
142.929,-0.311,0.105,10.932,0.000,-15,-9,14
142.980,-0.307,0.105,10.981,0.000,-15,-7,15
143.031,-0.308,0.111,10.981,0.000,-15,-7,15
143.082,-0.311,0.120,11.003,0.000,-16,-6,16
143.133,-0.311,0.120,11.027,0.000,-16,-7,15
143.184,-0.319,0.134,11.074,0.000,-15,-7,16
143.235,-0.328,0.151,11.097,0.000,-16,-6,16
143.286,-0.340,0.168,11.097,0.000,-15,-6,15
143.337,-0.340,0.168,11.143,0.000,-16,-6,16
143.388,-0.353,0.185,11.151,0.000,-16,-6,16
143.439,-0.366,0.200,11.179,0.000,-16,-7,16
143.491,-0.366,0.200,11.179,0.000,-8,7,16
143.542,-0.379,0.216,11.173,0.000,-5,10,17
143.593,-0.392,0.234,11.109,0.000,-6,8,16
143.644,-0.406,0.253,11.044,0.000,-6,10,15
143.695,-0.406,0.253,10.996,0.000,-7,8,16
143.746,-0.416,0.277,10.996,0.000,-6,9,16
143.797,-0.425,0.300,10.944,0.000,-4,8,16
143.848,-0.425,0.300,10.887,0.000,-5,8,15
143.899,-0.432,0.322,10.822,0.000,-5,8,16
143.950,-0.436,0.338,10.822,0.000,-4,7,16
144.001,-0.438,0.355,10.759,0.000,-4,7,16
144.052,-0.438,0.355,10.689,0.000,-4,7,16
144.103,-0.440,0.371,10.656,0.000,-4,7,16
144.154,-0.440,0.392,10.603,0.000,-5,7,16
144.205,-0.441,0.413,10.603,0.000,-4,7,16
144.256,-0.441,0.413,10.538,0.000,-3,7,15
144.307,-0.443,0.435,10.473,0.000,-4,6,16
144.358,-0.440,0.457,10.408,0.000,-3,7,16
144.511,-0.427,0.490,10.292,0.000,-4,7,16
144.562,-0.417,0.506,10.232,0.000,-4,6,16
144.613,-0.417,0.506,10.161,0.000,-3,7,16
144.664,-0.408,0.521,10.161,0.000,-4,6,16
144.715,-0.399,0.545,10.100,0.000,-4,7,16
144.766,-0.399,0.545,10.038,0.000,-3,7,15
144.817,-0.388,0.561,9.987,0.000,-3,7,16
144.868,-0.376,0.576,9.918,0.000,-4,6,16
144.919,-0.363,0.591,9.918,0.000,-4,6,16
144.970,-0.363,0.591,9.858,0.000,-3,7,16
145.021,-0.349,0.604,9.785,0.000,-4,7,16
145.072,-0.331,0.614,9.728,0.000,-4,7,16
145.123,-0.315,0.626,9.728,0.000,-3,6,16
145.174,-0.315,0.626,9.679,0.000,-4,7,16
145.225,-0.299,0.638,9.591,0.000,-4,6,16
145.276,-0.299,0.638,9.533,0.000,-4,7,16
145.327,-0.299,0.638,9.468,0.000,-4,7,16
145.378,-0.299,0.638,9.468,0.000,-3,7,15
145.429,-0.299,0.638,9.396,0.000,-4,6,17
145.481,-0.267,0.652,9.329,0.000,-11,-5,16
145.532,-0.267,0.652,9.361,0.000,-15,-10,15
145.583,-0.236,0.665,9.361,0.000,-15,-8,15
145.634,-0.204,0.676,9.366,0.000,-15,-8,16
145.685,-0.204,0.676,9.380,0.000,-16,-9,16
145.736,-0.167,0.684,9.389,0.000,-15,-7,16
145.787,-0.150,0.692,9.398,0.000,-15,-8,16
145.838,-0.137,0.705,9.398,0.000,-16,-7,16
145.889,-0.137,0.705,9.402,0.000,-15,-6,16
145.940,-0.121,0.719,9.420,0.000,-16,-7,16
145.991,-0.121,0.719,9.413,0.000,-15,-7,16
146.042,-0.121,0.719,9.428,0.000,-15,-7,16
146.093,-0.099,0.733,9.428,0.000,-16,-6,17
146.144,-0.073,0.745,9.445,0.000,-15,-6,16
146.195,-0.044,0.755,9.447,0.000,-16,-6,16
146.246,-0.044,0.755,9.454,0.000,-16,-6,16
146.297,-0.016,0.762,9.454,0.000,-15,-7,16
146.348,0.003,0.774,9.468,0.000,-16,-6,16
146.399,0.023,0.785,9.462,0.000,-15,-5,17
146.450,0.023,0.785,9.489,0.000,-16,-7,16
146.501,0.042,0.796,9.486,0.000,-15,-6,16
146.552,0.062,0.810,9.486,0.000,-16,-6,16
146.603,0.062,0.810,9.506,0.000,-16,-6,16
146.654,0.082,0.824,9.525,0.000,-15,-6,16
146.705,0.103,0.837,9.542,0.000,-16,-6,16
146.756,0.127,0.851,9.542,0.000,-16,-7,17
146.808,0.127,0.851,9.568,0.000,-3,-10,16
146.859,0.127,0.851,9.565,0.000,-2,-13,16
146.910,0.127,0.851,9.567,0.000,-4,-13,16
146.961,0.127,0.851,9.554,0.000,-2,-14,16
147.012,0.153,0.874,9.554,0.000,0,-14,16
147.063,0.175,0.899,9.556,0.000,0,-14,16
147.114,0.194,0.926,9.567,0.000,0,-14,16
147.165,0.194,0.926,9.541,0.000,0,-14,16
147.216,0.205,0.956,9.541,0.000,0,-14,16
147.267,0.206,0.979,9.559,0.000,1,-14,16
147.318,0.211,1.001,9.540,0.000,0,-14,15
147.369,0.211,1.001,9.534,0.000,0,-14,15
147.420,0.211,1.024,9.516,0.000,0,-14,16
147.471,0.212,1.047,9.516,0.000,0,-15,15
147.522,0.212,1.047,9.531,0.000,0,-14,15
147.573,0.217,1.070,9.518,0.000,0,-14,16
147.624,0.218,1.092,9.515,0.000,0,-14,15
147.675,0.219,1.116,9.525,0.000,0,-14,15
147.726,0.219,1.116,9.525,0.000,0,-14,15
147.777,0.224,1.138,9.500,0.000,0,-15,15
147.828,0.226,1.160,9.503,0.000,0,-14,15
147.879,0.226,1.160,9.506,0.000,0,-14,15
147.930,0.218,1.183,9.506,0.000,0,-14,15
147.981,0.215,1.205,9.506,0.000,0,-14,15
148.032,0.215,1.227,9.491,0.000,0,-14,15
148.083,0.215,1.227,9.497,0.000,0,-14,15
148.134,0.229,1.249,9.488,0.000,0,-14,15
148.185,0.255,1.269,9.488,0.000,0,-14,14
148.236,0.255,1.269,9.476,0.000,0,-15,15
148.287,0.276,1.290,9.482,0.000,0,-13,15
148.338,0.290,1.312,9.485,0.000,-1,-15,15
148.390,0.288,1.334,9.485,0.000,-1,-14,14
148.442,0.288,1.334,9.472,0.000,-4,-14,15
148.493,0.288,1.334,9.494,0.000,-5,-13,15
148.544,0.284,1.362,9.487,0.000,-5,-13,16
148.595,0.284,1.389,9.481,0.000,-4,-13,15
148.646,0.284,1.389,9.481,0.000,-3,-13,15
148.697,0.287,1.415,9.496,0.000,-5,-13,15
148.749,0.294,1.441,9.505,0.000,-6,-12,16
148.800,0.294,1.441,9.512,0.000,-5,-12,15
148.851,0.302,1.460,9.524,0.000,-6,-13,16
148.903,0.307,1.480,9.524,0.000,-6,-12,15
148.955,0.308,1.499,9.539,0.000,-7,-12,16
149.006,0.308,1.499,9.536,0.000,-6,-11,15
149.057,0.310,1.520,9.536,0.000,-6,-12,15
149.108,0.310,1.541,9.536,0.000,-6,-11,16
149.159,0.317,1.560,9.536,0.000,-6,-11,15
149.210,0.317,1.560,9.562,0.000,-7,-12,16
149.261,0.324,1.579,9.562,0.000,-6,-11,15
149.312,0.331,1.599,9.578,0.000,-6,-11,16
149.363,0.331,1.599,9.578,0.000,-5,-12,16
149.414,0.338,1.617,9.573,0.000,-6,-11,15
149.465,0.344,1.637,9.581,0.000,-6,-11,16
149.516,0.351,1.656,9.597,0.000,-6,-11,15
149.567,0.351,1.656,9.597,0.000,-6,-12,16
149.618,0.357,1.676,9.584,0.000,-6,-11,16
149.670,0.363,1.697,9.611,0.000,-5,-12,16
149.721,0.370,1.717,9.589,0.000,-6,-11,16
149.772,0.370,1.717,9.595,0.000,-6,-11,15
149.823,0.375,1.737,9.595,0.000,-6,-11,16
149.874,0.382,1.757,9.605,0.000,-6,-12,16
149.925,0.382,1.757,9.607,0.000,-7,-11,16
149.976,0.389,1.777,9.637,0.000,-7,-10,15
150.027,0.396,1.797,9.629,0.000,-8,-11,16
150.078,0.403,1.817,9.629,0.000,-7,-10,16
150.129,0.403,1.817,9.633,0.000,-8,-11,16
150.181,0.410,1.838,9.638,0.000,-9,-10,16
150.232,0.418,1.858,9.658,0.000,-10,-9,16
150.283,0.418,1.858,9.658,0.000,-10,-9,15
150.334,0.426,1.879,9.671,0.000,-10,-10,16
150.385,0.434,1.899,9.681,0.000,-10,-9,16
150.437,0.444,1.917,9.682,0.000,-12,-8,16
150.539,0.452,1.936,9.707,0.000,-15,-5,16
150.591,0.463,1.955,9.712,0.000,-14,8,16
150.642,0.463,1.955,9.698,0.000,-14,11,14
150.693,0.475,1.974,9.679,0.000,-15,10,14
150.744,0.489,1.992,9.625,0.000,-15,11,13
150.795,0.506,2.007,9.625,0.000,-14,11,12
150.846,0.506,2.007,9.628,0.000,-15,11,11
150.897,0.526,2.018,9.590,0.000,-16,11,10
150.948,0.547,2.025,9.588,0.000,-15,10,11
150.999,0.569,2.029,9.588,0.000,-15,10,10
151.050,0.569,2.029,9.568,0.000,-15,9,9
151.101,0.593,2.030,9.560,0.000,-16,9,10
151.152,0.616,2.033,9.544,0.000,-15,10,9
151.203,0.616,2.033,9.533,0.000,-15,9,9
151.254,0.639,2.035,9.533,0.000,-15,8,8
151.305,0.662,2.036,9.520,0.000,-15,9,9
151.356,0.685,2.036,9.550,0.000,-16,9,9
151.407,0.685,2.036,9.541,0.000,-15,9,8
151.458,0.708,2.034,9.541,0.000,-16,8,9
151.509,0.732,2.032,9.527,0.000,-15,8,8
151.560,0.732,2.032,9.524,0.000,-16,9,9
151.611,0.756,2.030,9.537,0.000,-15,8,8
151.662,0.778,2.028,9.541,0.000,-16,8,8
151.713,0.801,2.024,9.541,0.000,-15,9,8
151.764,0.801,2.024,9.524,0.000,-16,8,9
151.815,0.823,2.021,9.538,0.000,-15,8,8
151.866,0.844,2.019,9.538,0.000,-16,8,8
151.917,0.866,2.015,9.538,0.000,-15,8,8
151.968,0.866,2.015,9.534,0.000,-16,9,8
152.019,0.887,2.012,9.537,0.000,-16,8,9
152.070,0.909,2.009,9.531,0.000,-15,8,8
152.121,0.909,2.009,9.548,0.000,-16,8,8
152.172,0.931,2.006,9.548,0.000,-16,8,8
152.223,0.951,2.004,9.545,0.000,-15,8,8
152.274,0.972,2.000,9.552,0.000,-16,9,8
152.325,0.972,2.000,9.541,0.000,-16,8,8
152.376,0.992,1.996,9.560,0.000,-15,8,9
152.427,1.013,1.992,9.560,0.000,-16,9,8
152.478,1.013,1.992,9.549,0.000,-16,8,8
152.529,1.034,1.989,9.560,0.000,-16,8,8
152.580,1.056,1.985,9.556,0.000,-16,8,8
152.683,1.077,1.981,9.560,0.000,-16,12,0
152.734,1.100,1.977,9.567,0.000,-16,12,-5
152.785,1.123,1.972,9.604,0.000,-16,14,-8
152.836,1.142,1.964,9.655,0.000,-15,14,-9
152.887,1.142,1.964,9.655,0.000,-16,15,-8
152.938,1.158,1.953,9.691,0.000,-16,14,-9
152.989,1.172,1.936,9.725,0.000,-16,15,-8
153.040,1.172,1.936,9.752,0.000,-15,15,-7
153.091,1.183,1.916,9.752,0.000,-16,15,-8
153.142,1.195,1.896,9.796,0.000,-16,15,-6
153.193,1.208,1.875,9.836,0.000,-16,15,-7
153.244,1.208,1.875,9.871,0.000,-16,15,-7
153.295,1.223,1.856,9.884,0.000,-16,16,-6
153.346,1.238,1.838,9.884,0.000,-16,15,-7
153.397,1.238,1.838,9.933,0.000,-15,15,-6
153.448,1.255,1.820,9.945,0.000,-16,15,-6
153.499,1.268,1.805,9.968,0.000,-16,15,-7
153.550,1.281,1.789,9.968,0.000,-16,15,-5
153.601,1.281,1.789,9.968,0.000,-16,16,-6
153.652,1.298,1.774,10.025,0.000,-15,15,-9
153.704,1.316,1.759,10.043,0.000,-6,15,-13
153.755,1.316,1.759,10.036,0.000,-1,15,-12
153.806,1.337,1.743,10.036,0.000,-4,15,-14
153.857,1.358,1.725,10.042,0.000,-3,15,-14
153.908,1.372,1.707,10.048,0.000,-2,15,-14
153.959,1.372,1.707,10.037,0.000,-1,14,-14
154.010,1.383,1.688,10.047,0.000,-1,15,-14
154.061,1.391,1.667,10.047,0.000,-1,15,-14
154.112,1.396,1.646,10.030,0.000,-1,14,-14
154.163,1.396,1.646,10.033,0.000,0,15,-14
154.214,1.403,1.625,10.020,0.000,0,15,-14
154.265,1.409,1.604,10.020,0.000,0,15,-14
154.316,1.409,1.604,10.018,0.000,0,14,-14
154.367,1.414,1.583,10.007,0.000,0,15,-14
154.418,1.422,1.562,9.990,0.000,0,15,-15
154.469,1.426,1.542,9.976,0.000,0,14,-14
154.520,1.426,1.542,9.976,0.000,0,15,-14
154.571,1.433,1.520,9.975,0.000,0,14,-14
154.622,1.443,1.498,9.976,0.000,0,15,-14
154.673,1.443,1.498,9.955,0.000,0,14,-14
154.724,1.446,1.477,9.955,0.000,0,15,-14
154.775,1.453,1.455,9.961,0.000,0,15,-15
154.826,1.460,1.434,9.948,0.000,1,14,-14
154.877,1.460,1.434,9.954,0.000,0,14,-14
154.928,1.472,1.414,9.941,0.000,0,15,-14
154.979,1.486,1.392,9.941,0.000,0,14,-14
155.030,1.486,1.392,9.943,0.000,0,15,-14
155.081,1.498,1.372,9.933,0.000,0,14,-14
155.132,1.508,1.351,9.945,0.000,0,14,-14
155.183,1.513,1.329,9.946,0.000,0,15,-14
155.234,1.513,1.329,9.950,0.000,0,14,-14
155.285,1.518,1.308,9.953,0.000,0,14,-14
155.336,1.521,1.286,9.933,0.000,0,15,-14
155.387,1.522,1.265,9.949,0.000,0,14,-14
155.438,1.522,1.265,9.949,0.000,0,14,-14
155.489,1.520,1.245,9.952,0.000,0,14,-14
155.540,1.517,1.226,9.942,0.000,0,15,-14
155.591,1.517,1.226,9.950,0.000,0,14,-14
155.642,1.517,1.207,9.950,0.000,0,14,-14
155.693,1.519,1.186,9.950,0.000,0,14,-14
155.744,1.519,1.166,9.969,0.000,0,15,-14
155.795,1.519,1.166,9.968,0.000,0,14,-14
155.846,1.522,1.143,9.981,0.000,0,14,-14
155.897,1.525,1.122,9.981,0.000,0,14,-15
155.948,1.525,1.122,9.983,0.000,0,14,-14
155.999,1.526,1.102,9.985,0.000,0,15,-14
156.050,1.531,1.081,9.994,0.000,0,14,-14
156.101,1.537,1.061,9.995,0.000,0,14,-14
156.152,1.537,1.061,9.995,0.000,0,14,-14
156.203,1.540,1.040,10.005,0.000,0,14,-14
156.254,1.543,1.019,10.010,0.000,0,14,-14
156.305,1.541,0.999,10.018,0.000,0,15,-14
156.356,1.541,0.999,10.018,0.000,0,14,-14
156.407,1.547,0.978,10.015,0.000,0,14,-14
156.458,1.552,0.958,10.029,0.000,0,14,-14
156.509,1.552,0.958,10.028,0.000,0,14,-15
156.560,1.556,0.937,10.033,0.000,0,14,-14
156.611,1.568,0.916,10.033,0.000,0,14,-14
156.662,1.573,0.895,10.041,0.000,0,15,-14
156.713,1.573,0.895,10.049,0.000,0,14,-14
156.764,1.576,0.875,10.051,0.000,0,14,-14
156.815,1.579,0.856,10.051,0.000,0,14,-14
156.866,1.579,0.856,10.051,0.000,0,14,-14
156.917,1.587,0.835,10.061,0.000,0,15,-14
156.968,1.592,0.814,10.075,0.000,0,14,-14
157.019,1.603,0.792,10.096,0.000,0,14,-14
157.070,1.603,0.792,10.096,0.000,0,14,-14
157.121,1.611,0.771,10.086,0.000,0,14,-14
157.172,1.613,0.750,10.080,0.000,0,14,-14
157.223,1.617,0.730,10.083,0.000,0,14,-14
157.274,1.617,0.730,10.093,0.000,0,14,-14
157.325,1.619,0.710,10.093,0.000,0,15,-14
157.376,1.627,0.688,10.088,0.000,0,14,-14
157.427,1.627,0.688,10.103,0.000,0,14,-14
157.478,1.634,0.667,10.084,0.000,0,14,-14
157.529,1.640,0.647,10.084,0.000,0,14,-14
157.580,1.648,0.625,10.080,0.000,0,14,-14
157.682,1.655,0.605,10.093,0.000,0,15,-15
157.733,1.660,0.585,10.075,0.000,0,14,-13
157.784,1.660,0.585,10.075,0.000,0,13,-14
157.835,1.666,0.564,10.047,0.000,0,15,-15
157.886,1.669,0.544,10.044,0.000,0,14,-13
157.937,1.672,0.524,10.015,0.000,0,14,-14
157.988,1.672,0.524,10.015,0.000,0,14,-15
158.039,1.677,0.503,9.995,0.000,0,14,-14
158.090,1.679,0.483,10.006,0.000,0,14,-14
158.141,1.679,0.483,9.982,0.000,0,14,-14
158.192,1.685,0.462,9.965,0.000,0,15,-14
158.295,1.694,0.420,9.956,0.000,5,13,-15
158.347,1.694,0.420,9.923,0.000,11,11,-14
158.398,1.699,0.399,9.893,0.000,13,8,-15
158.449,1.699,0.379,9.873,0.000,14,6,-16
158.500,1.696,0.360,9.873,0.000,15,6,-15
158.551,1.696,0.360,9.865,0.000,15,5,-15
158.602,1.690,0.340,9.838,0.000,15,6,-16
158.653,1.679,0.321,9.819,0.000,16,6,-16
158.704,1.679,0.321,9.819,0.000,15,6,-15
158.755,1.665,0.302,9.819,0.000,15,6,-15
158.806,1.649,0.284,9.808,0.000,15,6,-15
158.858,1.632,0.267,9.808,0.000,16,3,-16
158.910,1.632,0.267,9.822,0.000,15,0,-16
158.961,1.617,0.251,9.822,0.000,15,0,-16
159.012,1.602,0.236,9.840,0.000,16,-1,-15
159.063,1.585,0.222,9.858,0.000,15,0,-16
159.114,1.585,0.222,9.877,0.000,15,0,-15
159.165,1.561,0.208,9.877,0.000,16,1,-16
159.216,1.542,0.195,9.885,0.000,15,1,-15
159.267,1.542,0.195,9.914,0.000,16,1,-16
159.318,1.517,0.181,9.922,0.000,15,0,-15
159.369,1.496,0.168,9.930,0.000,16,1,-16
159.420,1.484,0.155,9.930,0.000,15,1,-15
159.471,1.484,0.155,9.933,0.000,16,2,-16
159.522,1.459,0.142,9.921,0.000,15,2,-16
159.573,1.446,0.129,9.936,0.000,16,1,-15
159.624,1.446,0.129,9.914,0.000,15,1,-16
159.675,1.428,0.115,9.914,0.000,16,2,-15
159.726,1.405,0.102,9.930,0.000,16,2,-16
159.777,1.391,0.089,9.922,0.000,15,2,-16
159.828,1.391,0.089,9.937,0.000,16,1,-16
159.879,1.370,0.076,9.937,0.000,16,0,-16
159.931,1.354,0.063,9.916,0.000,15,-3,-15
160.033,1.335,0.047,9.933,0.000,16,-3,-16
160.084,1.313,0.029,9.944,0.000,15,-2,-15
160.135,1.313,0.029,9.944,0.000,16,-3,-15
160.187,1.313,0.029,9.945,0.000,16,-4,-15
160.239,1.287,0.014,9.961,0.000,16,-7,-14
160.290,1.259,0.000,9.971,0.000,15,-9,-13
160.341,1.233,-0.012,9.971,0.000,16,-10,-11
160.392,1.233,-0.012,10.018,0.000,16,-10,-11
160.443,1.206,-0.020,10.002,0.000,16,-10,-10
160.494,1.178,-0.029,10.019,0.000,16,-9,-10
160.545,1.154,-0.036,10.033,0.000,16,-8,-9
160.596,1.154,-0.036,10.033,0.000,15,-9,-9
160.647,1.130,-0.041,10.040,0.000,16,-9,-9
160.698,1.112,-0.046,10.032,0.000,16,-8,-9
160.749,1.112,-0.046,10.048,0.000,16,-9,-9
160.800,1.084,-0.051,10.046,0.000,16,-8,-8
160.851,1.056,-0.055,10.046,0.000,16,-9,-9
160.902,1.031,-0.060,10.046,0.000,15,-8,-8
160.953,1.031,-0.060,10.058,0.000,16,-8,-9
161.004,1.002,-0.064,10.065,0.000,16,-9,-8
161.055,0.988,-0.069,10.065,0.000,16,-8,-8
161.106,0.988,-0.069,10.072,0.000,16,-8,-9
161.157,0.969,-0.074,10.072,0.000,16,-8,-8
161.208,0.947,-0.080,10.058,0.000,16,-8,-8
161.259,0.926,-0.085,10.072,0.000,16,-8,-8
161.310,0.926,-0.085,10.072,0.000,15,-8,-8
161.361,0.907,-0.091,10.074,0.000,16,-9,-8
161.412,0.887,-0.097,10.066,0.000,16,-8,-8
161.464,0.872,-0.102,10.083,0.000,17,-12,-2
161.517,0.872,-0.102,10.057,0.000,16,-13,5
161.568,0.853,-0.108,10.057,0.000,16,-13,8
161.619,0.830,-0.112,10.007,0.000,17,-15,8
161.670,0.830,-0.112,9.975,0.000,16,-14,8
161.721,0.809,-0.112,9.920,0.000,16,-15,9
161.772,0.785,-0.106,9.920,0.000,16,-14,7
161.823,0.768,-0.095,9.887,0.000,15,-15,8
161.874,0.768,-0.095,9.850,0.000,17,-15,7
161.925,0.750,-0.080,9.819,0.000,16,-15,7
161.977,0.737,-0.065,9.797,0.000,16,-15,-1
162.029,0.720,-0.050,9.797,0.000,16,-15,-5
162.080,0.720,-0.050,9.787,0.000,15,-14,-6
162.131,0.706,-0.036,9.799,0.000,17,-14,-5
162.182,0.692,-0.025,9.817,0.000,15,-14,-7
162.234,0.692,-0.025,9.817,0.000,16,-12,-8
162.285,0.665,-0.016,9.818,0.000,16,-10,-9
162.336,0.639,-0.012,9.817,0.000,17,-10,-9
162.387,0.614,-0.010,9.817,0.000,16,-9,-10
162.438,0.614,-0.010,9.817,0.000,15,-9,-10
162.541,0.564,-0.011,9.816,0.000,16,-1,-11
162.593,0.564,-0.011,9.794,0.000,8,0,0
162.644,0.544,-0.014,9.762,0.000,6,0,0
162.695,0.518,-0.019,9.749,0.000,6,0,-1
162.746,0.500,-0.024,9.749,0.000,4,0,3
162.797,0.500,-0.024,9.741,0.000,2,0,1
162.848,0.489,-0.027,9.727,0.000,2,0,-1
162.899,0.485,-0.029,9.714,0.000,1,0,0
162.950,0.485,-0.030,9.714,0.000,2,0,1
163.001,0.485,-0.030,9.722,0.000,11,-7,-5
163.052,0.485,-0.029,9.733,0.000,14,-11,-9
163.103,0.483,-0.028,9.775,0.000,14,-10,-9
163.154,0.483,-0.028,9.794,0.000,15,-9,-8
163.205,0.475,-0.029,9.794,0.000,16,-10,-9
163.256,0.463,-0.030,9.791,0.000,15,-10,-10
163.307,0.446,-0.032,9.781,0.000,16,-10,-9
163.409,0.426,-0.036,9.784,0.000,16,-9,-8
163.461,0.405,-0.040,9.784,0.000,16,-12,2
163.513,0.405,-0.040,9.777,0.000,16,-14,8
163.564,0.383,-0.045,9.749,0.000,16,-14,7
163.615,0.360,-0.048,9.712,0.000,16,-14,7
163.666,0.339,-0.047,9.712,0.000,16,-15,8
163.717,0.339,-0.047,9.679,0.000,16,-15,8
163.768,0.319,-0.042,9.634,0.000,15,-15,8
163.819,0.303,-0.030,9.609,0.000,17,-15,7
163.872,0.285,-0.016,9.599,0.000,16,-16,2
163.924,0.285,-0.016,9.599,0.000,15,-14,-9
163.975,0.267,-0.001,9.611,0.000,16,-13,-10
164.026,0.252,0.013,9.646,0.000,15,-12,-10
164.077,0.252,0.013,9.636,0.000,16,-10,-11
164.128,0.231,0.020,9.636,0.000,16,-10,-10
164.179,0.212,0.025,9.657,0.000,16,-9,-10
164.230,0.191,0.024,9.665,0.000,16,-9,-9
164.281,0.191,0.024,9.688,0.000,16,-8,-10
164.333,0.162,0.022,9.681,0.000,16,-12,2
164.385,0.135,0.023,9.681,0.000,16,-14,6
164.436,0.107,0.026,9.673,0.000,16,-14,8
164.487,0.107,0.026,9.628,0.000,17,-14,8
164.538,0.082,0.029,9.626,0.000,15,-15,10
164.590,0.066,0.031,9.584,0.000,5,-1,1
164.641,0.066,0.031,9.584,0.000,-1,0,-2
164.692,0.052,0.037,9.616,0.000,4,-5,0
164.743,0.042,0.044,9.619,0.000,3,1,3
164.794,0.033,0.052,9.597,0.000,1,0,1
164.845,0.033,0.052,9.597,0.000,11,-7,-8
164.896,0.023,0.061,9.621,0.000,14,-11,-10
164.947,0.018,0.065,9.670,0.000,15,-10,-9
164.998,0.018,0.065,9.707,0.000,14,-8,-9
165.049,0.013,0.066,9.722,0.000,15,-10,-10
165.100,-0.002,0.073,9.722,0.000,16,-10,-9
165.151,-0.017,0.070,9.742,0.000,16,-9,-9
165.202,-0.017,0.070,9.745,0.000,4,0,-1
165.253,-0.037,0.066,9.712,0.000,-3,2,3
165.304,-0.056,0.060,9.712,0.000,2,-2,0
165.355,-0.072,0.055,9.701,0.000,2,0,0
165.406,-0.072,0.055,9.688,0.000,0,2,0
165.457,-0.090,0.059,9.696,0.000,-1,1,-1
165.508,-0.104,0.066,9.690,0.000,1,-1,0
165.559,-0.104,0.066,9.690,0.000,0,0,0
165.610,-0.114,0.073,9.687,0.000,0,1,0
165.661,-0.109,0.067,9.697,0.000,0,0,0
165.712,-0.104,0.061,9.699,0.000,0,0,0
165.763,-0.104,0.061,9.689,0.000,0,0,0
165.814,-0.096,0.052,9.689,0.000,0,0,0
165.865,-0.090,0.047,9.690,0.000,0,0,0
165.916,-0.090,0.047,9.694,0.000,0,0,0
165.967,-0.089,0.047,9.681,0.000,0,-1,0
166.018,-0.089,0.047,9.681,0.000,0,0,0
166.069,-0.090,0.048,9.690,0.000,0,0,0
166.120,-0.090,0.048,9.697,0.000,0,0,0
166.171,-0.090,0.048,9.690,0.000,-1,0,0
166.222,-0.090,0.048,9.707,0.000,0,0,0
166.273,-0.090,0.048,9.707,0.000,0,0,0
166.324,-0.089,0.047,9.678,0.000,0,0,1
166.375,-0.087,0.047,9.703,0.000,0,0,0
166.426,-0.086,0.046,9.704,0.000,0,0,0
166.477,-0.086,0.046,9.704,0.000,0,0,0
166.528,-0.086,0.046,9.691,0.000,0,0,0
166.579,-0.086,0.047,9.707,0.000,0,0,0
166.630,-0.086,0.047,9.696,0.000,0,0,0
166.681,-0.087,0.047,9.688,0.000,0,0,0
166.732,-0.085,0.047,9.688,0.000,0,0,0
166.783,-0.086,0.047,9.693,0.000,0,0,0
166.834,-0.086,0.047,9.700,0.000,0,0,0
166.885,-0.086,0.047,9.681,0.000,0,0,0
166.936,-0.087,0.047,9.681,0.000,0,0,0
166.987,-0.087,0.047,9.694,0.000,0,0,0
167.038,-0.087,0.047,9.696,0.000,0,0,0
167.089,-0.085,0.048,9.695,0.000,0,0,0
167.140,-0.085,0.048,9.696,0.000,0,0,0
167.191,-0.085,0.048,9.696,0.000,0,0,0
167.242,-0.084,0.048,9.689,0.000,0,0,0
167.293,-0.085,0.048,9.692,0.000,0,0,0
167.344,-0.087,0.048,9.698,0.000,0,0,0
167.395,-0.087,0.048,9.704,0.000,0,0,0
167.446,-0.088,0.048,9.704,0.000,0,0,0
167.497,-0.089,0.049,9.695,0.000,0,0,0
167.548,-0.089,0.048,9.715,0.000,0,0,0
167.599,-0.089,0.048,9.701,0.000,0,0,0
167.650,-0.088,0.048,9.701,0.000,0,0,0
167.701,-0.087,0.047,9.695,0.000,0,0,0
167.752,-0.087,0.047,9.700,0.000,0,0,0
167.803,-0.087,0.048,9.693,0.000,0,0,0
167.854,-0.088,0.048,9.683,0.000,0,0,0
167.905,-0.087,0.048,9.683,0.000,0,0,0
167.956,-0.087,0.048,9.693,0.000,0,0,0
168.007,-0.089,0.048,9.682,0.000,0,0,0
168.058,-0.088,0.047,9.689,0.000,0,0,0
168.109,-0.088,0.047,9.689,0.000,0,0,0
168.160,-0.087,0.048,9.679,0.000,0,0,0
168.211,-0.094,0.041,9.692,0.000,0,0,0
168.262,-0.092,0.041,9.700,0.000,0,0,0
168.313,-0.092,0.041,9.688,0.000,0,0,0
168.364,-0.092,0.042,9.688,0.000,0,0,0
168.415,-0.092,0.041,9.700,0.000,0,0,0
168.466,-0.092,0.041,9.696,0.000,0,0,0
168.517,-0.085,0.048,9.682,0.000,0,0,0
168.568,-0.085,0.047,9.682,0.000,0,0,0
168.619,-0.086,0.046,9.697,0.000,0,0,0
168.670,-0.086,0.046,9.692,0.000,0,0,0
168.721,-0.086,0.047,9.688,0.000,0,0,0
168.772,-0.087,0.048,9.685,0.000,0,0,0
168.823,-0.089,0.049,9.685,0.000,0,0,0
168.874,-0.089,0.049,9.704,0.000,0,0,0
168.925,-0.089,0.049,9.695,0.000,0,0,0
168.976,-0.089,0.049,9.678,0.000,0,0,0
169.027,-0.089,0.049,9.698,0.000,0,0,0
169.078,-0.088,0.048,9.701,0.000,0,0,0
169.129,-0.086,0.047,9.697,0.000,0,0,0
169.180,-0.088,0.048,9.698,0.000,0,0,0
169.231,-0.088,0.048,9.701,0.000,0,0,0
169.282,-0.087,0.048,9.701,0.000,0,0,0
169.333,-0.087,0.048,9.692,0.000,0,0,0
169.384,-0.087,0.048,9.696,0.000,0,0,0
169.435,-0.089,0.049,9.688,0.000,0,0,0
169.486,-0.089,0.049,9.692,0.000,0,0,0
169.537,-0.090,0.048,9.692,0.000,0,0,0
169.588,-0.090,0.048,9.689,0.000,0,0,0
169.639,-0.090,0.048,9.698,0.000,0,0,0
169.690,-0.088,0.048,9.694,0.000,0,0,0
169.741,-0.088,0.049,9.694,0.000,0,0,0
169.792,-0.088,0.049,9.704,0.000,0,0,0
169.843,-0.087,0.048,9.694,0.000,0,0,0
169.894,-0.086,0.048,9.689,0.000,0,0,0
169.945,-0.086,0.048,9.703,0.000,0,0,0
169.996,-0.087,0.049,9.703,0.000,0,0,0
170.047,-0.087,0.048,9.693,0.000,0,0,0
170.098,-0.086,0.048,9.683,0.000,0,0,0
170.149,-0.086,0.048,9.699,0.000,0,0,0
170.200,-0.087,0.048,9.699,0.000,0,0,0
170.251,-0.088,0.048,9.693,0.000,0,0,0
170.302,-0.088,0.048,9.693,0.000,0,0,0
170.353,-0.087,0.049,9.686,0.000,0,0,0
170.404,-0.088,0.049,9.699,0.000,0,0,0
170.455,-0.088,0.048,9.699,0.000,0,0,0
170.506,-0.088,0.048,9.693,0.000,0,1,0
170.557,-0.085,0.047,9.695,0.000,0,0,0
170.608,-0.087,0.047,9.688,0.000,0,0,0
170.659,-0.087,0.047,9.688,0.000,0,0,0
170.710,-0.087,0.047,9.688,0.000,0,0,0
170.761,-0.087,0.047,9.709,0.000,0,0,0
170.812,-0.088,0.048,9.694,0.000,0,0,0
170.863,-0.088,0.048,9.690,0.000,0,0,0
170.914,-0.091,0.051,9.690,0.000,0,0,0
170.965,-0.094,0.054,9.695,0.000,0,0,0
171.016,-0.099,0.061,9.697,0.000,0,0,0
171.067,-0.099,0.061,9.704,0.000,0,0,0
171.118,-0.104,0.067,9.693,0.000,0,0,0
171.169,-0.107,0.069,9.693,0.000,0,0,0
171.220,-0.107,0.069,9.688,0.000,0,0,0
171.271,-0.104,0.066,9.689,0.000,0,0,0
171.322,-0.098,0.059,9.694,0.000,0,0,0
171.373,-0.094,0.053,9.694,0.000,0,0,0
171.424,-0.094,0.053,9.686,0.000,0,0,0
171.475,-0.088,0.048,9.705,0.000,0,0,0
171.526,-0.087,0.047,9.698,0.000,0,0,0
171.577,-0.087,0.047,9.693,0.000,0,0,0
171.628,-0.088,0.048,9.693,0.000,0,0,0
171.679,-0.086,0.048,9.699,0.000,0,0,0
171.730,-0.085,0.048,9.700,0.000,0,0,0
171.781,-0.085,0.048,9.694,0.000,0,0,0
171.832,-0.086,0.049,9.694,0.000,0,0,0
171.883,-0.086,0.048,9.695,0.000,0,0,0
171.934,-0.088,0.048,9.692,0.000,0,0,0
171.985,-0.088,0.048,9.691,0.000,0,0,0
172.036,-0.089,0.049,9.701,0.000,0,0,0
172.087,-0.090,0.049,9.701,0.000,0,0,0
172.138,-0.090,0.049,9.682,0.000,0,0,0
172.189,-0.088,0.049,9.703,0.000,0,0,0
172.240,-0.088,0.049,9.685,0.000,0,0,0
172.291,-0.085,0.048,9.685,0.000,0,0,0
172.342,-0.085,0.048,9.716,0.000,0,0,0
172.393,-0.083,0.048,9.698,0.000,0,0,0
172.444,-0.083,0.048,9.686,0.000,0,0,0
172.495,-0.083,0.048,9.697,0.000,0,0,0
172.546,-0.084,0.048,9.697,0.000,0,0,0
172.597,-0.086,0.048,9.698,0.000,0,0,0
172.648,-0.087,0.047,9.694,0.000,0,0,0
172.699,-0.087,0.047,9.683,0.000,0,0,0
172.750,-0.087,0.047,9.685,0.000,1,0,0
172.801,-0.087,0.047,9.685,0.000,0,0,0
172.852,-0.086,0.048,9.691,0.000,0,0,0
172.903,-0.086,0.048,9.693,0.000,0,0,0
172.954,-0.086,0.048,9.693,0.000,0,0,-1
173.005,-0.087,0.049,9.693,0.000,0,0,0
173.056,-0.087,0.049,9.686,0.000,0,0,0
173.107,-0.087,0.049,9.681,0.000,0,0,0
173.158,-0.087,0.048,9.668,0.000,0,0,0
173.209,-0.086,0.049,9.699,0.000,0,0,0
173.260,-0.086,0.049,9.699,0.000,0,0,0
173.311,-0.085,0.048,9.703,0.000,0,0,0
173.362,-0.086,0.047,9.688,0.000,0,0,0
173.413,-0.086,0.047,9.683,0.000,0,0,0
173.464,-0.086,0.048,9.683,0.000,0,0,0
173.515,-0.087,0.047,9.686,0.000,0,0,0
173.566,-0.087,0.047,9.686,0.000,0,0,0
173.617,-0.087,0.047,9.685,0.000,0,0,0
173.668,-0.087,0.048,9.697,0.000,0,0,0
173.719,-0.087,0.048,9.697,0.000,0,0,0
173.770,-0.087,0.048,9.683,0.000,0,0,0
173.821,-0.086,0.049,9.696,0.000,0,0,0
173.872,-0.087,0.049,9.697,0.000,0,0,0
173.923,-0.087,0.049,9.697,0.000,0,0,0
173.974,-0.087,0.049,9.685,0.000,0,0,0
174.025,-0.092,0.049,9.688,0.000,0,0,0
174.076,-0.092,0.049,9.689,0.000,0,0,0
174.127,-0.092,0.049,9.705,0.000,0,0,0
174.178,-0.092,0.049,9.705,0.000,0,0,0
174.229,-0.092,0.049,9.693,0.000,0,0,0
174.280,-0.087,0.048,9.692,0.000,0,0,0
174.331,-0.087,0.048,9.695,0.000,0,0,0
174.382,-0.086,0.047,9.700,0.000,0,0,0
174.433,-0.085,0.047,9.700,0.000,0,0,0
174.484,-0.085,0.048,9.697,0.000,0,0,0
174.535,-0.085,0.048,9.701,0.000,0,0,0
174.586,-0.086,0.048,9.686,0.000,0,0,0
174.637,-0.087,0.049,9.686,0.000,0,0,0
174.688,-0.087,0.049,9.675,0.000,0,0,0
174.739,-0.087,0.049,9.685,0.000,0,0,0
174.790,-0.087,0.049,9.690,0.000,0,0,0
174.841,-0.088,0.049,9.701,0.000,0,0,0
174.892,-0.088,0.049,9.701,0.000,0,0,0
174.943,-0.088,0.049,9.694,0.000,0,0,0
174.994,-0.089,0.049,9.690,0.000,0,0,0
175.045,-0.089,0.049,9.692,0.000,0,0,0
175.096,-0.089,0.049,9.692,0.000,0,0,0
175.147,-0.088,0.049,9.703,0.000,0,0,0
175.198,-0.088,0.049,9.693,0.000,0,0,0
175.249,-0.088,0.049,9.690,0.000,0,0,0
175.300,-0.098,0.049,9.697,0.000,0,0,0
175.351,-0.098,0.050,9.697,0.000,0,0,0
175.402,-0.098,0.049,9.694,0.000,0,0,0
175.453,-0.098,0.049,9.697,0.000,0,0,0
175.504,-0.098,0.049,9.689,0.000,0,0,0
175.555,-0.098,0.049,9.689,0.000,0,0,0
175.606,-0.098,0.049,9.694,0.000,0,0,0
175.657,-0.098,0.049,9.688,0.000,0,0,0
175.708,-0.087,0.049,9.689,0.000,0,0,0
175.759,-0.086,0.049,9.700,0.000,0,0,0
175.810,-0.086,0.049,9.700,0.000,0,0,0
175.861,-0.086,0.049,9.678,0.000,0,0,0
175.912,-0.086,0.048,9.694,0.000,0,0,0
175.963,-0.086,0.048,9.704,0.000,0,0,0
176.014,-0.085,0.048,9.701,0.000,0,0,0
176.065,-0.087,0.048,9.689,0.000,0,0,0
176.116,-0.088,0.048,9.677,0.000,0,0,0
176.167,-0.088,0.048,9.682,0.000,0,0,0
176.218,-0.088,0.049,9.679,0.000,0,0,0
176.269,-0.090,0.048,9.679,0.000,0,0,0
176.320,-0.088,0.048,9.689,0.000,0,0,0
176.371,-0.088,0.048,9.697,0.000,0,0,0
176.422,-0.087,0.047,9.681,0.000,0,0,0
176.473,-0.087,0.048,9.692,0.000,0,0,0
176.524,-0.087,0.048,9.692,0.000,0,0,0
176.575,-0.087,0.049,9.682,0.000,0,0,0
176.626,-0.088,0.049,9.690,0.000,0,0,0
176.677,-0.088,0.050,9.690,0.000,0,0,0
176.728,-0.088,0.050,9.690,0.000,0,0,0
176.779,-0.088,0.049,9.673,0.000,0,0,0
176.830,-0.087,0.049,9.689,0.000,0,0,0
176.881,-0.087,0.049,9.679,0.000,0,0,0
176.932,-0.087,0.049,9.692,0.000,0,0,0
176.983,-0.088,0.049,9.692,0.000,0,0,0
177.034,-0.088,0.050,9.692,0.000,0,0,0
177.085,-0.088,0.050,9.683,0.000,0,0,0
177.136,-0.089,0.049,9.690,0.000,0,0,0
177.187,-0.088,0.049,9.690,0.000,0,0,0
177.238,-0.087,0.049,9.686,0.000,0,0,0
177.289,-0.087,0.049,9.693,0.000,0,0,0
177.340,-0.088,0.049,9.695,0.000,0,0,0
177.391,-0.087,0.050,9.696,0.000,0,0,0
177.442,-0.087,0.050,9.696,0.000,0,0,0
177.493,-0.087,0.049,9.694,0.000,0,0,0
177.544,-0.087,0.049,9.701,0.000,0,0,0
177.595,-0.086,0.048,9.688,0.000,0,0,0
177.646,-0.086,0.048,9.688,0.000,0,0,0
177.697,-0.086,0.048,9.701,0.000,0,0,0
177.748,-0.087,0.048,9.678,0.000,0,0,0
177.799,-0.087,0.048,9.704,0.000,0,0,0
177.850,-0.087,0.048,9.686,0.000,0,0,0
177.901,-0.088,0.049,9.686,0.000,0,0,0
177.952,-0.089,0.049,9.687,0.000,0,0,0
178.003,-0.089,0.049,9.681,0.000,0,0,0
178.054,-0.088,0.048,9.690,0.000,0,0,0
178.105,-0.089,0.049,9.692,0.000,0,0,0
178.156,-0.088,0.048,9.692,0.000,0,0,0
178.207,-0.088,0.048,9.680,0.000,0,0,0
178.258,-0.089,0.049,9.700,0.000,0,0,0
178.309,-0.088,0.049,9.693,0.000,0,0,0
178.360,-0.088,0.049,9.693,0.000,0,0,0
178.411,-0.088,0.048,9.701,0.000,0,0,0
178.462,-0.088,0.049,9.694,0.000,0,0,0
178.513,-0.087,0.047,9.692,0.000,0,0,0
178.564,-0.087,0.047,9.695,0.000,0,0,0
178.615,-0.088,0.048,9.695,0.000,0,0,0
178.666,-0.088,0.048,9.699,0.000,0,0,0
178.717,-0.088,0.048,9.697,0.000,0,0,0
178.768,-0.088,0.048,9.694,0.000,0,0,0
178.819,-0.088,0.049,9.694,0.000,0,0,0
178.870,-0.087,0.049,9.698,0.000,0,0,0
178.921,-0.087,0.049,9.693,0.000,0,0,0
178.972,-0.088,0.048,9.699,0.000,0,0,0
179.023,-0.089,0.048,9.697,0.000,0,0,0
179.074,-0.090,0.048,9.697,0.000,0,0,0
179.125,-0.090,0.048,9.692,0.000,0,0,0
179.176,-0.091,0.049,9.686,0.000,0,0,0
179.227,-0.094,0.045,9.686,0.000,0,0,0
179.278,-0.094,0.045,9.686,0.000,0,0,0
179.329,-0.092,0.045,9.694,0.000,0,0,0
179.380,-0.091,0.045,9.690,0.000,0,0,0
179.431,-0.090,0.044,9.689,0.000,0,0,0
179.482,-0.090,0.044,9.693,0.000,0,0,0
179.533,-0.085,0.048,9.693,0.000,0,0,0
179.584,-0.086,0.048,9.696,0.000,0,0,0
179.635,-0.086,0.048,9.707,0.000,0,0,0
179.686,-0.088,0.048,9.709,0.000,0,0,0
179.737,-0.088,0.048,9.692,0.000,0,0,0
179.788,-0.088,0.048,9.692,0.000,0,0,0
179.839,-0.088,0.048,9.682,0.000,0,0,0
179.890,-0.089,0.049,9.702,0.000,0,0,0
179.941,-0.089,0.049,9.690,0.000,0,0,0
179.992,-0.089,0.049,9.690,0.000,0,0,0
180.043,-0.091,0.049,9.690,0.000,0,0,0
180.094,-0.091,0.048,9.687,0.000,0,0,0
180.145,-0.089,0.047,9.701,0.000,0,0,0
180.196,-0.089,0.047,9.693,0.000,0,0,0
180.247,-0.089,0.048,9.693,0.000,0,0,0
180.298,-0.088,0.048,9.695,0.000,0,0,0
180.349,-0.089,0.049,9.696,0.000,0,0,0
180.400,-0.089,0.049,9.687,0.000,0,0,0
180.451,-0.089,0.050,9.687,0.000,0,0,0
180.502,-0.089,0.050,9.683,0.000,0,0,0
180.553,-0.089,0.050,9.700,0.000,0,0,0
180.604,-0.087,0.050,9.679,0.000,0,0,0
180.655,-0.087,0.050,9.700,0.000,0,0,0
180.706,-0.087,0.050,9.700,0.000,0,0,0
180.757,-0.087,0.050,9.689,0.000,0,0,0
180.808,-0.087,0.050,9.696,0.000,0,0,0
180.859,-0.088,0.049,9.692,0.000,0,0,0
180.910,-0.088,0.049,9.692,0.000,0,0,0
180.961,-0.088,0.049,9.712,0.000,0,0,0
181.012,-0.089,0.048,9.688,0.000,0,0,0
181.063,-0.089,0.048,9.690,0.000,0,0,0
181.114,-0.089,0.048,9.699,0.000,0,0,0
181.165,-0.089,0.048,9.699,0.000,0,0,0
181.216,-0.089,0.048,9.698,0.000,0,0,0
181.267,-0.089,0.048,9.693,0.000,0,0,0
181.318,-0.089,0.048,9.690,0.000,0,0,0
181.369,-0.089,0.048,9.693,0.000,0,0,0
181.420,-0.089,0.048,9.693,0.000,0,0,0
181.471,-0.089,0.048,9.697,0.000,0,0,0
181.522,-0.088,0.048,9.693,0.000,0,0,0
181.573,-0.087,0.048,9.693,0.000,0,0,0
181.624,-0.086,0.048,9.693,0.000,0,0,0
181.675,-0.086,0.048,9.685,0.000,0,0,0
181.726,-0.085,0.048,9.694,0.000,0,0,0
181.777,-0.085,0.048,9.692,0.000,0,0,0
181.828,-0.085,0.048,9.687,0.000,0,0,0
181.879,-0.085,0.048,9.687,0.000,0,0,0
181.930,-0.086,0.049,9.688,0.000,0,0,0
181.981,-0.086,0.049,9.696,0.000,0,0,0
182.032,-0.086,0.049,9.682,0.000,0,0,0
182.083,-0.088,0.049,9.682,0.000,0,0,0
182.134,-0.088,0.049,9.691,0.000,0,0,0
182.185,-0.088,0.049,9.694,0.000,0,0,0
182.236,-0.088,0.049,9.690,0.000,0,0,0
182.287,-0.088,0.050,9.695,0.000,0,0,0
182.338,-0.087,0.050,9.695,0.000,0,0,0
182.389,-0.087,0.050,9.693,0.000,0,0,0
182.440,-0.086,0.050,9.683,0.000,0,0,0
182.491,-0.087,0.049,9.696,0.000,0,0,0
182.542,-0.086,0.048,9.696,0.000,0,0,0
182.593,-0.086,0.048,9.692,0.000,0,0,0
182.644,-0.086,0.048,9.685,0.000,0,0,0
182.695,-0.086,0.048,9.697,0.000,0,0,0
182.746,-0.086,0.048,9.687,0.000,0,0,0
