6.011,-2.344,2.812,-2.195,0.000,-1,1,1
6.062,-2.344,2.812,-2.196,0.000,0,0,0
6.113,-2.348,2.812,-2.191,0.000,0,0,0
6.164,-2.348,2.812,-2.196,0.000,0,0,0
6.215,-2.346,2.812,-2.196,0.000,0,0,0
6.266,-2.346,2.812,-2.188,0.000,0,0,0
6.317,-2.348,2.809,-2.195,0.000,0,0,0
6.368,-2.348,2.809,-2.191,0.000,0,0,0
6.419,-2.348,2.808,-2.191,0.000,0,0,0
6.470,-2.348,2.808,-2.177,0.000,0,0,0
6.521,-2.348,2.808,-2.187,0.000,0,0,0
6.572,-2.347,2.809,-2.200,0.000,0,0,0
6.623,-2.347,2.809,-2.182,0.000,0,0,0
6.674,-2.347,2.809,-2.182,0.000,0,0,0
6.725,-2.348,2.812,-2.196,0.000,0,0,0
6.776,-2.348,2.812,-2.196,0.000,0,0,0
6.827,-2.346,2.814,-2.176,0.000,0,0,0
6.878,-2.346,2.814,-2.176,0.000,0,0,0
6.929,-2.346,2.814,-2.187,0.000,1,0,0
6.980,-2.348,2.815,-2.187,0.000,0,0,0
7.031,-2.348,2.815,-2.186,0.000,0,10,-9
7.082,-2.348,2.815,-2.190,0.000,1,12,-13
7.134,-2.348,2.814,-2.190,0.000,0,14,-14
7.185,-2.348,2.814,-2.191,0.000,1,14,-14
7.237,-2.348,2.814,-2.176,0.000,-4,14,-14
7.289,-2.344,2.809,-2.177,0.000,0,2,-2
7.340,-2.344,2.809,-2.209,0.000,1,1,2
7.391,-2.338,2.797,-2.209,0.000,0,4,-3
7.442,-2.338,2.797,-2.218,0.000,-2,-1,0
7.493,-2.338,2.797,-2.200,0.000,0,0,-1
7.544,-2.329,2.782,-2.200,0.000,1,1,-1
7.595,-2.329,2.782,-2.200,0.000,1,1,0
7.646,-2.329,2.782,-2.222,0.000,0,0,0
7.697,-2.315,2.766,-2.217,0.000,-1,0,1
7.748,-2.315,2.766,-2.190,0.000,-10,-10,-9
7.799,-2.315,2.766,-2.059,0.000,-14,-14,-14
7.851,-2.309,2.754,-2.059,0.000,-15,5,-15
7.902,-2.309,2.754,-1.933,0.000,-15,10,-14
7.953,-2.304,2.746,-1.839,0.000,-14,10,-15
8.004,-2.304,2.746,-1.774,0.000,-15,9,-15
8.055,-2.304,2.746,-1.774,0.000,-15,-9,-15
8.107,-2.297,2.742,-1.687,0.000,-1,0,-2
8.158,-2.297,2.742,-1.659,0.000,2,1,2
8.209,-2.297,2.742,-1.665,0.000,-4,-3,-5
8.260,-2.277,2.736,-1.636,0.000,-1,0,-1
8.311,-2.277,2.736,-1.636,0.000,1,1,3
8.362,-2.277,2.736,-1.650,0.000,-1,1,1
8.413,-2.260,2.732,-1.643,0.000,1,1,-1
8.464,-2.260,2.732,-1.680,0.000,10,10,9
8.515,-2.260,2.732,-1.814,0.000,14,14,14
8.566,-2.240,2.728,-1.814,0.000,14,13,14
8.617,-2.240,2.728,-1.949,0.000,13,14,14
8.669,-2.230,2.728,-2.050,0.000,0,0,-1
8.720,-2.230,2.728,-2.003,0.000,-3,-3,-2
8.771,-2.230,2.728,-2.003,0.000,3,3,3
8.822,-2.236,2.734,-2.034,0.000,0,0,-1
8.873,-2.236,2.734,-2.041,0.000,-11,-10,-10
8.924,-2.236,2.734,-1.894,0.000,-15,-15,-14
8.975,-2.235,2.737,-1.779,0.000,-14,-14,-14
9.026,-2.235,2.737,-1.779,0.000,1,0,-1
9.077,-2.235,2.737,-1.733,0.000,0,3,3
9.128,-2.243,2.742,-1.744,0.000,-2,-3,-3
9.179,-2.243,2.742,-1.725,0.000,0,-1,0
9.230,-2.239,2.739,-1.725,0.000,1,3,0
9.281,-2.239,2.739,-1.749,0.000,0,0,0
9.332,-2.239,2.739,-1.738,0.000,9,9,8
9.383,-2.236,2.732,-1.858,0.000,15,14,14
9.434,-2.236,2.732,-1.913,0.000,0,1,-1
9.485,-2.236,2.732,-1.913,0.000,-12,-12,-11
9.536,-2.234,2.728,-1.822,0.000,-14,-13,-14
9.588,-2.234,2.728,-1.693,0.000,-1,-1,-1
9.639,-2.234,2.728,-1.759,0.000,12,12,11
9.690,-2.231,2.726,-1.884,0.000,14,14,14
9.741,-2.231,2.726,-1.884,0.000,14,14,14
9.793,-2.230,2.724,-2.024,0.000,-9,-8,-9
9.844,-2.230,2.724,-1.962,0.000,-1,-1,-1
9.895,-2.230,2.724,-2.033,0.000,11,12,11
9.946,-2.231,2.726,-2.033,0.000,-1,-1,1
9.997,-2.231,2.726,-2.079,0.000,-12,-12,-12
10.048,-2.231,2.726,-1.954,0.000,-14,-14,-14
10.099,-2.234,2.728,-1.823,0.000,-14,-14,-15
10.150,-2.234,2.728,-1.753,0.000,0,0,0
10.201,-2.234,2.728,-1.753,0.000,0,2,3
10.303,-2.234,2.728,-1.662,0.000,-15,-14,-15
10.405,-2.234,2.728,-1.564,0.000,-7,-5,-7
10.456,-2.234,2.728,-1.554,0.000,-12,-11,-12
10.507,-2.234,2.728,-1.426,0.000,-12,-12,-12
10.559,-2.234,2.728,-1.334,0.000,-1,0,-1
10.610,-2.234,2.728,-1.386,0.000,1,3,3
10.661,-0.433,1.099,-1.386,0.000,1,-3,-2
10.712,-0.433,1.099,-1.359,0.000,0,0,-2
10.763,-0.433,1.099,-1.366,0.000,-1,0,1
10.814,-0.433,1.099,-1.357,0.000,0,-2,0
10.865,-0.433,1.099,-1.357,0.000,0,0,-1
10.916,-0.751,1.374,-1.357,0.000,0,1,0
10.967,-0.751,1.374,-1.356,0.000,0,0,0
11.018,-0.751,1.374,-1.362,0.000,1,-1,0
11.069,-0.751,1.374,-1.354,0.000,0,0,0
11.120,-0.751,1.374,-1.354,0.000,0,0,0
11.171,-0.751,1.374,-1.344,0.000,0,0,0
11.222,-0.751,1.374,-1.348,0.000,0,0,0
11.273,-0.751,1.374,-1.350,0.000,0,0,0
11.324,-0.751,1.374,-1.337,0.000,0,0,0
11.375,-0.751,1.374,-1.337,0.000,0,0,0
11.426,-0.751,1.374,-1.359,0.000,0,0,0
11.477,-0.751,1.374,-1.363,0.000,0,0,0
11.528,-0.751,1.374,-1.346,0.000,0,0,0
11.579,-0.751,1.374,-1.346,0.000,0,0,0
11.630,0.731,0.035,-1.357,0.000,0,0,0
11.681,0.731,0.035,-1.364,0.000,0,0,0
11.732,0.731,0.035,-1.352,0.000,0,1,0
11.783,0.293,0.429,-1.361,0.000,0,0,0
11.834,0.293,0.429,-1.361,0.000,0,0,0
11.885,0.293,0.429,-1.348,0.000,0,0,0
11.936,0.293,0.429,-1.360,0.000,0,0,1
11.987,0.293,0.429,-1.364,0.000,0,0,0
12.038,0.293,0.429,-1.364,0.000,0,0,0
12.089,-0.319,0.980,-1.379,0.000,0,0,0
12.140,-0.319,0.980,-1.367,0.000,0,0,0
12.191,-0.319,0.980,-1.365,0.000,0,0,0
12.242,-0.319,0.980,-1.364,0.000,0,0,0
12.293,-0.319,0.980,-1.364,0.000,-1,0,0
12.344,-0.422,1.073,-1.367,0.000,0,0,0
12.395,-0.422,1.073,-1.369,0.000,0,0,0
12.446,-0.422,1.073,-1.366,0.000,0,0,0
12.497,-0.427,1.079,-1.366,0.000,0,0,0
12.548,-0.427,1.079,-1.354,0.000,0,0,1
12.599,-0.427,1.079,-1.366,0.000,0,0,0
12.650,-0.427,1.078,-1.359,0.000,0,0,0
12.701,-0.427,1.078,-1.359,0.000,0,0,0
12.752,-0.427,1.078,-1.359,0.000,0,0,0
12.803,-0.427,1.078,-1.358,0.000,0,0,0
12.854,-0.427,1.078,-1.359,0.000,0,0,0
12.905,0.398,0.334,-1.366,0.000,0,0,0
12.956,0.398,0.334,-1.358,0.000,0,0,0
13.007,0.398,0.334,-1.358,0.000,0,0,0
13.058,0.398,0.333,-1.352,0.000,0,0,0
13.109,0.398,0.333,-1.363,0.000,0,0,0
13.160,0.398,0.333,-1.358,0.000,0,0,0
13.211,0.398,0.333,-1.358,0.000,0,0,0
13.262,0.398,0.333,-1.361,0.000,0,0,0
13.313,0.398,0.333,-1.379,0.000,0,0,0
13.364,0.398,0.333,-1.358,0.000,0,0,0
13.466,0.800,-0.025,-1.360,0.000,0,1,-1
13.517,0.800,-0.025,-1.370,0.000,0,10,-9
13.568,0.800,-0.025,-1.362,0.000,0,13,-13
13.619,0.800,-0.030,-1.373,0.000,0,14,-14
13.670,0.800,-0.030,-1.373,0.000,0,14,-14
13.721,0.800,-0.030,-1.364,0.000,0,15,-14
13.772,0.800,-0.030,-1.358,0.000,0,14,-14
13.823,0.800,-0.030,-1.360,0.000,0,15,-15
13.874,0.800,-0.030,-1.350,0.000,0,14,-14
13.925,0.800,-0.030,-1.350,0.000,0,15,-14
13.976,0.800,-0.030,-1.361,0.000,0,14,-15
14.027,1.015,-0.189,-1.362,0.000,0,15,-14
14.078,1.015,-0.189,-1.342,0.000,0,14,-14
14.129,1.015,-0.189,-1.342,0.000,0,15,-15
14.181,1.055,-0.189,-1.343,0.000,9,15,-2
14.232,1.055,-0.189,-1.408,0.000,13,16,1
14.283,1.055,-0.189,-1.496,0.000,14,16,0
14.334,1.098,-0.193,-1.572,0.000,-1,14,-9
14.385,1.098,-0.193,-1.572,0.000,1,13,-14
14.436,1.098,-0.193,-1.560,0.000,1,14,-14
14.487,1.098,-0.193,-1.566,0.000,-3,14,-15
14.538,1.098,-0.193,-1.552,0.000,-1,15,-14
14.589,1.098,-0.193,-1.543,0.000,2,14,-14
14.640,1.098,-0.193,-1.543,0.000,0,15,-15
14.691,1.098,-0.193,-1.549,0.000,0,14,-14
14.742,1.098,-0.193,-1.559,0.000,-1,15,-15
14.793,1.098,-0.193,-1.532,0.000,0,14,-14
14.895,1.098,-0.193,-1.582,0.000,13,16,0
14.998,1.098,-0.193,-1.755,0.000,14,16,-1
15.049,1.098,-0.193,-1.844,0.000,13,15,-1
15.100,1.098,-0.193,-1.844,0.000,14,15,-1
15.151,1.098,-0.193,-1.917,0.000,13,16,-1
15.202,1.098,-0.193,-2.002,0.000,14,15,-1
15.253,1.098,-0.193,-2.092,0.000,13,15,-1
15.304,1.098,-0.193,-2.092,0.000,13,16,-1
15.355,1.098,-0.193,-2.148,0.000,13,15,-1
15.406,1.098,-0.193,-2.240,0.000,12,15,-2
15.457,-1.861,2.610,-2.333,0.000,14,16,-1
15.508,-1.861,2.610,-2.396,0.000,13,15,-1
15.559,-1.861,2.610,-2.396,0.000,13,16,-2
15.610,-1.844,2.593,-2.498,0.000,13,15,-1
15.661,-1.844,2.593,-2.567,0.000,13,15,-2
15.712,-1.834,2.577,-2.660,0.000,13,16,-1
15.763,-1.834,2.577,-2.751,0.000,14,15,-2
15.814,-1.834,2.577,-2.751,0.000,-10,6,-10
15.865,-1.829,2.558,-2.727,0.000,-13,-2,-16
15.916,-1.829,2.558,-2.637,0.000,-14,3,-16
15.968,-1.829,2.558,-2.573,0.000,-3,11,-14
16.019,-1.826,2.540,-2.573,0.000,-1,15,-14
16.070,-1.826,2.540,-2.567,0.000,-2,14,-15
16.121,-1.826,2.540,-2.565,0.000,-1,15,-15
16.172,-1.822,2.517,-2.562,0.000,0,15,-14
16.223,-1.822,2.517,-2.569,0.000,0,15,-15
16.274,-1.822,2.484,-2.569,0.000,0,14,-15
16.325,-1.822,2.484,-2.543,0.000,1,15,-15
16.376,-1.822,2.484,-2.563,0.000,0,15,-14
16.427,-1.818,2.446,-2.553,0.000,0,15,-15
16.478,-1.818,2.446,-2.553,0.000,0,15,-15
16.530,-1.818,2.446,-2.551,0.000,-10,3,-15
16.581,-1.812,2.403,-2.482,0.000,-13,4,-17
16.632,-1.812,2.403,-2.404,0.000,-13,3,-15
16.683,-1.812,2.403,-2.351,0.000,-1,10,-15
16.734,-1.808,2.359,-2.351,0.000,2,14,-14
16.785,-1.808,2.359,-2.345,0.000,-5,14,-14
16.836,-1.804,2.318,-2.325,0.000,0,14,-15
16.887,-1.804,2.318,-2.342,0.000,0,15,-14
16.938,-1.804,2.318,-2.341,0.000,-10,3,-15
16.989,-1.797,2.279,-2.304,0.000,-14,3,-17
17.040,-1.797,2.279,-2.190,0.000,-2,10,-14
17.091,-1.797,2.279,-2.180,0.000,2,14,-13
17.142,-1.788,2.239,-2.195,0.000,-3,14,-15
17.193,-1.788,2.239,-2.195,0.000,-2,14,-14
17.245,-1.788,2.239,-2.163,0.000,-9,4,-16
17.296,-1.781,2.204,-2.111,0.000,0,7,-16
17.347,-1.781,2.204,-2.110,0.000,0,13,-14
17.398,-1.781,2.204,-2.115,0.000,-1,13,-14
17.449,-1.781,2.204,-2.115,0.000,1,14,-14
17.500,-1.781,2.204,-2.097,0.000,1,15,-15
17.551,-1.781,2.204,-2.089,0.000,-6,13,-15
17.602,-1.781,2.204,-2.047,0.000,-11,2,-16
17.653,-1.781,2.204,-2.047,0.000,-14,3,-17
17.705,-1.781,2.204,-1.975,0.000,-1,10,-14
17.756,-1.781,2.204,-1.932,0.000,0,14,-14
17.807,-1.781,2.204,-1.938,0.000,-2,14,-14
17.858,-1.781,2.204,-1.929,0.000,1,14,-14
17.909,-1.781,2.204,-1.929,0.000,0,15,-15
17.960,-1.781,2.204,-1.938,0.000,-1,14,-14
18.011,-1.781,2.204,-1.918,0.000,-1,14,-14
18.062,-1.781,2.204,-1.922,0.000,0,15,-15
18.113,-1.781,2.204,-1.922,0.000,0,14,-15
18.164,-1.781,2.204,-1.919,0.000,0,14,-14
18.215,-1.781,2.204,-1.934,0.000,0,15,-14
18.267,-1.781,2.204,-1.935,0.000,-9,3,-16
18.318,-1.781,2.204,-1.844,0.000,-13,2,-16
18.369,-1.781,2.204,-1.844,0.000,-13,3,-15
18.420,0.180,0.354,-1.750,0.000,-14,1,-16
18.473,0.180,0.354,-1.682,0.000,-1,9,-15
18.524,0.223,0.320,-1.686,0.000,1,15,-14
18.575,0.223,0.320,-1.682,0.000,-1,14,-14
18.626,0.223,0.320,-1.682,0.000,1,14,-14
18.677,0.223,0.320,-1.685,0.000,1,15,-15
18.728,0.223,0.320,-1.701,0.000,0,14,-14
18.779,0.223,0.320,-1.683,0.000,-1,15,-15
18.830,0.223,0.320,-1.683,0.000,0,14,-15
18.881,0.223,0.320,-1.694,0.000,0,15,-14
18.932,0.223,0.320,-1.693,0.000,0,14,-15
18.983,0.223,0.320,-1.676,0.000,0,14,-14
19.034,0.223,0.320,-1.690,0.000,0,15,-15
19.085,-1.400,1.837,-1.690,0.000,0,14,-14
19.136,-1.400,1.837,-1.686,0.000,0,14,-15
19.187,-1.400,1.837,-1.694,0.000,1,15,-14
19.238,-1.362,1.817,-1.677,0.000,0,14,-14
19.289,-1.362,1.817,-1.691,0.000,0,15,-14
19.340,-1.362,1.817,-1.691,0.000,0,14,-15
19.391,-1.324,1.797,-1.687,0.000,0,14,-14
19.442,-1.324,1.797,-1.681,0.000,0,15,-14
19.493,-1.324,1.797,-1.690,0.000,0,14,-15
19.544,-1.288,1.778,-1.690,0.000,0,14,-14
19.595,-1.288,1.778,-1.691,0.000,0,14,-14
19.646,-1.251,1.759,-1.681,0.000,0,14,-14
19.697,-1.251,1.759,-1.677,0.000,0,15,-14
19.748,-1.251,1.759,-1.677,0.000,0,14,-15
19.799,-1.219,1.745,-1.677,0.000,0,15,-14
19.850,-1.219,1.745,-1.675,0.000,0,14,-14
19.901,-1.219,1.745,-1.683,0.000,0,14,-14
19.952,-1.180,1.727,-1.665,0.000,0,14,-14
20.003,-1.180,1.727,-1.665,0.000,0,14,-15
20.054,-1.180,1.727,-1.664,0.000,0,15,-14
20.105,-1.143,1.708,-1.666,0.000,0,14,-14
20.156,-1.143,1.708,-1.666,0.000,0,14,-14
20.207,-1.143,1.708,-1.667,0.000,0,14,-14
20.258,-1.105,1.690,-1.667,0.000,0,14,-14
20.309,-1.105,1.690,-1.662,0.000,0,14,-14
20.360,-1.061,1.665,-1.653,0.000,0,0,0
20.411,-1.061,1.665,-1.659,0.000,0,-1,0
20.462,-1.061,1.665,-1.659,0.000,0,3,-3
20.513,-1.026,1.645,-1.658,0.000,0,-1,2
20.564,-1.026,1.645,-1.664,0.000,0,-1,0
20.615,-1.026,1.645,-1.659,0.000,0,0,-1
20.666,-0.994,1.629,-1.668,0.000,0,0,0
20.717,-0.994,1.629,-1.668,0.000,0,0,0
20.768,-0.994,1.629,-1.671,0.000,0,0,1
20.819,-0.971,1.618,-1.661,0.000,0,1,0
20.870,-0.971,1.618,-1.663,0.000,0,0,0
20.921,-0.971,1.618,-1.663,0.000,0,0,0
20.972,-0.971,1.618,-1.663,0.000,0,0,0
21.023,-0.971,1.618,-1.670,0.000,0,0,0
21.074,-0.971,1.618,-1.658,0.000,0,0,0
21.125,-0.971,1.618,-1.659,0.000,0,0,0
21.176,-0.971,1.618,-1.659,0.000,0,0,0
21.227,-0.971,1.618,-1.666,0.000,0,0,0
21.278,-0.971,1.618,-1.666,0.000,0,0,0
21.329,-0.971,1.618,-1.666,0.000,0,0,0
21.380,0.705,0.119,-1.656,0.000,0,0,0
21.431,0.705,0.119,-1.656,0.000,0,0,0
21.482,0.705,0.119,-1.656,0.000,0,0,0
21.533,0.705,0.119,-1.668,0.000,0,0,0
21.584,0.705,0.119,-1.669,0.000,0,0,-1
21.635,0.705,0.119,-1.669,0.000,-1,0,0
21.686,0.705,0.119,-1.673,0.000,0,0,0
21.737,0.705,0.119,-1.673,0.000,0,0,0
21.788,0.705,0.119,-1.666,0.000,0,0,0
21.839,0.705,0.119,-1.658,0.000,0,0,0
21.890,0.705,0.119,-1.658,0.000,0,0,0
21.941,-0.957,1.613,-1.670,0.000,0,0,0
21.992,-0.957,1.613,-1.675,0.000,0,0,0
22.043,-0.957,1.613,-1.661,0.000,0,0,0
22.094,-0.957,1.613,-1.661,0.000,0,0,0
22.145,-0.957,1.613,-1.660,0.000,0,0,0
22.196,-0.956,1.612,-1.660,0.000,0,0,0
22.247,-0.956,1.612,-1.668,0.000,0,0,0
22.298,-0.956,1.612,-1.670,0.000,0,0,0
22.349,-0.956,1.612,-1.670,0.000,0,0,0
22.400,-0.956,1.612,-1.661,0.000,0,0,0
22.451,-0.956,1.612,-1.665,0.000,0,0,0
22.502,-0.956,1.612,-1.654,0.000,0,0,0
22.553,-0.956,1.612,-1.654,0.000,0,0,0
22.604,-0.956,1.612,-1.646,0.000,0,0,0
22.655,-0.956,1.612,-1.657,0.000,0,0,0
22.706,-0.956,1.612,-1.661,0.000,0,0,0
22.757,0.705,0.118,-1.660,0.000,0,0,0
22.808,0.705,0.118,-1.660,0.000,0,0,0
22.859,0.705,0.118,-1.653,0.000,0,0,0
22.910,0.705,0.118,-1.668,0.000,0,0,0
22.961,0.705,0.118,-1.655,0.000,0,0,0
23.012,0.705,0.118,-1.656,0.000,0,0,0
23.063,0.705,0.118,-1.656,0.000,0,0,0
23.114,0.705,0.118,-1.654,0.000,0,0,0
23.165,0.705,0.118,-1.667,0.000,0,-1,0
23.216,0.705,0.118,-1.664,0.000,0,0,0
23.267,0.705,0.118,-1.664,0.000,0,0,0
23.318,-0.957,1.612,-1.660,0.000,0,0,0
23.369,-0.957,1.612,-1.667,0.000,0,0,0
23.420,-0.957,1.612,-1.656,0.000,0,0,0
23.471,-0.956,1.612,-1.664,0.000,0,0,0
23.522,-0.956,1.612,-1.664,0.000,0,0,0
23.573,-0.956,1.612,-1.667,0.000,0,0,0
23.624,-0.956,1.612,-1.657,0.000,0,0,0
23.675,-0.956,1.612,-1.663,0.000,0,0,0
23.726,-0.956,1.612,-1.663,0.000,0,0,0
23.777,-0.956,1.612,-1.660,0.000,0,0,0
23.828,-0.956,1.612,-1.665,0.000,0,0,0
23.879,-0.956,1.612,-1.661,0.000,0,0,0
23.930,-0.956,1.612,-1.662,0.000,0,0,0
23.981,-0.956,1.612,-1.662,0.000,0,0,0
24.032,0.704,0.118,-1.655,0.000,0,0,0
24.083,0.704,0.118,-1.652,0.000,0,0,0
24.134,0.704,0.118,-1.661,0.000,0,0,0
24.185,0.704,0.118,-1.661,0.000,0,0,0
24.236,0.704,0.118,-1.663,0.000,0,0,0
24.287,0.704,0.118,-1.661,0.000,0,0,0
24.338,0.704,0.118,-1.655,0.000,0,0,0
24.389,0.704,0.118,-1.663,0.000,0,0,0
24.440,0.704,0.118,-1.663,0.000,0,0,0
24.491,0.704,0.118,-1.654,0.000,0,0,0
24.542,0.704,0.118,-1.664,0.000,0,0,0
24.593,0.705,0.117,-1.655,0.000,0,0,0
24.644,0.705,0.117,-1.664,0.000,0,0,0
24.695,0.705,0.117,-1.664,0.000,0,0,0
24.746,0.705,0.118,-1.668,0.000,0,0,0
24.797,0.705,0.118,-1.658,0.000,0,0,0
24.848,0.705,0.118,-1.661,0.000,0,0,0
24.899,0.704,0.118,-1.661,0.000,0,0,0
24.950,0.704,0.118,-1.671,0.000,0,0,0
25.001,0.704,0.118,-1.674,0.000,0,0,0
25.052,0.704,0.118,-1.665,0.000,0,0,0
25.103,0.704,0.118,-1.657,0.000,0,0,0
25.154,0.704,0.118,-1.657,0.000,0,0,0
25.205,0.704,0.118,-1.660,0.000,0,0,0
25.256,0.704,0.118,-1.674,0.000,0,0,0
25.307,0.704,0.118,-1.669,0.000,0,0,0
25.358,0.704,0.118,-1.669,0.000,0,0,0
25.409,0.704,0.118,-1.658,0.000,0,0,0
25.460,0.704,0.118,-1.667,0.000,0,0,0
25.511,0.704,0.118,-1.656,0.000,0,0,0
25.562,-0.957,1.613,-1.658,0.000,0,0,0
25.613,-0.957,1.613,-1.658,0.000,0,0,0
25.664,-0.957,1.613,-1.654,0.000,0,0,0
25.715,-0.958,1.613,-1.655,0.000,0,0,0
25.766,-0.958,1.613,-1.669,0.000,0,0,0
25.817,-0.958,1.613,-1.669,0.000,0,0,0
25.868,-0.958,1.613,-1.675,0.000,0,0,0
25.919,-0.958,1.613,-1.660,0.000,0,0,0
25.970,-0.958,1.613,-1.664,0.000,0,0,0
26.021,-0.958,1.613,-1.673,0.000,0,0,0
26.072,-0.958,1.613,-1.673,0.000,0,0,0
26.123,-0.958,1.613,-1.671,0.000,0,0,0
26.174,-0.958,1.613,-1.665,0.000,0,0,0
26.225,-0.958,1.613,-1.666,0.000,0,0,0
26.276,0.704,0.117,-1.660,0.000,0,0,0
26.327,0.704,0.117,-1.660,0.000,0,0,0
26.378,0.704,0.117,-1.668,0.000,0,0,0
26.482,0.701,0.121,-1.666,0.000,0,4,-4
26.534,0.701,0.121,-1.666,0.000,0,8,-8
26.586,0.700,0.121,-1.650,0.000,0,11,-10
26.638,0.700,0.121,-1.650,0.000,0,12,-13
26.689,0.702,0.118,-1.634,0.000,0,14,-13
26.740,0.702,0.118,-1.636,0.000,0,14,-14
26.791,0.702,0.118,-1.636,0.000,0,14,-15
26.842,0.712,0.113,-1.654,0.000,0,14,-14
26.893,0.712,0.113,-1.628,0.000,0,14,-14
26.944,0.712,0.113,-1.611,0.000,0,14,-15
26.995,0.712,0.113,-1.622,0.000,0,14,-14
27.046,0.712,0.113,-1.622,0.000,0,14,-14
27.097,0.712,0.113,-1.618,0.000,0,15,-15
27.148,0.712,0.113,-1.608,0.000,0,14,-14
27.199,0.712,0.113,-1.591,0.000,0,14,-14
27.250,0.712,0.113,-1.591,0.000,0,14,-14
27.301,0.712,0.113,-1.587,0.000,0,14,-14
27.352,0.712,0.113,-1.593,0.000,0,15,-14
27.403,-0.824,1.548,-1.593,0.000,0,14,-15
27.454,-0.824,1.548,-1.571,0.000,0,14,-14
27.505,-0.824,1.548,-1.571,0.000,0,14,-14
27.556,-0.778,1.521,-1.576,0.000,0,14,-14
27.607,-0.778,1.521,-1.566,0.000,0,14,-14
27.658,-0.778,1.521,-1.568,0.000,0,14,-15
27.709,-0.570,1.495,-1.568,0.000,0,15,-14
27.760,-0.570,1.495,-1.562,0.000,0,14,-14
27.811,-0.570,1.495,-1.573,0.000,0,14,-14
27.862,-0.533,1.478,-1.549,0.000,0,14,-14
27.913,-0.533,1.478,-1.548,0.000,0,14,-15
27.964,-0.496,1.460,-1.548,0.000,0,14,-14
28.015,-0.496,1.460,-1.545,0.000,0,14,-14
28.066,-0.496,1.460,-1.554,0.000,0,14,-14
28.117,-0.468,1.450,-1.547,0.000,0,14,-14
28.168,-0.468,1.450,-1.547,0.000,0,14,-15
28.219,-0.468,1.450,-1.546,0.000,0,14,-14
28.270,-0.599,1.440,-1.549,0.000,0,14,-14
28.321,-0.599,1.440,-1.554,0.000,0,15,-14
28.372,-0.599,1.440,-1.553,0.000,0,-1,1
28.423,-0.560,1.421,-1.553,0.000,0,1,1
28.474,-0.560,1.421,-1.562,0.000,0,1,-1
28.525,-0.520,1.403,-1.556,0.000,0,-3,3
28.576,-0.520,1.403,-1.547,0.000,0,-1,0
28.627,-0.520,1.403,-1.547,0.000,0,2,-1
28.678,-0.489,1.389,-1.547,0.000,0,1,0
28.729,-0.489,1.389,-1.566,0.000,0,-1,0
28.780,-0.489,1.389,-1.543,0.000,0,0,1
28.831,-0.469,1.381,-1.556,0.000,0,0,0
28.882,-0.469,1.381,-1.556,0.000,0,1,0
28.933,-0.469,1.381,-1.553,0.000,0,0,0
28.984,-0.458,1.377,-1.568,0.000,0,0,0
29.035,-0.458,1.377,-1.553,0.000,0,0,0
29.086,-0.456,1.374,-1.559,0.000,0,0,0
29.137,-0.456,1.374,-1.559,0.000,0,0,0
29.188,-0.456,1.374,-1.568,0.000,0,0,0
29.239,-0.457,1.375,-1.559,0.000,0,0,0
29.290,-0.457,1.375,-1.563,0.000,0,0,0
29.341,-0.457,1.375,-1.563,0.000,0,0,0
29.392,-0.458,1.373,-1.559,0.000,0,0,0
29.443,-0.458,1.373,-1.565,0.000,0,0,0
29.494,-0.458,1.373,-1.568,0.000,0,0,-1
29.545,-0.458,1.372,-1.559,0.000,0,0,0
29.596,-0.458,1.372,-1.559,0.000,0,0,0
29.647,-0.460,1.374,-1.560,0.000,0,0,0
29.698,-0.460,1.374,-1.556,0.000,0,0,0
29.749,-0.460,1.374,-1.563,0.000,0,0,0
29.800,-0.457,1.372,-1.563,0.000,0,0,0
29.851,-0.457,1.372,-1.559,0.000,0,0,0
29.902,-0.457,1.372,-1.554,0.000,0,0,0
29.953,-0.457,1.373,-1.563,0.000,0,0,0
30.004,-0.457,1.373,-1.559,0.000,0,0,0
30.055,-0.457,1.373,-1.559,0.000,0,0,0
30.106,-0.457,1.372,-1.559,0.000,0,0,0
30.157,-0.457,1.372,-1.553,0.000,0,0,0
30.208,-0.457,1.372,-1.556,0.000,0,0,0
30.259,-0.456,1.373,-1.556,0.000,0,0,0
30.310,-0.456,1.373,-1.550,0.000,0,0,0
30.361,-0.458,1.376,-1.571,0.000,0,0,0
30.412,-0.458,1.376,-1.571,0.000,0,0,0
30.463,-0.458,1.376,-1.557,0.000,0,-1,0
30.514,-0.459,1.375,-1.557,0.000,0,0,0
30.565,-0.459,1.375,-1.557,0.000,0,0,0
30.616,-0.459,1.375,-1.553,0.000,0,-1,0
30.667,-0.459,1.375,-1.559,0.000,0,0,0
30.718,-0.459,1.375,-1.557,0.000,0,0,0
30.769,-0.459,1.375,-1.557,0.000,0,0,0
30.820,-0.459,1.374,-1.553,0.000,0,0,0
30.871,-0.459,1.374,-1.544,0.000,0,0,0
30.922,-0.461,1.373,-1.556,0.000,0,0,0
30.973,-0.461,1.373,-1.556,0.000,0,0,0
31.024,-0.461,1.373,-1.563,0.000,0,0,0
31.075,-0.463,1.372,-1.551,0.000,0,0,0
31.126,-0.463,1.372,-1.557,0.000,0,0,0
31.177,-0.463,1.372,-1.554,0.000,0,0,0
31.228,-0.463,1.373,-1.554,0.000,0,0,0
31.279,-0.463,1.373,-1.560,0.000,0,0,0
31.330,-0.463,1.373,-1.556,0.000,0,0,0
31.381,-0.462,1.373,-1.562,0.000,0,0,0
31.432,-0.462,1.373,-1.562,0.000,0,0,0
31.483,-0.462,1.374,-1.556,0.000,0,0,0
31.534,-0.462,1.374,-1.563,0.000,0,0,0
31.585,-0.462,1.374,-1.553,0.000,0,0,0
31.636,-0.460,1.375,-1.563,0.000,0,0,0
31.687,-0.460,1.375,-1.563,0.000,0,0,0
31.738,-0.460,1.375,-1.554,0.000,0,0,0
31.789,-0.460,1.374,-1.554,0.000,0,0,0
31.840,-0.460,1.374,-1.554,0.000,0,0,0
31.891,-0.460,1.374,-1.554,0.000,0,0,0
31.942,-0.460,1.373,-1.557,0.000,0,0,0
31.993,-0.460,1.373,-1.551,0.000,0,0,0
32.044,-0.461,1.372,-1.553,0.000,0,0,0
32.095,-0.461,1.372,-1.563,0.000,0,0,0
32.146,-0.461,1.372,-1.563,0.000,0,0,0
32.197,-0.462,1.372,-1.551,0.000,0,0,0
32.248,-0.462,1.372,-1.559,0.000,0,0,0
32.299,-0.462,1.372,-1.556,0.000,0,1,0
32.350,-0.462,1.371,-1.556,0.000,0,0,0
32.401,-0.462,1.371,-1.556,0.000,0,0,0
32.452,-0.462,1.371,-1.556,0.000,0,0,0
32.503,-0.462,1.371,-1.553,0.000,0,0,0
32.554,-0.462,1.371,-1.565,0.000,0,0,0
32.605,-0.462,1.375,-1.565,0.000,0,0,0
32.656,-0.462,1.375,-1.557,0.000,0,0,0
32.707,-0.462,1.375,-1.560,0.000,0,0,0
32.758,-0.463,1.376,-1.553,0.000,0,0,0
32.809,-0.463,1.376,-1.553,0.000,0,0,0
32.860,-0.463,1.376,-1.553,0.000,0,0,0
32.911,-0.461,1.377,-1.556,0.000,0,0,0
32.962,-0.461,1.377,-1.563,0.000,0,0,0
33.013,-0.461,1.377,-1.559,0.000,0,0,0
33.064,-0.462,1.377,-1.559,0.000,0,0,0
33.115,-0.462,1.377,-1.566,0.000,0,0,0
33.166,-0.462,1.377,-1.561,0.000,0,0,0
33.217,-0.461,1.376,-1.550,0.000,0,0,0
33.268,-0.461,1.376,-1.565,0.000,0,0,0
33.319,-0.460,1.376,-1.565,0.000,0,0,0
33.370,-0.460,1.376,-1.561,0.000,0,0,0
33.421,-0.460,1.376,-1.553,0.000,0,0,0
33.472,-0.459,1.374,-1.548,0.000,0,0,0
33.523,-0.459,1.374,-1.548,0.000,0,0,0
33.574,-0.459,1.374,-1.562,0.000,0,0,0
33.625,-0.458,1.372,-1.553,0.000,0,0,0
33.676,-0.458,1.372,-1.553,0.000,0,0,0
33.727,-0.458,1.372,-1.556,0.000,0,0,0
33.778,-0.459,1.372,-1.556,0.000,0,0,0
33.829,-0.459,1.372,-1.562,0.000,0,0,0
33.880,-0.459,1.372,-1.556,0.000,0,0,0
33.931,-0.459,1.372,-1.559,0.000,0,0,0
33.982,-0.459,1.372,-1.559,0.000,0,0,0
34.033,-0.461,1.374,-1.572,0.000,0,0,0
34.084,-0.461,1.374,-1.556,0.000,0,0,0
34.135,-0.461,1.374,-1.559,0.000,0,0,0
34.186,-0.462,1.375,-1.567,0.000,0,0,0
34.237,-0.462,1.375,-1.567,0.000,0,0,0
34.288,-0.462,1.375,-1.554,0.000,0,0,1
34.339,-0.461,1.376,-1.553,0.000,0,0,0
34.390,-0.461,1.376,-1.550,0.000,0,0,0
34.441,-0.461,1.376,-1.554,0.000,0,0,0
34.492,-0.461,1.376,-1.554,0.000,0,0,0
34.543,-0.461,1.376,-1.550,0.000,0,0,0
34.594,-0.461,1.376,-1.565,0.000,0,0,0
34.645,-0.461,1.376,-1.550,0.000,0,0,0
34.696,-0.461,1.376,-1.550,0.000,0,0,0
34.747,-0.462,1.375,-1.565,0.000,0,0,0
34.798,-0.462,1.375,-1.562,0.000,0,0,0
34.849,-0.462,1.375,-1.557,0.000,0,0,0
34.900,-0.461,1.373,-1.565,0.000,0,0,0
34.951,-0.461,1.373,-1.565,0.000,0,0,0
35.002,-0.461,1.373,-1.556,0.000,0,0,0
35.053,-0.461,1.373,-1.550,0.000,0,0,0
35.104,-0.461,1.373,-1.554,0.000,0,0,0
35.155,-0.460,1.374,-1.554,0.000,0,0,0
35.206,-0.460,1.374,-1.553,0.000,0,0,0
35.257,-0.460,1.374,-1.562,0.000,0,0,0
35.308,-0.460,1.375,-1.559,0.000,0,0,0
35.359,-0.460,1.375,-1.556,0.000,0,0,0
35.410,-0.460,1.375,-1.556,0.000,0,0,0
35.461,-0.462,1.375,-1.560,0.000,0,0,0
35.512,-0.462,1.375,-1.565,0.000,0,0,0
35.563,-0.461,1.374,-1.550,0.000,0,0,0
35.614,-0.461,1.374,-1.550,0.000,0,0,0
35.665,-0.461,1.374,-1.552,0.000,0,0,0
35.716,-0.462,1.374,-1.562,0.000,0,0,0
35.767,-0.462,1.374,-1.565,0.000,0,0,0
35.818,-0.462,1.374,-1.548,0.000,0,0,0
35.869,-0.462,1.374,-1.548,0.000,0,0,0
35.920,-0.462,1.374,-1.545,0.000,0,0,0
35.971,-0.462,1.374,-1.551,0.000,0,0,0
36.022,-0.462,1.374,-1.565,0.000,0,0,0
36.073,-0.462,1.374,-1.557,0.000,0,0,0
36.124,-0.462,1.374,-1.557,0.000,0,0,0
36.175,-0.462,1.375,-1.560,0.000,0,0,0
36.226,-0.462,1.375,-1.561,0.000,0,0,0
36.277,-0.461,1.375,-1.553,0.000,0,0,0
36.328,-0.461,1.375,-1.553,0.000,0,0,0
36.379,-0.461,1.375,-1.567,0.000,0,0,0
36.430,-0.461,1.375,-1.563,0.000,0,0,0
36.481,-0.461,1.375,-1.554,0.000,0,0,0
36.532,-0.461,1.375,-1.565,0.000,0,0,0
36.583,-0.461,1.373,-1.565,0.000,0,0,0
36.634,-0.461,1.373,-1.550,0.000,0,0,0
36.685,-0.461,1.373,-1.565,0.000,0,0,0
36.736,-0.461,1.372,-1.559,0.000,0,0,0
36.787,-0.461,1.372,-1.559,0.000,0,0,0
36.838,-0.462,1.372,-1.556,0.000,0,0,0
36.889,-0.462,1.372,-1.556,0.000,0,0,0
36.940,-0.462,1.372,-1.550,0.000,0,0,0
36.991,-0.463,1.372,-1.557,0.000,0,0,0
37.042,-0.463,1.372,-1.557,0.000,0,0,0
37.093,-0.463,1.372,-1.559,0.000,0,0,0
37.144,-0.463,1.372,-1.565,0.000,0,0,0
37.195,-0.463,1.372,-1.553,0.000,0,0,0
37.246,-0.463,1.372,-1.553,0.000,0,0,0
37.297,-0.464,1.372,-1.565,0.000,0,0,0
37.348,-0.464,1.372,-1.556,0.000,0,0,0
37.399,-0.464,1.374,-1.557,0.000,0,0,0
37.450,-0.464,1.374,-1.560,0.000,0,0,0
37.501,-0.464,1.374,-1.560,0.000,0,0,0
37.552,-0.464,1.374,-1.548,0.000,0,0,0
37.603,-0.464,1.374,-1.553,0.000,0,0,0
37.654,-0.464,1.374,-1.560,0.000,0,0,0
37.705,-0.462,1.375,-1.562,0.000,0,0,0
37.756,-0.462,1.375,-1.558,0.000,0,0,0
37.807,-0.462,1.375,-1.556,0.000,0,0,0
37.858,-0.462,1.375,-1.571,0.000,0,0,0
37.909,-0.462,1.375,-1.557,0.000,0,0,0
37.960,-0.461,1.376,-1.557,0.000,0,0,0
38.011,-0.461,1.376,-1.556,0.000,0,0,0
38.062,-0.461,1.376,-1.554,0.000,0,0,0
38.113,-0.460,1.377,-1.565,0.000,0,0,0
38.164,-0.460,1.377,-1.559,0.000,0,0,0
38.215,-0.460,1.377,-1.559,0.000,0,0,0
38.266,-0.460,1.377,-1.559,0.000,0,0,0
38.317,-0.460,1.377,-1.560,0.000,0,0,0
38.368,-0.460,1.377,-1.577,0.000,0,0,0
38.419,-0.459,1.377,-1.577,0.000,0,0,0
38.470,-0.459,1.377,-1.553,0.000,0,0,0
38.521,-0.459,1.375,-1.553,0.000,0,0,0
38.572,-0.459,1.375,-1.553,0.000,0,0,0
38.623,-0.459,1.375,-1.562,0.000,0,0,0
38.674,-0.461,1.374,-1.562,0.000,0,0,0
38.725,-0.461,1.374,-1.557,0.000,0,0,0
38.776,-0.461,1.374,-1.562,0.000,0,0,0
38.827,-0.461,1.374,-1.566,0.000,0,0,0
38.878,-0.461,1.374,-1.566,0.000,0,0,0
38.929,-0.461,1.374,-1.557,0.000,0,0,0
38.980,-0.465,1.377,-1.559,0.000,0,0,0
39.031,-0.465,1.377,-1.547,0.000,0,0,0
39.082,-0.465,1.377,-1.568,0.000,0,0,0
39.133,-0.465,1.378,-1.568,0.000,0,0,0
39.184,-0.465,1.378,-1.562,0.000,0,0,0
39.235,-0.464,1.377,-1.550,0.000,0,0,0
39.286,-0.464,1.377,-1.573,0.000,0,0,0
39.337,-0.464,1.377,-1.573,0.000,0,0,0
39.388,-0.463,1.377,-1.550,0.000,0,0,0
39.439,-0.463,1.377,-1.562,0.000,0,0,0
39.490,-0.463,1.377,-1.565,0.000,0,0,0
39.541,-0.460,1.373,-1.566,0.000,0,0,0
39.592,-0.460,1.373,-1.566,0.000,0,0,0
39.643,-0.460,1.373,-1.547,0.000,0,0,0
39.694,-0.459,1.373,-1.554,0.000,0,0,0
39.745,-0.459,1.373,-1.562,0.000,0,0,0
39.796,-0.459,1.373,-1.566,0.000,0,0,0
39.847,-0.459,1.373,-1.566,0.000,0,0,0
39.898,-0.459,1.373,-1.568,0.000,0,0,0
39.949,-0.461,1.373,-1.556,0.000,0,0,0
40.000,-0.461,1.373,-1.568,0.000,0,0,0
40.051,-0.461,1.373,-1.568,0.000,0,0,0
40.102,-0.460,1.374,-1.556,0.000,0,0,0
40.153,-0.460,1.374,-1.563,0.000,0,0,0
40.204,-0.460,1.374,-1.560,0.000,0,0,0
40.255,-0.461,1.373,-1.562,0.000,0,0,0
40.306,-0.461,1.373,-1.562,0.000,0,0,0
40.357,-0.461,1.374,-1.559,0.000,0,0,0
40.408,-0.461,1.374,-1.560,0.000,0,0,0
40.459,-0.461,1.374,-1.563,0.000,0,0,0
40.510,-0.461,1.374,-1.563,0.000,0,0,0
40.561,-0.461,1.374,-1.559,0.000,0,0,0
40.612,-0.461,1.374,-1.550,0.000,0,0,0
40.663,-0.461,1.373,-1.557,0.000,0,0,0
40.714,-0.461,1.373,-1.570,0.000,0,0,0
40.765,-0.461,1.373,-1.570,0.000,0,0,0
40.816,-0.461,1.372,-1.559,0.000,0,0,0
40.867,-0.461,1.372,-1.557,0.000,0,0,0
40.918,-0.461,1.374,-1.559,0.000,0,0,0
40.969,-0.461,1.374,-1.559,0.000,0,0,0
41.020,-0.461,1.374,-1.564,0.000,0,0,0
41.122,-0.461,1.375,-1.553,0.000,0,0,0
41.173,-0.461,1.375,-1.562,0.000,0,0,0
41.224,-0.462,1.374,-1.562,0.000,0,0,0
41.275,-0.462,1.374,-1.565,0.000,0,0,0
41.326,-0.462,1.374,-1.559,0.000,0,0,0
41.377,-0.462,1.374,-1.554,0.000,0,0,0
41.428,-0.462,1.374,-1.559,0.000,0,0,0
41.479,-0.462,1.372,-1.559,0.000,0,0,0
41.530,-0.462,1.372,-1.554,0.000,0,0,0
41.581,-0.462,1.372,-1.565,0.000,0,0,0
41.632,-0.464,1.372,-1.562,0.000,0,0,0
41.683,-0.464,1.372,-1.562,0.000,0,0,0
41.734,-0.464,1.372,-1.554,0.000,0,0,0
41.785,-0.464,1.372,-1.551,0.000,0,0,0
41.836,-0.464,1.372,-1.562,0.000,0,0,0
41.887,-0.464,1.372,-1.563,0.000,0,0,0
41.938,-0.464,1.373,-1.563,0.000,0,0,0
41.989,-0.464,1.373,-1.568,0.000,0,0,0
42.040,-0.464,1.373,-1.559,0.000,0,0,0
42.091,-0.463,1.374,-1.560,0.000,0,0,0
42.142,-0.463,1.374,-1.560,0.000,0,0,0
42.193,-0.462,1.373,-1.565,0.000,0,0,0
42.244,-0.462,1.373,-1.560,0.000,0,0,0
42.295,-0.462,1.373,-1.556,0.000,0,0,0
42.346,-0.462,1.373,-1.556,0.000,0,0,0
42.397,-0.462,1.373,-1.556,0.000,0,0,0
42.448,-0.462,1.373,-1.565,0.000,0,0,0
42.499,-0.461,1.373,-1.556,0.000,0,0,0
42.550,-0.461,1.373,-1.551,0.000,0,0,0
42.601,-0.461,1.373,-1.551,0.000,0,0,0
42.652,-0.459,1.371,-1.553,0.000,0,0,0
42.703,-0.459,1.371,-1.551,0.000,0,0,0
42.754,-0.459,1.372,-1.556,0.000,0,0,0
42.805,-0.459,1.372,-1.554,0.000,0,0,0
42.856,-0.459,1.372,-1.554,0.000,0,0,0
42.907,-0.457,1.372,-1.562,0.000,0,0,0
42.958,-0.457,1.372,-1.558,0.000,0,0,0
43.009,-0.457,1.372,-1.562,0.000,0,0,0
43.060,-0.457,1.371,-1.550,0.000,0,-1,0
43.111,-0.457,1.371,-1.550,0.000,0,0,0
43.162,-0.457,1.371,-1.551,0.000,0,0,0
43.213,-0.459,1.375,-1.559,0.000,0,0,0
43.264,-0.459,1.375,-1.562,0.000,0,0,0
43.316,-0.459,1.373,-1.562,0.000,0,0,0
43.367,-0.459,1.373,-1.565,0.000,0,0,0
43.418,-0.459,1.373,-1.554,0.000,0,0,0
43.469,-0.458,1.371,-1.559,0.000,0,0,0
43.520,-0.458,1.371,-1.550,0.000,0,0,0
43.571,-0.458,1.371,-1.550,0.000,0,0,0
43.674,-0.458,1.373,-1.545,0.000,-2,1,0
43.725,-0.458,1.373,-1.560,0.000,-11,7,7
43.776,-0.462,1.374,-1.560,0.000,-14,9,10
43.827,-0.462,1.374,-1.615,0.000,-14,9,10
43.878,-0.463,1.376,-1.649,0.000,-14,9,10
43.930,-0.463,1.376,-1.671,0.000,-15,12,3
43.981,-0.463,1.376,-1.658,0.000,-15,13,-3
44.033,-0.464,1.391,-1.658,0.000,-16,15,-3
44.085,-0.464,1.391,-1.664,0.000,-15,15,-3
44.136,-0.464,1.391,-1.650,0.000,-16,14,-3
44.187,-0.454,1.410,-1.661,0.000,-15,15,-3
44.238,-0.454,1.410,-1.650,0.000,-15,15,-3
44.289,-0.454,1.410,-1.650,0.000,-16,15,-2
44.340,-0.435,1.431,-1.652,0.000,-15,15,-3
44.391,-0.435,1.431,-1.655,0.000,-15,15,-3
44.442,-0.406,1.460,-1.665,0.000,-16,15,-2
44.493,-0.406,1.460,-1.665,0.000,-15,15,-3
44.544,-0.406,1.460,-1.658,0.000,-16,16,-3
44.595,-0.364,1.478,-1.660,0.000,-15,15,-2
44.646,-0.364,1.478,-1.688,0.000,-16,15,-2
44.697,-0.364,1.478,-1.692,0.000,-15,15,-3
44.748,-0.318,1.488,-1.692,0.000,-16,15,-2
44.799,-0.318,1.488,-1.694,0.000,-16,15,-2
44.850,-0.318,1.488,-1.705,0.000,-15,15,-2
44.901,-0.264,1.495,-1.700,0.000,-16,16,-3
44.952,-0.264,1.495,-1.700,0.000,-16,15,-3
45.003,-0.220,1.513,-1.713,0.000,-15,15,-2
45.054,-0.220,1.513,-1.713,0.000,-16,15,-3
45.105,-0.220,1.513,-1.722,0.000,-16,16,-2
45.157,-0.181,1.535,-1.707,0.000,-16,15,-6
45.208,-0.181,1.535,-1.707,0.000,-15,16,-7
45.259,-0.181,1.535,-1.706,0.000,-16,15,-7
45.310,-0.152,1.565,-1.712,0.000,-16,15,-8
45.361,-0.152,1.565,-1.714,0.000,-15,16,-7
45.412,-0.152,1.565,-1.683,0.000,-16,16,-6
45.463,-0.119,1.600,-1.683,0.000,-16,15,-7
45.514,-0.119,1.600,-1.674,0.000,-16,15,-6
45.565,-0.078,1.623,-1.669,0.000,-16,16,-7
45.616,-0.078,1.623,-1.649,0.000,-15,16,-6
45.667,-0.078,1.623,-1.649,0.000,-16,15,-6
45.718,-0.035,1.644,-1.642,0.000,-16,16,-7
45.769,-0.035,1.644,-1.632,0.000,-16,15,-5
45.820,-0.035,1.644,-1.620,0.000,-16,16,-6
45.924,-0.035,1.644,-1.610,0.000,-10,15,-11
46.026,0.053,1.684,-1.582,0.000,-3,15,-13
46.077,0.053,1.684,-1.596,0.000,-2,16,-13
46.128,0.096,1.707,-1.596,0.000,-1,15,-14
46.179,0.096,1.707,-1.586,0.000,-1,15,-14
46.230,0.096,1.707,-1.604,0.000,-1,15,-13
46.281,0.139,1.727,-1.590,0.000,0,15,-14
46.332,0.139,1.727,-1.610,0.000,-1,16,-14
46.383,0.139,1.727,-1.610,0.000,-1,15,-14
46.434,0.182,1.739,-1.614,0.000,0,15,-14
46.485,0.182,1.739,-1.607,0.000,0,15,-14
46.536,0.182,1.739,-1.611,0.000,0,15,-14
46.587,0.182,1.739,-1.611,0.000,0,16,-14
46.638,0.182,1.739,-1.611,0.000,0,15,-14
46.689,0.182,1.739,-1.611,0.000,0,15,-14
46.740,0.182,1.739,-1.615,0.000,0,15,-14
46.791,0.182,1.739,-1.619,0.000,0,15,-14
46.842,0.294,1.744,-1.619,0.000,0,15,-14
46.893,0.294,1.744,-1.620,0.000,0,15,-14
46.944,0.294,1.744,-1.616,0.000,1,14,-14
46.995,0.350,1.741,-1.633,0.000,0,15,-14
47.046,0.350,1.741,-1.639,0.000,0,15,-15
47.097,0.350,1.741,-1.639,0.000,0,15,-14
47.148,0.404,1.740,-1.627,0.000,0,15,-14
47.199,0.404,1.740,-1.635,0.000,0,15,-14
47.250,0.404,1.740,-1.628,0.000,0,14,-14
47.301,0.444,1.739,-1.628,0.000,0,15,-14
47.352,0.444,1.739,-1.624,0.000,0,15,-14
47.403,0.484,1.737,-1.614,0.000,0,15,-14
47.454,0.484,1.737,-1.621,0.000,0,14,-14
47.505,0.484,1.737,-1.621,0.000,0,15,-14
47.556,0.525,1.736,-1.621,0.000,0,15,-14
47.607,0.525,1.736,-1.605,0.000,0,14,-14
47.658,0.525,1.736,-1.597,0.000,0,15,-14
47.709,0.568,1.731,-1.603,0.000,0,15,-14
47.760,0.568,1.731,-1.603,0.000,0,14,-14
47.811,0.568,1.731,-1.583,0.000,0,15,-14
47.862,0.612,1.729,-1.592,0.000,0,14,-14
47.913,0.612,1.729,-1.594,0.000,0,14,-14
47.964,0.666,1.714,-1.580,0.000,0,15,-14
48.015,0.666,1.714,-1.580,0.000,0,15,-14
48.066,0.666,1.714,-1.570,0.000,0,14,-14
48.117,0.666,1.714,-1.561,0.000,0,15,-15
48.168,0.666,1.714,-1.545,0.000,0,14,-14
48.219,0.666,1.714,-1.556,0.000,0,15,-14
48.270,0.721,1.708,-1.556,0.000,0,14,-14
48.321,0.721,1.708,-1.539,0.000,0,14,-14
48.372,0.721,1.708,-1.535,0.000,0,15,-14
48.423,0.771,1.706,-1.529,0.000,0,14,-15
48.474,0.771,1.706,-1.529,0.000,0,14,-14
48.525,0.829,1.697,-1.526,0.000,0,15,-14
48.576,0.829,1.697,-1.519,0.000,0,14,-14
48.627,0.829,1.697,-1.513,0.000,0,15,-14
48.678,0.877,1.700,-1.493,0.000,0,14,-14
48.729,0.877,1.700,-1.493,0.000,0,14,-14
48.780,0.877,1.700,-1.490,0.000,0,15,-15
48.831,0.917,1.693,-1.490,0.000,0,14,-14
48.882,0.917,1.693,-1.494,0.000,0,14,-14
48.933,0.917,1.693,-1.494,0.000,0,14,-14
48.984,0.965,1.684,-1.460,0.000,0,15,-14
49.035,0.965,1.684,-1.466,0.000,0,14,-14
49.086,0.965,1.684,-1.456,0.000,0,14,-14
49.137,1.009,1.681,-1.435,0.000,0,15,-14
49.188,1.009,1.681,-1.435,0.000,0,14,-14
49.239,1.048,1.675,-1.442,0.000,0,14,-14
49.290,1.048,1.675,-1.441,0.000,0,14,-14
49.341,1.048,1.675,-1.434,0.000,0,14,-15
49.392,1.096,1.669,-1.434,0.000,0,15,-14
49.443,1.096,1.669,-1.426,0.000,0,14,-14
49.494,1.096,1.669,-1.429,0.000,0,14,-14
49.545,1.138,1.661,-1.418,0.000,0,14,-14
49.596,1.138,1.661,-1.385,0.000,0,14,-14
49.647,1.138,1.661,-1.385,0.000,0,14,-14
49.698,1.179,1.655,-1.403,0.000,0,14,-14
49.749,1.179,1.655,-1.388,0.000,0,15,-14
49.800,1.222,1.651,-1.396,0.000,0,14,-14
49.851,1.222,1.651,-1.396,0.000,0,14,-14
49.902,1.222,1.651,-1.396,0.000,0,14,-14
49.953,1.261,1.647,-1.388,0.000,0,14,-15
50.004,1.261,1.647,-1.407,0.000,0,14,-14
50.055,1.261,1.647,-1.423,0.000,0,14,-14
50.106,1.305,1.643,-1.423,0.000,-1,14,-13
50.157,1.305,1.643,-1.434,0.000,0,15,-15
50.259,1.350,1.637,-1.465,0.000,0,14,-14
50.310,1.350,1.637,-1.494,0.000,0,14,-14
50.361,1.393,1.632,-1.494,0.000,0,14,-14
50.412,1.393,1.632,-1.533,0.000,0,14,-14
50.515,1.435,1.627,-1.601,0.000,0,15,-15
50.567,1.435,1.627,-1.601,0.000,0,14,-14
50.619,1.435,1.627,-1.600,0.000,4,14,-15
50.722,1.477,1.623,-1.684,0.000,13,9,-14
50.773,1.510,1.611,-1.712,0.000,14,6,-16
50.824,1.510,1.611,-1.712,0.000,15,7,-15
50.875,1.510,1.611,-1.745,0.000,15,7,-15
50.926,1.539,1.592,-1.768,0.000,14,7,-15
50.977,1.539,1.592,-1.793,0.000,15,6,-16
51.028,1.539,1.592,-1.818,0.000,15,6,-15
51.079,1.539,1.592,-1.818,0.000,15,6,-16
51.130,1.539,1.592,-1.852,0.000,15,6,-15
51.181,1.539,1.592,-1.871,0.000,15,7,-15
51.232,1.539,1.592,-1.890,0.000,15,7,-16
51.283,1.539,1.592,-1.890,0.000,15,6,-16
51.334,1.539,1.592,-1.929,0.000,15,6,-15
51.385,1.582,1.554,-1.929,0.000,15,6,-15
51.436,1.582,1.554,-1.930,0.000,15,6,-16
51.487,1.582,1.554,-1.952,0.000,16,7,-16
51.538,1.582,1.554,-1.952,0.000,15,6,-15
51.589,1.582,1.554,-1.950,0.000,15,6,-16
51.640,1.582,1.554,-1.960,0.000,15,6,-16
51.691,1.582,1.554,-1.942,0.000,15,6,-15
51.742,1.582,1.554,-1.942,0.000,15,6,-16
51.793,1.635,1.497,-1.954,0.000,16,6,-16
51.844,1.635,1.497,-1.943,0.000,15,7,-15
51.895,1.635,1.497,-1.915,0.000,15,5,-16
51.946,1.679,1.423,-1.902,0.000,16,6,-16
51.997,1.679,1.423,-1.902,0.000,15,6,-16
52.048,1.723,1.353,-1.862,0.000,15,6,-15
52.099,1.723,1.353,-1.862,0.000,16,6,-16
52.150,1.723,1.353,-1.825,0.000,15,6,-16
52.201,1.751,1.298,-1.825,0.000,16,6,-16
52.252,1.751,1.298,-1.812,0.000,15,5,-16
52.303,1.751,1.298,-1.803,0.000,16,6,-15
52.354,1.762,1.254,-1.787,0.000,15,6,-16
52.405,1.762,1.254,-1.793,0.000,16,6,-16
52.456,1.762,1.254,-1.793,0.000,16,6,-16
52.507,1.773,1.211,-1.793,0.000,11,-7,-16
52.558,1.773,1.211,-1.736,0.000,7,-10,-17
52.609,1.773,1.211,-1.700,0.000,13,4,-16
52.660,1.773,1.211,-1.711,0.000,16,7,-14
52.711,1.773,1.211,-1.711,0.000,15,6,-16
52.762,1.783,1.154,-1.708,0.000,16,7,-16
52.813,1.783,1.154,-1.713,0.000,15,6,-16
52.864,1.783,1.154,-1.726,0.000,16,6,-16
52.915,1.788,1.097,-1.726,0.000,15,7,-16
52.966,1.788,1.097,-1.747,0.000,16,6,-16
53.017,1.788,1.097,-1.752,0.000,16,6,-16
53.068,1.788,1.097,-1.768,0.000,11,-7,-17
53.119,1.788,1.097,-1.721,0.000,7,-10,-17
53.170,1.788,1.097,-1.721,0.000,13,3,-15
53.221,1.788,1.097,-1.721,0.000,15,8,-15
53.272,1.788,1.097,-1.739,0.000,16,6,-16
53.323,1.788,1.097,-1.744,0.000,15,7,-16
53.374,1.788,1.097,-1.744,0.000,16,7,-16
53.425,1.788,1.097,-1.754,0.000,12,-6,-16
53.527,1.788,1.000,-1.711,0.000,11,-1,-16
53.578,1.788,1.000,-1.706,0.000,14,2,-15
53.629,1.799,0.920,-1.706,0.000,13,1,-16
53.680,1.799,0.920,-1.689,0.000,13,0,-16
53.782,1.802,0.847,-1.696,0.000,14,3,-16
53.834,1.802,0.847,-1.696,0.000,15,6,-16
53.885,1.808,0.775,-1.711,0.000,15,7,-16
53.936,1.808,0.775,-1.730,0.000,15,7,-16
53.987,1.808,0.775,-1.766,0.000,15,7,-16
54.038,1.813,0.736,-1.779,0.000,15,6,-16
54.089,1.813,0.736,-1.779,0.000,16,7,-17
54.140,1.813,0.736,-1.811,0.000,14,7,-16
54.191,1.822,0.697,-1.852,0.000,16,5,-16
54.242,1.822,0.697,-1.879,0.000,15,7,-17
54.293,1.822,0.697,-1.890,0.000,15,6,-16
54.344,1.833,0.656,-1.890,0.000,16,6,-16
54.396,1.833,0.656,-1.941,0.000,7,-7,-17
54.447,1.825,0.591,-1.900,0.000,5,-11,-17
54.498,1.825,0.591,-1.848,0.000,12,4,-16
54.549,1.825,0.591,-1.848,0.000,15,7,-15
54.600,1.835,0.544,-1.888,0.000,15,7,-16
54.651,1.835,0.544,-1.926,0.000,15,7,-16
54.702,1.835,0.544,-1.971,0.000,15,7,-16
54.753,1.838,0.498,-2.007,0.000,16,6,-16
54.804,1.838,0.498,-2.007,0.000,15,6,-17
54.855,1.838,0.498,-2.059,0.000,15,7,-16
54.906,1.830,0.438,-2.083,0.000,16,6,-16
54.957,1.830,0.438,-2.103,0.000,16,6,-16
55.008,1.831,0.392,-2.103,0.000,15,7,-17
55.059,1.831,0.392,-2.148,0.000,15,6,-16
55.110,1.831,0.392,-2.164,0.000,16,5,-16
55.161,1.831,0.392,-2.183,0.000,15,6,-16
55.212,1.831,0.392,-2.213,0.000,16,6,-17
55.263,1.831,0.392,-2.213,0.000,16,6,-16
55.314,1.831,0.392,-2.237,0.000,15,6,-16
55.365,1.831,0.392,-2.265,0.000,16,7,-17
55.518,1.831,0.392,-2.296,0.000,16,6,-16
55.569,1.831,0.392,-2.310,0.000,16,6,-17
55.620,1.831,0.392,-2.341,0.000,15,6,-16
55.671,1.831,0.392,-2.349,0.000,16,6,-16
55.722,1.831,0.392,-2.349,0.000,16,6,-16
55.773,1.831,0.392,-2.365,0.000,15,6,-17
55.824,1.831,0.392,-2.365,0.000,16,5,-16
55.875,1.812,0.269,-2.381,0.000,16,6,-16
55.926,1.812,0.269,-2.391,0.000,15,6,-16
55.977,1.812,0.269,-2.391,0.000,16,6,-16
56.028,1.795,0.150,-2.406,0.000,16,7,-17
56.080,1.795,0.150,-2.410,0.000,15,9,-16
56.132,1.795,0.150,-2.439,0.000,4,12,-16
56.183,1.783,0.053,-2.439,0.000,5,13,-17
56.234,1.783,0.053,-2.429,0.000,3,13,-15
56.285,1.783,0.053,-2.438,0.000,1,14,-16
56.336,1.783,0.053,-2.432,0.000,0,14,-16
56.387,1.783,0.053,-2.413,0.000,2,13,-16
56.438,1.783,0.053,-2.413,0.000,1,15,-15
56.489,1.783,0.053,-2.413,0.000,0,14,-16
56.540,1.783,0.053,-2.414,0.000,1,14,-16
56.591,1.783,0.053,-2.401,0.000,0,14,-15
56.642,1.783,0.053,-2.400,0.000,1,14,-16
56.693,1.783,0.053,-2.400,0.000,0,14,-15
56.744,1.783,0.053,-2.397,0.000,1,14,-15
56.795,1.783,0.053,-2.396,0.000,0,14,-16
56.846,1.783,0.053,-2.398,0.000,0,14,-15
56.897,1.783,0.053,-2.398,0.000,0,13,-15
56.948,1.783,0.053,-2.393,0.000,0,14,-15
56.999,1.783,0.053,-2.401,0.000,0,15,-15
57.050,1.783,0.053,-2.391,0.000,0,14,-16
57.101,1.783,0.053,-2.389,0.000,0,14,-15
57.152,1.783,0.053,-2.389,0.000,0,13,-15
57.203,1.783,0.053,-2.377,0.000,2,14,-15
57.255,1.783,0.053,-2.394,0.000,8,14,-16
57.307,1.809,-0.118,-2.408,0.000,12,8,-15
57.358,1.809,-0.118,-2.408,0.000,14,5,-16
57.409,1.809,-0.118,-2.421,0.000,15,6,-15
57.460,1.809,-0.118,-2.443,0.000,16,7,-16
57.563,1.846,-0.238,-2.430,0.000,15,-8,-16
57.615,1.846,-0.238,-2.430,0.000,15,-11,-15
57.666,1.846,-0.238,-2.415,0.000,15,-11,-13
57.717,1.878,-0.361,-2.364,0.000,16,-11,-11
57.768,1.878,-0.361,-2.348,0.000,15,-11,-11
57.819,1.878,-0.361,-2.314,0.000,16,-10,-9
57.921,1.878,-0.361,-2.314,0.000,16,-9,-9
57.972,1.878,-0.361,-2.288,0.000,15,-9,-9
58.023,1.878,-0.361,-2.276,0.000,16,-9,-9
58.074,1.878,-0.361,-2.276,0.000,15,-9,-9
58.125,1.878,-0.361,-2.255,0.000,16,-9,-8
58.176,1.878,-0.361,-2.255,0.000,15,-8,-9
58.227,1.878,-0.361,-2.233,0.000,16,-9,-8
58.279,1.878,-0.361,-2.224,0.000,16,-9,-9
58.331,1.878,-0.361,-2.224,0.000,15,-8,-8
58.382,1.878,-0.361,-2.225,0.000,16,-9,-8
58.433,1.878,-0.361,-2.212,0.000,16,-8,-9
58.484,1.878,-0.361,-2.211,0.000,16,-8,-8
58.537,3.860,2.132,-2.190,0.000,16,-8,-9
58.641,3.860,2.132,-2.195,0.000,16,-14,4
58.692,3.860,2.132,-2.217,0.000,15,-13,5
58.743,3.860,2.132,-2.220,0.000,16,-14,4
58.794,3.860,2.132,-2.220,0.000,16,-15,5
58.845,3.860,2.132,-2.255,0.000,15,-14,6
58.897,3.860,2.132,-2.263,0.000,17,-15,7
58.948,3.860,2.132,-2.272,0.000,15,-15,7
58.999,3.860,2.132,-2.294,0.000,16,-15,8
59.050,3.860,2.132,-2.294,0.000,16,-14,8
59.101,3.860,2.132,-2.337,0.000,16,-15,7
59.152,3.860,2.132,-2.337,0.000,15,-15,7
59.203,3.860,2.132,-2.367,0.000,16,-15,6
59.254,3.860,2.132,-2.385,0.000,16,-15,7
59.305,3.860,2.132,-2.385,0.000,16,-15,7
59.356,3.860,2.132,-2.409,0.000,16,-15,6
59.407,3.860,2.132,-2.435,0.000,16,-15,6
59.458,3.860,2.132,-2.458,0.000,15,-15,6
59.509,3.860,2.132,-2.458,0.000,16,-15,6
59.560,3.860,2.132,-2.469,0.000,16,-15,7
59.611,3.860,2.132,-2.477,0.000,16,-16,6
59.662,3.860,2.132,-2.497,0.000,16,-15,6
59.713,3.860,2.132,-2.522,0.000,16,-15,6
59.764,3.860,2.132,-2.522,0.000,15,-16,6
59.815,3.860,2.132,-2.537,0.000,16,-15,6
59.866,3.860,2.132,-2.548,0.000,16,-15,6
59.917,3.860,2.132,-2.560,0.000,16,-15,6
59.968,3.860,2.132,-2.560,0.000,16,-16,6
60.019,3.860,2.132,-2.581,0.000,16,-15,6
60.070,3.860,2.132,-2.608,0.000,16,-16,6
60.121,3.860,2.132,-2.619,0.000,16,-15,6
60.172,3.860,2.132,-2.620,0.000,16,-16,5
60.223,3.860,2.132,-2.620,0.000,16,-15,6
60.274,3.860,2.132,-2.637,0.000,16,-16,6
60.325,3.860,2.132,-2.651,0.000,16,-15,6
60.376,3.860,2.132,-2.649,0.000,16,-16,6
60.427,3.860,2.132,-2.649,0.000,16,-15,6
60.478,3.860,2.132,-2.672,0.000,16,-16,6
60.529,3.860,2.132,-2.695,0.000,16,-15,6
60.580,3.860,2.132,-2.721,0.000,16,-16,6
60.631,3.860,2.132,-2.717,0.000,16,-16,6
60.682,3.860,2.132,-2.717,0.000,16,-15,6
60.733,3.860,2.132,-2.731,0.000,15,-16,6
60.784,3.860,2.132,-2.743,0.000,17,-15,6
60.835,3.860,2.132,-2.759,0.000,14,-16,-6
60.886,3.860,2.132,-2.719,0.000,11,-16,-10
60.937,3.860,2.132,-2.719,0.000,10,-16,-9
60.988,3.860,2.132,-2.681,0.000,11,-16,-1
61.039,3.860,2.132,-2.671,0.000,14,-15,4
61.090,-1.860,2.684,-2.687,0.000,16,-15,7
61.141,-1.860,2.684,-2.687,0.000,16,-15,6
61.192,-1.860,2.684,-2.713,0.000,15,-16,8
61.243,-1.860,2.684,-2.731,0.000,16,-16,6
61.294,-1.860,2.684,-2.749,0.000,16,-15,7
61.345,-1.860,2.684,-2.776,0.000,15,-16,6
61.447,-1.860,2.684,-2.797,0.000,16,-15,6
61.499,-1.860,2.684,-2.800,0.000,9,-17,-5
61.550,-1.860,2.684,-2.765,0.000,6,-16,-9
61.601,-1.860,2.684,-2.765,0.000,7,-16,-9
61.652,-1.860,2.684,-2.721,0.000,7,-16,-9
61.703,-1.860,2.684,-2.663,0.000,6,-15,-8
61.754,-1.860,2.684,-2.593,0.000,6,-16,-9
61.805,-1.860,2.684,-2.543,0.000,5,-16,-7
61.856,-1.860,2.684,-2.543,0.000,9,-16,-1
61.907,-1.860,2.684,-2.523,0.000,14,-15,6
61.958,0.805,-0.245,-2.557,0.000,16,-15,8
62.009,0.805,-0.245,-2.585,0.000,15,-16,7
62.060,0.805,-0.245,-2.585,0.000,15,-15,8
62.111,0.805,-0.245,-2.622,0.000,15,-16,7
62.162,0.805,-0.245,-2.650,0.000,16,-16,7
62.213,0.805,-0.245,-2.685,0.000,15,-16,7
62.264,0.805,-0.245,-2.711,0.000,15,-16,7
62.315,0.805,-0.245,-2.711,0.000,15,-15,6
62.366,-0.562,-1.531,-2.753,0.000,16,-16,7
62.417,-0.562,-1.531,-2.783,0.000,16,-16,6
62.468,-0.562,-1.531,-2.814,0.000,15,-16,6
62.519,-0.603,-1.513,-2.842,0.000,16,-16,6
62.570,-0.603,-1.513,-2.842,0.000,15,-15,6
62.621,-0.603,-1.513,-2.874,0.000,16,-16,6
62.672,-0.603,-1.513,-2.897,0.000,15,-16,6
62.723,-0.603,-1.513,-2.942,0.000,16,-16,6
62.774,-0.603,-1.513,-2.942,0.000,16,-16,6
62.825,-0.603,-1.513,-2.950,0.000,15,-16,6
62.876,-0.603,-1.513,-2.981,0.000,16,-16,6
62.979,0.577,-0.109,-3.033,0.000,15,-16,6
63.083,0.577,-0.109,-3.039,0.000,13,-17,-4
63.134,0.577,-0.109,-3.023,0.000,10,-16,-6
63.185,0.577,-0.109,-2.984,0.000,9,-16,-8
63.236,0.577,-0.109,-2.984,0.000,7,-16,-6
63.338,0.510,-0.057,-2.897,0.000,6,-16,-6
63.389,0.510,-0.057,-2.842,0.000,7,-16,-6
63.440,0.510,-0.057,-2.814,0.000,6,-16,-6
63.491,0.427,-0.012,-2.814,0.000,6,-16,-5
63.593,0.427,-0.012,-2.689,0.000,7,-16,-4
63.644,0.372,0.021,-2.681,0.000,11,-15,5
63.695,0.372,0.021,-2.717,0.000,15,-16,8
63.746,0.372,0.021,-2.717,0.000,15,-16,8
63.797,0.315,0.047,-2.723,0.000,15,-16,8
63.848,0.315,0.047,-2.759,0.000,16,-16,7
63.899,0.282,0.050,-2.778,0.000,15,-16,7
63.950,0.282,0.050,-2.778,0.000,15,-16,7
64.001,0.282,0.050,-2.791,0.000,16,-15,6
64.052,0.271,0.062,-2.817,0.000,15,-16,7
64.103,0.271,0.062,-2.840,0.000,15,-16,6
64.154,0.271,0.062,-2.846,0.000,16,-16,6
64.205,0.231,0.081,-2.846,0.000,15,-16,7
64.256,0.231,0.081,-2.872,0.000,15,-16,6
64.307,0.231,0.081,-2.886,0.000,16,-16,6
64.358,0.184,0.104,-2.907,0.000,15,-16,5
64.410,0.184,0.104,-2.907,0.000,16,-17,-1
64.462,0.184,0.104,-2.916,0.000,15,-16,-7
64.513,0.184,0.104,-2.878,0.000,15,-15,-10
64.564,0.184,0.104,-2.836,0.000,15,-15,-11
64.615,0.184,0.104,-2.794,0.000,16,-15,-10
64.666,0.184,0.104,-2.794,0.000,15,-15,-10
64.717,0.184,0.104,-2.765,0.000,16,-14,-10
64.768,0.184,0.104,-2.731,0.000,15,-14,-10
64.819,0.184,0.104,-2.711,0.000,16,-14,-9
64.870,0.184,0.104,-2.670,0.000,15,-13,-9
64.921,0.184,0.104,-2.670,0.000,16,-13,-10
64.972,0.184,0.104,-2.637,0.000,15,-13,-8
65.023,0.184,0.104,-2.604,0.000,16,-12,-9
65.074,0.977,1.513,-2.598,0.000,16,-12,-8
65.125,0.977,1.513,-2.598,0.000,15,-11,-9
65.176,0.931,1.509,-2.562,0.000,16,-11,-8
65.227,0.931,1.509,-2.540,0.000,16,-10,-8
65.278,0.931,1.509,-2.526,0.000,15,-9,-9
65.329,0.931,1.509,-2.505,0.000,16,-10,-8
65.431,0.931,1.509,-2.495,0.000,15,-9,-8
65.482,0.931,1.509,-2.498,0.000,16,-9,-9
65.533,0.931,1.509,-2.484,0.000,16,-9,-8
65.584,0.931,1.509,-2.484,0.000,16,-9,-8
65.635,0.276,0.099,-2.463,0.000,16,-8,-8
65.686,0.276,0.099,-2.460,0.000,15,-9,-8
65.737,0.246,0.084,-2.445,0.000,16,-8,-8
65.788,0.246,0.084,-2.438,0.000,16,-9,-8
65.839,0.246,0.084,-2.438,0.000,16,-8,-8
65.890,0.246,0.084,-2.405,0.000,15,-8,-8
65.941,0.246,0.084,-2.401,0.000,16,-9,-8
65.992,0.246,0.084,-2.417,0.000,16,-8,-8
66.043,-0.290,0.077,-2.417,0.000,16,-8,-8
66.094,-0.290,0.077,-2.401,0.000,16,-9,-9
66.145,-0.290,0.077,-2.375,0.000,16,-8,-8
66.196,-0.336,0.052,-2.376,0.000,15,-8,-8
66.247,-0.336,0.052,-2.365,0.000,16,-8,-8
66.298,-0.385,0.028,-2.365,0.000,16,-8,-8
66.349,-0.385,0.028,-2.355,0.000,16,-8,-8
66.400,-0.385,0.028,-2.329,0.000,16,-8,-8
66.451,-0.440,-0.001,-2.352,0.000,15,-8,-8
66.502,-0.440,-0.001,-2.333,0.000,16,-8,-8
66.553,-0.440,-0.001,-2.333,0.000,16,-9,-8
66.604,-0.478,-0.017,-2.290,0.000,16,-8,-8
66.655,-0.478,-0.017,-2.295,0.000,16,-8,-8
66.706,-0.478,-0.017,-2.284,0.000,16,-8,-9
66.757,-0.508,-0.035,-2.284,0.000,16,-8,-8
66.808,-0.508,-0.035,-2.267,0.000,16,-8,-8
66.859,-0.508,-0.053,-2.272,0.000,15,-8,-8
66.910,-0.508,-0.053,-2.249,0.000,16,-9,-8
66.961,-0.508,-0.053,-2.231,0.000,16,-8,-8
67.012,-0.537,-0.076,-2.231,0.000,16,-8,-8
67.063,-0.537,-0.076,-2.225,0.000,16,-8,-8
67.114,-0.537,-0.076,-2.214,0.000,16,-8,-8
67.165,-0.575,-0.097,-2.214,0.000,16,-8,-8
67.216,-0.575,-0.097,-2.214,0.000,16,-8,-8
67.267,-0.575,-0.097,-2.183,0.000,16,-8,-8
67.318,-0.634,-0.113,-2.179,0.000,16,-9,-8
67.369,-0.634,-0.113,-2.165,0.000,16,-8,-9
67.420,-0.634,-0.113,-2.152,0.000,16,-8,-7
67.471,-0.689,-0.142,-2.152,0.000,16,-8,-9
67.522,-0.689,-0.142,-2.123,0.000,16,-8,-8
67.573,-0.723,-0.176,-2.125,0.000,16,-8,-8
67.624,-0.723,-0.176,-2.103,0.000,16,-8,-8
67.675,-0.723,-0.176,-2.103,0.000,16,-9,-8
67.726,-0.748,-0.213,-2.079,0.000,16,-8,-9
67.777,-0.748,-0.213,-2.067,0.000,16,-8,-8
67.828,-0.748,-0.213,-2.040,0.000,16,-8,-8
67.879,-0.762,-0.255,-2.034,0.000,16,-9,-8
67.930,-0.762,-0.255,-2.034,0.000,16,-8,-8
67.981,-0.762,-0.255,-2.014,0.000,16,-8,-8
68.032,-0.815,-0.275,-2.015,0.000,16,-8,-8
68.083,-0.815,-0.275,-2.006,0.000,16,-8,-8
68.134,-0.857,-0.284,-2.008,0.000,16,-8,-8
68.185,-0.857,-0.284,-1.981,0.000,16,-8,-8
68.236,-0.857,-0.284,-1.989,0.000,16,-8,-9
68.287,-0.880,-0.299,-1.988,0.000,16,-8,-7
68.389,-0.880,-0.299,-1.992,0.000,16,-11,3
68.440,-0.899,-0.312,-1.958,0.000,16,-13,4
68.491,-0.899,-0.312,-1.957,0.000,16,-15,0
68.542,-0.899,-0.312,-1.966,0.000,16,-14,1
68.593,-0.931,-0.340,-1.990,0.000,16,-15,2
68.644,-0.931,-0.340,-1.990,0.000,16,-14,3
68.695,-0.931,-0.340,-1.978,0.000,16,-15,3
68.746,-0.931,-0.340,-2.011,0.000,16,-15,2
68.797,-0.931,-0.340,-2.023,0.000,16,-15,3
68.848,-0.964,-0.361,-2.023,0.000,17,-15,3
68.899,-0.964,-0.361,-2.027,0.000,16,-15,2
68.950,-0.964,-0.361,-2.048,0.000,16,-15,2
69.001,-1.034,-0.371,-2.083,0.000,16,-14,2
69.052,-1.034,-0.371,-2.080,0.000,16,-16,2
69.103,-1.034,-0.371,-2.080,0.000,16,-14,6
69.207,-1.104,-0.385,-2.131,0.000,16,-15,11
69.259,-1.157,-0.380,-2.176,0.000,14,-15,12
69.311,-1.157,-0.380,-2.223,0.000,7,-16,13
69.362,-1.157,-0.380,-2.223,0.000,2,-15,13
69.413,-1.219,-0.375,-2.234,0.000,4,-15,14
69.464,-1.219,-0.375,-2.244,0.000,3,-15,15
69.515,-1.219,-0.375,-2.259,0.000,2,-14,14
69.566,-1.262,-0.363,-2.259,0.000,2,-15,14
69.617,-1.262,-0.363,-2.270,0.000,0,-15,14
69.668,-1.262,-0.363,-2.285,0.000,0,-14,14
69.719,-1.308,-0.332,-2.301,0.000,0,-15,14
69.770,-1.308,-0.332,-2.275,0.000,0,-15,14
69.821,-1.347,-0.302,-2.275,0.000,0,-14,15
69.872,-1.347,-0.302,-2.291,0.000,-1,-15,14
69.923,-1.347,-0.302,-2.275,0.000,-1,-14,14
69.974,-1.370,-0.264,-2.301,0.000,0,-15,14
70.025,-1.370,-0.264,-2.301,0.000,0,-14,15
70.076,-1.370,-0.264,-2.296,0.000,1,-14,14
70.127,-1.390,-0.223,-2.296,0.000,0,-15,14
70.178,-1.390,-0.223,-2.297,0.000,0,-14,14
70.229,-1.390,-0.223,-2.322,0.000,0,-15,14
70.280,-1.410,-0.181,-2.322,0.000,0,-14,15
70.331,-1.410,-0.181,-2.301,0.000,0,-15,14
70.382,-1.423,-0.140,-2.318,0.000,0,-14,14
70.433,-1.423,-0.140,-2.328,0.000,0,-14,14
70.484,-1.423,-0.140,-2.328,0.000,0,-15,14
70.535,-1.439,-0.097,-2.302,0.000,0,-14,15
70.586,-1.439,-0.097,-2.343,0.000,0,-15,14
70.637,-1.439,-0.097,-2.344,0.000,0,-14,14
70.688,-1.454,-0.059,-2.333,0.000,0,-15,14
70.740,-1.454,-0.059,-2.333,0.000,-6,-14,15
70.792,-1.454,-0.059,-2.334,0.000,-12,-12,14
70.843,-1.468,-0.021,-2.333,0.000,-13,-10,15
70.894,-1.468,-0.021,-2.297,0.000,-15,-7,15
70.945,-1.460,0.004,-2.286,0.000,-15,-6,15
70.996,-1.460,0.004,-2.286,0.000,-15,-6,16
71.047,-1.460,0.004,-2.266,0.000,-16,-6,15
71.098,-1.455,0.044,-2.251,0.000,-15,-7,15
71.149,-1.455,0.044,-2.246,0.000,-15,-6,15
71.200,-1.455,0.044,-2.246,0.000,-16,-6,16
71.251,-1.488,0.091,-2.210,0.000,-15,-5,15
71.302,-1.488,0.091,-2.195,0.000,-16,-6,16
71.353,-1.488,0.091,-2.195,0.000,-15,-7,15
71.404,-1.478,0.138,-2.175,0.000,-15,-6,15
71.455,-1.478,0.138,-2.175,0.000,-16,-7,16
71.506,-1.478,0.138,-2.160,0.000,-15,-5,16
71.557,-1.478,0.138,-2.145,0.000,-16,-6,15
71.608,-1.478,0.138,-2.128,0.000,-15,-6,16
71.659,-1.478,0.138,-2.128,0.000,-16,-6,15
71.710,-1.478,0.138,-2.130,0.000,-16,-6,16
71.761,-1.478,0.138,-2.106,0.000,-15,-6,15
71.812,-1.478,0.138,-2.077,0.000,-16,-6,16
71.863,-1.478,0.138,-2.076,0.000,-15,-6,16
71.914,-1.478,0.138,-2.076,0.000,-16,-5,16
71.965,-1.478,0.138,-2.070,0.000,-16,-7,15
72.016,-1.478,0.138,-2.050,0.000,-15,-5,16
72.067,-1.478,0.138,-2.016,0.000,-16,-7,15
72.118,1.201,-1.811,-2.019,0.000,-16,-6,16
72.169,1.201,-1.811,-2.019,0.000,-15,-6,16
72.220,1.201,-1.811,-2.004,0.000,-16,-6,16
72.271,1.201,-1.811,-1.991,0.000,-16,-5,16
72.322,1.201,-1.811,-1.969,0.000,-15,-7,15
72.373,0.990,-1.758,-1.969,0.000,-16,-5,16
72.424,0.990,-1.758,-1.967,0.000,-16,-7,16
72.475,0.990,-1.758,-1.936,0.000,-16,-6,16
72.526,0.990,-1.758,-1.925,0.000,-15,-5,16
72.577,0.990,-1.758,-1.917,0.000,-16,-6,16
72.628,0.990,-1.758,-1.917,0.000,-16,-6,15
72.679,0.991,-1.695,-1.888,0.000,-16,-6,16
72.730,0.991,-1.695,-1.867,0.000,-16,-6,16
72.781,0.991,-1.695,-1.861,0.000,-15,-6,16
72.832,0.991,-1.695,-1.861,0.000,-16,-6,16
72.883,0.991,-1.695,-1.848,0.000,-16,-6,16
72.934,0.991,-1.695,-1.844,0.000,-16,-6,16
72.985,0.991,-1.695,-1.823,0.000,-16,-6,17
73.038,0.991,-1.695,-1.814,0.000,-16,4,16
73.090,0.352,-0.918,-1.814,0.000,-15,9,15
73.141,0.352,-0.918,-1.834,0.000,-16,10,14
73.192,0.352,-0.918,-1.864,0.000,-15,10,13
73.243,0.352,-0.918,-1.886,0.000,-16,10,13
73.294,0.352,-0.918,-1.908,0.000,-16,11,11
73.345,0.345,-0.859,-1.908,0.000,-16,10,11
73.396,0.345,-0.859,-1.899,0.000,-16,9,11
73.447,0.345,-0.859,-1.948,0.000,-16,10,10
73.498,0.403,-0.857,-1.949,0.000,-16,9,10
73.549,0.403,-0.857,-1.949,0.000,-15,9,9
73.600,0.403,-0.857,-1.964,0.000,-16,9,9
73.651,0.416,-0.801,-1.972,0.000,-16,9,9
73.702,0.416,-0.801,-1.978,0.000,-16,8,9
73.753,0.416,-0.801,-1.977,0.000,-16,9,9
73.804,0.416,-0.801,-1.977,0.000,-16,8,8
73.855,0.416,-0.801,-1.995,0.000,-16,8,9
73.906,0.416,-0.801,-1.973,0.000,-16,9,8
73.957,0.416,-0.801,-1.998,0.000,-15,9,8
74.008,0.416,-0.801,-1.998,0.000,-16,8,8
74.059,0.416,-0.801,-1.994,0.000,-16,9,9
74.110,0.416,-0.801,-1.999,0.000,-16,8,8
74.161,0.416,-0.801,-1.987,0.000,-16,8,8
74.212,-1.350,1.025,-1.996,0.000,-16,9,8
74.314,-1.350,1.025,-1.989,0.000,-16,8,8
74.365,-1.350,1.025,-2.002,0.000,-16,11,2
74.418,-1.350,1.025,-1.993,0.000,-17,13,-7
74.469,-1.350,1.025,-1.960,0.000,-16,14,-8
74.520,-1.350,1.025,-1.960,0.000,-16,14,-9
74.571,-1.350,1.025,-1.911,0.000,-16,14,-9
74.622,0.006,-0.028,-1.858,0.000,-16,15,-9
74.673,0.006,-0.028,-1.844,0.000,-15,15,-8
74.724,0.006,-0.028,-1.844,0.000,-16,15,-7
74.775,0.059,-0.012,-1.798,0.000,-16,15,-7
74.826,0.059,-0.012,-1.763,0.000,-16,15,-7
74.877,0.059,-0.012,-1.729,0.000,-16,15,-7
74.928,0.059,-0.012,-1.710,0.000,-16,15,-7
74.979,0.059,-0.012,-1.710,0.000,-16,15,-6
75.030,0.059,-0.012,-1.689,0.000,-16,15,-6
75.081,0.834,-0.739,-1.655,0.000,-16,15,-6
75.132,0.834,-0.739,-1.632,0.000,-16,15,-7
75.183,0.965,-0.802,-1.632,0.000,-16,15,-6
75.234,0.965,-0.802,-1.605,0.000,-16,15,-6
75.285,0.965,-0.802,-1.585,0.000,-16,16,-6
75.336,0.965,-0.802,-1.559,0.000,-16,15,-6
75.387,0.965,-0.802,-1.534,0.000,-16,15,-6
75.438,0.965,-0.802,-1.534,0.000,-16,15,-6
75.489,0.965,-0.802,-1.504,0.000,-16,15,-6
75.540,0.965,-0.802,-1.475,0.000,-16,16,-6
75.591,0.965,-0.802,-1.459,0.000,-16,15,-6
75.642,1.079,-1.549,-1.459,0.000,-16,15,-6
75.693,1.079,-1.549,-1.404,0.000,-16,16,-5
75.744,1.042,-1.460,-1.390,0.000,-16,15,-6
75.795,1.042,-1.460,-1.352,0.000,-16,15,-7
75.846,1.042,-1.460,-1.332,0.000,-17,16,-5
75.897,1.042,-1.460,-1.332,0.000,-16,15,-6
75.948,1.042,-1.460,-1.296,0.000,-16,16,-7
75.999,1.042,-1.460,-1.272,0.000,-16,15,-5
76.050,1.042,-1.460,-1.247,0.000,-16,16,-6
76.101,1.042,-1.460,-1.228,0.000,-16,15,-6
76.152,1.042,-1.460,-1.228,0.000,-16,16,-6
76.203,1.042,-1.460,-1.180,0.000,-16,15,-6
76.254,1.042,-1.460,-1.148,0.000,-16,16,-6
76.305,1.042,-1.460,-1.132,0.000,-16,15,-6
76.356,1.042,-1.460,-1.132,0.000,-16,16,-6
76.407,1.042,-1.460,-1.102,0.000,-16,16,-6
76.458,1.042,-1.460,-1.083,0.000,-16,15,-6
76.509,1.042,-1.460,-1.059,0.000,-17,16,-6
76.560,1.042,-1.460,-1.030,0.000,-16,16,-6
76.611,-0.676,1.393,-1.030,0.000,-15,15,-6
76.662,-0.676,1.393,-0.995,0.000,-16,16,-6
76.713,-0.676,1.393,-0.983,0.000,-17,15,-5
76.764,-0.646,1.432,-0.947,0.000,-16,16,-6
76.815,-0.646,1.432,-0.947,0.000,-16,16,-6
76.866,-0.612,1.466,-0.935,0.000,-16,15,-6
76.917,-0.612,1.466,-0.912,0.000,-16,16,-6
76.968,-0.612,1.466,-0.896,0.000,-16,16,-7
77.019,-0.584,1.502,-0.852,0.000,-16,15,-5
77.070,-0.584,1.502,-0.852,0.000,-16,16,-6
77.121,-0.584,1.502,-0.838,0.000,-16,16,-6
77.172,-0.563,1.540,-0.816,0.000,-17,15,-6
77.223,-0.563,1.540,-0.800,0.000,-16,16,-6
77.274,-0.563,1.540,-0.800,0.000,-16,16,-6
77.376,-0.539,1.578,-0.764,0.000,-16,16,-6
77.480,-0.508,1.620,-0.705,0.000,-10,15,-12
77.531,-0.508,1.620,-0.705,0.000,-7,16,-14
77.582,-0.482,1.662,-0.696,0.000,-6,16,-13
77.633,-0.482,1.662,-0.665,0.000,-5,15,-14
77.684,-0.482,1.662,-0.656,0.000,-4,16,-14
77.735,-0.450,1.704,-0.675,0.000,-3,15,-13
77.786,-0.450,1.704,-0.675,0.000,-2,16,-14
77.837,-0.450,1.704,-0.679,0.000,-2,15,-14
77.888,-0.423,1.741,-0.689,0.000,-2,16,-14
77.939,-0.423,1.741,-0.683,0.000,-2,15,-14
77.990,-0.394,1.775,-0.683,0.000,-1,16,-14
78.041,-0.394,1.775,-0.692,0.000,-1,15,-14
78.092,-0.394,1.775,-0.693,0.000,-1,15,-14
78.143,0.017,1.786,-0.687,0.000,-1,16,-13
78.194,0.017,1.786,-0.712,0.000,-1,15,-14
78.245,0.017,1.786,-0.712,0.000,-1,16,-14
78.296,0.053,1.811,-0.712,0.000,-1,15,-14
78.347,0.053,1.811,-0.731,0.000,-1,15,-14
78.398,0.053,1.811,-0.740,0.000,0,15,-14
78.449,0.098,1.838,-0.740,0.000,-1,16,-14
78.500,0.098,1.838,-0.766,0.000,-1,15,-13
78.551,0.098,1.838,-0.780,0.000,0,15,-14
78.602,0.136,1.862,-0.796,0.000,0,15,-14
78.653,0.136,1.862,-0.810,0.000,0,15,-14
78.704,-0.207,1.903,-0.810,0.000,0,15,-14
78.755,-0.207,1.903,-0.825,0.000,1,15,-14
78.806,-0.207,1.903,-0.848,0.000,0,15,-14
78.857,-0.173,1.928,-0.867,0.000,0,15,-14
78.959,-0.173,1.928,-0.867,0.000,0,15,-14
79.010,-0.137,1.951,-0.910,0.000,0,15,-14
79.061,-0.137,1.951,-0.933,0.000,0,15,-14
79.112,-0.137,1.951,-0.944,0.000,0,14,-14
79.163,-0.102,1.971,-0.944,0.000,0,15,-14
79.214,-0.102,1.971,-0.959,0.000,0,15,-13
79.265,-0.068,1.988,-0.960,0.000,0,15,-14
79.316,-0.068,1.988,-0.988,0.000,0,15,-14
79.367,-0.068,1.988,-1.000,0.000,0,15,-14
79.418,-0.026,2.009,-1.000,0.000,0,14,-14
79.469,-0.026,2.009,-1.041,0.000,0,15,-14
79.520,-0.026,2.009,-1.052,0.000,0,14,-14
79.571,0.010,2.028,-1.060,0.000,0,15,-14
79.622,0.010,2.028,-1.060,0.000,0,15,-14
79.673,0.010,2.028,-1.055,0.000,0,14,-14
79.724,0.050,2.049,-1.056,0.000,0,15,-14
79.775,0.050,2.049,-1.087,0.000,0,14,-14
79.826,0.092,2.075,-1.083,0.000,0,15,-14
79.877,0.092,2.075,-1.083,0.000,0,14,-14
79.928,0.092,2.075,-1.099,0.000,0,15,-14
79.979,0.130,2.097,-1.102,0.000,0,15,-14
80.030,0.130,2.097,-1.098,0.000,0,14,-14
80.081,0.130,2.097,-1.098,0.000,0,15,-14
80.132,0.165,2.118,-1.105,0.000,0,14,-14
80.183,0.165,2.118,-1.119,0.000,0,15,-14
80.234,0.165,2.118,-1.101,0.000,0,14,-14
80.285,0.203,2.140,-1.113,0.000,0,14,-14
80.336,0.203,2.140,-1.113,0.000,0,15,-14
80.387,0.235,2.165,-1.113,0.000,0,14,-14
80.438,0.235,2.165,-1.108,0.000,0,14,-14
80.489,0.235,2.165,-1.115,0.000,0,14,-15
80.540,0.272,2.182,-1.115,0.000,0,15,-13
80.591,0.272,2.182,-1.125,0.000,0,14,-15
80.642,0.272,2.182,-1.109,0.000,0,14,-14
80.693,0.313,2.204,-1.121,0.000,0,14,-14
80.744,0.313,2.204,-1.113,0.000,-1,15,-13
80.795,0.313,2.204,-1.113,0.000,0,14,-14
80.846,0.348,2.222,-1.103,0.000,0,14,-14
80.897,0.348,2.222,-1.103,0.000,0,14,-14
80.948,0.391,2.240,-1.100,0.000,0,14,-14
80.999,0.391,2.240,-1.087,0.000,0,15,-14
81.050,0.391,2.240,-1.087,0.000,0,14,-14
81.101,0.391,2.240,-1.090,0.000,0,14,-14
81.152,0.391,2.240,-1.085,0.000,0,14,-14
81.203,0.391,2.240,-1.080,0.000,0,14,-14
81.254,0.391,2.240,-1.080,0.000,0,14,-14
81.305,0.391,2.240,-1.069,0.000,0,14,-14
81.356,0.391,2.240,-1.058,0.000,0,14,-14
81.407,0.391,2.240,-1.053,0.000,0,15,-14
81.458,0.391,2.240,-1.043,0.000,0,14,-14
81.510,0.391,2.240,-1.043,0.000,1,15,-14
81.562,0.391,2.240,-1.044,0.000,9,15,-5
81.613,0.391,2.240,-1.123,0.000,12,16,1
81.664,0.391,2.240,-1.207,0.000,13,15,-3
81.716,0.391,2.240,-1.207,0.000,12,15,-4
81.767,0.391,2.240,-1.264,0.000,12,15,-3
81.818,0.391,2.240,-1.350,0.000,12,16,-2
81.869,0.391,2.240,-1.425,0.000,12,14,-3
81.920,0.391,2.240,-1.499,0.000,12,16,-3
81.971,0.391,2.240,-1.499,0.000,10,15,-5
82.023,0.391,2.240,-1.562,0.000,-1,14,-12
82.074,0.391,2.240,-1.571,0.000,-2,14,-14
82.125,3.776,-0.437,-1.553,0.000,3,14,-14
82.176,3.776,-0.437,-1.566,0.000,-1,15,-14
82.227,3.776,-0.437,-1.566,0.000,0,15,-15
82.278,3.776,-0.437,-1.553,0.000,0,14,-14
82.329,3.776,-0.437,-1.547,0.000,0,15,-14
82.380,3.776,-0.437,-1.548,0.000,0,15,-14
82.431,3.776,-0.437,-1.548,0.000,0,14,-14
82.482,3.776,-0.437,-1.554,0.000,0,14,-14
82.533,2.451,0.503,-1.541,0.000,0,15,-15
82.585,2.451,0.503,-1.557,0.000,3,16,-14
82.741,2.451,0.503,-1.670,0.000,11,15,-4
82.793,3.173,0.087,-1.720,0.000,0,15,-11
82.844,3.173,0.087,-1.716,0.000,-2,14,-14
82.895,3.173,0.087,-1.708,0.000,1,14,-14
82.946,3.212,0.085,-1.708,0.000,1,14,-14
82.997,3.212,0.085,-1.719,0.000,0,15,-14
83.048,3.212,0.085,-1.725,0.000,-1,14,-14
83.099,3.212,0.085,-1.711,0.000,-1,15,-14
83.150,3.212,0.085,-1.711,0.000,0,14,-14
83.201,3.212,0.085,-1.707,0.000,0,15,-15
83.252,3.212,0.085,-1.724,0.000,0,14,-14
83.303,3.212,0.085,-1.718,0.000,0,15,-14
83.354,1.918,1.137,-1.705,0.000,1,14,-14
83.405,1.918,1.137,-1.705,0.000,0,14,-14
83.456,1.918,1.137,-1.714,0.000,0,15,-14
83.507,1.955,1.128,-1.703,0.000,0,14,-14
83.558,1.955,1.128,-1.719,0.000,0,15,-14
83.609,1.955,1.128,-1.719,0.000,0,14,-14
83.660,2.001,1.109,-1.718,0.000,0,14,-15
83.711,2.001,1.109,-1.715,0.000,0,15,-14
83.762,2.001,1.109,-1.723,0.000,0,14,-14
83.813,2.001,1.109,-1.724,0.000,0,15,-14
83.916,2.001,1.109,-1.723,0.000,6,15,-13
83.968,2.001,1.109,-1.752,0.000,11,16,-5
84.020,2.001,1.109,-1.837,0.000,11,16,-1
84.071,1.180,2.268,-1.914,0.000,12,15,-2
84.122,1.180,2.268,-1.914,0.000,13,15,-3
84.174,1.180,2.268,-2.008,0.000,12,16,-3
84.225,1.210,2.262,-2.069,0.000,12,15,-3
84.277,1.210,2.262,-2.147,0.000,0,15,-10
84.328,1.210,2.262,-2.147,0.000,-1,13,-14
84.379,1.210,2.262,-2.147,0.000,-1,14,-14
84.430,1.210,2.262,-2.140,0.000,-2,15,-14
84.481,1.210,2.262,-2.137,0.000,0,15,-15
84.532,1.210,2.262,-2.141,0.000,0,15,-14
84.583,1.210,2.262,-2.141,0.000,1,14,-15
84.634,1.210,2.262,-2.131,0.000,0,15,-14
84.685,1.210,2.262,-2.129,0.000,0,15,-14
84.736,1.210,2.262,-2.146,0.000,0,14,-15
84.787,-0.402,0.435,-2.134,0.000,0,15,-14
84.838,-0.402,0.435,-2.134,0.000,0,15,-14
84.889,-0.402,0.435,-2.137,0.000,0,14,-15
84.940,-0.402,0.435,-2.141,0.000,0,15,-14
84.991,-0.402,0.435,-2.139,0.000,0,14,-14
85.042,-0.402,0.435,-2.139,0.000,0,15,-14
85.093,-0.402,0.435,-2.136,0.000,0,14,-14
85.144,-0.402,0.435,-2.148,0.000,-1,15,-15
85.246,-0.402,0.435,-2.118,0.000,0,15,-14
85.297,-0.402,0.435,-2.118,0.000,0,14,-14
85.348,1.437,2.090,-2.134,0.000,0,14,-15
85.399,1.437,2.090,-2.147,0.000,0,15,-14
85.450,1.437,2.090,-2.142,0.000,0,14,-14
85.501,1.471,2.060,-2.142,0.000,0,14,-14
85.552,1.471,2.060,-2.145,0.000,0,15,-14
85.603,1.499,2.030,-2.154,0.000,0,14,-14
85.654,1.499,2.030,-2.158,0.000,0,14,-14
85.705,1.499,2.030,-2.141,0.000,0,15,-15
85.756,1.532,2.005,-2.141,0.000,0,14,-14
85.807,1.532,2.005,-2.176,0.000,0,14,-14
85.858,1.532,2.005,-2.165,0.000,0,14,-14
85.909,1.568,1.977,-2.172,0.000,0,15,-14
85.960,1.568,1.977,-2.172,0.000,0,14,-14
86.011,1.568,1.977,-2.146,0.000,0,14,-14
86.062,1.598,1.946,-2.168,0.000,0,14,-14
86.113,1.598,1.946,-2.175,0.000,0,15,-15
86.164,1.632,1.916,-2.156,0.000,0,14,-14
86.215,1.632,1.916,-2.156,0.000,0,14,-14
86.266,1.632,1.916,-2.169,0.000,0,15,-14
86.317,1.665,1.888,-2.175,0.000,0,14,-14
86.368,1.665,1.888,-2.192,0.000,0,14,-15
86.419,1.665,1.888,-2.184,0.000,0,14,-14
86.470,1.695,1.858,-2.184,0.000,0,14,-14
86.521,1.695,1.858,-2.205,0.000,0,15,-14
86.572,1.695,1.858,-2.198,0.000,0,14,-14
86.623,1.727,1.832,-2.199,0.000,0,14,-14
86.674,1.727,1.832,-2.199,0.000,0,14,-14
86.725,1.754,1.810,-2.214,0.000,0,14,-15
86.776,1.754,1.810,-2.220,0.000,0,14,-14
86.827,1.754,1.810,-2.229,0.000,0,15,-14
86.878,1.783,1.779,-2.227,0.000,0,14,-14
86.929,1.783,1.779,-2.227,0.000,0,14,-14
86.980,1.783,1.779,-2.228,0.000,0,14,-14
87.031,1.812,1.751,-2.233,0.000,0,14,-14
87.082,1.812,1.751,-2.242,0.000,0,14,-14
87.133,1.812,1.751,-2.242,0.000,0,14,-14
87.184,1.841,1.719,-2.236,0.000,0,14,-14
87.235,1.841,1.719,-2.238,0.000,0,15,-14
87.286,1.875,1.686,-2.236,0.000,0,14,-14
87.337,1.875,1.686,-2.230,0.000,0,14,-14
87.388,1.875,1.686,-2.230,0.000,0,14,-14
87.439,1.893,1.660,-2.232,0.000,0,14,-14
87.490,1.893,1.660,-2.212,0.000,0,14,-14
87.541,1.893,1.660,-2.188,0.000,0,14,-14
87.592,1.921,1.633,-2.188,0.000,0,14,-14
87.643,1.921,1.633,-2.163,0.000,0,14,-14
87.694,1.921,1.633,-2.115,0.000,0,14,-14
87.745,1.955,1.609,-2.042,0.000,0,14,-14
87.796,1.955,1.609,-1.931,0.000,0,14,-14
87.847,1.979,1.581,-1.931,0.000,0,14,-14
87.898,1.979,1.581,-1.796,0.000,0,14,-14
87.949,1.979,1.581,-1.608,0.000,0,14,-14
88.000,2.025,1.551,-1.368,0.000,0,14,-14
88.051,2.025,1.551,-1.157,0.000,0,14,-14
88.102,2.025,1.551,-1.157,0.000,0,14,-14
88.153,2.055,1.524,-0.974,0.000,0,14,-14
88.204,2.055,1.524,-0.830,0.000,0,14,-14
88.255,2.055,1.524,-0.745,0.000,0,14,-14
88.306,2.089,1.498,-0.745,0.000,0,14,-14
88.357,2.089,1.498,-0.707,0.000,0,14,-14
88.459,2.129,1.469,-0.677,0.000,3,14,-13
88.511,2.129,1.469,-0.712,0.000,8,16,-10
88.563,2.141,1.463,-0.712,0.000,10,15,-6
88.615,2.141,1.463,-0.808,0.000,12,16,-3
88.667,2.141,1.463,-0.920,0.000,13,15,-2
88.719,2.177,1.432,-1.024,0.000,12,16,-1
88.770,2.177,1.432,-1.165,0.000,14,15,0
88.821,2.177,1.432,-1.165,0.000,12,15,0
88.872,2.197,1.411,-1.300,0.000,13,15,0
88.923,2.197,1.411,-1.436,0.000,14,15,0
88.974,2.220,1.391,-1.578,0.000,12,16,0
89.025,2.220,1.391,-1.578,0.000,14,15,0
89.076,2.220,1.391,-1.725,0.000,13,15,0
89.127,2.253,1.354,-1.864,0.000,13,15,0
89.178,2.253,1.354,-2.007,0.000,13,16,0
89.229,2.253,1.354,-2.140,0.000,13,15,0
89.280,2.265,1.340,-2.140,0.000,13,15,0
89.331,2.265,1.340,-2.276,0.000,13,16,0
89.382,2.265,1.340,-2.394,0.000,13,15,0
89.433,2.275,1.322,-2.513,0.000,13,16,0
89.484,2.275,1.322,-2.513,0.000,13,16,0
89.536,2.275,1.322,-2.601,0.000,5,15,-5
89.588,2.276,1.306,-2.705,0.000,-4,14,-13
89.639,2.276,1.306,-2.745,0.000,-2,15,-13
89.690,2.273,1.292,-2.803,0.000,1,14,-14
89.741,2.273,1.292,-2.803,0.000,1,16,-14
89.792,2.273,1.292,-2.859,0.000,-2,15,-14
89.843,2.261,1.275,-2.897,0.000,0,14,-14
89.894,2.261,1.275,-2.927,0.000,0,15,-14
89.945,2.261,1.275,-2.981,0.000,0,15,-14
89.996,2.248,1.249,-2.981,0.000,1,15,-14
90.047,2.248,1.249,-2.999,0.000,0,15,-15
90.098,2.232,1.210,-3.029,0.000,0,15,-14
90.149,2.232,1.210,-3.041,0.000,0,15,-14
90.200,2.232,1.210,-3.041,0.000,0,15,-14
90.251,2.208,1.177,-3.080,0.000,0,15,-15
90.302,2.208,1.177,-3.094,0.000,0,15,-14
90.353,2.208,1.177,-3.128,0.000,0,14,-14
90.404,2.183,1.141,-3.125,0.000,0,15,-14
90.455,2.183,1.141,-3.125,0.000,0,15,-14
90.506,2.183,1.141,-3.142,0.000,0,14,-14
90.557,2.155,1.108,-3.156,0.000,0,15,-14
90.608,2.155,1.108,-3.168,0.000,0,15,-14
90.659,2.155,1.108,-3.168,0.000,0,14,-14
90.710,2.120,1.085,-3.188,0.000,0,15,-15
90.761,2.120,1.085,-3.179,0.000,-1,14,-14
90.812,2.092,1.047,-3.195,0.000,0,15,-14
90.863,2.092,1.047,-3.207,0.000,0,14,-14
90.914,2.092,1.047,-3.207,0.000,0,15,-14
90.965,2.065,1.012,-3.219,0.000,0,14,-14
91.016,2.065,1.012,-3.211,0.000,0,15,-14
91.067,2.065,1.012,-3.217,0.000,0,14,-14
91.118,2.039,0.978,-3.217,0.000,0,14,-14
91.169,2.039,0.978,-3.218,0.000,0,15,-14
91.220,2.039,0.978,-3.223,0.000,0,14,-14
91.271,2.011,0.948,-3.236,0.000,0,14,-14
91.322,2.011,0.948,-3.226,0.000,0,15,-15
91.373,1.961,0.917,-3.226,0.000,0,14,-14
91.424,1.961,0.917,-3.241,0.000,0,14,-14
91.475,1.961,0.917,-3.241,0.000,0,15,-14
91.526,1.909,0.885,-3.248,0.000,0,14,-14
91.577,1.909,0.885,-3.240,0.000,0,14,-14
91.628,1.909,0.885,-3.240,0.000,0,14,-13
91.679,1.857,0.853,-3.235,0.000,0,15,-14
91.730,1.857,0.853,-3.251,0.000,0,14,-14
91.781,1.857,0.853,-3.244,0.000,0,14,-14
91.832,1.817,0.816,-3.244,0.000,0,15,-14
91.883,1.817,0.816,-3.244,0.000,0,14,-15
91.934,1.818,0.777,-3.258,0.000,0,14,-14
91.985,1.818,0.777,-3.253,0.000,0,14,-13
92.036,1.818,0.777,-3.261,0.000,0,15,-15
92.087,1.819,0.739,-3.261,0.000,0,14,-14
92.138,1.819,0.739,-3.275,0.000,0,14,-13
92.189,1.819,0.739,-3.276,0.000,0,14,-14
92.240,1.820,0.703,-3.270,0.000,0,15,-14
92.291,1.820,0.703,-3.270,0.000,0,14,-14
92.342,1.820,0.703,-3.298,0.000,0,14,-14
92.393,1.813,0.666,-3.278,0.000,0,14,-15
92.444,1.813,0.666,-3.297,0.000,0,14,-14
92.495,1.786,0.637,-3.294,0.000,0,14,-14
92.546,1.786,0.637,-3.294,0.000,0,14,-14
92.597,1.786,0.637,-3.315,0.000,0,15,-14
92.648,1.772,0.597,-3.299,0.000,0,14,-14
92.699,1.772,0.597,-3.312,0.000,0,14,-14
92.750,1.772,0.597,-3.312,0.000,0,14,-14
92.801,1.741,0.567,-3.318,0.000,0,14,-14
92.852,1.741,0.567,-3.313,0.000,0,14,-14
92.903,1.741,0.567,-3.294,0.000,0,14,-14
92.954,1.713,0.535,-3.303,0.000,0,15,-15
93.005,1.713,0.535,-3.303,0.000,0,14,-14
93.056,1.713,0.535,-3.301,0.000,0,14,-14
93.107,1.688,0.502,-3.323,0.000,0,14,-14
93.158,1.688,0.502,-3.302,0.000,0,14,-14
93.209,1.648,0.479,-3.304,0.000,0,14,-14
93.260,1.648,0.479,-3.304,0.000,0,14,-14
93.311,1.648,0.479,-3.260,0.000,0,15,-14
93.362,1.829,0.436,-3.250,0.000,0,14,-14
93.413,1.829,0.436,-3.269,0.000,0,14,-14
93.464,1.829,0.436,-3.269,0.000,0,14,-14
93.515,1.803,0.402,-3.251,0.000,0,14,-14
93.566,1.803,0.402,-3.260,0.000,0,14,-14
93.617,1.803,0.402,-3.244,0.000,0,14,-14
93.668,1.767,0.378,-3.254,0.000,0,14,-14
93.719,1.767,0.378,-3.254,0.000,0,15,-14
93.770,1.767,0.378,-3.253,0.000,0,14,-14
93.821,1.767,0.378,-3.242,0.000,0,14,-14
93.872,1.767,0.378,-3.246,0.000,0,14,-14
93.923,1.750,0.327,-3.246,0.000,0,14,-14
93.974,1.750,0.327,-3.231,0.000,0,14,-14
94.025,1.750,0.327,-3.233,0.000,0,14,-14
94.076,1.536,0.276,-3.253,0.000,0,15,-14
94.127,1.536,0.276,-3.248,0.000,0,14,-14
94.178,1.536,0.276,-3.248,0.000,0,14,-14
94.229,1.522,0.222,-3.259,0.000,0,14,-15
94.281,1.522,0.222,-3.259,0.000,9,13,-14
94.333,1.522,0.222,-3.292,0.000,13,8,-15
94.384,1.522,0.222,-3.291,0.000,13,5,-15
94.435,1.522,0.222,-3.291,0.000,15,6,-15
94.486,1.522,0.222,-3.312,0.000,15,6,-15
94.537,1.522,0.222,-3.332,0.000,15,6,-15
94.588,1.522,0.222,-3.349,0.000,15,6,-15
94.639,0.435,-0.977,-3.349,0.000,15,6,-15
94.690,0.435,-0.977,-3.379,0.000,15,6,-15
94.741,0.435,-0.977,-3.409,0.000,15,6,-16
94.792,0.384,-0.979,-3.427,0.000,15,6,-15
94.844,0.384,-0.979,-3.451,0.000,16,2,-16
94.896,0.384,-0.979,-3.451,0.000,14,-4,-16
94.948,0.384,-0.979,-3.440,0.000,16,-9,-15
95.000,0.384,-0.979,-3.401,0.000,15,-10,-13
95.051,0.384,-0.979,-3.392,0.000,16,-10,-12
95.102,0.384,-0.979,-3.389,0.000,15,-11,-10
95.153,0.384,-0.979,-3.389,0.000,16,-10,-10
95.204,1.251,0.122,-3.352,0.000,15,-10,-10
95.255,1.251,0.122,-3.352,0.000,16,-10,-9
95.306,1.251,0.122,-3.357,0.000,16,-10,-9
95.357,1.210,0.135,-3.357,0.000,15,-9,-9
95.408,1.210,0.135,-3.339,0.000,16,-9,-9
95.459,1.210,0.135,-3.336,0.000,15,-9,-8
95.510,1.210,0.135,-3.341,0.000,16,-9,-9
95.561,1.210,0.135,-3.338,0.000,16,-8,-8
95.612,1.210,0.135,-3.338,0.000,16,-9,-9
95.663,1.210,0.135,-3.322,0.000,15,-8,-8
95.714,1.210,0.135,-3.345,0.000,16,-8,-9
95.765,1.148,0.172,-3.332,0.000,16,-9,-8
95.816,1.148,0.172,-3.332,0.000,16,-8,-9
95.867,1.148,0.172,-3.347,0.000,15,-8,-8
95.969,1.055,0.214,-3.359,0.000,16,-9,-8
96.020,0.986,0.251,-3.352,0.000,16,-8,-9
96.071,0.986,0.251,-3.352,0.000,15,-8,-8
96.122,0.986,0.251,-3.367,0.000,16,-8,-8
96.173,0.918,0.265,-3.361,0.000,16,-8,-8
96.224,0.918,0.265,-3.368,0.000,16,-9,-8
96.275,0.918,0.265,-3.368,0.000,16,-8,-8
96.326,0.918,0.265,-3.361,0.000,16,-8,-9
96.377,0.918,0.265,-3.366,0.000,16,-8,-8
96.428,0.918,0.265,-3.365,0.000,16,-8,-8
96.479,0.863,0.288,-3.370,0.000,16,-9,-8
96.530,0.863,0.288,-3.370,0.000,16,-8,-8
96.581,0.863,0.288,-3.363,0.000,15,-8,-9
96.632,0.849,0.292,-3.361,0.000,16,-8,-8
96.683,0.849,0.292,-3.359,0.000,16,-8,-8
96.734,0.811,0.325,-3.368,0.000,16,-8,-8
96.785,0.811,0.325,-3.371,0.000,16,-9,-8
96.836,0.811,0.325,-3.364,0.000,16,-8,-9
96.887,0.811,0.325,-3.377,0.000,16,-8,-8
96.938,0.811,0.325,-3.368,0.000,16,-8,-8
96.989,0.811,0.325,-3.368,0.000,16,-8,-8
97.040,0.811,0.325,-3.375,0.000,16,-8,-8
97.091,0.811,0.325,-3.377,0.000,16,-8,-8
97.142,0.811,0.325,-3.395,0.000,16,-8,-8
97.193,0.811,0.325,-3.386,0.000,16,-8,-8
97.244,0.811,0.325,-3.386,0.000,16,-9,-8
97.295,0.811,0.325,-3.375,0.000,16,-8,-8
97.346,0.811,0.325,-3.382,0.000,17,-8,-9
97.399,0.811,0.325,-3.366,0.000,7,9,-11
97.450,0.811,0.325,-3.366,0.000,-3,14,-12
97.502,0.811,0.325,-3.348,0.000,-10,14,-7
97.553,0.811,0.325,-3.340,0.000,-12,15,-4
97.604,-0.622,-0.777,-3.349,0.000,-12,14,-4
97.655,-0.622,-0.777,-3.364,0.000,-13,14,-6
97.706,-0.622,-0.777,-3.364,0.000,-13,15,-6
97.757,-0.622,-0.777,-3.345,0.000,-14,15,-7
97.808,-0.622,-0.777,-3.334,0.000,-14,16,-5
97.859,-0.622,-0.777,-3.290,0.000,-15,15,-7
97.910,-0.622,-0.777,-3.290,0.000,-14,15,-6
97.961,-0.622,-0.777,-3.290,0.000,-15,16,-5
98.012,0.534,0.472,-3.268,0.000,-15,15,-6
98.063,0.534,0.472,-3.242,0.000,-15,15,-6
98.114,0.534,0.472,-3.234,0.000,-15,16,-6
98.165,0.538,0.440,-3.234,0.000,-15,15,-5
98.216,0.538,0.440,-3.199,0.000,-16,16,-6
98.267,0.538,0.440,-3.187,0.000,-15,16,-6
98.318,0.551,0.400,-3.160,0.000,-15,15,-6
98.369,0.551,0.400,-3.140,0.000,-16,16,-5
98.420,0.555,0.359,-3.140,0.000,-15,16,-7
98.472,0.555,0.359,-3.109,0.000,-15,16,-6
98.523,0.555,0.359,-3.089,0.000,-16,15,-5
98.625,0.595,0.317,-3.053,0.000,-15,16,-6
98.676,0.595,0.317,-3.046,0.000,-16,15,-6
98.727,0.615,0.280,-3.000,0.000,-15,16,-6
98.778,0.615,0.280,-2.995,0.000,-16,16,-6
98.829,0.615,0.280,-2.957,0.000,-15,15,-6
98.880,0.615,0.280,-2.957,0.000,-16,16,-6
98.931,0.615,0.280,-2.928,0.000,-15,16,-6
98.982,0.642,0.227,-2.904,0.000,-16,16,-6
99.033,0.642,0.227,-2.877,0.000,-15,15,-6
99.084,0.642,0.227,-2.877,0.000,-15,16,-6
99.135,0.674,0.177,-2.842,0.000,-16,16,-6
99.186,0.674,0.177,-2.814,0.000,-16,15,-5
99.237,0.674,0.177,-2.795,0.000,-15,16,-7
99.288,0.699,0.131,-2.770,0.000,-16,16,-6
99.339,0.699,0.131,-2.770,0.000,-15,16,-5
99.390,0.699,0.131,-2.731,0.000,-16,16,-6
99.441,0.742,0.083,-2.719,0.000,-16,15,-6
99.492,0.742,0.083,-2.683,0.000,-15,16,-6
99.543,0.791,0.048,-2.653,0.000,-16,16,-6
99.594,0.791,0.048,-2.653,0.000,-15,16,-6
99.645,0.791,0.048,-2.629,0.000,-16,16,-6
99.696,0.791,0.048,-2.613,0.000,-16,15,-6
99.798,0.791,0.048,-2.588,0.000,-15,16,-7
99.850,0.791,0.048,-2.572,0.000,-13,16,-10
99.901,0.791,0.048,-2.523,0.000,-3,16,-13
99.952,0.791,0.048,-2.530,0.000,2,16,-13
100.003,-0.456,-1.447,-2.544,0.000,-1,15,-13
100.054,-0.456,-1.447,-2.544,0.000,-2,16,-14
100.105,-0.422,-1.481,-2.529,0.000,-1,15,-14
100.156,-0.422,-1.481,-2.541,0.000,0,16,-14
100.207,-0.422,-1.481,-2.544,0.000,0,16,-14
100.258,-0.309,-1.440,-2.544,0.000,0,15,-14
100.309,-0.309,-1.440,-2.548,0.000,0,16,-13
100.360,-0.309,-1.440,-2.553,0.000,0,15,-14
100.411,-0.288,-1.479,-2.566,0.000,1,16,-14
100.462,-0.288,-1.479,-2.554,0.000,1,16,-14
100.513,-0.288,-1.479,-2.554,0.000,0,15,-14
100.564,-0.282,-1.518,-2.587,0.000,0,15,-14
100.615,-0.282,-1.518,-2.571,0.000,0,16,-14
100.666,-0.282,-1.518,-2.586,0.000,0,15,-14
100.717,-0.282,-1.518,-2.586,0.000,0,15,-14
100.768,-0.282,-1.518,-2.577,0.000,-1,16,-14
100.819,-0.285,-1.608,-2.594,0.000,0,15,-14
100.870,-0.285,-1.608,-2.601,0.000,0,15,-14
100.921,-0.285,-1.608,-2.602,0.000,0,15,-14
100.972,-0.267,-1.648,-2.602,0.000,0,16,-14
101.023,-0.267,-1.648,-2.598,0.000,0,15,-14
101.074,-0.267,-1.648,-2.616,0.000,0,15,-14
101.125,-0.262,-1.692,-2.622,0.000,0,15,-14
101.176,-0.262,-1.692,-2.620,0.000,0,15,-14
101.227,-0.262,-1.692,-2.620,0.000,0,15,-14
101.278,-0.203,-1.685,-2.636,0.000,-9,6,-15
101.330,-0.203,-1.685,-2.567,0.000,-14,0,-16
101.381,-0.202,-1.723,-2.464,0.000,-14,0,-16
101.432,-0.202,-1.723,-2.464,0.000,0,8,-14
101.483,-0.202,-1.723,-2.417,0.000,1,14,-13
101.534,-0.199,-1.763,-2.418,0.000,0,14,-14
101.585,-0.199,-1.763,-2.415,0.000,-1,15,-14
101.636,-0.199,-1.763,-2.421,0.000,0,14,-14
101.687,-0.195,-1.801,-2.421,0.000,0,15,-15
101.738,-0.195,-1.801,-2.440,0.000,1,14,-14
101.789,-0.195,-1.801,-2.434,0.000,0,15,-14
101.840,-0.195,-1.801,-2.437,0.000,0,14,-14
101.891,-0.195,-1.801,-2.437,0.000,0,14,-14
101.942,-0.195,-1.801,-2.439,0.000,0,15,-14
101.993,-0.195,-1.801,-2.448,0.000,0,14,-14
102.044,-0.195,-1.801,-2.458,0.000,0,15,-15
102.095,1.086,-0.619,-2.448,0.000,0,14,-14
102.146,1.086,-0.619,-2.448,0.000,0,14,-14
102.197,1.086,-0.619,-2.471,0.000,0,15,-14
102.248,1.098,-0.668,-2.461,0.000,0,14,-14
102.299,1.098,-0.668,-2.455,0.000,0,14,-14
102.350,1.098,-0.668,-2.457,0.000,-1,15,-14
102.401,1.115,-0.713,-2.462,0.000,0,14,-14
102.452,1.115,-0.713,-2.457,0.000,-1,14,-14
102.503,1.122,-0.755,-2.466,0.000,0,14,-15
102.554,1.122,-0.755,-2.487,0.000,0,15,-13
102.605,1.122,-0.755,-2.487,0.000,0,14,-15
102.656,1.123,-0.794,-2.478,0.000,0,14,-14
102.707,1.123,-0.794,-2.476,0.000,0,14,-14
102.758,1.123,-0.794,-2.483,0.000,0,15,-14
102.809,1.135,-0.832,-2.480,0.000,0,14,-15
102.861,1.135,-0.832,-2.480,0.000,9,13,-14
102.913,1.135,-0.832,-2.490,0.000,14,10,-15
102.964,1.155,-0.876,-2.511,0.000,14,8,-15
103.015,1.155,-0.876,-2.528,0.000,15,6,-16
103.066,1.155,-0.876,-2.528,0.000,15,7,-15
103.118,1.155,-0.876,-2.530,0.000,15,2,-16
103.170,1.155,-0.876,-2.560,0.000,15,-5,-16
103.222,1.155,-0.876,-2.523,0.000,15,-10,-15
103.273,1.155,-0.876,-2.484,0.000,15,-12,-12
103.324,1.155,-0.876,-2.484,0.000,16,-10,-10
103.375,1.155,-0.876,-2.466,0.000,15,-11,-9
103.426,1.155,-0.876,-2.459,0.000,16,-11,-9
103.477,1.155,-0.876,-2.443,0.000,15,-9,-8
103.528,1.155,-0.876,-2.427,0.000,16,-10,-9
103.579,1.155,-0.876,-2.427,0.000,15,-9,-9
103.630,1.155,-0.876,-2.410,0.000,16,-9,-8
103.681,1.155,-0.876,-2.410,0.000,15,-9,-9
103.783,1.155,-0.876,-2.389,0.000,15,-9,-8
103.834,1.155,-0.876,-2.404,0.000,16,-8,-8
103.885,1.155,-0.876,-2.389,0.000,16,-9,-8
103.936,-1.427,-0.753,-2.380,0.000,15,-8,-9
103.987,-1.427,-0.753,-2.380,0.000,16,-9,-8
104.038,-1.427,-0.753,-2.380,0.000,16,-8,-8
104.089,-1.427,-0.753,-2.374,0.000,15,-8,-8
104.140,-1.427,-0.753,-2.368,0.000,16,-9,-8
104.191,-1.427,-0.753,-2.368,0.000,15,-8,-8
104.242,-1.427,-0.753,-2.368,0.000,16,-8,-9
104.293,-1.427,-0.753,-2.374,0.000,16,-8,-8
104.344,-0.476,0.274,-2.347,0.000,16,-9,-8
104.395,-0.476,0.274,-2.357,0.000,15,-8,-8
104.446,-0.476,0.274,-2.364,0.000,16,-8,-8
104.497,-0.476,0.274,-2.364,0.000,16,-8,-8
104.548,-0.476,0.274,-2.370,0.000,15,-8,-8
104.599,-0.476,0.274,-2.357,0.000,16,-9,-9
104.650,-0.699,0.306,-2.353,0.000,16,-8,-8
104.701,-0.699,0.306,-2.347,0.000,16,-8,-8
104.752,-0.699,0.306,-2.347,0.000,15,-8,-8
104.803,-0.699,0.306,-2.353,0.000,16,-8,-8
104.854,-0.699,0.306,-2.358,0.000,16,-8,-8
104.905,-0.699,0.306,-2.363,0.000,16,-8,-8
104.956,-0.699,0.306,-2.363,0.000,15,-9,-8
105.007,-0.699,0.306,-2.363,0.000,16,-8,-8
105.058,-0.699,0.306,-2.359,0.000,16,-8,-8
105.109,-0.699,0.306,-2.391,0.000,16,-8,-8
105.160,-0.699,0.306,-2.420,0.000,16,3,3
105.211,-0.014,1.322,-2.420,0.000,17,7,7
105.262,-0.014,1.322,-2.546,0.000,15,4,5
105.313,-0.014,1.322,-2.589,0.000,15,-5,-6
105.364,-0.014,1.322,-2.580,0.000,15,-10,-9
105.415,-0.014,1.322,-2.580,0.000,16,-10,-10
105.466,-0.014,1.322,-2.571,0.000,16,-9,-9
105.517,-0.014,1.322,-2.583,0.000,15,-9,-9
105.568,-0.014,1.322,-2.571,0.000,16,-9,-9
105.619,-0.014,1.322,-2.587,0.000,16,-8,-8
105.721,-0.014,1.322,-2.582,0.000,16,-8,-8
105.772,-0.014,1.322,-2.590,0.000,16,-9,-9
105.823,-0.014,1.322,-2.597,0.000,16,-8,-7
105.875,-0.014,1.322,-2.597,0.000,16,5,4
105.926,-0.014,1.322,-2.629,0.000,18,9,10
105.977,-0.014,1.322,-2.780,0.000,16,7,7
106.028,-0.014,1.322,-2.850,0.000,15,-4,-4
106.079,-0.014,1.322,-2.844,0.000,15,-7,-8
106.130,-0.014,1.322,-2.844,0.000,16,-7,-6
106.181,-0.544,-2.399,-2.878,0.000,16,-6,-6
106.232,-0.544,-2.399,-2.901,0.000,15,-6,-7
106.283,-0.544,-2.399,-2.905,0.000,16,-6,-6
106.334,-0.544,-2.399,-2.934,0.000,16,-6,-6
106.385,-0.544,-2.399,-2.934,0.000,16,-7,-6
106.436,-0.544,-2.399,-2.950,0.000,16,-6,-6
106.487,0.387,-1.389,-2.974,0.000,16,-6,-6
106.538,0.387,-1.389,-2.989,0.000,16,-6,-6
106.589,0.372,-1.390,-2.989,0.000,16,-6,-6
106.640,0.372,-1.390,-3.008,0.000,16,-6,-6
106.691,0.372,-1.390,-3.031,0.000,16,-6,-6
106.742,0.342,-1.396,-3.024,0.000,16,-6,-6
106.793,0.342,-1.396,-3.039,0.000,16,-6,-6
106.844,0.342,-1.396,-3.039,0.000,17,-6,-6
106.895,0.300,-1.398,-3.051,0.000,16,-6,-6
106.946,0.300,-1.398,-3.077,0.000,16,-5,-5
106.997,0.300,-1.398,-3.092,0.000,16,-6,-7
107.048,0.426,-1.408,-3.092,0.000,15,-7,-7
107.099,0.426,-1.408,-3.099,0.000,16,-10,-8
107.150,0.388,-1.415,-3.107,0.000,16,-9,-9
107.201,0.388,-1.415,-3.073,0.000,16,-8,-8
107.252,0.388,-1.415,-3.081,0.000,16,-9,-9
107.303,0.429,-1.413,-3.081,0.000,16,-8,-9
107.354,0.429,-1.413,-3.062,0.000,16,-9,-8
107.405,0.429,-1.413,-3.080,0.000,16,-8,-9
107.456,0.397,-1.413,-3.063,0.000,17,-9,-8
107.507,0.397,-1.413,-3.063,0.000,16,-8,-8
107.558,0.397,-1.413,-3.053,0.000,15,-8,-8
107.609,0.200,-1.406,-3.067,0.000,17,-8,-9
107.660,0.200,-1.406,-3.042,0.000,16,-8,-8
107.711,0.149,-1.405,-3.028,0.000,16,-9,-8
107.762,0.149,-1.405,-3.028,0.000,16,-8,-8
107.813,0.149,-1.405,-3.025,0.000,16,-8,-8
107.864,0.021,-1.404,-3.015,0.000,16,-8,-9
108.068,-0.029,-1.407,-2.992,0.000,16,-8,-7
108.119,-0.029,-1.407,-2.993,0.000,16,-8,-8
108.170,-0.080,-1.411,-2.996,0.000,16,-8,-8
108.221,-0.080,-1.411,-2.996,0.000,16,-8,-8
108.272,-0.120,-1.415,-2.981,0.000,16,-8,-9
108.324,-0.120,-1.415,-2.964,0.000,17,-1,-1
108.375,-0.120,-1.415,-3.044,0.000,17,7,6
108.477,-0.159,-1.423,-3.143,0.000,16,7,7
108.579,-0.179,-1.426,-3.268,0.000,15,-10,-10
108.630,-0.179,-1.426,-3.237,0.000,16,-9,-9
108.681,-0.179,-1.426,-3.237,0.000,16,-10,-9
108.732,-0.197,-1.424,-3.228,0.000,16,-9,-9
108.783,-0.197,-1.424,-3.203,0.000,16,-9,-9
108.834,-0.197,-1.424,-3.189,0.000,16,-9,-9
108.885,-0.220,-1.418,-3.187,0.000,16,-9,-8
108.937,-0.220,-1.418,-3.187,0.000,17,4,4
108.988,-0.247,-1.410,-3.239,0.000,17,9,8
109.039,-0.247,-1.410,-3.344,0.000,17,6,7
109.090,-0.247,-1.410,-3.431,0.000,16,2,2
109.141,-0.282,-1.394,-3.432,0.000,15,-9,-9
109.192,-0.282,-1.394,-3.432,0.000,15,-12,-11
109.243,-0.282,-1.394,-3.398,0.000,16,-10,-10
109.294,-0.316,-1.384,-3.381,0.000,16,-10,-10
109.345,-0.316,-1.384,-3.330,0.000,16,-10,-9
109.396,-0.316,-1.384,-3.330,0.000,17,-9,-10
109.447,-0.350,-1.373,-3.326,0.000,16,-10,-9
109.498,-0.350,-1.373,-3.299,0.000,16,-9,-9
109.549,-0.381,-1.358,-3.278,0.000,16,-8,-9
109.600,-0.381,-1.358,-3.266,0.000,16,-9,-8
109.702,-0.406,-1.349,-3.247,0.000,16,-8,-8
109.753,-0.406,-1.349,-3.225,0.000,16,-8,-8
109.804,-0.406,-1.349,-3.219,0.000,16,-8,-9
109.855,-0.456,-1.332,-3.219,0.000,16,-9,-8
109.906,-0.456,-1.332,-3.188,0.000,16,-8,-8
109.957,-0.456,-1.332,-3.171,0.000,16,-8,-8
110.008,-0.494,-1.316,-3.132,0.000,17,-8,-9
110.059,-0.494,-1.316,-3.112,0.000,16,-9,-8
110.110,-0.538,-1.302,-3.112,0.000,16,-8,-8
110.161,-0.538,-1.302,-3.086,0.000,16,-8,-8
110.314,-0.594,-1.287,-3.047,0.000,16,-9,-8
110.365,-0.594,-1.287,-3.019,0.000,16,-8,-8
110.416,-0.626,-1.274,-2.997,0.000,17,-8,-8
110.467,-0.626,-1.274,-2.979,0.000,16,-8,-8
110.518,-0.626,-1.274,-2.942,0.000,16,-8,-8
110.569,-0.669,-1.260,-2.942,0.000,16,-8,-9
110.620,-0.669,-1.260,-2.922,0.000,16,-9,-8
110.671,-0.701,-1.248,-2.894,0.000,16,-8,-8
110.722,-0.701,-1.248,-2.890,0.000,17,-8,-7
110.773,-0.701,-1.248,-2.878,0.000,16,-8,-9
110.824,-0.719,-1.236,-2.857,0.000,16,-8,-8
110.875,-0.719,-1.236,-2.839,0.000,16,-9,-8
110.927,-0.719,-1.236,-2.845,0.000,17,6,4
110.978,-0.773,-1.223,-2.948,0.000,17,9,9
111.029,-0.773,-1.223,-2.948,0.000,16,8,7
111.080,-0.773,-1.223,-3.047,0.000,17,6,7
111.131,-0.811,-1.212,-3.123,0.000,16,7,6
111.182,-0.811,-1.212,-3.208,0.000,16,7,6
111.233,-0.847,-1.199,-3.294,0.000,17,5,5
111.286,-0.847,-1.199,-3.294,0.000,15,-5,-7
111.337,-0.847,-1.199,-3.316,0.000,16,-12,-10
111.388,-0.882,-1.189,-3.281,0.000,15,-10,-10
111.439,-0.882,-1.189,-3.255,0.000,16,-10,-10
111.490,-0.882,-1.189,-3.255,0.000,17,-10,-9
111.541,-0.879,-1.178,-3.213,0.000,16,-9,-10
111.592,-0.879,-1.178,-3.219,0.000,16,-10,-9
111.643,-0.879,-1.178,-3.196,0.000,16,-9,-9
111.694,-0.890,-1.161,-3.187,0.000,17,-9,-9
111.746,-0.890,-1.161,-3.187,0.000,15,-13,-13
111.798,-0.909,-1.139,-3.142,0.000,14,-14,-14
111.849,-0.909,-1.139,-3.099,0.000,14,-15,-15
111.901,-0.909,-1.139,-3.048,0.000,15,-12,-12
111.952,-0.941,-1.109,-3.036,0.000,16,-10,-10
112.156,-0.941,-1.109,-3.019,0.000,16,-9,-9
112.207,-0.941,-1.109,-3.019,0.000,15,-8,-9
112.309,-0.941,-1.109,-3.019,0.000,15,-8,-9
112.360,-0.941,-1.109,-3.015,0.000,8,-11,9
112.411,-0.941,-1.109,-2.993,0.000,-9,-8,14
112.462,-0.941,-1.109,-2.993,0.000,-13,-4,14
112.513,-0.275,0.048,-2.987,0.000,-11,-6,14
112.564,-0.275,0.048,-2.982,0.000,-14,-6,15
112.615,-0.275,0.048,-2.960,0.000,-14,-6,16
112.666,-0.316,0.079,-2.960,0.000,-14,-6,15
112.717,-0.316,0.079,-2.942,0.000,-14,-6,16
112.768,-0.316,0.079,-2.919,0.000,-15,-6,15
112.819,-0.316,0.079,-2.904,0.000,-15,-7,16
112.870,-0.316,0.079,-2.889,0.000,-14,-6,16
112.921,-0.316,0.079,-2.889,0.000,-15,-5,16
112.972,-0.316,0.079,-2.884,0.000,-15,-6,16
113.023,-0.316,0.079,-2.871,0.000,-15,-6,15
113.074,-1.098,-0.915,-2.862,0.000,-15,-6,16
113.125,-1.098,-0.915,-2.837,0.000,-15,-7,16
113.176,-1.098,-0.915,-2.837,0.000,-15,-6,15
113.227,-1.054,-0.902,-2.811,0.000,-15,-6,16
113.329,-1.054,-0.902,-2.808,0.000,-15,-6,16
113.380,-1.014,-0.888,-2.808,0.000,-15,-6,16
113.431,-1.014,-0.888,-2.817,0.000,-16,-5,16
113.482,-1.014,-0.888,-2.813,0.000,-15,-7,16
113.534,-0.973,-0.872,-2.794,0.000,-14,-8,16
113.586,-0.973,-0.872,-2.782,0.000,-1,-11,16
113.739,-0.973,-0.872,-2.827,0.000,1,-14,16
113.841,-0.924,-0.851,-2.869,0.000,0,-14,15
113.892,-0.924,-0.851,-2.847,0.000,0,-14,16
113.943,-0.884,-0.820,-2.876,0.000,-1,-13,15
113.994,-0.884,-0.820,-2.897,0.000,0,-14,15
114.045,-0.884,-0.820,-2.902,0.000,0,-14,16
114.096,-0.845,-0.784,-2.902,0.000,0,-14,15
114.147,-0.845,-0.784,-2.920,0.000,0,-14,15
114.198,-0.815,-0.742,-2.921,0.000,0,-14,15
114.249,-0.815,-0.742,-2.942,0.000,0,-14,15
114.300,-0.815,-0.742,-2.939,0.000,0,-14,15
114.351,-0.794,-0.701,-2.939,0.000,0,-14,15
114.402,-0.794,-0.701,-2.969,0.000,0,-14,15
114.453,-0.794,-0.701,-2.981,0.000,0,-14,15
114.504,-0.783,-0.660,-2.997,0.000,0,-14,15
114.555,-0.783,-0.660,-2.997,0.000,0,-14,15
114.606,-0.783,-0.660,-3.001,0.000,0,-14,15
114.657,-0.769,-0.620,-3.022,0.000,0,-14,15
114.708,-0.769,-0.620,-3.017,0.000,0,-14,14
114.759,-0.751,-0.579,-3.026,0.000,0,-14,15
114.810,-0.751,-0.579,-3.026,0.000,0,-14,14
114.861,-0.751,-0.579,-3.047,0.000,0,-14,15
114.912,-0.742,-0.539,-3.060,0.000,0,-14,15
114.963,-0.742,-0.539,-3.078,0.000,0,-14,14
115.014,-0.742,-0.539,-3.078,0.000,0,-14,15
115.065,-0.717,-0.500,-3.101,0.000,0,-14,15
115.116,-0.717,-0.500,-3.106,0.000,1,-14,14
115.167,-0.717,-0.500,-3.114,0.000,0,-14,15
115.218,-0.700,-0.459,-3.128,0.000,0,-14,14
115.269,-0.700,-0.459,-3.128,0.000,0,-14,15
115.320,-0.672,-0.420,-3.115,0.000,0,-14,14
115.371,-0.672,-0.420,-3.156,0.000,0,-14,14
115.422,-0.672,-0.420,-3.161,0.000,0,-14,15
115.474,-0.650,-0.382,-3.136,0.000,-10,-8,15
115.525,-0.650,-0.382,-3.132,0.000,-14,-6,15
115.576,-0.650,-0.382,-3.184,0.000,-14,-8,14
115.627,-0.639,-0.342,-3.174,0.000,-16,-7,15
115.678,-0.639,-0.342,-3.175,0.000,-15,-7,16
115.729,-0.639,-0.342,-3.175,0.000,-15,-6,15
115.780,-0.618,-0.307,-3.193,0.000,-15,-7,15
115.831,-0.618,-0.307,-3.153,0.000,-16,-6,16
115.882,-0.600,-0.277,-3.152,0.000,-15,-6,15
115.985,-0.600,-0.277,-3.180,0.000,-15,-4,15
116.036,-0.571,-0.252,-3.166,0.000,-16,-1,16
116.087,-0.571,-0.252,-3.165,0.000,-15,0,15
116.138,-0.571,-0.252,-3.199,0.000,-15,1,16
116.189,-0.523,-0.234,-3.199,0.000,-16,-1,15
116.240,-0.523,-0.234,-3.198,0.000,-15,-1,16
116.291,-0.523,-0.234,-3.218,0.000,-16,0,15
116.393,-0.481,-0.219,-3.251,0.000,-16,0,15
116.444,-0.442,-0.205,-3.251,0.000,-15,-1,16
116.495,-0.442,-0.205,-3.273,0.000,-16,-2,16
116.546,-0.442,-0.205,-3.255,0.000,-16,-2,15
116.597,-0.400,-0.190,-3.263,0.000,-15,-2,16
116.648,-0.400,-0.190,-3.263,0.000,-16,-1,16
116.699,-0.400,-0.190,-3.270,0.000,-16,-2,15
116.750,-0.356,-0.175,-3.267,0.000,-15,-2,16
116.801,-0.356,-0.175,-3.257,0.000,-16,-2,16
116.852,-0.356,-0.175,-3.313,0.000,-16,-2,16
116.903,-0.308,-0.163,-3.313,0.000,-15,-1,16
116.954,-0.308,-0.163,-3.281,0.000,-16,-2,15
117.005,-0.308,-0.163,-3.294,0.000,-16,-2,16
117.057,-0.253,-0.149,-3.305,0.000,-15,-2,16
117.108,-0.253,-0.149,-3.292,0.000,-16,-2,16
117.210,-0.205,-0.136,-3.293,0.000,-16,-2,16
117.262,-0.205,-0.136,-3.293,0.000,-16,1,16
117.313,-0.166,-0.123,-3.296,0.000,-16,2,16
117.364,-0.166,-0.123,-3.296,0.000,-16,1,15
117.466,-0.117,-0.100,-3.305,0.000,-16,4,15
117.518,-0.117,-0.100,-3.322,0.000,-16,7,15
117.569,-0.117,-0.100,-3.360,0.000,-16,8,15
117.620,-0.075,-0.086,-3.360,0.000,-16,8,13
117.672,-0.075,-0.086,-3.385,0.000,-16,9,13
117.723,-0.027,-0.074,-3.403,0.000,-15,9,12
117.774,-0.027,-0.074,-3.429,0.000,-16,9,11
117.825,-0.027,-0.074,-3.443,0.000,-16,10,10
117.876,0.020,-0.067,-3.447,0.000,-16,9,11
117.927,0.020,-0.067,-3.462,0.000,-16,9,9
117.978,0.020,-0.067,-3.490,0.000,-16,8,10
118.029,0.060,-0.076,-3.486,0.000,-16,1,11
118.081,0.060,-0.076,-3.486,0.000,-16,-7,14
118.132,0.060,-0.076,-3.469,0.000,-16,-8,14
118.183,0.100,-0.084,-3.441,0.000,-16,-8,15
118.234,0.100,-0.084,-3.391,0.000,-16,-9,15
118.286,0.150,-0.095,-3.349,0.000,-17,-9,16
118.338,0.150,-0.095,-3.349,0.000,-10,-11,15
118.389,0.150,-0.095,-3.339,0.000,-8,-13,15
118.440,0.193,-0.100,-3.306,0.000,-7,-13,15
118.491,0.193,-0.100,-3.278,0.000,-5,-14,15
118.542,0.193,-0.100,-3.278,0.000,-6,-13,15
118.593,0.228,-0.091,-3.249,0.000,-4,-13,16
118.644,0.228,-0.091,-3.261,0.000,-4,-14,15
118.695,0.228,-0.091,-3.236,0.000,-4,-13,14
118.746,0.266,-0.068,-3.234,0.000,-4,-14,16
118.797,0.266,-0.068,-3.234,0.000,-4,-13,15
118.848,0.266,-0.068,-3.218,0.000,-3,-13,15
118.899,0.266,-0.068,-3.205,0.000,-3,-13,15
118.950,0.266,-0.068,-3.205,0.000,-2,-14,15
119.001,0.289,-0.026,-3.181,0.000,-3,-13,15
119.052,0.289,-0.026,-3.181,0.000,-3,-13,15
119.103,0.289,-0.026,-3.185,0.000,-3,-13,16
119.154,0.310,0.022,-3.175,0.000,-2,-13,15
119.205,0.310,0.022,-3.182,0.000,-2,-13,15
119.256,0.310,0.022,-3.182,0.000,-3,-13,15
119.307,0.333,0.071,-3.171,0.000,-3,-13,15
119.358,0.333,0.071,-3.176,0.000,0,-13,15
119.409,0.333,0.071,-3.170,0.000,1,-13,15
119.460,0.333,0.071,-3.173,0.000,1,-14,15
119.511,0.333,0.071,-3.173,0.000,0,-14,15
119.562,0.333,0.071,-3.176,0.000,-1,-14,15
119.613,0.333,0.071,-3.179,0.000,0,-13,14
119.664,0.333,0.071,-3.181,0.000,0,-14,15
119.715,1.447,1.635,-3.181,0.000,0,-14,15
119.766,1.447,1.635,-3.184,0.000,0,-14,14
119.817,1.447,1.635,-3.171,0.000,0,-13,15
119.868,1.462,1.675,-3.179,0.000,0,-14,14
119.919,1.462,1.675,-3.172,0.000,0,-14,14
119.970,1.462,1.675,-3.172,0.000,0,-14,15
120.021,1.462,1.675,-3.175,0.000,0,-14,14
120.072,1.462,1.675,-3.177,0.000,0,-14,14
120.123,1.462,1.675,-3.185,0.000,0,-14,15
120.174,1.462,1.675,-3.185,0.000,0,-13,14
120.225,1.462,1.675,-3.171,0.000,1,-14,15
120.276,0.483,0.360,-3.184,0.000,1,-15,15
120.327,0.483,0.360,-3.189,0.000,0,-14,14
120.378,0.483,0.360,-3.180,0.000,0,-14,14
120.429,0.479,0.401,-3.180,0.000,0,-14,15
120.480,0.479,0.401,-3.196,0.000,0,-15,14
120.531,0.479,0.401,-3.197,0.000,0,-14,14
120.582,0.479,0.401,-3.190,0.000,0,-14,15
120.633,0.479,0.401,-3.183,0.000,0,-14,14
120.684,0.479,0.401,-3.183,0.000,0,-14,14
120.735,0.479,0.401,-3.189,0.000,0,-14,14
120.786,0.479,0.401,-3.183,0.000,0,-15,15
120.837,0.489,0.463,-3.191,0.000,0,-14,14
120.888,0.489,0.463,-3.191,0.000,0,-14,14
120.939,0.489,0.463,-3.192,0.000,0,-14,14
120.990,0.441,0.530,-3.200,0.000,0,-14,15
121.041,0.441,0.530,-3.193,0.000,0,-15,14
121.143,0.440,0.590,-3.193,0.000,0,-14,14
121.194,0.440,0.590,-3.190,0.000,0,-14,14
121.245,0.467,0.657,-3.196,0.000,0,-14,15
121.296,0.467,0.657,-3.187,0.000,-1,-14,14
121.347,0.467,0.657,-3.187,0.000,0,-14,14
121.398,0.464,0.700,-3.201,0.000,-1,-14,14
121.449,0.464,0.700,-3.200,0.000,0,-14,15
121.500,0.464,0.700,-3.179,0.000,0,-15,14
121.551,0.449,0.739,-3.194,0.000,0,-14,14
121.602,0.449,0.739,-3.194,0.000,0,-14,15
121.653,0.449,0.739,-3.193,0.000,0,-14,14
121.704,0.481,0.781,-3.199,0.000,0,-14,14
121.755,0.481,0.781,-3.188,0.000,0,-14,14
121.806,0.500,0.816,-3.188,0.000,0,-14,14
121.857,0.500,0.816,-3.190,0.000,0,-14,15
121.908,0.500,0.816,-3.197,0.000,0,-14,14
121.959,0.520,0.856,-3.189,0.000,0,-14,14
122.010,0.520,0.856,-3.193,0.000,0,-14,14
122.061,0.520,0.856,-3.193,0.000,0,-14,14
122.112,0.563,0.897,-3.186,0.000,1,-14,14
122.163,0.563,0.897,-3.195,0.000,0,-14,14
122.214,0.563,0.897,-3.190,0.000,0,-14,14
122.265,0.570,0.940,-3.175,0.000,0,-14,14
122.316,0.570,0.940,-3.175,0.000,0,-14,14
122.367,0.579,0.982,-3.194,0.000,0,-14,14
122.418,0.579,0.982,-3.181,0.000,0,-14,14
122.469,0.579,0.982,-3.186,0.000,0,-15,14
122.520,0.597,1.015,-3.186,0.000,0,-14,14
122.571,0.597,1.015,-3.190,0.000,0,-14,14
122.622,0.597,1.015,-3.183,0.000,0,-14,14
122.673,0.597,1.015,-3.184,0.000,0,-14,15
122.724,0.597,1.015,-3.193,0.000,0,-14,14
122.775,0.597,1.015,-3.193,0.000,0,-14,14
122.826,0.597,1.015,-3.178,0.000,0,-14,14
122.877,0.597,1.015,-3.186,0.000,0,-14,14
122.928,-0.649,-0.192,-3.186,0.000,0,-14,14
122.979,-0.649,-0.192,-3.186,0.000,0,-15,14
123.030,-0.649,-0.192,-3.196,0.000,0,-14,14
123.081,-0.621,-0.127,-3.186,0.000,0,-14,15
123.132,-0.621,-0.127,-3.194,0.000,0,-14,14
123.183,-0.621,-0.127,-3.187,0.000,0,-14,14
123.285,-0.621,-0.127,-3.189,0.000,0,-14,14
123.336,-0.621,-0.127,-3.196,0.000,0,-14,14
123.387,-0.621,-0.127,-3.195,0.000,0,-14,14
123.438,-0.621,-0.127,-3.195,0.000,0,-15,15
123.489,0.710,1.345,-3.180,0.000,0,-14,13
123.540,0.710,1.345,-3.187,0.000,0,-14,14
123.591,0.710,1.345,-3.181,0.000,0,-14,14
123.642,0.713,1.371,-3.177,0.000,0,-15,15
123.693,0.713,1.371,-3.177,0.000,0,-14,14
123.744,0.713,1.371,-3.185,0.000,0,-14,14
123.795,0.723,1.412,-3.187,0.000,0,-14,14
123.846,0.723,1.412,-3.184,0.000,0,-14,14
123.897,0.723,1.412,-3.184,0.000,0,-14,14
123.948,0.730,1.443,-3.184,0.000,0,-14,14
123.999,0.730,1.443,-3.185,0.000,0,-14,14
124.050,0.730,1.443,-3.183,0.000,0,-14,14
124.101,0.730,1.443,-3.168,0.000,4,-14,14
124.153,0.730,1.443,-3.168,0.000,12,-14,8
124.204,0.741,1.483,-3.204,0.000,14,-15,5
124.255,0.741,1.483,-3.210,0.000,14,-15,6
124.306,0.741,1.483,-3.234,0.000,15,-14,6
124.357,0.756,1.533,-3.246,0.000,15,-15,6
124.408,0.756,1.533,-3.246,0.000,15,-15,5
124.459,0.756,1.533,-3.277,0.000,16,-14,6
124.510,0.766,1.587,-3.285,0.000,15,-15,6
124.561,0.766,1.587,-3.337,0.000,15,-15,6
124.612,0.766,1.587,-3.337,0.000,16,-15,6
124.663,0.763,1.628,-3.348,0.000,15,-15,6
124.714,0.763,1.628,-3.387,0.000,16,-16,6
124.766,0.749,1.642,-3.394,0.000,15,-15,-3
124.817,0.749,1.642,-3.409,0.000,15,-14,-9
124.868,0.749,1.642,-3.409,0.000,15,-13,-9
124.919,0.724,1.679,-3.379,0.000,15,-13,-10
124.970,0.724,1.679,-3.362,0.000,16,-11,-10
125.021,0.724,1.679,-3.340,0.000,15,-10,-11
125.072,0.702,1.717,-3.340,0.000,16,-10,-10
125.123,0.702,1.717,-3.312,0.000,15,-9,-9
125.174,0.702,1.717,-3.304,0.000,16,-9,-10
125.225,0.670,1.757,-3.308,0.000,16,-9,-9
125.276,0.670,1.757,-3.292,0.000,15,-9,-10
125.327,0.670,1.757,-3.292,0.000,16,-9,-8
125.378,0.670,1.757,-3.272,0.000,16,-8,-9
125.429,0.670,1.757,-3.290,0.000,15,-9,-9
125.480,0.621,1.814,-3.274,0.000,16,-8,-9
125.531,0.621,1.814,-3.259,0.000,16,-9,-8
125.582,0.621,1.814,-3.259,0.000,15,-8,-9
125.633,0.621,1.814,-3.255,0.000,16,-8,-8
125.684,0.621,1.814,-3.271,0.000,16,-8,-8
125.735,0.621,1.814,-3.243,0.000,15,-8,-9
125.786,0.563,1.841,-3.243,0.000,16,-9,-8
125.837,0.563,1.841,-3.250,0.000,16,-8,-8
125.888,0.500,1.866,-3.237,0.000,16,-8,-8
125.939,0.500,1.866,-3.241,0.000,15,-8,-8
125.990,0.500,1.866,-3.218,0.000,16,-8,-9
126.041,0.441,1.884,-3.218,0.000,16,-8,-8
126.092,0.441,1.884,-3.205,0.000,15,-8,-8
126.143,0.441,1.884,-3.209,0.000,16,-9,-8
126.194,0.394,1.896,-3.207,0.000,16,-8,-8
126.245,0.394,1.896,-3.207,0.000,16,-8,-8
126.296,0.394,1.896,-3.187,0.000,15,-9,-8
126.347,0.351,1.908,-3.189,0.000,16,-7,-9
126.398,0.351,1.908,-3.184,0.000,16,-9,-8
126.449,0.351,1.908,-3.166,0.000,16,-8,-8
126.500,0.310,1.917,-3.166,0.000,15,-8,-8
126.551,0.310,1.917,-3.154,0.000,16,-8,-8
126.602,0.264,1.928,-3.152,0.000,16,-8,-9
126.653,0.264,1.928,-3.155,0.000,16,-8,-8
126.704,0.264,1.928,-3.155,0.000,16,-8,-8
126.755,0.264,1.928,-3.127,0.000,16,-8,-8
126.806,0.264,1.928,-3.118,0.000,15,-8,-8
126.857,0.264,1.928,-3.081,0.000,16,-8,-8
126.908,0.211,1.944,-3.081,0.000,16,-9,-8
126.959,0.211,1.944,-3.081,0.000,16,-7,-9
127.010,0.211,1.944,-3.060,0.000,15,-9,-8
127.061,0.160,1.956,-3.043,0.000,16,-8,-8
127.112,0.160,1.956,-3.009,0.000,16,-8,-8
127.163,0.160,1.956,-3.001,0.000,16,-8,-8
127.214,0.160,1.956,-3.001,0.000,15,-8,-8
127.265,0.160,1.956,-2.975,0.000,16,-8,-8
127.316,0.099,1.963,-2.943,0.000,16,-8,-8
127.367,0.099,1.963,-2.936,0.000,16,-8,-8
127.418,0.099,1.963,-2.936,0.000,16,-9,-8
127.470,0.043,1.969,-2.907,0.000,16,-1,-11
127.522,0.043,1.969,-2.875,0.000,17,0,-13
127.574,0.043,1.969,-2.874,0.000,16,3,-14
127.626,-0.003,1.969,-2.866,0.000,16,8,-14
127.677,-0.003,1.969,-2.866,0.000,16,8,-15
127.728,-0.054,1.970,-2.890,0.000,15,9,-15
127.779,-0.054,1.970,-2.904,0.000,16,8,-15
127.830,-0.054,1.970,-2.912,0.000,16,8,-15
127.881,-0.094,1.970,-2.928,0.000,16,8,-15
127.932,-0.094,1.970,-2.928,0.000,16,7,-15
127.983,-0.094,1.970,-2.925,0.000,16,7,-16
128.034,-0.136,1.964,-2.955,0.000,16,6,-15
128.085,-0.136,1.964,-2.950,0.000,16,7,-15
128.136,-0.136,1.964,-2.950,0.000,16,6,-15
128.187,-0.184,1.952,-2.973,0.000,16,6,-16
128.238,-0.184,1.952,-2.980,0.000,16,7,-15
128.289,-0.220,1.931,-2.993,0.000,15,6,-15
128.340,-0.220,1.931,-3.016,0.000,16,6,-16
128.391,-0.220,1.931,-3.016,0.000,16,6,-15
128.442,-0.264,1.909,-3.019,0.000,16,6,-16
128.493,-0.264,1.909,-3.033,0.000,16,6,-16
128.544,-0.264,1.909,-3.062,0.000,16,6,-15
128.595,-0.309,1.892,-3.062,0.000,16,7,-16
128.646,-0.309,1.892,-3.082,0.000,16,6,-15
128.697,-0.309,1.892,-3.092,0.000,16,5,-16
128.748,-0.352,1.882,-3.121,0.000,16,6,-16
128.799,-0.352,1.882,-3.137,0.000,16,6,-16
128.850,-0.380,1.851,-3.137,0.000,16,6,-16
128.901,-0.380,1.851,-3.160,0.000,16,7,-15
128.952,-0.380,1.851,-3.200,0.000,16,6,-16
129.054,-0.380,1.851,-3.213,0.000,17,6,-16
129.106,-0.380,1.851,-3.213,0.000,11,10,-16
129.157,-0.437,1.844,-3.273,0.000,7,13,-15
129.208,-0.437,1.844,-3.290,0.000,8,13,-16
129.259,-0.437,1.844,-3.305,0.000,5,14,-15
129.310,-0.499,1.840,-3.305,0.000,4,14,-15
129.361,-0.499,1.840,-3.324,0.000,3,14,-16
129.412,-0.499,1.840,-3.327,0.000,2,14,-15
129.463,-0.555,1.823,-3.336,0.000,2,14,-15
129.514,-0.555,1.823,-3.347,0.000,1,13,-15
129.565,-0.628,1.831,-3.347,0.000,0,14,-15
129.616,-0.628,1.831,-3.340,0.000,0,14,-15
129.667,-0.628,1.831,-3.332,0.000,0,14,-15
129.718,-0.662,1.805,-3.360,0.000,0,13,-14
129.769,-0.662,1.805,-3.360,0.000,0,14,-15
129.820,-0.662,1.805,-3.355,0.000,0,14,-15
129.871,-0.693,1.773,-3.358,0.000,0,14,-14
129.922,-0.693,1.773,-3.371,0.000,0,14,-15
129.973,-0.693,1.773,-3.371,0.000,0,14,-15
130.024,-0.720,1.745,-3.371,0.000,0,14,-14
130.075,-0.720,1.745,-3.364,0.000,0,14,-15
130.126,-0.771,1.736,-3.358,0.000,-1,14,-14
130.177,-0.771,1.736,-3.366,0.000,0,14,-14
130.228,-0.771,1.736,-3.366,0.000,0,14,-15
130.279,-0.814,1.721,-3.377,0.000,0,14,-14
130.330,-0.814,1.721,-3.389,0.000,0,14,-15
130.381,-0.814,1.721,-3.382,0.000,0,14,-14
130.432,-0.814,1.721,-3.382,0.000,0,14,-15
130.483,-0.814,1.721,-3.382,0.000,0,14,-14
130.534,-0.814,1.721,-3.368,0.000,0,14,-14
130.585,-0.814,1.721,-3.406,0.000,-8,3,-15
130.636,-0.814,1.721,-3.290,0.000,-13,1,-17
130.687,-0.814,1.721,-3.290,0.000,-13,2,-15
130.738,-0.814,1.721,-3.290,0.000,-13,1,-16
130.789,-0.814,1.721,-3.108,0.000,-12,5,-16
130.840,-0.814,1.721,-3.047,0.000,0,11,-14
130.891,-0.814,1.721,-3.054,0.000,3,14,-14
130.942,-0.814,1.721,-3.054,0.000,0,14,-14
130.993,-0.814,1.721,-3.060,0.000,-1,14,-15
131.044,-0.814,1.721,-3.054,0.000,0,14,-14
131.095,-0.814,1.721,-3.074,0.000,0,14,-15
131.146,-0.814,1.721,-3.067,0.000,0,15,-14
131.197,-0.814,1.721,-3.067,0.000,0,14,-15
131.248,-0.814,1.721,-3.060,0.000,1,14,-14
131.299,-0.814,1.721,-3.071,0.000,0,14,-15
131.350,-0.814,1.721,-3.081,0.000,0,14,-14
131.401,-0.814,1.721,-3.081,0.000,0,14,-14
131.452,-0.814,1.721,-3.067,0.000,1,14,-15
131.503,-0.814,1.721,-3.074,0.000,0,15,-14
131.554,-0.804,1.727,-3.057,0.000,0,14,-14
131.605,-0.804,1.727,-3.077,0.000,0,14,-15
131.656,-0.804,1.727,-3.077,0.000,0,14,-14
131.707,-0.874,1.623,-3.074,0.000,0,14,-14
131.758,-0.874,1.623,-3.077,0.000,0,14,-14
131.809,-0.874,1.623,-3.088,0.000,0,14,-14
131.860,-0.911,1.496,-3.088,0.000,0,15,-15
131.911,-0.911,1.496,-3.085,0.000,0,14,-14
131.962,-0.911,1.496,-3.085,0.000,0,14,-14
132.013,-0.911,1.496,-3.071,0.000,0,14,-14
132.064,-0.911,1.496,-3.081,0.000,0,14,-14
132.115,-0.957,1.367,-3.081,0.000,0,14,-14
132.166,-0.957,1.367,-3.092,0.000,0,14,-15
132.217,-0.957,1.367,-3.078,0.000,0,14,-14
132.268,-1.048,1.213,-3.078,0.000,0,14,-14
132.319,-1.048,1.213,-3.078,0.000,0,15,-15
132.370,-1.048,1.213,-3.064,0.000,0,14,-14
132.421,-1.065,1.170,-3.085,0.000,0,14,-14
132.472,-1.065,1.170,-3.077,0.000,0,14,-14
132.523,-1.084,1.123,-3.078,0.000,0,14,-14
132.574,-1.084,1.123,-3.078,0.000,0,14,-14
132.625,-1.084,1.123,-3.078,0.000,0,14,-14
132.676,-1.101,1.084,-3.064,0.000,0,14,-14
132.727,-1.101,1.084,-3.075,0.000,0,14,-15
132.778,-1.101,1.084,-3.079,0.000,0,15,-14
132.831,-1.122,1.046,-3.079,0.000,0,14,-14
132.882,-1.122,1.046,-3.075,0.000,0,14,-15
132.933,-1.122,1.046,-3.068,0.000,0,14,-14
132.984,-1.136,1.008,-3.075,0.000,0,14,-14
133.035,-1.136,1.008,-3.075,0.000,0,14,-14
133.086,-1.151,0.969,-3.068,0.000,0,14,-14
133.137,-1.151,0.969,-3.068,0.000,0,15,-14
133.188,-1.151,0.969,-3.053,0.000,0,14,-14
133.239,-1.157,0.926,-3.064,0.000,0,14,-14
133.290,-1.157,0.926,-3.064,0.000,0,14,-14
133.341,-1.157,0.926,-3.075,0.000,-8,14,-13
133.443,-1.170,0.883,-3.006,0.000,-11,15,-11
133.545,-1.186,0.839,-2.976,0.000,-12,15,-11
133.596,-1.186,0.839,-2.958,0.000,-11,14,-9
133.647,-1.186,0.839,-2.935,0.000,-12,16,-10
133.698,-1.187,0.795,-2.914,0.000,-11,15,-10
133.749,-1.187,0.795,-2.914,0.000,-10,15,-9
133.800,-1.195,0.754,-2.889,0.000,-11,15,-10
133.851,-1.195,0.754,-2.873,0.000,-11,15,-9
133.902,-1.195,0.754,-2.861,0.000,-10,15,-10
133.953,-1.187,0.711,-2.849,0.000,-10,15,-9
134.056,-1.187,0.711,-2.829,0.000,0,15,-11
134.107,-1.168,0.666,-2.838,0.000,0,16,-12
134.158,-1.168,0.666,-2.834,0.000,-1,15,-13
134.209,-1.168,0.666,-2.834,0.000,0,15,-13
134.260,-1.151,0.622,-2.829,0.000,1,15,-14
134.311,-1.151,0.622,-2.820,0.000,0,15,-13
134.362,-1.137,0.581,-2.816,0.000,0,15,-13
134.413,-1.137,0.581,-2.824,0.000,-1,15,-13
134.464,-1.137,0.581,-2.824,0.000,-1,14,-14
134.515,-1.131,0.539,-2.804,0.000,0,15,-14
134.566,-1.131,0.539,-2.812,0.000,0,15,-13
134.617,-1.131,0.539,-2.809,0.000,0,15,-13
134.668,-1.129,0.495,-2.809,0.000,0,15,-14
134.719,-1.129,0.495,-2.805,0.000,0,15,-13
134.770,-1.129,0.495,-2.811,0.000,0,15,-14
134.821,-1.133,0.450,-2.815,0.000,0,15,-13
134.872,-1.133,0.450,-2.808,0.000,0,15,-13
134.923,-1.137,0.406,-2.808,0.000,0,15,-14
134.974,-1.137,0.406,-2.811,0.000,0,15,-13
135.025,-1.137,0.406,-2.815,0.000,0,15,-14
135.076,-1.130,0.365,-2.794,0.000,1,15,-13
135.127,-1.130,0.365,-2.794,0.000,0,14,-14
135.178,-1.130,0.365,-2.794,0.000,0,15,-14
135.229,-1.138,0.333,-2.798,0.000,0,15,-14
135.280,-1.138,0.333,-2.803,0.000,0,14,-14
135.331,-1.138,0.333,-2.798,0.000,0,15,-14
135.382,-1.148,0.295,-2.798,0.000,0,15,-14
135.433,-1.148,0.295,-2.784,0.000,0,14,-14
135.484,-1.131,0.237,-2.803,0.000,0,15,-14
135.535,-1.131,0.237,-2.789,0.000,0,14,-13
135.586,-1.131,0.237,-2.788,0.000,0,15,-14
135.637,-1.148,0.195,-2.788,0.000,0,15,-15
135.688,-1.148,0.195,-2.781,0.000,0,14,-14
135.739,-1.148,0.195,-2.787,0.000,0,15,-14
135.790,-1.154,0.148,-2.780,0.000,0,14,-14
135.841,-1.154,0.148,-2.780,0.000,0,15,-14
135.892,-1.154,0.148,-2.771,0.000,0,14,-14
135.943,-1.159,0.105,-2.776,0.000,0,14,-14
135.994,-1.159,0.105,-2.759,0.000,0,15,-14
136.045,-1.159,0.105,-2.768,0.000,0,14,-14
136.096,-1.187,0.081,-2.768,0.000,0,15,-13
136.147,-1.187,0.081,-2.748,0.000,0,14,-14
136.198,-1.193,0.038,-2.766,0.000,0,14,-14
136.249,-1.193,0.038,-2.753,0.000,0,15,-14
136.300,-1.193,0.038,-2.753,0.000,0,14,-15
136.351,-1.195,-0.004,-2.750,0.000,0,15,-14
136.402,-1.195,-0.004,-2.736,0.000,0,14,-14
136.453,-1.195,-0.004,-2.740,0.000,0,14,-14
136.555,-1.202,-0.046,-2.750,0.000,0,14,-14
136.606,-1.202,-0.046,-2.731,0.000,0,14,-13
136.657,-1.214,-0.086,-2.723,0.000,0,14,-15
136.708,-1.214,-0.086,-2.728,0.000,0,15,-14
136.759,-1.216,-0.129,-2.728,0.000,0,14,-13
136.810,-1.216,-0.129,-2.714,0.000,0,14,-14
136.861,-1.216,-0.129,-2.721,0.000,0,15,-15
136.912,-1.224,-0.173,-2.707,0.000,0,14,-14
136.963,-1.224,-0.173,-2.704,0.000,0,14,-13
137.014,-1.224,-0.173,-2.704,0.000,0,14,-15
137.065,-1.236,-0.209,-2.697,0.000,0,14,-14
137.116,-1.236,-0.209,-2.693,0.000,0,15,-14
137.218,-1.237,-0.252,-2.681,0.000,-5,14,-14
137.323,-1.237,-0.252,-2.663,0.000,-11,15,-11
137.374,-1.237,-0.252,-2.639,0.000,-12,15,-10
137.425,-1.237,-0.252,-2.599,0.000,-11,15,-10
137.476,-1.237,-0.252,-2.599,0.000,-11,15,-9
137.527,-1.237,-0.252,-2.587,0.000,-10,15,-9
137.578,-1.237,-0.252,-2.554,0.000,-11,15,-10
137.629,-1.237,-0.252,-2.533,0.000,-11,15,-9
137.680,-1.237,-0.252,-2.511,0.000,-10,15,-9
137.731,-1.237,-0.252,-2.511,0.000,-10,15,-10
137.782,-1.231,-0.326,-2.484,0.000,-11,16,-9
137.833,-1.231,-0.326,-2.476,0.000,-10,15,-9
137.884,-1.216,-0.400,-2.449,0.000,-10,15,-9
137.935,-1.216,-0.400,-2.443,0.000,-10,15,-10
137.986,-1.216,-0.400,-2.442,0.000,-10,16,-9
138.037,-1.189,-0.478,-2.410,0.000,-10,15,-9
138.088,-1.189,-0.478,-2.417,0.000,-10,15,-9
138.139,-1.189,-0.478,-2.388,0.000,-10,15,-9
138.190,-1.162,-0.550,-2.388,0.000,-9,16,-10
138.241,-1.162,-0.550,-2.364,0.000,-10,15,-9
138.292,-1.162,-0.550,-2.367,0.000,-10,15,-9
138.343,-1.143,-0.585,-2.344,0.000,-9,16,-9
138.394,-1.143,-0.585,-2.338,0.000,-10,15,-10
138.445,-1.120,-0.622,-2.338,0.000,-9,16,-9
138.496,-1.120,-0.622,-2.337,0.000,-9,15,-9
138.547,-1.120,-0.622,-2.308,0.000,-10,16,-10
138.598,-1.095,-0.657,-2.297,0.000,-10,15,-9
138.649,-1.095,-0.657,-2.297,0.000,-9,16,-9
138.700,-1.095,-0.657,-2.297,0.000,-10,15,-9
138.751,-1.068,-0.694,-2.292,0.000,-9,16,-10
138.802,-1.068,-0.694,-2.287,0.000,-10,15,-9
138.853,-1.068,-0.694,-2.286,0.000,-9,16,-9
138.904,-1.040,-0.730,-2.286,0.000,-9,15,-9
138.955,-1.040,-0.730,-2.291,0.000,-9,16,-10
139.006,-1.005,-0.765,-2.276,0.000,-10,16,-9
139.057,-1.005,-0.765,-2.276,0.000,-9,15,-9
139.108,-1.005,-0.765,-2.276,0.000,-10,16,-10
139.159,-0.971,-0.801,-2.299,0.000,-9,15,-9
139.210,-0.971,-0.801,-2.265,0.000,-10,16,-9
139.312,-0.944,-0.832,-2.293,0.000,-10,15,-9
139.363,-0.944,-0.832,-2.293,0.000,-9,16,-9
139.414,-0.944,-0.832,-2.307,0.000,-10,16,-10
139.465,-0.916,-0.864,-2.303,0.000,-9,15,-9
139.516,-0.916,-0.864,-2.322,0.000,-10,16,-10
139.567,-0.892,-0.894,-2.322,0.000,-9,16,-9
139.618,-0.892,-0.894,-2.330,0.000,-10,16,-9
139.669,-0.892,-0.894,-2.340,0.000,-10,15,-10
139.720,-0.866,-0.923,-2.359,0.000,-9,16,-9
139.771,-0.866,-0.923,-2.373,0.000,-9,16,-9
139.822,-0.866,-0.923,-2.373,0.000,-10,15,-9
139.873,-0.834,-0.955,-2.382,0.000,-9,16,-10
139.924,-0.834,-0.955,-2.397,0.000,-9,16,-9
139.975,-0.834,-0.955,-2.406,0.000,-9,16,-9
140.026,-0.799,-0.984,-2.437,0.000,-10,16,-9
140.077,-0.799,-0.984,-2.437,0.000,-9,15,-10
140.128,-0.799,-0.984,-2.424,0.000,-9,16,-9
140.179,-0.764,-1.013,-2.441,0.000,-10,16,-10
140.230,-0.764,-1.013,-2.455,0.000,-9,16,-9
140.281,-0.717,-1.043,-2.455,0.000,-10,16,-9
140.332,-0.717,-1.043,-2.469,0.000,-10,16,-9
140.383,-0.717,-1.043,-2.479,0.000,-9,15,-10
140.434,-0.677,-1.069,-2.470,0.000,-9,16,-9
140.485,-0.677,-1.069,-2.480,0.000,-10,16,-10
140.536,-0.677,-1.069,-2.480,0.000,-9,16,-9
140.587,-0.645,-1.094,-2.480,0.000,-10,16,-9
140.638,-0.645,-1.094,-2.479,0.000,-9,16,-10
140.689,-0.645,-1.094,-2.489,0.000,-9,16,-9
140.740,-0.611,-1.118,-2.489,0.000,-10,16,-10
140.791,-0.611,-1.118,-2.491,0.000,-9,16,-9
140.842,-0.587,-1.142,-2.494,0.000,-9,15,-9
140.893,-0.587,-1.142,-2.483,0.000,-10,16,-9
140.944,-0.587,-1.142,-2.476,0.000,-9,16,-10
140.995,-0.553,-1.166,-2.476,0.000,-9,16,-9
141.046,-0.553,-1.166,-2.491,0.000,-10,16,-10
141.097,-0.553,-1.166,-2.483,0.000,-9,16,-9
141.148,-0.513,-1.186,-2.480,0.000,-10,16,-9
141.199,-0.513,-1.186,-2.480,0.000,-9,16,-10
141.250,-0.513,-1.186,-2.457,0.000,-10,16,-9
141.301,-0.474,-1.210,-2.453,0.000,-9,16,-10
141.352,-0.474,-1.210,-2.457,0.000,-10,15,-9
141.403,-0.434,-1.237,-2.465,0.000,-9,16,-9
141.454,-0.434,-1.237,-2.465,0.000,-9,16,-9
141.505,-0.434,-1.237,-2.453,0.000,-9,16,-10
141.556,-0.397,-1.255,-2.444,0.000,-10,16,-9
141.607,-0.397,-1.255,-2.449,0.000,-9,16,-9
141.658,-0.397,-1.255,-2.445,0.000,-9,16,-9
141.709,-0.357,-1.280,-2.445,0.000,-9,16,-10
141.760,-0.357,-1.280,-2.423,0.000,-10,16,-9
141.811,-0.357,-1.280,-2.430,0.000,-9,16,-10
141.915,-0.308,-1.378,-2.402,0.000,-9,17,-9
141.966,-0.308,-1.378,-2.404,0.000,2,15,-12
142.017,-0.308,-1.378,-2.401,0.000,2,16,-12
142.068,-0.308,-1.378,-2.423,0.000,-1,16,-14
142.119,-0.308,-1.378,-2.421,0.000,1,16,-13
142.170,-0.308,-1.378,-2.421,0.000,1,16,-14
142.221,-0.308,-1.378,-2.434,0.000,1,15,-14
142.272,-0.252,-1.404,-2.424,0.000,0,16,-14
142.323,-0.252,-1.404,-2.457,0.000,0,16,-14
142.374,-0.252,-1.404,-2.457,0.000,0,15,-14
142.425,-0.196,-1.437,-2.449,0.000,0,16,-14
142.476,-0.196,-1.437,-2.439,0.000,0,16,-14
142.527,-0.146,-1.474,-2.450,0.000,0,15,-14
142.578,-0.146,-1.474,-2.450,0.000,0,16,-14
142.629,-0.146,-1.474,-2.450,0.000,-1,15,-13
142.680,-0.104,-1.428,-2.446,0.000,0,16,-14
142.731,-0.104,-1.428,-2.453,0.000,0,15,-14
142.782,-0.104,-1.428,-2.462,0.000,0,16,-14
142.833,-0.075,-1.455,-2.447,0.000,0,15,-14
142.884,-0.075,-1.455,-2.447,0.000,0,15,-13
142.935,-0.075,-1.455,-2.460,0.000,0,16,-14
142.986,-0.075,-1.455,-2.449,0.000,0,15,-14
143.037,-0.075,-1.455,-2.476,0.000,0,16,-14
143.088,-0.036,-1.492,-2.476,0.000,0,15,-14
143.139,-0.036,-1.492,-2.453,0.000,0,15,-14
143.190,-0.036,-1.492,-2.457,0.000,0,15,-14
143.241,0.000,-1.523,-2.440,0.000,0,16,-14
143.292,0.000,-1.523,-2.446,0.000,0,15,-14
143.343,0.000,-1.523,-2.446,0.000,0,15,-14
143.394,0.000,-1.523,-2.458,0.000,0,15,-14
143.445,0.000,-1.523,-2.435,0.000,0,15,-13
143.496,0.000,-1.523,-2.449,0.000,0,15,-14
143.547,0.041,-1.586,-2.449,0.000,0,15,-14
143.598,0.041,-1.586,-2.439,0.000,0,15,-14
143.751,0.084,-1.638,-2.407,0.000,-14,14,-8
143.802,0.084,-1.638,-2.407,0.000,-14,16,-7
143.853,0.084,-1.638,-2.400,0.000,-15,15,-6
143.904,0.084,-1.638,-2.364,0.000,-15,15,-5
143.955,0.127,-1.691,-2.355,0.000,-15,16,-7
144.006,0.127,-1.691,-2.355,0.000,-15,15,-6
144.057,0.127,-1.691,-2.319,0.000,-16,15,-5
144.108,0.170,-1.741,-2.311,0.000,-15,16,-7
144.159,0.170,-1.741,-2.281,0.000,-15,15,-5
144.210,0.170,-1.741,-2.266,0.000,-16,16,-6
144.261,0.170,-1.741,-2.266,0.000,-15,15,-6
144.312,0.170,-1.741,-2.235,0.000,-15,16,-6
144.363,0.170,-1.741,-2.209,0.000,-16,15,-6
144.414,0.170,-1.741,-2.173,0.000,-15,15,-6
144.465,0.170,-1.741,-2.173,0.000,-16,16,-6
144.516,0.170,-1.741,-2.173,0.000,-15,15,-6
144.567,0.170,-1.741,-2.135,0.000,-16,16,-5
144.618,0.170,-1.741,-2.102,0.000,-15,16,-6
144.669,0.170,-1.741,-2.069,0.000,-16,15,-6
144.720,0.170,-1.741,-2.069,0.000,-16,16,-6
144.771,0.170,-1.741,-2.046,0.000,-15,15,-6
144.822,0.170,-1.741,-2.020,0.000,-16,16,-6
144.873,0.170,-1.741,-2.000,0.000,-16,16,-6
144.924,0.170,-1.741,-1.970,0.000,-15,15,-6
144.975,0.170,-1.741,-1.970,0.000,-16,16,-6
145.026,0.170,-1.741,-1.944,0.000,-15,16,-6
145.077,0.170,-1.741,-1.905,0.000,-16,15,-6
145.128,0.170,-1.741,-1.882,0.000,-16,16,-6
145.179,0.170,-1.741,-1.882,0.000,-15,16,-6
145.230,0.170,-1.741,-1.860,0.000,-16,16,-6
145.281,0.170,-1.741,-1.843,0.000,-16,15,-6
145.332,0.170,-1.741,-1.808,0.000,-16,16,-6
145.383,0.170,-1.741,-1.793,0.000,-15,16,-5
145.434,0.170,-1.741,-1.793,0.000,-16,15,-6
145.485,0.170,-1.741,-1.755,0.000,-16,16,-7
145.536,0.170,-1.741,-1.740,0.000,-16,16,-5
145.587,0.170,-1.741,-1.707,0.000,-15,16,-6
145.638,0.170,-1.741,-1.707,0.000,-16,15,-6
145.689,0.170,-1.741,-1.707,0.000,-16,16,-6
145.740,0.170,-1.741,-1.663,0.000,-16,16,-6
145.842,0.170,-1.741,-1.622,0.000,-16,15,-6
145.893,0.170,-1.741,-1.622,0.000,-16,16,-6
145.944,0.170,-1.741,-1.599,0.000,-16,16,-5
145.995,0.170,-1.741,-1.583,0.000,-16,16,-7
146.046,0.170,-1.741,-1.578,0.000,-16,16,-6
146.097,0.170,-1.741,-1.547,0.000,-15,15,-6
146.148,0.170,-1.741,-1.534,0.000,-16,16,-6
146.199,0.170,-1.741,-1.523,0.000,-16,16,-6
146.250,0.170,-1.741,-1.498,0.000,-16,16,-6
146.301,0.170,-1.741,-1.495,0.000,-16,16,-6
146.352,-4.303,3.387,-1.495,0.000,-16,16,-5
146.403,-4.303,3.387,-1.474,0.000,-16,16,-6
146.454,-4.303,3.387,-1.461,0.000,-16,15,-6
146.556,-4.303,3.387,-1.432,0.000,-16,16,-6
146.607,-4.303,3.387,-1.432,0.000,-16,16,-5
146.658,-4.303,3.387,-1.404,0.000,-15,16,-7
146.709,-4.303,3.387,-1.406,0.000,-16,16,-6
146.760,-4.303,3.387,-1.391,0.000,-16,16,-5
146.811,-4.303,3.387,-1.391,0.000,-16,16,-7
146.964,-4.303,3.387,-1.340,0.000,-16,16,-6
147.015,-4.303,3.387,-1.332,0.000,-16,16,-6
147.066,-4.303,3.387,-1.332,0.000,-15,16,-6
147.117,-4.303,3.387,-1.299,0.000,-16,16,-6
147.168,-4.303,3.387,-1.296,0.000,-16,16,-6
147.271,-4.303,3.387,-1.266,0.000,-16,16,-9
147.323,-4.303,3.387,-1.256,0.000,-9,16,-12
147.375,-4.303,3.387,-1.229,0.000,-5,17,-13
147.426,-4.303,3.387,-1.226,0.000,-6,15,-14
147.477,-4.303,3.387,-1.221,0.000,-4,16,-14
147.528,-4.303,3.387,-1.221,0.000,-3,16,-13
147.630,-4.303,3.387,-1.221,0.000,-2,15,-14
147.681,-4.303,3.387,-1.229,0.000,-2,16,-13
147.732,-4.303,3.387,-1.223,0.000,-2,16,-14
147.783,-4.303,3.387,-1.223,0.000,-2,15,-14
147.834,-4.303,3.387,-1.230,0.000,-1,16,-13
147.885,-4.303,3.387,-1.242,0.000,-1,16,-14
147.936,-4.303,3.387,-1.236,0.000,-1,16,-14
147.987,-4.303,3.387,-1.236,0.000,-1,15,-14
148.038,-4.303,3.387,-1.251,0.000,-2,16,-14
148.089,-4.303,3.387,-1.254,0.000,-1,16,-13
148.140,-4.303,3.387,-1.247,0.000,-1,15,-14
148.191,-4.303,3.387,-1.261,0.000,-1,16,-14
148.242,-4.303,3.387,-1.261,0.000,-1,15,-14
148.293,-4.303,3.387,-1.246,0.000,-1,16,-13
148.344,1.315,-1.359,-1.278,0.000,-1,16,-14
148.446,1.315,-1.359,-1.275,0.000,-1,15,-14
148.497,1.315,-1.359,-1.263,0.000,-2,16,-14
148.548,1.315,-1.359,-1.269,0.000,-1,15,-13
148.599,1.421,-1.310,-1.275,0.000,0,16,-14
148.701,1.421,-1.310,-1.281,0.000,0,16,-14
148.753,1.524,-1.283,-1.295,0.000,0,16,-14
148.804,1.524,-1.283,-1.315,0.000,0,15,-14
148.855,1.524,-1.283,-1.317,0.000,0,16,-14
148.906,1.524,-1.283,-1.324,0.000,0,15,-13
148.957,1.524,-1.283,-1.324,0.000,0,15,-14
149.009,1.524,-1.283,-1.327,0.000,0,16,-14
149.060,1.636,-1.237,-1.334,0.000,0,15,-13
149.112,1.636,-1.237,-1.344,0.000,0,16,-14
149.164,1.636,-1.237,-1.344,0.000,0,15,-14
149.215,1.636,-1.237,-1.350,0.000,0,15,-14
149.266,1.636,-1.237,-1.363,0.000,0,15,-14
149.317,1.636,-1.237,-1.363,0.000,0,16,-14
149.369,1.636,-1.237,-1.386,0.000,0,15,-13
149.473,2.680,0.036,-1.388,0.000,1,15,-14
149.524,2.680,0.036,-1.405,0.000,1,14,-12
149.575,2.680,0.036,-1.407,0.000,0,2,1
149.626,2.764,0.074,-1.411,0.000,0,-10,11
149.677,2.764,0.074,-1.411,0.000,-1,-12,14
149.728,2.827,0.093,-1.416,0.000,0,-12,13
149.779,2.827,0.093,-1.419,0.000,0,-12,13
149.830,2.827,0.093,-1.425,0.000,0,-14,15
149.881,2.843,0.078,-1.425,0.000,0,-13,14
149.932,2.843,0.078,-1.421,0.000,0,-14,15
149.983,2.843,0.078,-1.418,0.000,0,-13,15
150.034,2.841,0.055,-1.418,0.000,0,-14,14
150.085,2.841,0.055,-1.418,0.000,0,-14,15
150.136,2.841,0.055,-1.418,0.000,0,-14,15
150.187,2.798,0.010,-1.416,0.000,1,-14,15
150.238,2.798,0.010,-1.423,0.000,0,-14,15
150.289,2.761,-0.012,-1.407,0.000,0,-14,14
150.340,2.761,-0.012,-1.407,0.000,0,-14,15
150.391,2.761,-0.012,-1.416,0.000,0,-14,15
150.442,2.761,-0.012,-1.390,0.000,0,-14,14
150.544,2.761,-0.012,-1.415,0.000,0,-14,14
150.595,2.761,-0.012,-1.415,0.000,-10,-10,15
150.646,2.761,-0.012,-1.408,0.000,-15,-7,15
150.698,2.761,-0.012,-1.391,0.000,-14,-3,15
150.750,1.801,-1.201,-1.409,0.000,-15,6,15
150.801,1.801,-1.201,-1.417,0.000,-14,5,15
150.852,1.743,-1.195,-1.417,0.000,-15,5,14
150.903,1.743,-1.195,-1.425,0.000,-15,6,13
150.954,1.743,-1.195,-1.447,0.000,-15,5,14
151.005,1.693,-1.178,-1.451,0.000,-16,5,13
151.056,1.693,-1.178,-1.451,0.000,-15,4,13
151.107,1.693,-1.178,-1.452,0.000,-16,4,14
151.158,1.641,-1.153,-1.461,0.000,-15,4,13
151.209,1.641,-1.153,-1.478,0.000,-16,5,13
151.260,1.641,-1.153,-1.475,0.000,-15,4,13
151.311,1.630,-1.109,-1.475,0.000,-16,4,14
151.363,1.630,-1.109,-1.476,0.000,-15,7,11
151.415,1.630,-1.109,-1.498,0.000,-16,10,11
151.467,1.627,-1.061,-1.498,0.000,-16,10,8
151.518,1.627,-1.061,-1.504,0.000,-15,9,9
151.569,1.627,-1.002,-1.504,0.000,-16,9,8
151.620,1.627,-1.002,-1.513,0.000,-15,9,8
151.671,1.627,-1.002,-1.522,0.000,-16,9,8
151.722,1.628,-0.950,-1.525,0.000,-16,9,8
151.773,1.628,-0.950,-1.525,0.000,-15,8,8
151.824,1.628,-0.950,-1.540,0.000,-16,9,8
151.875,1.628,-0.950,-1.549,0.000,-16,9,8
151.926,1.628,-0.950,-1.555,0.000,-15,8,8
152.028,1.628,-0.950,-1.563,0.000,-16,9,8
152.079,1.628,-0.950,-1.566,0.000,-15,8,9
152.130,0.194,-2.285,-1.578,0.000,-16,9,8
152.181,0.194,-2.285,-1.562,0.000,-16,8,8
152.232,0.194,-2.285,-1.562,0.000,-16,8,8
152.283,0.205,-2.248,-1.574,0.000,-15,8,8
152.334,0.205,-2.248,-1.584,0.000,-16,9,8
152.385,0.205,-2.248,-1.586,0.000,-16,8,8
152.436,0.205,-2.248,-1.603,0.000,-15,8,9
152.487,0.205,-2.248,-1.603,0.000,-16,8,8
152.640,0.205,-2.248,-1.612,0.000,-15,8,8
152.691,0.205,-2.248,-1.612,0.000,-16,8,8
152.742,0.205,-2.248,-1.622,0.000,-16,8,8
152.793,0.205,-2.248,-1.630,0.000,-16,8,8
152.844,1.215,-0.378,-1.618,0.000,-16,8,8
152.895,1.215,-0.378,-1.627,0.000,-15,8,8
152.946,1.215,-0.378,-1.627,0.000,-16,8,9
152.997,1.215,-0.378,-1.635,0.000,-16,8,8
153.048,1.215,-0.378,-1.628,0.000,-16,9,8
153.099,1.215,-0.378,-1.648,0.000,-16,8,8
153.150,1.215,-0.378,-1.670,0.000,-16,8,8
153.201,1.215,-0.378,-1.670,0.000,-16,8,9
153.252,0.057,-2.132,-1.653,0.000,-16,8,8
153.303,0.057,-2.132,-1.670,0.000,-15,8,8
153.354,0.057,-2.132,-1.670,0.000,-16,8,8
153.405,0.248,-1.910,-1.670,0.000,-16,8,8
153.456,0.248,-1.910,-1.668,0.000,-16,8,8
153.507,0.248,-1.910,-1.676,0.000,-16,8,8
153.558,0.248,-1.910,-1.680,0.000,-16,8,8
153.609,0.248,-1.910,-1.690,0.000,-16,9,8
153.660,0.248,-1.910,-1.690,0.000,-16,7,8
153.711,0.248,-1.910,-1.685,0.000,-16,9,8
153.762,0.248,-1.910,-1.693,0.000,-15,8,8
153.813,0.248,-1.910,-1.703,0.000,-16,8,8
153.864,0.248,-1.910,-1.703,0.000,-16,8,8
153.915,0.248,-1.910,-1.721,0.000,-16,8,8
153.966,1.724,-0.273,-1.730,0.000,-16,8,9
154.017,1.724,-0.273,-1.722,0.000,-16,8,8
154.068,1.724,-0.273,-1.750,0.000,-16,9,8
154.119,1.739,-0.234,-1.750,0.000,-16,8,8
154.170,1.739,-0.234,-1.770,0.000,-16,8,8
154.221,1.739,-0.234,-1.768,0.000,-16,8,9
154.272,1.751,-0.191,-1.769,0.000,-16,8,8
154.323,1.751,-0.191,-1.764,0.000,-16,9,8
154.374,1.751,-0.191,-1.764,0.000,-16,8,8
154.425,1.767,-0.152,-1.781,0.000,-16,8,8
154.477,1.767,-0.152,-1.794,0.000,-16,4,10
154.529,1.780,-0.110,-1.778,0.000,-17,-7,13
154.633,1.780,-0.110,-1.750,0.000,-17,-9,15
154.685,1.792,-0.069,-1.719,0.000,-12,-13,14
154.736,1.792,-0.069,-1.676,0.000,-8,-13,15
154.787,1.792,-0.069,-1.667,0.000,-4,-14,15
154.838,1.799,-0.028,-1.667,0.000,-4,-14,14
154.889,1.799,-0.028,-1.667,0.000,-2,-14,14
154.940,1.799,-0.028,-1.646,0.000,-2,-14,15
154.991,1.794,0.006,-1.632,0.000,-2,-15,14
155.042,1.794,0.006,-1.624,0.000,-1,-14,14
155.093,1.772,0.033,-1.624,0.000,-1,-14,15
155.195,1.772,0.033,-1.622,0.000,0,-14,14
155.246,1.738,0.054,-1.581,0.000,0,-15,14
155.297,1.738,0.054,-1.581,0.000,0,-14,14
155.348,1.738,0.054,-1.574,0.000,0,-15,14
155.399,1.697,0.067,-1.552,0.000,0,-14,14
155.450,1.697,0.067,-1.534,0.000,0,-15,14
155.501,1.697,0.067,-1.497,0.000,0,-14,15
155.552,1.646,0.085,-1.497,0.000,0,-15,14
155.603,1.646,0.085,-1.488,0.000,0,-14,14
155.654,1.605,0.092,-1.465,0.000,0,-15,14
155.705,1.605,0.092,-1.431,0.000,0,-14,14
155.756,1.605,0.092,-1.431,0.000,0,-14,15
155.807,1.574,0.084,-1.406,0.000,0,-14,14
155.858,1.574,0.084,-1.404,0.000,0,-14,14
155.909,1.574,0.084,-1.367,0.000,0,-15,14
155.960,1.529,0.103,-1.362,0.000,1,-14,14
156.011,1.529,0.103,-1.362,0.000,0,-14,14
156.063,1.529,0.103,-1.353,0.000,-11,-9,15
156.114,1.501,0.098,-1.365,0.000,-14,-7,15
156.165,1.501,0.098,-1.353,0.000,-14,-8,14
156.269,1.460,0.107,-1.334,0.000,-15,2,15
156.320,1.460,0.107,-1.368,0.000,-15,5,15
156.371,1.406,0.115,-1.397,0.000,-15,3,14
156.422,1.406,0.115,-1.406,0.000,-15,2,15
156.473,1.406,0.115,-1.406,0.000,-16,4,14
156.524,1.406,0.115,-1.423,0.000,-15,2,14
156.575,1.406,0.115,-1.436,0.000,-15,3,14
156.626,1.406,0.115,-1.449,0.000,-16,3,14
156.677,1.377,0.131,-1.490,0.000,-15,2,14
156.728,1.377,0.131,-1.490,0.000,-16,3,14
156.779,1.335,0.157,-1.510,0.000,-15,3,14
156.830,1.335,0.157,-1.539,0.000,-16,3,14
156.932,1.335,0.157,-1.560,0.000,-16,3,14
156.983,1.335,0.157,-1.567,0.000,-15,3,14
157.034,1.335,0.157,-1.613,0.000,-16,3,14
157.085,1.335,0.157,-1.611,0.000,-15,3,14
157.187,1.335,0.157,-1.641,0.000,-15,5,13
157.238,1.335,0.157,-1.665,0.000,-16,8,12
157.289,1.335,0.157,-1.696,0.000,-15,9,10
157.340,1.335,0.157,-1.712,0.000,-16,10,9
157.391,1.335,0.157,-1.712,0.000,-16,10,8
157.442,1.335,0.157,-1.723,0.000,-16,9,8
157.493,1.335,0.157,-1.730,0.000,-15,9,8
157.544,1.335,0.157,-1.752,0.000,-16,9,8
157.595,1.335,0.157,-1.756,0.000,-16,9,8
157.646,1.335,0.157,-1.756,0.000,-15,9,7
157.697,1.335,0.157,-1.757,0.000,-16,9,8
157.748,1.335,0.157,-1.768,0.000,-16,8,8
157.799,1.304,0.252,-1.779,0.000,-16,8,8
157.850,1.304,0.252,-1.782,0.000,-15,9,8
157.901,1.304,0.252,-1.782,0.000,-16,8,8
157.952,1.304,0.252,-1.783,0.000,-16,8,9
158.003,1.304,0.252,-1.769,0.000,-16,9,8
158.054,1.304,0.252,-1.789,0.000,-16,8,8
158.105,1.304,0.252,-1.789,0.000,-16,8,8
158.156,1.304,0.252,-1.771,0.000,-15,9,8
158.207,1.318,0.410,-1.770,0.000,-16,8,8
158.258,1.318,0.410,-1.765,0.000,-16,8,8
158.412,1.340,0.546,-1.770,0.000,-16,4,10
158.464,1.366,0.683,-1.755,0.000,-16,-5,13
158.516,1.366,0.683,-1.724,0.000,-16,-9,14
158.567,1.366,0.683,-1.712,0.000,-16,-9,14
158.618,1.404,0.763,-1.701,0.000,-16,-8,15
158.669,1.404,0.763,-1.666,0.000,-16,-9,15
158.772,1.412,0.802,-1.649,0.000,-15,4,15
158.823,1.412,0.802,-1.649,0.000,-10,9,16
158.874,1.412,0.802,-1.657,0.000,-10,7,16
158.925,1.403,0.831,-1.700,0.000,-8,8,15
159.027,1.404,0.876,-1.791,0.000,-6,8,15
159.078,1.404,0.876,-1.791,0.000,-7,7,15
159.129,1.404,0.876,-1.845,0.000,-6,7,16
159.180,1.393,0.925,-1.912,0.000,-5,6,15
159.231,1.393,0.925,-1.953,0.000,-4,7,16
159.283,1.393,0.925,-1.953,0.000,4,3,16
159.335,1.376,0.961,-2.011,0.000,10,-2,15
159.386,1.376,0.961,-2.091,0.000,13,-3,16
159.437,1.376,0.961,-2.181,0.000,14,-3,16
159.539,1.376,0.961,-2.273,0.000,15,-5,16
159.591,1.368,1.013,-2.338,0.000,15,-8,15
159.643,1.368,1.013,-2.410,0.000,15,-10,16
159.694,1.368,1.013,-2.468,0.000,15,-11,15
159.745,1.343,1.051,-2.534,0.000,15,-11,16
159.796,1.343,1.051,-2.534,0.000,16,-11,16
159.847,1.343,1.051,-2.590,0.000,15,-10,15
159.898,1.316,1.079,-2.675,0.000,16,-11,16
159.950,1.316,1.079,-2.732,0.000,15,-12,15
160.001,1.316,1.079,-2.732,0.000,15,-14,13
160.052,1.294,1.125,-2.738,0.000,16,-15,11
160.103,1.294,1.125,-2.770,0.000,15,-15,9
160.154,1.294,1.125,-2.809,0.000,15,-15,8
160.205,1.261,1.152,-2.824,0.000,15,-15,7
160.256,1.261,1.152,-2.824,0.000,16,-15,7
160.308,1.249,1.201,-2.843,0.000,15,-14,-6
160.359,1.249,1.201,-2.836,0.000,15,-14,-9
160.410,1.249,1.201,-2.820,0.000,15,-12,-8
160.461,1.225,1.247,-2.815,0.000,15,-12,-8
160.513,1.225,1.247,-2.815,0.000,16,-10,-10
160.564,1.225,1.247,-2.802,0.000,15,-10,-9
160.615,1.196,1.286,-2.767,0.000,16,-9,-9
160.666,1.196,1.286,-2.779,0.000,15,-9,-9
160.717,1.196,1.286,-2.779,0.000,16,-8,-10
160.768,1.169,1.323,-2.771,0.000,15,-9,-9
160.819,1.169,1.323,-2.763,0.000,16,-8,-8
160.870,1.125,1.343,-2.772,0.000,15,-9,-9
160.921,1.125,1.343,-2.775,0.000,16,-8,-9
160.972,1.125,1.343,-2.775,0.000,15,-8,-8
161.023,1.086,1.355,-2.756,0.000,16,-9,-9
161.074,1.086,1.355,-2.753,0.000,16,-8,-8
161.125,1.086,1.355,-2.765,0.000,15,-8,-9
161.176,1.044,1.358,-2.765,0.000,16,-8,-8
161.227,1.044,1.358,-2.762,0.000,15,-8,-8
161.278,1.044,1.358,-2.761,0.000,16,-9,-8
161.329,1.004,1.362,-2.761,0.000,16,-8,-8
161.380,1.004,1.362,-2.773,0.000,15,-8,-9
161.431,0.964,1.366,-2.773,0.000,16,-8,-8
161.482,0.964,1.366,-2.759,0.000,16,-8,-8
161.533,0.964,1.366,-2.767,0.000,15,-9,-8
161.584,0.928,1.372,-2.763,0.000,16,-8,-8
161.635,0.928,1.372,-2.767,0.000,16,-8,-8
161.687,0.928,1.372,-2.759,0.000,16,-10,-5
161.739,0.884,1.365,-2.767,0.000,16,-12,6
161.790,0.884,1.365,-2.801,0.000,16,-14,8
161.841,0.884,1.365,-2.829,0.000,16,-14,8
161.892,0.838,1.358,-2.829,0.000,17,-15,8
161.945,0.838,1.358,-2.873,0.000,16,-14,9
162.048,0.777,1.332,-2.945,0.000,15,-15,10
162.099,0.777,1.332,-2.986,0.000,15,-15,9
162.151,0.729,1.324,-2.986,0.000,16,-15,9
162.253,0.729,1.324,-3.047,0.000,16,-15,6
162.304,0.693,1.339,-3.056,0.000,15,-15,6
162.355,0.693,1.339,-3.090,0.000,16,-15,7
162.406,0.693,1.339,-3.090,0.000,16,-15,6
162.457,0.693,1.339,-3.115,0.000,15,-15,6
162.508,0.693,1.339,-3.155,0.000,16,-15,6
162.559,0.654,1.371,-3.181,0.000,16,-15,6
162.610,0.654,1.371,-3.181,0.000,16,-16,6
162.661,0.654,1.371,-3.209,0.000,15,-15,6
162.712,0.630,1.430,-3.226,0.000,16,-15,6
162.763,0.630,1.430,-3.246,0.000,16,-15,6
162.815,0.630,1.430,-3.269,0.000,16,-16,4
162.867,0.598,1.484,-3.269,0.000,16,-16,-1
162.919,0.598,1.484,-3.266,0.000,16,-15,-7
162.971,0.598,1.484,-3.239,0.000,15,-14,-9
163.022,0.562,1.533,-3.215,0.000,16,-13,-10
163.073,0.562,1.533,-3.204,0.000,16,-12,-11
163.124,0.530,1.574,-3.204,0.000,15,-11,-10
163.175,0.530,1.574,-3.173,0.000,16,-11,-10
163.226,0.530,1.574,-3.158,0.000,16,-10,-9
163.277,0.502,1.598,-3.150,0.000,16,-10,-10
163.328,0.502,1.598,-3.150,0.000,15,-10,-9
163.379,0.502,1.598,-3.142,0.000,16,-9,-9
163.430,0.463,1.615,-3.130,0.000,16,-9,-9
163.481,0.463,1.615,-3.127,0.000,16,-9,-9
163.532,0.463,1.615,-3.112,0.000,16,-8,-8
163.583,0.420,1.628,-3.112,0.000,16,-9,-9
163.634,0.420,1.628,-3.105,0.000,16,-9,-8
163.685,0.377,1.633,-3.084,0.000,15,-8,-8
163.736,0.377,1.633,-3.075,0.000,16,-9,-8
163.787,0.377,1.633,-3.075,0.000,16,-8,-9
163.838,0.325,1.644,-3.059,0.000,16,-9,-8
163.889,0.325,1.644,-3.059,0.000,16,-8,-8
163.940,0.325,1.644,-3.037,0.000,15,-8,-8
163.991,0.325,1.644,-3.043,0.000,16,-8,-9
164.042,0.325,1.644,-3.043,0.000,16,-9,-8
164.093,0.325,1.644,-3.031,0.000,16,-8,-8
164.144,0.325,1.644,-3.018,0.000,16,-8,-8
164.195,0.325,1.644,-3.012,0.000,16,-8,-8
164.246,0.325,1.644,-3.012,0.000,16,-8,-8
164.297,0.254,1.657,-2.989,0.000,16,-9,-9
164.348,0.254,1.657,-2.968,0.000,15,-7,-8
164.399,0.254,1.657,-2.970,0.000,16,-9,-8
164.450,0.254,1.657,-2.942,0.000,16,-8,-8
164.501,0.254,1.657,-2.942,0.000,16,-8,-8
164.552,0.173,1.661,-2.932,0.000,16,-8,-8
164.603,0.173,1.661,-2.913,0.000,16,-8,-8
164.654,0.173,1.661,-2.884,0.000,16,-8,-8
164.705,0.095,1.670,-2.865,0.000,16,-8,-9
164.756,0.095,1.670,-2.865,0.000,16,-8,-8
164.807,0.095,1.670,-2.844,0.000,16,-9,-9
164.858,0.021,1.677,-2.827,0.000,16,7,-11
164.909,0.021,1.677,-2.834,0.000,16,9,-14
164.960,-0.031,1.677,-2.834,0.000,16,8,-14
165.011,-0.031,1.677,-2.841,0.000,16,9,-14
165.062,-0.031,1.677,-2.843,0.000,16,9,-15
165.165,-0.068,1.678,-2.881,0.000,10,11,-15
165.216,-0.068,1.678,-2.881,0.000,7,13,-15
165.267,-0.068,1.678,-2.894,0.000,8,14,-15
165.318,-0.068,1.678,-2.903,0.000,5,14,-14
165.369,-0.068,1.678,-2.931,0.000,5,14,-15
165.420,-0.107,1.657,-2.931,0.000,5,14,-14
165.471,-0.107,1.657,-2.925,0.000,3,13,-15
165.522,-0.107,1.657,-2.926,0.000,3,14,-15
165.573,-0.107,1.657,-2.919,0.000,1,14,-14
165.624,-0.107,1.657,-2.936,0.000,2,14,-15
165.675,-0.150,1.624,-2.936,0.000,2,14,-15
165.777,-0.150,1.624,-2.944,0.000,-5,14,-14
165.828,-0.188,1.579,-2.919,0.000,-11,15,-10
165.880,-0.188,1.579,-2.931,0.000,1,1,0
165.931,-0.188,1.579,-2.931,0.000,0,-1,3
165.982,-0.218,1.530,-2.973,0.000,-1,2,-1
166.033,-0.218,1.530,-2.978,0.000,0,-2,1
166.084,-0.236,1.493,-2.988,0.000,1,0,1
166.135,-0.236,1.493,-2.988,0.000,1,2,0
166.186,-0.236,1.493,-2.982,0.000,1,1,0
166.237,-0.242,1.468,-2.985,0.000,0,-1,0
166.288,-0.242,1.468,-2.994,0.000,0,0,0
166.339,-0.242,1.468,-2.991,0.000,0,1,0
166.390,-0.238,1.443,-2.991,0.000,0,0,-1
166.441,-0.238,1.443,-2.979,0.000,0,0,0
166.492,-0.238,1.443,-2.990,0.000,0,0,0
166.543,-0.236,1.437,-2.985,0.000,0,0,0
166.594,-0.236,1.437,-2.985,0.000,0,0,0
166.645,-0.236,1.437,-2.997,0.000,-1,0,0
166.696,-0.236,1.437,-2.981,0.000,-5,1,2
166.747,-0.236,1.437,-2.988,0.000,-10,6,4
166.799,-0.236,1.437,-3.014,0.000,-12,7,7
166.850,-0.236,1.437,-3.014,0.000,-12,6,6
166.901,-0.236,1.437,-3.041,0.000,-1,0,-1
166.952,-0.232,1.437,-3.006,0.000,0,0,0
167.003,-0.232,1.437,-3.021,0.000,-1,0,1
167.054,-0.232,1.437,-3.021,0.000,1,1,0
167.105,-0.221,1.436,-3.018,0.000,0,0,-1
167.156,-0.221,1.436,-3.012,0.000,-1,0,0
167.207,-0.221,1.436,-3.015,0.000,0,0,0
167.258,-0.213,1.443,-3.018,0.000,0,0,0
167.309,-0.213,1.443,-3.018,0.000,0,0,0
167.360,-0.201,1.441,-3.011,0.000,0,0,0
167.411,-0.201,1.441,-3.006,0.000,0,0,0
167.462,-0.201,1.441,-3.018,0.000,0,-1,0
167.513,-0.195,1.439,-3.009,0.000,0,0,0
167.564,-0.195,1.439,-3.009,0.000,0,0,0
167.615,-0.195,1.439,-3.012,0.000,0,0,0
167.666,-0.194,1.439,-3.012,0.000,0,0,0
167.717,-0.194,1.439,-3.018,0.000,0,0,0
167.768,-0.194,1.439,-3.018,0.000,0,0,0
167.819,-0.195,1.441,-3.011,0.000,0,0,0
167.870,-0.195,1.441,-3.018,0.000,0,0,0
167.921,-0.195,1.441,-3.029,0.000,1,0,0
167.972,-0.195,1.441,-3.018,0.000,0,0,1
168.023,-0.195,1.441,-3.018,0.000,0,0,0
168.074,-0.195,1.441,-3.012,0.000,0,0,0
168.125,-0.195,1.441,-3.026,0.000,0,0,0
168.176,-0.195,1.441,-3.024,0.000,0,0,0
168.227,-0.196,1.441,-3.024,0.000,0,0,0
168.278,-0.196,1.441,-3.015,0.000,0,0,0
168.329,-0.196,1.441,-3.027,0.000,0,0,0
168.380,-0.196,1.440,-3.018,0.000,0,0,0
168.431,-0.196,1.440,-3.020,0.000,0,0,0
168.482,-0.197,1.442,-3.020,0.000,0,0,0
168.533,-0.197,1.442,-3.018,0.000,0,0,0
168.584,-0.197,1.442,-3.015,0.000,0,0,0
168.635,-0.196,1.441,-3.015,0.000,0,0,0
168.686,-0.196,1.441,-3.015,0.000,0,0,0
168.737,-0.196,1.441,-3.018,0.000,0,0,0
168.788,-0.196,1.441,-3.021,0.000,0,0,0
168.839,-0.196,1.441,-3.018,0.000,0,0,0
168.890,-0.196,1.441,-3.021,0.000,0,0,0
168.941,-0.196,1.441,-3.021,0.000,0,0,0
168.992,-0.196,1.441,-3.030,0.000,0,0,0
169.043,-0.196,1.441,-3.009,0.000,0,0,0
169.094,-0.195,1.440,-3.018,0.000,0,0,0
169.145,-0.195,1.440,-3.018,0.000,0,0,0
169.196,-0.195,1.439,-3.018,0.000,0,0,0
169.247,-0.195,1.439,-3.021,0.000,0,0,0
169.298,-0.195,1.439,-3.015,0.000,0,0,0
169.349,-0.195,1.439,-3.030,0.000,0,0,0
169.400,-0.195,1.439,-3.030,0.000,0,0,0
169.451,-0.195,1.439,-3.012,0.000,0,0,0
169.502,-0.194,1.439,-3.024,0.000,0,0,0
169.553,-0.194,1.439,-3.021,0.000,0,0,0
169.604,-0.194,1.439,-3.032,0.000,0,0,0
169.655,-0.196,1.439,-3.032,0.000,0,0,0
169.706,-0.196,1.439,-3.017,0.000,0,0,0
169.757,-0.196,1.440,-3.021,0.000,0,0,0
169.808,-0.196,1.440,-3.021,0.000,0,0,0
169.859,-0.196,1.440,-3.021,0.000,0,0,0
169.910,-0.195,1.441,-3.026,0.000,0,0,0
169.961,-0.195,1.441,-3.021,0.000,0,1,0
170.012,-0.195,1.441,-3.026,0.000,0,0,0
170.063,-0.196,1.441,-3.015,0.000,0,0,0
170.114,-0.196,1.441,-3.015,0.000,0,0,0
170.165,-0.196,1.441,-3.024,0.000,0,0,0
170.216,-0.194,1.443,-3.015,0.000,0,0,0
170.267,-0.194,1.443,-3.009,0.000,0,0,0
170.318,-0.194,1.441,-3.009,0.000,0,0,0
170.369,-0.194,1.441,-3.024,0.000,0,0,0
170.420,-0.194,1.441,-3.021,0.000,0,0,0
170.471,-0.194,1.440,-3.012,0.000,0,0,0
170.522,-0.194,1.440,-3.014,0.000,0,0,0
170.573,-0.194,1.440,-3.014,0.000,0,0,0
170.624,-0.194,1.440,-3.012,0.000,0,0,0
170.675,-0.194,1.440,-3.024,0.000,0,0,0
170.726,-0.194,1.440,-3.018,0.000,0,0,0
170.777,-0.195,1.439,-3.023,0.000,0,0,0
170.828,-0.195,1.439,-3.020,0.000,0,0,0
170.879,-0.193,1.441,-3.021,0.000,0,0,0
170.930,-0.193,1.441,-3.030,0.000,0,0,0
170.981,-0.193,1.441,-3.015,0.000,0,0,0
171.032,-0.193,1.442,-3.015,0.000,0,0,0
171.083,-0.193,1.442,-3.026,0.000,0,0,0
171.134,-0.193,1.442,-3.011,0.000,0,0,0
171.185,-0.194,1.442,-3.009,0.000,0,0,0
