224.266,-0.108,0.053,3.192,0.000,0,0,0
224.327,-0.106,0.053,3.192,0.000,0,0,0
224.378,-0.106,0.053,3.196,0.000,0,0,0
224.429,-0.106,0.054,3.196,0.000,0,0,0
224.480,-0.107,0.054,3.203,0.000,0,0,0
224.531,-0.107,0.055,3.203,0.000,0,0,0
224.582,-0.107,0.055,3.200,0.000,0,0,0
224.633,-0.107,0.055,3.200,0.000,0,0,0
224.684,-0.107,0.055,3.203,0.000,0,0,0
224.735,-0.107,0.055,3.189,0.000,0,0,0
224.786,-0.107,0.055,3.199,0.000,0,0,0
224.837,-0.108,0.054,3.199,0.000,0,0,0
224.888,-0.108,0.054,3.199,0.000,0,0,0
224.939,-0.107,0.054,3.200,0.000,0,0,0
224.990,-0.107,0.054,3.189,0.000,0,0,0
225.041,-0.107,0.054,3.189,0.000,0,0,0
225.092,-0.107,0.054,3.189,0.000,0,0,0
225.143,-0.107,0.056,3.189,0.000,0,0,0
225.194,-0.107,0.056,3.200,0.000,0,0,0
225.245,-0.107,0.058,3.204,0.000,0,0,0
225.296,-0.107,0.058,3.189,0.000,0,0,0
225.347,-0.107,0.058,3.189,0.000,0,0,0
225.398,-0.107,0.058,3.206,0.000,0,0,0
225.449,-0.108,0.059,3.193,0.000,0,0,0
225.500,-0.108,0.059,3.196,0.000,0,0,0
225.551,-0.107,0.058,3.196,0.000,0,0,0
225.602,-0.107,0.058,3.196,0.000,0,0,0
225.653,-0.108,0.059,3.200,0.000,0,0,0
225.704,-0.108,0.059,3.200,0.000,0,0,0
225.755,-0.108,0.059,3.189,0.000,0,0,0
225.806,-0.107,0.058,3.189,0.000,0,0,0
225.857,-0.107,0.058,3.197,0.000,0,0,0
225.908,-0.107,0.059,3.189,0.000,0,0,0
225.959,-0.107,0.059,3.203,0.000,0,0,0
226.010,-0.107,0.059,3.199,0.000,0,0,0
226.061,-0.106,0.060,3.196,0.000,0,0,0
226.112,-0.106,0.061,3.182,0.000,0,0,0
226.163,-0.106,0.061,3.178,0.000,0,0,0
226.214,-0.107,0.060,3.200,0.000,0,0,0
226.265,-0.107,0.061,3.200,0.000,0,0,0
226.316,-0.107,0.061,3.196,0.000,0,0,0
226.367,-0.107,0.061,3.196,0.000,0,0,0
226.418,-0.108,0.061,3.200,0.000,0,0,0
226.469,-0.108,0.061,3.197,0.000,0,0,0
226.520,-0.108,0.061,3.197,0.000,0,0,0
226.571,-0.108,0.061,3.186,0.000,0,0,0
226.622,-0.108,0.061,3.196,0.000,0,0,0
226.673,-0.108,0.061,3.196,0.000,0,0,0
226.724,-0.107,0.061,3.196,0.000,0,0,0
226.775,-0.106,0.060,3.189,0.000,0,0,0
226.826,-0.106,0.060,3.193,0.000,0,0,0
226.877,-0.107,0.061,3.203,0.000,0,0,0
226.928,-0.106,0.060,3.197,0.000,0,0,0
226.979,-0.106,0.060,3.197,0.000,0,0,0
227.030,-0.106,0.060,3.189,0.000,0,0,0
227.081,-0.106,0.060,3.186,0.000,0,0,0
227.132,-0.106,0.061,3.193,0.000,0,0,0
227.183,-0.107,0.062,3.193,0.000,0,0,0
227.234,-0.107,0.062,3.193,0.000,0,0,0
227.285,-0.107,0.062,3.179,0.000,0,0,0
227.336,-0.107,0.061,3.196,0.000,0,0,0
227.387,-0.107,0.062,3.192,0.000,0,0,0
227.438,-0.106,0.060,3.192,0.000,0,0,0
227.489,-0.107,0.059,3.189,0.000,0,0,0
227.540,-0.107,0.059,3.192,0.000,0,0,0
227.591,-0.107,0.058,3.189,0.000,0,0,0
227.642,-0.107,0.058,3.189,0.000,0,0,0
227.693,-0.107,0.058,3.193,0.000,0,0,0
227.744,-0.107,0.058,3.207,0.000,0,0,0
227.795,-0.106,0.060,3.200,0.000,0,0,0
227.846,-0.107,0.060,3.196,0.000,0,0,0
227.897,-0.107,0.061,3.196,0.000,0,0,1
227.948,-0.107,0.061,3.199,0.000,0,0,0
227.999,-0.107,0.061,3.207,0.000,0,0,0
228.050,-0.107,0.060,3.193,0.000,0,0,0
228.101,-0.107,0.060,3.203,0.000,0,0,0
228.152,-0.107,0.060,3.203,0.000,0,0,0
228.203,-0.107,0.060,3.199,0.000,0,0,0
228.254,-0.105,0.059,3.214,0.000,0,0,0
228.305,-0.105,0.058,3.203,0.000,0,0,0
228.356,-0.105,0.058,3.203,0.000,0,0,0
228.407,-0.105,0.058,3.182,0.000,0,0,0
228.458,-0.105,0.057,3.199,0.000,0,0,0
228.509,-0.105,0.057,3.193,0.000,0,0,0
228.560,-0.105,0.058,3.200,0.000,0,0,0
228.611,-0.105,0.058,3.200,0.000,0,0,0
228.662,-0.105,0.058,3.196,0.000,0,0,0
228.713,-0.106,0.059,3.196,0.000,0,0,0
228.764,-0.107,0.059,3.193,0.000,0,0,0
228.815,-0.106,0.059,3.193,0.000,0,0,0
228.866,-0.106,0.059,3.193,0.000,0,0,0
228.917,-0.106,0.059,3.196,0.000,0,0,0
228.968,-0.106,0.060,3.196,0.000,0,0,0
229.019,-0.106,0.060,3.182,0.000,0,0,0
229.070,-0.106,0.060,3.182,0.000,0,0,0
229.121,-0.105,0.060,3.185,0.000,0,0,0
229.172,-0.106,0.061,3.197,0.000,0,0,0
229.223,-0.106,0.061,3.196,0.000,0,0,0
229.274,-0.105,0.061,3.196,0.000,0,0,0
229.325,-0.105,0.061,3.200,0.000,0,0,0
229.376,-0.106,0.060,3.210,0.000,0,0,0
229.427,-0.106,0.059,3.193,0.000,0,0,0
229.478,-0.106,0.059,3.200,0.000,0,0,0
229.529,-0.106,0.059,3.200,0.000,0,0,0
229.580,-0.106,0.058,3.193,0.000,0,0,0
229.631,-0.106,0.059,3.186,0.000,0,0,0
229.682,-0.106,0.061,3.193,0.000,0,0,0
229.733,-0.106,0.061,3.199,0.000,0,0,0
229.784,-0.106,0.061,3.199,0.000,0,0,0
229.835,-0.106,0.061,3.192,0.000,0,0,0
229.886,-0.106,0.061,3.189,0.000,0,0,0
229.937,-0.107,0.061,3.207,0.000,0,0,0
229.988,-0.107,0.061,3.207,0.000,0,0,0
230.039,-0.107,0.061,3.186,0.000,0,0,0
230.090,-0.107,0.061,3.193,0.000,0,0,0
230.141,-0.108,0.062,3.200,0.000,0,0,0
230.192,-0.108,0.062,3.196,0.000,0,0,0
230.243,-0.108,0.062,3.196,0.000,0,0,0
230.294,-0.108,0.060,3.196,0.000,0,0,0
230.345,-0.107,0.060,3.196,0.000,0,0,0
230.396,-0.106,0.059,3.196,0.000,0,0,0
230.447,-0.106,0.059,3.196,0.000,0,0,0
230.498,-0.107,0.058,3.189,0.000,0,0,0
230.549,-0.107,0.059,3.203,0.000,0,0,0
230.600,-0.107,0.060,3.196,0.000,0,0,0
230.651,-0.107,0.060,3.196,0.000,0,0,0
230.702,-0.107,0.061,3.196,0.000,0,0,0
230.753,-0.107,0.062,3.193,0.000,0,0,0
230.804,-0.107,0.061,3.200,0.000,0,0,0
230.855,-0.107,0.060,3.196,0.000,0,0,0
230.906,-0.107,0.060,3.196,0.000,0,0,0
230.957,-0.107,0.060,3.207,0.000,0,0,0
231.008,-0.107,0.059,3.203,0.000,0,0,0
231.059,-0.106,0.057,3.186,0.000,0,0,0
231.110,-0.106,0.057,3.196,0.000,0,0,0
231.161,-0.106,0.057,3.196,0.000,0,0,0
231.212,-0.107,0.057,3.196,0.000,0,0,0
231.263,-0.107,0.059,3.196,0.000,0,0,0
231.314,-0.107,0.059,3.193,0.000,0,0,0
231.365,-0.107,0.059,3.193,0.000,0,0,0
231.416,-0.107,0.061,3.203,0.000,0,0,0
231.467,-0.107,0.062,3.193,0.000,0,0,0
231.518,-0.108,0.061,3.193,0.000,0,0,0
231.569,-0.108,0.061,3.200,0.000,0,0,0
231.620,-0.107,0.062,3.200,0.000,0,0,0
231.671,-0.107,0.062,3.207,0.000,0,0,0
231.722,-0.106,0.062,3.203,0.000,0,0,0
231.773,-0.106,0.062,3.196,0.000,0,0,0
231.824,-0.106,0.061,3.200,0.000,0,0,0
231.875,-0.107,0.061,3.200,0.000,0,0,0
231.926,-0.107,0.061,3.200,0.000,0,0,0
231.977,-0.107,0.060,3.189,0.000,0,0,0
232.028,-0.107,0.060,3.200,0.000,0,0,0
232.079,-0.107,0.059,3.200,0.000,0,0,0
232.130,-0.106,0.059,3.189,0.000,0,0,0
232.181,-0.106,0.058,3.189,0.000,0,0,0
232.232,-0.106,0.058,3.186,0.000,0,0,0
232.283,-0.107,0.060,3.196,0.000,0,0,0
232.334,-0.107,0.061,3.196,0.000,0,0,0
232.385,-0.107,0.061,3.186,0.000,0,0,0
232.436,-0.107,0.061,3.179,0.000,0,0,0
232.487,-0.107,0.061,3.193,0.000,0,0,0
232.538,-0.107,0.060,3.193,0.000,0,0,0
232.589,-0.107,0.059,3.189,0.000,0,0,0
232.640,-0.107,0.059,3.200,0.000,0,0,0
232.691,-0.107,0.059,3.193,0.000,0,0,0
232.742,-0.106,0.060,3.207,0.000,0,0,0
232.793,-0.106,0.060,3.207,0.000,0,0,0
232.844,-0.106,0.060,3.182,0.000,0,0,0
232.895,-0.106,0.060,3.189,0.000,0,0,0
232.946,-0.105,0.061,3.185,0.000,0,0,0
232.997,-0.105,0.061,3.185,0.000,0,0,0
233.048,-0.105,0.060,3.206,0.000,0,0,0
233.099,-0.105,0.061,3.200,0.000,0,0,0
233.150,-0.105,0.061,3.193,0.000,0,0,0
233.201,-0.105,0.060,3.189,0.000,0,0,0
233.252,-0.106,0.060,3.189,0.000,0,0,0
233.303,-0.107,0.060,3.175,0.000,0,0,0
233.354,-0.107,0.060,3.197,0.000,0,0,0
233.405,-0.107,0.059,3.189,0.000,0,0,0
233.456,-0.108,0.059,3.200,0.000,0,0,0
233.507,-0.108,0.060,3.200,0.000,0,0,0
233.558,-0.107,0.061,3.193,0.000,0,0,0
233.609,-0.107,0.061,3.186,0.000,0,0,0
233.660,-0.107,0.061,3.200,0.000,0,0,0
233.711,-0.107,0.060,3.200,0.000,0,0,0
233.762,-0.106,0.059,3.186,0.000,0,0,0
233.813,-0.106,0.059,3.200,0.000,0,0,0
233.864,-0.107,0.059,3.186,0.000,0,0,0
233.915,-0.107,0.060,3.192,0.000,0,0,0
233.966,-0.107,0.060,3.192,0.000,0,0,0
234.017,-0.107,0.060,3.200,0.000,0,0,0
234.068,-0.107,0.061,3.196,0.000,0,0,0
234.119,-0.106,0.061,3.193,0.000,0,0,0
234.170,-0.106,0.061,3.193,0.000,0,0,0
234.221,-0.106,0.061,3.203,0.000,0,0,0
234.272,-0.106,0.061,3.193,0.000,0,0,0
234.323,-0.107,0.061,3.200,0.000,0,0,0
234.374,-0.107,0.061,3.189,0.000,0,0,0
234.425,-0.107,0.060,3.189,0.000,0,0,0
234.476,-0.107,0.060,3.193,0.000,0,0,0
234.527,-0.107,0.061,3.189,0.000,0,0,0
234.578,-0.107,0.061,3.204,0.000,0,0,0
234.629,-0.107,0.061,3.204,0.000,0,0,0
234.680,-0.107,0.061,3.178,0.000,0,0,0
234.731,-0.107,0.062,3.193,0.000,0,0,0
234.782,-0.107,0.062,3.193,0.000,0,9,-9
234.833,-0.107,0.063,3.175,0.000,0,13,-12
234.884,-0.105,0.061,3.175,0.000,0,13,-13
234.935,-0.105,0.061,3.168,0.000,0,14,-14
234.986,-0.104,0.055,3.178,0.000,0,14,-14
235.037,-0.103,0.044,3.163,0.000,0,14,-14
235.088,-0.102,0.028,3.163,0.000,0,15,-15
235.139,-0.102,0.028,3.163,0.000,0,14,-14
235.190,-0.101,0.009,3.144,0.000,0,15,-14
235.241,-0.101,-0.011,3.134,0.000,0,14,-14
235.292,-0.101,-0.033,3.141,0.000,0,15,-15
235.343,-0.101,-0.056,3.141,0.000,0,14,-14
235.394,-0.101,-0.056,3.133,0.000,0,14,-14
235.445,-0.101,-0.077,3.111,0.000,0,15,-15
235.496,-0.101,-0.097,3.103,0.000,0,14,-14
235.547,-0.102,-0.117,3.109,0.000,0,15,-14
235.598,-0.102,-0.117,3.109,0.000,0,14,-15
235.649,-0.102,-0.137,3.102,0.000,0,14,-14
235.700,-0.102,-0.156,3.100,0.000,0,15,-14
235.751,-0.101,-0.177,3.099,0.000,0,14,-14
235.802,-0.101,-0.177,3.099,0.000,0,14,-15
235.853,-0.101,-0.197,3.090,0.000,0,15,-14
235.904,-0.101,-0.217,3.106,0.000,0,14,-14
235.955,-0.102,-0.237,3.086,0.000,0,14,-14
236.006,-0.103,-0.257,3.070,0.000,0,14,-14
236.057,-0.103,-0.257,3.070,0.000,0,14,-14
236.108,-0.104,-0.276,3.073,0.000,0,15,-15
236.159,-0.104,-0.296,3.057,0.000,0,14,-14
236.210,-0.105,-0.315,3.065,0.000,0,14,-14
236.261,-0.105,-0.315,3.065,0.000,0,14,-14
236.312,-0.105,-0.334,3.055,0.000,0,15,-14
236.363,-0.105,-0.352,3.064,0.000,0,14,-14
236.414,-0.106,-0.372,3.055,0.000,0,14,-15
236.465,-0.106,-0.372,3.048,0.000,0,14,-14
236.516,-0.107,-0.392,3.048,0.000,0,14,-14
236.567,-0.107,-0.411,3.057,0.000,0,14,-14
236.618,-0.108,-0.431,3.034,0.000,0,14,-14
236.669,-0.108,-0.450,3.039,0.000,0,14,-14
236.720,-0.108,-0.450,3.039,0.000,0,15,-14
236.771,-0.108,-0.450,3.036,0.000,0,14,-14
236.822,-0.109,-0.489,3.025,0.000,0,14,-14
236.873,-0.109,-0.508,3.049,0.000,0,14,-15
236.924,-0.109,-0.508,3.024,0.000,0,14,-13
236.975,-0.109,-0.528,3.024,0.000,0,14,-14
237.026,-0.109,-0.547,3.015,0.000,0,14,-14
237.077,-0.110,-0.566,3.014,0.000,0,14,-15
237.128,-0.110,-0.586,3.028,0.000,0,14,-14
237.179,-0.110,-0.586,3.022,0.000,0,14,-14
237.230,-0.111,-0.605,3.022,0.000,0,15,-14
237.281,-0.112,-0.625,3.016,0.000,0,14,-14
237.332,-0.112,-0.645,3.024,0.000,1,14,-14
237.383,-0.112,-0.645,3.020,0.000,0,14,-14
237.434,-0.113,-0.665,3.020,0.000,0,14,-14
237.485,-0.113,-0.685,3.035,0.000,0,14,-14
237.536,-0.113,-0.705,3.017,0.000,0,14,-14
237.587,-0.113,-0.705,3.031,0.000,0,14,-14
237.638,-0.114,-0.724,3.017,0.000,1,14,-14
237.689,-0.115,-0.744,3.017,0.000,0,15,-14
237.740,-0.116,-0.765,3.025,0.000,0,14,-15
237.791,-0.116,-0.786,3.015,0.000,0,14,-14
237.842,-0.116,-0.786,3.026,0.000,0,14,-14
237.893,-0.116,-0.807,3.026,0.000,0,14,-14
237.944,-0.116,-0.827,3.029,0.000,0,14,-14
237.995,-0.116,-0.827,3.022,0.000,0,14,-14
238.046,-0.116,-0.827,3.043,0.000,0,14,-14
238.097,-0.116,-0.853,3.026,0.000,0,15,-15
238.148,-0.117,-0.877,3.026,0.000,0,-1,0
238.199,-0.117,-0.903,3.023,0.000,0,1,1
238.250,-0.118,-0.927,3.023,0.000,0,0,-1
238.301,-0.118,-0.927,3.019,0.000,0,0,1
238.352,-0.117,-0.942,3.019,0.000,0,1,1
238.403,-0.116,-0.952,3.026,0.000,0,1,0
238.454,-0.116,-0.957,3.039,0.000,0,0,0
238.505,-0.116,-0.957,3.020,0.000,0,-1,0
238.556,-0.114,-0.957,3.010,0.000,0,0,-1
238.609,-0.112,-0.957,3.010,0.000,0,1,-1
238.660,-0.116,-0.957,3.023,0.000,0,10,-10
238.711,-0.115,-0.957,3.029,0.000,0,12,-12
238.762,-0.115,-0.957,3.024,0.000,0,14,-14
238.813,-0.120,-0.960,3.035,0.000,0,14,-14
238.864,-0.122,-0.968,3.035,0.000,0,14,-15
238.915,-0.120,-0.979,3.047,0.000,0,14,-15
238.966,-0.120,-0.979,3.036,0.000,0,15,-14
239.017,-0.125,-0.996,3.048,0.000,0,14,-15
239.068,-0.125,-1.015,3.048,0.000,0,14,-14
239.119,-0.123,-1.035,3.043,0.000,0,15,-15
239.170,-0.118,-1.056,3.070,0.000,0,14,-14
239.221,-0.118,-1.056,3.061,0.000,0,14,-15
239.272,-0.115,-1.076,3.078,0.000,0,15,-14
239.323,-0.115,-1.097,3.078,0.000,0,14,-15
239.374,-0.119,-1.118,3.072,0.000,0,14,-14
239.425,-0.119,-1.118,3.085,0.000,0,14,-14
239.476,-0.126,-1.138,3.095,0.000,0,15,-15
239.527,-0.127,-1.157,3.095,0.000,0,14,-14
239.578,-0.129,-1.178,3.094,0.000,0,14,-14
239.629,-0.129,-1.178,3.114,0.000,0,15,-15
239.680,-0.134,-1.198,3.102,0.000,-6,14,-13
239.732,-0.138,-1.218,3.128,0.000,-11,15,-13
239.784,-0.141,-1.240,3.128,0.000,-13,15,-11
239.835,-0.139,-1.259,3.164,0.000,-13,15,-10
239.886,-0.139,-1.259,3.191,0.000,-13,14,-9
239.937,-0.126,-1.279,3.206,0.000,-14,16,-8
239.988,-0.114,-1.299,3.230,0.000,-14,14,-7
240.039,-0.099,-1.317,3.230,0.000,-14,15,-6
240.090,-0.099,-1.317,3.251,0.000,-15,15,-6
240.141,-0.085,-1.334,3.257,0.000,-15,16,-5
240.192,-0.075,-1.349,3.293,0.000,-15,15,-5
240.345,-0.044,-1.379,3.321,0.000,-15,15,-5
240.396,-0.028,-1.392,3.342,0.000,-16,15,-6
240.447,-0.011,-1.406,3.352,0.000,-15,16,-6
240.498,0.005,-1.419,3.352,0.000,-15,15,-6
240.549,0.005,-1.419,3.385,0.000,-15,15,-6
240.600,0.024,-1.431,3.401,0.000,-15,16,-6
240.651,0.043,-1.444,3.429,0.000,-16,15,-6
240.702,0.061,-1.455,3.429,0.000,-15,15,-5
240.753,0.061,-1.455,3.448,0.000,-15,16,-6
240.804,0.082,-1.467,3.469,0.000,-16,15,-6
240.855,0.101,-1.479,3.481,0.000,-15,15,-6
240.906,0.121,-1.490,3.504,0.000,-16,16,-6
240.957,0.142,-1.500,3.504,0.000,-15,15,-6
241.059,0.163,-1.510,3.541,0.000,-15,15,-6
241.110,0.190,-1.520,3.582,0.000,-15,15,-6
241.161,0.190,-1.520,3.582,0.000,-16,16,-6
241.212,0.190,-1.520,3.596,0.000,-15,15,-6
241.263,0.215,-1.531,3.626,0.000,-16,16,-5
241.314,0.239,-1.542,3.648,0.000,-15,15,-6
241.365,0.264,-1.552,3.681,0.000,-16,16,-6
241.416,0.279,-1.561,3.681,0.000,-16,15,-6
241.467,0.279,-1.561,3.692,0.000,-15,16,-6
241.518,0.300,-1.568,3.737,0.000,-16,15,-6
241.569,0.318,-1.574,3.736,0.000,-16,16,-6
241.620,0.339,-1.579,3.771,0.000,-16,15,-6
241.671,0.339,-1.579,3.771,0.000,-15,16,-6
241.722,0.363,-1.584,3.785,0.000,-16,16,-6
241.773,0.383,-1.587,3.817,0.000,-16,15,-6
241.824,0.408,-1.592,3.858,0.000,-15,16,-6
241.875,0.408,-1.592,3.858,0.000,-16,15,-6
241.926,0.430,-1.597,3.884,0.000,-16,16,-6
241.977,0.454,-1.605,3.915,0.000,-15,16,-6
242.028,0.477,-1.599,3.926,0.000,-16,15,-5
242.079,0.499,-1.602,3.968,0.000,-16,16,-6
242.130,0.499,-1.602,3.968,0.000,-16,15,-7
242.181,0.518,-1.606,3.984,0.000,-15,16,-6
242.232,0.537,-1.607,4.027,0.000,-16,16,-5
242.283,0.556,-1.623,4.055,0.000,-16,16,-6
242.334,0.556,-1.623,4.055,0.000,-16,15,-6
242.436,0.576,-1.627,4.115,0.000,-16,16,-6
242.488,0.597,-1.628,4.144,0.000,-16,16,-5
242.540,0.619,-1.629,4.196,0.000,-16,16,-1
242.591,0.619,-1.629,4.196,0.000,-15,16,2
242.642,0.641,-1.629,4.151,0.000,-16,16,0
242.693,0.663,-1.626,4.184,0.000,-16,15,0
242.744,0.684,-1.622,4.190,0.000,-16,16,-2
242.795,0.684,-1.622,4.210,0.000,-16,16,-1
242.846,0.705,-1.615,4.210,0.000,-16,16,0
242.897,0.725,-1.606,4.224,0.000,-16,16,1
242.948,0.747,-1.597,4.229,0.000,-16,16,0
242.999,0.769,-1.589,4.237,0.000,-16,15,-1
243.050,0.769,-1.589,4.237,0.000,-16,16,-1
243.101,0.792,-1.580,4.235,0.000,-16,16,0
243.152,0.815,-1.572,4.252,0.000,-16,16,0
243.203,0.837,-1.564,4.245,0.000,-16,16,0
243.254,0.837,-1.564,4.265,0.000,-15,15,0
243.305,0.861,-1.555,4.265,0.000,-17,16,0
243.356,0.883,-1.547,4.226,0.000,-16,16,0
243.407,0.922,-1.537,4.243,0.000,-16,16,0
243.458,0.945,-1.529,4.243,0.000,-16,16,0
243.509,0.945,-1.529,4.243,0.000,-15,16,0
243.560,0.984,-1.520,4.252,0.000,-17,16,0
243.611,0.984,-1.520,4.243,0.000,-16,16,0
243.662,1.028,-1.501,4.257,0.000,-16,16,0
243.713,1.028,-1.501,4.252,0.000,-16,15,0
243.764,1.057,-1.492,4.252,0.000,-15,16,0
243.815,1.073,-1.483,4.245,0.000,-17,16,0
243.866,1.096,-1.474,4.258,0.000,-15,16,0
243.968,1.116,-1.460,4.250,0.000,-16,16,0
244.019,1.139,-1.450,4.263,0.000,-16,16,-1
244.121,1.183,-1.430,4.242,0.000,-16,16,-2
244.172,1.183,-1.430,4.237,0.000,-16,16,-3
244.223,1.208,-1.427,4.237,0.000,-16,16,-1
244.274,1.229,-1.420,4.251,0.000,-16,15,-1
244.325,1.254,-1.417,4.243,0.000,-16,16,-1
244.376,1.254,-1.417,4.236,0.000,-15,16,0
244.427,1.275,-1.411,4.246,0.000,-17,16,0
244.478,1.297,-1.406,4.246,0.000,-16,16,-1
244.529,1.319,-1.398,4.259,0.000,-16,16,-2
244.580,1.336,-1.389,4.241,0.000,-16,16,-1
244.631,1.336,-1.389,4.250,0.000,-15,16,-1
244.682,1.357,-1.381,4.250,0.000,-17,16,-1
244.733,1.378,-1.374,4.258,0.000,-16,16,-1
244.784,1.399,-1.366,4.224,0.000,-15,16,0
244.835,1.399,-1.366,4.237,0.000,-17,16,-2
244.886,1.420,-1.358,4.226,0.000,-16,16,-1
244.937,1.441,-1.351,4.226,0.000,-16,16,-1
244.988,1.462,-1.342,4.220,0.000,-16,16,-1
245.039,1.462,-1.342,4.247,0.000,-16,15,-2
245.090,1.483,-1.334,4.234,0.000,-16,17,-1
245.192,1.524,-1.319,4.217,0.000,-16,16,-1
245.244,1.545,-1.312,4.202,0.000,-16,16,3
245.295,1.545,-1.312,4.223,0.000,-16,16,5
245.346,1.566,-1.304,4.177,0.000,-16,16,4
245.397,1.586,-1.295,4.177,0.000,-16,15,5
245.448,1.606,-1.285,4.158,0.000,-16,16,5
245.499,1.606,-1.285,4.121,0.000,-17,15,4
245.550,1.625,-1.272,4.126,0.000,-16,16,4
245.652,1.663,-1.247,4.090,0.000,-16,15,5
245.703,1.683,-1.234,4.082,0.000,-16,15,4
245.754,1.683,-1.234,4.069,0.000,-16,15,4
245.805,1.700,-1.223,4.034,0.000,-16,15,4
245.856,1.720,-1.211,4.034,0.000,-17,16,5
245.907,1.741,-1.199,4.016,0.000,-16,14,4
245.958,1.741,-1.199,3.987,0.000,-16,15,4
246.009,1.761,-1.188,3.987,0.000,-16,15,4
246.060,1.785,-1.175,3.976,0.000,-16,14,4
246.111,1.806,-1.164,3.976,0.000,-16,15,5
246.162,1.806,-1.164,3.970,0.000,-16,14,4
246.213,1.828,-1.153,3.942,0.000,-16,15,4
246.264,1.848,-1.142,3.915,0.000,-16,13,7
246.315,1.869,-1.132,3.915,0.000,-16,13,9
246.366,1.885,-1.123,3.898,0.000,-16,12,10
246.417,1.885,-1.123,3.861,0.000,-17,11,9
246.468,1.904,-1.112,3.851,0.000,-16,11,9
246.519,1.904,-1.112,3.823,0.000,-16,10,9
246.570,1.939,-1.086,3.823,0.000,-16,10,8
246.621,1.939,-1.086,3.832,0.000,-16,10,9
246.672,1.960,-1.070,3.813,0.000,-16,9,8
246.723,1.978,-1.056,3.803,0.000,-16,9,9
246.775,1.995,-1.044,3.803,0.000,-17,9,9
246.827,2.012,-1.031,3.800,0.000,-16,3,11
246.879,2.012,-1.031,3.803,0.000,-17,-3,13
246.930,2.031,-1.018,3.822,0.000,-16,-6,14
246.981,2.047,-1.005,3.855,0.000,-16,-9,14
247.032,2.059,-0.990,3.855,0.000,-16,-9,15
247.083,2.059,-0.990,3.893,0.000,-17,-8,15
247.134,2.066,-0.974,3.924,0.000,-16,-8,15
247.185,2.067,-0.958,3.944,0.000,-16,-8,15
247.236,2.067,-0.939,3.981,0.000,-16,-7,16
247.287,2.066,-0.920,3.981,0.000,-16,-7,15
247.338,2.066,-0.920,4.006,0.000,-16,-6,15
247.389,2.068,-0.900,4.047,0.000,-16,-7,15
247.440,2.071,-0.879,4.055,0.000,-16,-6,15
247.491,2.072,-0.858,4.055,0.000,-16,-6,15
247.542,2.072,-0.858,4.092,0.000,-17,-7,16
247.593,2.073,-0.837,4.116,0.000,-16,-6,15
247.644,2.072,-0.813,4.146,0.000,-16,-6,15
247.695,2.071,-0.793,4.171,0.000,-16,-6,16
247.746,2.071,-0.793,4.171,0.000,-16,-6,15
247.797,2.070,-0.773,4.180,0.000,-16,-6,16
247.848,2.068,-0.751,4.209,0.000,-16,-6,15
247.899,2.066,-0.731,4.232,0.000,-17,-7,16
247.950,2.063,-0.709,4.232,0.000,-16,-5,15
248.001,2.063,-0.709,4.252,0.000,-16,-6,15
248.052,2.059,-0.687,4.283,0.000,-16,-6,16
248.103,2.054,-0.667,4.287,0.000,-16,-6,16
248.154,2.048,-0.646,4.321,0.000,-17,-6,15
248.205,2.048,-0.646,4.321,0.000,-16,-6,16
248.256,2.042,-0.627,4.348,0.000,-16,-6,15
248.307,2.035,-0.606,4.372,0.000,-16,-6,16
248.358,2.029,-0.586,4.387,0.000,-16,-6,16
248.409,2.020,-0.569,4.400,0.000,-16,-7,15
248.460,2.020,-0.569,4.400,0.000,-16,-5,16
248.511,2.020,-0.569,4.426,0.000,-16,-6,16
248.562,2.020,-0.569,4.449,0.000,-17,-6,15
248.613,2.010,-0.538,4.468,0.000,-16,-6,16
248.664,2.010,-0.538,4.468,0.000,-16,-6,15
248.715,1.999,-0.508,4.482,0.000,-16,-6,16
248.766,1.987,-0.477,4.498,0.000,-16,-6,16
248.817,1.976,-0.444,4.537,0.000,-16,-6,16
248.868,1.976,-0.444,4.555,0.000,-17,-5,16
248.919,1.967,-0.424,4.555,0.000,-16,-7,15
248.970,1.958,-0.403,4.571,0.000,-16,-5,16
249.021,1.952,-0.384,4.583,0.000,-16,-7,16
249.072,1.944,-0.366,4.618,0.000,-16,-6,15
249.123,1.944,-0.366,4.618,0.000,-16,-6,16
249.174,1.935,-0.348,4.624,0.000,-17,-6,16
249.225,1.924,-0.331,4.648,0.000,-16,-5,16
249.276,1.911,-0.313,4.669,0.000,-16,-6,16
249.327,1.911,-0.313,4.686,0.000,-16,-6,16
249.378,1.899,-0.294,4.686,0.000,-16,-6,15
249.429,1.886,-0.277,4.695,0.000,-17,-6,17
249.480,1.874,-0.258,4.723,0.000,-16,-6,16
249.531,1.874,-0.258,4.744,0.000,-16,-6,16
249.582,1.862,-0.241,4.744,0.000,-16,-6,15
249.633,1.849,-0.223,4.769,0.000,-16,-6,16
249.684,1.834,-0.202,4.793,0.000,-17,-6,16
249.735,1.820,-0.183,4.800,0.000,-16,-6,16
249.786,1.820,-0.183,4.821,0.000,-16,-6,16
249.837,1.804,-0.163,4.821,0.000,-16,-6,17
249.888,1.789,-0.148,4.830,0.000,-16,-6,15
249.939,1.774,-0.136,4.853,0.000,-16,-6,17
250.043,1.759,-0.125,4.878,0.000,-17,-4,16
250.147,1.727,-0.093,4.895,0.000,-16,6,16
250.199,1.711,-0.075,4.868,0.000,-16,10,16
250.250,1.711,-0.075,4.832,0.000,-16,10,15
250.301,1.694,-0.052,4.832,0.000,-16,11,13
250.352,1.682,-0.041,4.818,0.000,-16,11,13
250.403,1.672,-0.020,4.768,0.000,-16,10,13
250.454,1.672,-0.020,4.746,0.000,-17,10,11
250.505,1.666,0.000,4.717,0.000,-16,10,11
250.556,1.662,0.018,4.717,0.000,-16,9,11
250.607,1.659,0.043,4.702,0.000,-16,10,10
250.658,1.657,0.062,4.694,0.000,-16,9,10
250.709,1.657,0.062,4.676,0.000,-16,9,10
250.760,1.656,0.083,4.665,0.000,-17,9,9
250.811,1.657,0.106,4.665,0.000,-16,8,9
250.862,1.658,0.128,4.648,0.000,-16,9,9
250.913,1.658,0.128,4.650,0.000,-16,8,9
250.964,1.659,0.151,4.660,0.000,-16,9,8
251.015,1.661,0.175,4.660,0.000,-16,8,9
251.066,1.657,0.198,4.665,0.000,-16,8,8
251.169,1.659,0.221,4.679,0.000,-16,5,10
251.220,1.660,0.242,4.675,0.000,-16,4,11
251.272,1.662,0.263,4.675,0.000,-17,-1,13
251.324,1.667,0.283,4.683,0.000,-16,-3,14
251.376,1.667,0.283,4.710,0.000,-17,-7,14
251.427,1.666,0.304,4.784,0.000,-16,-9,15
251.478,1.662,0.322,4.804,0.000,-16,-8,14
251.529,1.654,0.339,4.804,0.000,-17,-9,15
251.580,1.644,0.354,4.890,0.000,-16,-8,16
251.631,1.644,0.354,4.914,0.000,-16,-8,15
251.682,1.631,0.369,4.966,0.000,-16,-7,15
251.733,1.615,0.385,4.966,0.000,-16,-7,15
251.784,1.598,0.401,4.994,0.000,-17,-7,15
251.835,1.598,0.401,5.026,0.000,-16,-6,15
251.886,1.581,0.416,5.050,0.000,-16,-7,16
251.937,1.564,0.430,5.069,0.000,-16,-6,15
251.988,1.547,0.446,5.069,0.000,-16,-6,16
252.039,1.547,0.446,5.076,0.000,-17,-7,15
252.090,1.530,0.461,5.084,0.000,-16,-6,15
252.141,1.513,0.477,5.103,0.000,-16,-6,16
252.192,1.496,0.491,5.103,0.000,-16,-6,15
252.243,1.480,0.502,5.103,0.000,-16,-6,16
252.294,1.480,0.502,5.118,0.000,-17,-6,15
252.345,1.464,0.514,5.119,0.000,-16,-6,16
252.396,1.447,0.525,5.128,0.000,-16,-6,15
252.447,1.429,0.538,5.128,0.000,-17,-6,16
252.500,1.429,0.538,5.129,0.000,-16,-5,16
252.552,1.410,0.551,5.135,0.000,-17,-2,16
252.603,1.391,0.563,5.139,0.000,-16,-2,16
252.654,1.371,0.575,5.132,0.000,-16,-3,15
252.705,1.352,0.588,5.132,0.000,-16,-3,16
252.757,1.352,0.588,5.114,0.000,-17,3,16
252.808,1.332,0.600,5.116,0.000,-16,6,15
252.860,1.313,0.613,5.098,0.000,-16,9,14
252.911,1.296,0.627,5.098,0.000,-16,9,14
252.962,1.296,0.627,5.075,0.000,-16,8,13
253.014,1.280,0.643,5.050,0.000,-17,9,13
253.066,1.267,0.660,5.038,0.000,-16,8,12
253.118,1.257,0.679,5.034,0.000,-17,8,12
253.169,1.247,0.699,5.034,0.000,-16,8,11
253.220,1.247,0.699,5.004,0.000,-16,7,11
253.271,1.239,0.717,4.995,0.000,-16,8,11
253.375,1.221,0.757,4.985,0.000,-16,6,11
253.427,1.213,0.776,4.985,0.000,-17,5,12
253.479,1.213,0.776,4.988,0.000,-16,0,13
253.531,1.203,0.795,5.015,0.000,-17,-3,14
253.583,1.194,0.813,5.042,0.000,-17,-8,15
253.634,1.183,0.830,5.079,0.000,-16,-9,14
253.685,1.183,0.830,5.079,0.000,-16,-8,15
253.736,1.169,0.844,5.107,0.000,-16,-8,15
253.787,1.154,0.858,5.160,0.000,-17,-8,15
253.838,1.136,0.872,5.171,0.000,-16,-7,15
253.889,1.117,0.884,5.171,0.000,-16,-8,15
253.940,1.117,0.884,5.206,0.000,-16,-6,16
253.991,1.098,0.897,5.231,0.000,-16,-7,15
254.042,1.078,0.908,5.265,0.000,-17,-7,15
254.093,1.057,0.921,5.289,0.000,-16,-6,15
254.144,1.057,0.921,5.289,0.000,-16,-6,16
254.195,1.036,0.929,5.313,0.000,-16,-7,15
254.246,1.015,0.935,5.328,0.000,-17,-6,16
254.297,0.993,0.941,5.343,0.000,-16,-6,15
254.348,0.993,0.941,5.343,0.000,-16,-6,15
254.399,0.973,0.943,5.365,0.000,-16,-6,16
254.450,0.954,0.950,5.401,0.000,-17,-6,15
254.501,0.934,0.957,5.414,0.000,-16,-6,16
254.552,0.915,0.964,5.430,0.000,-16,-6,15
254.603,0.915,0.964,5.430,0.000,-16,-6,16
254.654,0.896,0.972,5.453,0.000,-17,-6,15
254.705,0.876,0.978,5.455,0.000,-16,-6,16
254.756,0.858,0.983,5.499,0.000,-16,-6,16
254.807,0.858,0.983,5.499,0.000,-16,-6,15
254.858,0.839,0.988,5.499,0.000,-17,-6,16
254.909,0.822,0.994,5.518,0.000,-16,-5,15
254.960,0.802,1.000,5.518,0.000,-16,-6,16
255.011,0.802,1.000,5.545,0.000,-16,-6,15
255.062,0.780,1.004,5.545,0.000,-17,-6,16
255.113,0.761,1.008,5.558,0.000,-16,-6,16
255.164,0.733,1.010,5.577,0.000,-16,-7,16
255.215,0.714,1.010,5.573,0.000,-16,-5,15
255.266,0.714,1.010,5.604,0.000,-16,-6,16
255.317,0.694,1.009,5.604,0.000,-17,-6,16
255.368,0.672,1.008,5.609,0.000,-16,-6,15
255.419,0.657,1.005,5.640,0.000,-16,-6,16
255.470,0.657,1.005,5.645,0.000,-16,-6,16
255.521,0.634,1.003,5.645,0.000,-17,-7,16
255.572,0.611,0.996,5.658,0.000,-16,-5,15
255.623,0.588,0.994,5.673,0.000,-16,-7,16
255.674,0.564,0.994,5.688,0.000,-16,-5,16
255.725,0.564,0.994,5.697,0.000,-16,-6,16
255.776,0.541,0.993,5.697,0.000,-16,-6,16
255.827,0.520,0.996,5.712,0.000,-17,-6,15
255.878,0.497,0.995,5.725,0.000,-16,-7,16
255.929,0.497,0.995,5.736,0.000,-16,-5,16
255.980,0.475,0.991,5.736,0.000,-16,-6,16
256.031,0.454,0.988,5.764,0.000,-17,-6,16
256.083,0.433,0.984,5.780,0.000,-16,-9,16
256.135,0.413,0.980,5.819,0.000,-11,-12,16
256.186,0.413,0.980,5.835,0.000,-8,-13,16
256.237,0.394,0.975,5.835,0.000,-6,-13,16
256.288,0.394,0.975,5.855,0.000,-5,-13,15
256.339,0.359,0.955,5.857,0.000,-4,-14,15
256.390,0.359,0.955,5.856,0.000,-3,-14,16
256.442,0.345,0.938,5.867,0.000,-3,-14,16
256.494,0.333,0.921,5.867,0.000,3,-14,15
256.546,0.322,0.903,5.863,0.000,10,-14,15
256.598,0.312,0.885,5.818,0.000,13,-14,12
256.649,0.312,0.885,5.788,0.000,14,-15,11
256.700,0.302,0.866,5.788,0.000,15,-15,9
256.751,0.295,0.847,5.758,0.000,14,-15,8
256.802,0.292,0.826,5.748,0.000,15,-15,8
256.853,0.292,0.826,5.709,0.000,15,-15,7
256.904,0.291,0.804,5.679,0.000,15,-15,0
256.956,0.292,0.781,5.679,0.000,14,-14,-7
257.007,0.296,0.757,5.705,0.000,15,-13,-9
257.058,0.302,0.735,5.733,0.000,15,-12,-9
257.109,0.302,0.735,5.745,0.000,14,-11,-10
257.160,0.312,0.719,5.766,0.000,15,-10,-10
257.211,0.325,0.706,5.766,0.000,16,-10,-10
257.262,0.344,0.696,5.796,0.000,15,-9,-9
257.314,0.344,0.696,5.804,0.000,15,5,-12
257.365,0.363,0.689,5.795,0.000,16,10,-14
257.416,0.383,0.678,5.795,0.000,15,8,-14
257.467,0.404,0.672,5.773,0.000,16,8,-15
257.518,0.404,0.672,5.748,0.000,15,8,-15
257.569,0.422,0.671,5.728,0.000,15,8,-15
257.620,0.442,0.673,5.704,0.000,15,8,-15
257.671,0.461,0.680,5.704,0.000,16,7,-15
257.722,0.480,0.687,5.674,0.000,15,6,-16
257.773,0.480,0.687,5.644,0.000,15,7,-15
257.824,0.500,0.694,5.646,0.000,16,7,-15
257.875,0.519,0.699,5.646,0.000,15,6,-16
257.926,0.540,0.699,5.621,0.000,16,7,-15
257.977,0.540,0.699,5.610,0.000,15,5,-15
258.028,0.561,0.698,5.592,0.000,16,6,-16
258.079,0.582,0.695,5.582,0.000,15,7,-15
258.130,0.604,0.695,5.582,0.000,15,6,-16
258.181,0.624,0.699,5.563,0.000,16,6,-15
258.232,0.624,0.699,5.553,0.000,16,11,-15
258.283,0.644,0.704,5.493,0.000,16,14,-13
258.334,0.664,0.708,5.462,0.000,15,15,-12
258.385,0.682,0.712,5.462,0.000,16,15,-13
258.436,0.682,0.712,5.395,0.000,16,15,-12
258.487,0.699,0.718,5.347,0.000,15,15,-11
258.538,0.715,0.721,5.269,0.000,16,16,-12
258.589,0.732,0.723,5.269,0.000,15,15,-11
258.640,0.750,0.724,5.231,0.000,16,15,-11
258.691,0.750,0.724,5.147,0.000,15,15,-10
258.742,0.768,0.724,5.089,0.000,16,15,-11
258.793,0.785,0.725,5.025,0.000,16,16,-11
258.844,0.801,0.726,5.025,0.000,16,15,-10
258.895,0.801,0.726,4.970,0.000,15,15,-10
258.946,0.820,0.724,4.903,0.000,16,16,-11
258.997,0.837,0.720,4.828,0.000,16,15,-10
259.049,0.855,0.713,4.828,0.000,16,16,-10
259.100,0.855,0.713,4.753,0.000,15,15,-9
259.151,0.873,0.707,4.717,0.000,16,16,-9
259.202,0.887,0.699,4.623,0.000,16,15,-9
259.253,0.903,0.693,4.568,0.000,16,16,-9
259.304,0.917,0.684,4.568,0.000,15,15,-9
259.355,0.917,0.684,4.500,0.000,16,16,-9
259.406,0.932,0.676,4.436,0.000,16,15,-9
259.457,0.945,0.668,4.353,0.000,16,16,-9
259.508,0.958,0.659,4.353,0.000,16,15,-9
259.559,0.958,0.659,4.353,0.000,15,16,-8
259.610,0.969,0.650,4.237,0.000,16,16,-9
259.661,0.969,0.650,4.173,0.000,16,15,-9
259.712,0.969,0.650,4.110,0.000,16,16,-9
259.763,0.983,0.634,4.110,0.000,16,15,-9
259.814,0.983,0.634,4.043,0.000,15,16,-9
259.865,0.994,0.616,3.980,0.000,16,16,-9
259.916,1.005,0.601,3.911,0.000,16,15,-9
259.967,1.013,0.581,3.853,0.000,16,16,-9
260.018,1.013,0.581,3.853,0.000,16,15,-9
260.069,1.013,0.568,3.782,0.000,16,16,-9
260.120,1.013,0.551,3.728,0.000,16,16,-8
260.171,1.011,0.532,3.653,0.000,16,15,-9
260.222,1.011,0.532,3.653,0.000,15,16,-9
260.273,1.011,0.516,3.590,0.000,16,16,-9
260.324,1.012,0.499,3.530,0.000,16,16,-9
260.375,1.011,0.485,3.456,0.000,16,15,-9
260.426,1.007,0.469,3.388,0.000,16,16,-9
260.477,1.007,0.469,3.388,0.000,16,16,-9
260.528,1.003,0.454,3.310,0.000,16,16,-9
260.579,1.003,0.454,3.241,0.000,16,16,-9
260.630,1.003,0.454,3.162,0.000,16,15,-9
260.681,1.003,0.454,3.162,0.000,16,16,-9
260.732,0.995,0.432,3.087,0.000,16,16,-9
260.783,0.985,0.410,3.016,0.000,16,15,-9
260.885,0.973,0.390,2.851,0.000,16,16,-11
260.937,0.960,0.371,2.851,0.000,16,15,-13
260.988,0.948,0.360,2.806,0.000,16,13,-14
261.039,0.951,0.352,2.735,0.000,16,12,-15
261.090,0.935,0.345,2.696,0.000,16,11,-15
261.141,0.935,0.345,2.650,0.000,15,9,-15
261.192,0.917,0.338,2.649,0.000,16,9,-15
261.243,0.898,0.333,2.608,0.000,16,8,-15
261.345,0.862,0.328,2.541,0.000,16,6,-15
261.396,0.842,0.324,2.541,0.000,16,7,-15
261.447,0.821,0.324,2.475,0.000,16,7,-16
261.498,0.801,0.325,2.470,0.000,16,6,-15
261.549,0.801,0.325,2.439,0.000,16,5,-15
261.600,0.781,0.326,2.408,0.000,16,6,-15
261.651,0.761,0.331,2.408,0.000,16,5,-16
261.703,0.740,0.337,2.388,0.000,17,6,-15
261.754,0.720,0.342,2.337,0.000,16,7,-16
261.805,0.720,0.342,2.320,0.000,16,6,-15
261.856,0.699,0.348,2.320,0.000,16,6,-16
261.907,0.675,0.356,2.282,0.000,16,7,-15
261.958,0.656,0.362,2.257,0.000,16,6,-16
262.009,0.656,0.362,2.222,0.000,16,6,-15
262.060,0.637,0.367,2.189,0.000,16,7,-16
262.111,0.637,0.367,2.189,0.000,16,6,-15
262.162,0.637,0.367,2.161,0.000,16,5,-16
262.213,0.584,0.380,2.153,0.000,16,6,-16
262.264,0.584,0.380,2.107,0.000,16,6,-15
262.315,0.564,0.386,2.081,0.000,16,9,-16
262.368,0.544,0.393,2.081,0.000,10,12,-16
262.419,0.524,0.398,2.045,0.000,9,13,-15
262.470,0.524,0.398,2.026,0.000,7,13,-15
262.521,0.503,0.404,1.992,0.000,5,14,-15
262.572,0.483,0.406,1.992,0.000,4,13,-15
262.623,0.462,0.408,1.987,0.000,3,14,-16
262.674,0.441,0.409,1.974,0.000,3,14,-15
262.725,0.441,0.409,1.982,0.000,2,13,-15
262.776,0.421,0.407,1.964,0.000,1,14,-15
262.827,0.401,0.407,1.964,0.000,2,14,-15
262.878,0.381,0.402,1.971,0.000,1,14,-14
262.929,0.381,0.402,1.940,0.000,1,14,-15
262.980,0.360,0.397,1.942,0.000,0,14,-15
263.031,0.340,0.390,1.942,0.000,0,15,-15
263.082,0.319,0.381,1.927,0.000,0,14,-14
263.133,0.299,0.374,1.946,0.000,0,14,-15
263.184,0.299,0.374,1.950,0.000,0,14,-15
263.235,0.279,0.368,1.957,0.000,0,14,-14
263.286,0.260,0.366,1.957,0.000,0,14,-15
263.337,0.240,0.361,1.949,0.000,0,14,-15
263.388,0.240,0.361,1.936,0.000,-1,14,-14
263.439,0.221,0.360,1.952,0.000,0,14,-15
263.490,0.201,0.356,1.952,0.000,0,14,-14
263.541,0.181,0.351,1.965,0.000,0,14,-15
263.592,0.181,0.351,1.962,0.000,0,14,-14
263.643,0.162,0.348,1.977,0.000,0,14,-15
263.694,0.143,0.342,1.986,0.000,0,14,-14
263.745,0.124,0.337,1.986,0.000,0,14,-15
263.796,0.107,0.330,2.007,0.000,0,13,-14
263.847,0.107,0.330,1.998,0.000,0,14,-14
263.898,0.088,0.322,2.008,0.000,0,14,-15
263.949,0.069,0.314,2.017,0.000,0,14,-14
264.000,0.050,0.308,2.017,0.000,0,15,-14
264.051,0.050,0.308,2.020,0.000,0,14,-15
264.102,0.031,0.301,2.041,0.000,0,14,-14
264.153,0.013,0.296,2.045,0.000,0,14,-14
264.204,-0.005,0.291,2.045,0.000,0,14,-15
264.255,-0.023,0.285,2.058,0.000,0,14,-14
264.306,-0.023,0.285,2.063,0.000,0,14,-14
264.357,-0.042,0.279,2.087,0.000,0,14,-14
264.408,-0.059,0.274,2.087,0.000,0,14,-14
264.459,-0.080,0.267,2.087,0.000,0,14,-14
264.510,-0.080,0.267,2.113,0.000,0,14,-14
264.561,-0.098,0.261,2.120,0.000,0,14,-14
264.612,-0.118,0.256,2.124,0.000,0,14,-14
264.663,-0.140,0.249,2.124,0.000,0,14,-15
264.714,-0.140,0.249,2.129,0.000,0,14,-14
264.765,-0.158,0.243,2.138,0.000,0,14,-14
264.816,-0.176,0.236,2.152,0.000,0,14,-14
264.867,-0.194,0.229,2.156,0.000,0,14,-14
264.918,-0.212,0.222,2.156,0.000,0,14,-14
264.969,-0.212,0.222,2.164,0.000,0,14,-14
265.020,-0.232,0.215,2.170,0.000,0,14,-14
265.071,-0.252,0.209,2.178,0.000,0,14,-14
265.122,-0.271,0.203,2.178,0.000,0,14,-15
265.173,-0.271,0.203,2.203,0.000,0,14,-14
265.224,-0.289,0.195,2.200,0.000,0,14,-14
265.275,-0.306,0.188,2.221,0.000,0,14,-14
265.326,-0.325,0.181,2.256,0.000,0,14,-14
265.377,-0.342,0.174,2.256,0.000,0,14,-14
265.479,-0.359,0.168,2.233,0.000,0,14,-14
265.530,-0.378,0.162,2.254,0.000,0,14,-14
265.581,-0.395,0.155,2.254,0.000,1,15,-14
265.632,-0.395,0.155,2.277,0.000,0,14,-14
265.683,-0.414,0.149,2.276,0.000,0,14,-14
265.734,-0.432,0.142,2.285,0.000,0,14,-14
265.785,-0.449,0.135,2.305,0.000,0,14,-14
265.836,-0.449,0.135,2.305,0.000,0,14,-14
265.887,-0.468,0.129,2.296,0.000,0,14,-14
265.938,-0.486,0.122,2.303,0.000,0,14,-14
265.989,-0.505,0.116,2.322,0.000,1,14,-14
266.040,-0.505,0.116,2.297,0.000,0,14,-14
266.091,-0.505,0.116,2.297,0.000,0,14,-14
266.142,-0.542,0.102,2.303,0.000,0,14,-14
266.194,-0.563,0.095,2.331,0.000,4,15,-13
266.246,-0.582,0.088,2.301,0.000,10,16,-6
266.298,-0.582,0.088,2.301,0.000,13,16,-1
266.349,-0.599,0.081,2.206,0.000,13,15,1
266.400,-0.615,0.075,2.111,0.000,14,15,1
266.451,-0.627,0.071,2.006,0.000,14,15,-1
266.553,-0.637,0.070,1.912,0.000,14,15,-1
266.604,-0.645,0.071,1.804,0.000,0,14,-9
266.656,-0.652,0.073,1.768,0.000,1,13,-14
266.708,-0.660,0.076,1.793,0.000,1,14,-14
266.759,-0.660,0.076,1.786,0.000,-2,15,-15
266.811,-0.672,0.079,1.786,0.000,-1,15,-14
266.915,-0.703,0.088,1.817,0.000,0,15,-14
266.967,-0.722,0.092,1.809,0.000,0,15,-15
267.019,-0.722,0.092,1.809,0.000,0,15,-14
267.070,-0.742,0.095,1.809,0.000,-1,14,-14
267.121,-0.763,0.097,1.805,0.000,0,15,-14
267.172,-0.784,0.101,1.820,0.000,0,14,-15
267.223,-0.804,0.103,1.822,0.000,0,15,-14
267.274,-0.804,0.103,1.822,0.000,0,14,-14
267.325,-0.824,0.107,1.816,0.000,0,15,-15
267.378,-0.844,0.109,1.806,0.000,1,15,-14
267.429,-0.865,0.112,1.791,0.000,2,15,-14
267.480,-0.865,0.112,1.780,0.000,2,15,-13
267.531,-0.885,0.114,1.780,0.000,0,15,-13
267.582,-0.904,0.117,1.761,0.000,0,14,-14
267.634,-0.922,0.119,1.779,0.000,-1,15,-14
267.685,-0.942,0.123,1.771,0.000,0,14,-14
267.736,-0.942,0.123,1.771,0.000,0,14,-14
267.787,-0.960,0.125,1.723,0.000,0,15,-15
267.838,-0.980,0.129,1.755,0.000,0,14,-14
267.889,-1.001,0.133,1.744,0.000,0,14,-14
267.940,-1.001,0.133,1.741,0.000,0,15,-14
267.991,-1.021,0.137,1.741,0.000,0,14,-14
268.042,-1.040,0.141,1.721,0.000,0,15,-14
268.093,-1.060,0.146,1.741,0.000,0,14,-14
268.144,-1.060,0.146,1.712,0.000,0,14,-14
268.195,-1.080,0.150,1.724,0.000,0,14,-14
268.246,-1.099,0.156,1.724,0.000,0,14,-14
268.297,-1.119,0.160,1.717,0.000,0,15,-14
268.348,-1.137,0.165,1.694,0.000,0,14,-14
268.399,-1.137,0.165,1.694,0.000,1,14,-14
268.450,-1.157,0.170,1.694,0.000,0,14,-14
268.501,-1.176,0.174,1.694,0.000,0,14,-14
268.552,-1.196,0.178,1.681,0.000,0,15,-14
268.603,-1.196,0.178,1.679,0.000,0,14,-14
268.654,-1.216,0.183,1.662,0.000,0,14,-14
268.705,-1.235,0.187,1.662,0.000,0,14,-14
268.756,-1.254,0.191,1.658,0.000,0,15,-14
268.807,-1.274,0.196,1.662,0.000,0,14,-14
268.910,-1.293,0.200,1.663,0.000,-7,7,-15
268.961,-1.314,0.205,1.693,0.000,-11,3,-16
269.012,-1.333,0.210,1.803,0.000,-11,4,-15
269.064,-1.333,0.210,1.857,0.000,2,11,-15
269.115,-1.351,0.213,1.834,0.000,2,14,-12
269.166,-1.369,0.216,1.834,0.000,-1,15,-13
269.269,-1.369,0.216,1.741,0.000,-7,2,-10
269.320,-1.369,0.216,1.874,0.000,-14,0,-16
269.371,-1.393,0.218,1.980,0.000,-14,1,-15
269.575,-1.465,0.216,2.259,0.000,-13,3,-15
269.626,-1.480,0.211,2.259,0.000,-14,2,-16
269.677,-1.494,0.205,2.357,0.000,-13,1,-15
269.728,-1.494,0.205,2.453,0.000,-14,1,-16
269.779,-1.509,0.197,2.566,0.000,-13,1,-15
269.830,-1.524,0.190,2.642,0.000,-13,1,-16
269.881,-1.538,0.183,2.642,0.000,-13,2,-15
269.932,-1.546,0.175,2.747,0.000,-13,1,-16
269.983,-1.546,0.175,2.845,0.000,-13,2,-15
270.034,-1.546,0.175,2.922,0.000,-13,2,-16
270.085,-1.567,0.172,2.922,0.000,-13,1,-16
270.136,-1.581,0.160,3.009,0.000,-13,1,-16
270.187,-1.581,0.160,3.089,0.000,-12,2,-15
270.238,-1.593,0.146,3.206,0.000,-13,2,-16
270.289,-1.612,0.140,3.272,0.000,-13,2,-16
270.340,-1.616,0.120,3.272,0.000,-13,1,-15
270.391,-1.616,0.120,3.382,0.000,-13,0,-16
270.442,-1.623,0.107,3.466,0.000,-13,1,-16
270.493,-1.628,0.092,3.534,0.000,3,10,-14
270.544,-1.629,0.069,3.534,0.000,2,14,-13
270.595,-1.628,0.051,3.534,0.000,0,14,-15
270.646,-1.628,0.051,3.543,0.000,1,15,-15
270.697,-1.628,0.051,3.548,0.000,0,14,-15
270.748,-1.627,0.023,3.550,0.000,-1,14,-15
270.799,-1.625,0.000,3.550,0.000,0,15,-15
270.850,-1.625,0.000,3.552,0.000,0,14,-15
270.901,-1.623,-0.026,3.559,0.000,1,15,-14
270.952,-1.622,-0.052,3.562,0.000,0,14,-15
271.003,-1.621,-0.071,3.559,0.000,0,15,-15
271.055,-1.620,-0.093,3.559,0.000,-9,3,-15
271.106,-1.620,-0.093,3.629,0.000,-13,2,-17
271.157,-1.619,-0.114,3.729,0.000,-13,2,-15
271.208,-1.619,-0.114,3.814,0.000,-14,1,-16
271.259,-1.617,-0.140,3.814,0.000,1,9,-15
271.310,-1.617,-0.140,3.853,0.000,-1,14,-13
271.361,-1.613,-0.165,3.859,0.000,1,14,-14
271.412,-1.607,-0.188,3.854,0.000,0,14,-15
271.463,-1.600,-0.208,3.878,0.000,-1,15,-14
271.514,-1.593,-0.224,3.878,0.000,0,14,-15
271.565,-1.593,-0.224,3.880,0.000,0,14,-14
271.616,-1.587,-0.240,3.870,0.000,0,15,-15
271.667,-1.581,-0.259,3.886,0.000,0,14,-15
271.718,-1.574,-0.279,3.886,0.000,0,15,-14
271.769,-1.574,-0.279,3.916,0.000,1,14,-15
271.820,-1.567,-0.296,3.917,0.000,0,14,-14
271.871,-1.560,-0.316,3.896,0.000,0,14,-15
271.922,-1.553,-0.338,3.917,0.000,0,15,-14
271.973,-1.553,-0.338,3.917,0.000,0,14,-15
272.024,-1.547,-0.355,3.908,0.000,0,14,-14
272.075,-1.539,-0.376,3.922,0.000,0,14,-14
272.126,-1.531,-0.397,3.912,0.000,0,15,-14
272.177,-1.524,-0.415,3.948,0.000,0,14,-15
272.228,-1.524,-0.415,3.948,0.000,0,14,-14
272.279,-1.516,-0.435,3.934,0.000,0,14,-15
272.330,-1.508,-0.453,3.943,0.000,0,15,-14
272.381,-1.502,-0.470,3.945,0.000,0,14,-14
272.483,-1.496,-0.487,3.959,0.000,0,14,-15
272.534,-1.490,-0.506,3.954,0.000,0,14,-14
272.585,-1.483,-0.524,3.960,0.000,0,14,-14
272.636,-1.475,-0.543,3.965,0.000,0,14,-15
272.687,-1.475,-0.543,3.965,0.000,0,15,-14
272.738,-1.467,-0.562,3.970,0.000,0,14,-14
272.789,-1.460,-0.581,3.984,0.000,0,14,-14
272.840,-1.452,-0.602,3.980,0.000,0,14,-14
272.891,-1.452,-0.602,3.980,0.000,0,14,-15
272.942,-1.445,-0.621,3.975,0.000,0,15,-14
272.993,-1.437,-0.640,3.985,0.000,0,14,-14
273.044,-1.430,-0.659,4.005,0.000,0,14,-14
273.095,-1.423,-0.677,3.991,0.000,0,14,-14
273.146,-1.423,-0.677,3.991,0.000,0,14,-15
273.197,-1.415,-0.695,3.995,0.000,0,14,-14
273.248,-1.408,-0.714,4.010,0.000,0,14,-14
273.299,-1.400,-0.732,4.019,0.000,0,15,-14
273.350,-1.400,-0.732,4.019,0.000,0,14,-14
273.401,-1.393,-0.750,4.019,0.000,0,14,-14
273.452,-1.386,-0.769,4.029,0.000,0,14,-15
273.503,-1.379,-0.787,4.034,0.000,0,14,-14
273.554,-1.379,-0.787,4.043,0.000,0,14,-14
273.605,-1.373,-0.806,4.043,0.000,0,14,-14
273.656,-1.365,-0.825,4.043,0.000,0,14,-15
273.707,-1.358,-0.845,4.042,0.000,0,14,-14
273.758,-1.350,-0.865,4.047,0.000,0,14,-14
273.809,-1.350,-0.865,4.047,0.000,0,15,-14
273.860,-1.342,-0.885,4.038,0.000,0,14,-14
273.911,-1.336,-0.905,4.055,0.000,0,14,-14
273.962,-1.328,-0.924,4.060,0.000,0,14,-14
274.013,-1.328,-0.924,4.051,0.000,0,14,-14
274.064,-1.322,-0.942,4.051,0.000,0,14,-14
274.115,-1.314,-0.961,4.051,0.000,0,14,-14
274.166,-1.306,-0.980,4.056,0.000,0,14,-15
274.217,-1.299,-0.999,4.059,0.000,0,14,-14
274.268,-1.299,-0.999,4.063,0.000,0,14,-14
274.319,-1.292,-1.017,4.063,0.000,0,14,-14
274.370,-1.285,-1.036,4.063,0.000,0,15,-14
274.421,-1.278,-1.054,4.055,0.000,0,14,-14
274.472,-1.278,-1.054,4.062,0.000,0,14,-14
274.523,-1.271,-1.072,4.062,0.000,0,14,-14
274.574,-1.271,-1.072,4.067,0.000,-1,14,-15
274.625,-1.260,-1.096,4.080,0.000,0,14,-14
274.676,-1.260,-1.096,4.078,0.000,0,14,-14
274.727,-1.249,-1.119,4.058,0.000,0,14,-14
274.778,-1.238,-1.141,4.058,0.000,0,14,-14
274.829,-1.226,-1.164,4.074,0.000,0,14,-14
274.880,-1.217,-1.182,4.070,0.000,0,14,-14
274.931,-1.217,-1.182,4.061,0.000,0,14,-14
274.982,-1.210,-1.201,4.061,0.000,0,15,-14
275.033,-1.202,-1.219,4.074,0.000,0,14,-14
275.084,-1.196,-1.238,4.069,0.000,0,14,-14
275.135,-1.196,-1.238,4.069,0.000,-1,14,-14
275.186,-1.196,-1.238,4.077,0.000,0,14,-14
275.237,-1.196,-1.238,4.077,0.000,0,14,-15
275.288,-1.186,-1.265,4.069,0.000,0,14,-14
275.339,-1.186,-1.265,4.073,0.000,0,14,-14
275.390,-1.186,-1.265,4.064,0.000,0,14,-14
275.441,-1.186,-1.265,4.064,0.000,0,14,-14
275.492,-1.172,-1.302,4.064,0.000,0,14,-14
275.543,-1.157,-1.338,4.076,0.000,0,14,-14
275.594,-1.157,-1.338,4.072,0.000,0,14,-14
275.645,-1.142,-1.375,4.074,0.000,0,14,-14
275.696,-1.130,-1.403,4.074,0.000,0,14,-14
275.747,-1.130,-1.403,4.072,0.000,0,15,-14
275.798,-1.130,-1.403,4.067,0.000,0,14,-14
275.849,-1.116,-1.439,4.071,0.000,0,14,-14
275.900,-1.108,-1.457,4.070,0.000,0,14,-14
275.951,-1.108,-1.457,4.070,0.000,0,14,-14
276.002,-1.099,-1.479,4.079,0.000,0,14,-14
276.053,-1.099,-1.479,4.066,0.000,0,14,-14
276.104,-1.099,-1.479,4.055,0.000,0,15,-14
276.155,-1.088,-1.505,4.055,0.000,0,14,-14
276.206,-1.078,-1.531,4.062,0.000,0,14,-14
276.257,-1.078,-1.531,4.051,0.000,0,14,-14
276.308,-1.078,-1.531,4.070,0.000,0,14,-14
276.359,-1.078,-1.531,4.054,0.000,0,14,-14
276.410,-1.064,-1.566,4.054,0.000,0,14,-14
276.461,-1.064,-1.566,4.066,0.000,0,14,-14
276.512,-1.064,-1.566,4.066,0.000,0,15,-14
276.563,-1.064,-1.566,4.046,0.000,0,13,-14
276.614,-1.064,-1.566,4.046,0.000,0,15,-14
276.665,-1.064,-1.566,4.065,0.000,0,14,-14
276.716,-1.064,-1.566,4.065,0.000,0,14,-15
276.767,-1.043,-1.615,4.066,0.000,0,14,-14
276.818,-1.043,-1.615,4.054,0.000,0,14,-14
276.869,-1.043,-1.615,4.054,0.000,0,14,-14
276.920,-1.043,-1.615,4.054,0.000,0,14,-14
276.971,-1.043,-1.615,4.054,0.000,0,14,-14
277.022,-1.043,-1.615,4.061,0.000,0,14,-14
277.073,-1.043,-1.615,4.061,0.000,0,15,-14
277.124,-1.043,-1.615,4.073,0.000,0,14,-14
277.175,-1.043,-1.615,4.039,0.000,0,14,-14
277.226,-1.043,-1.615,4.055,0.000,0,14,-14
277.278,-1.012,-1.691,4.092,0.000,-10,3,-15
277.329,-1.012,-1.691,4.092,0.000,-13,0,-17
277.380,-1.012,-1.691,4.176,0.000,-14,3,-15
277.431,-1.012,-1.691,4.264,0.000,-13,3,-15
277.482,-1.012,-1.691,4.350,0.000,-14,1,-16
277.533,-1.012,-1.691,4.397,0.000,-4,8,-14
277.584,-0.971,-1.783,4.397,0.000,-1,13,-14
277.635,-0.971,-1.783,4.407,0.000,-1,13,-14
277.686,-0.933,-1.865,4.405,0.000,1,15,-15
277.738,-0.933,-1.865,4.397,0.000,-5,13,-15
277.790,-0.897,-1.931,4.397,0.000,-10,6,-16
277.841,-0.897,-1.931,4.435,0.000,-12,4,-16
277.893,-0.872,-1.964,4.519,0.000,0,10,-15
277.944,-0.852,-1.981,4.501,0.000,2,14,-14
277.995,-0.832,-1.998,4.504,0.000,-3,14,-14
278.046,-0.818,-2.009,4.504,0.000,-1,13,-15
278.097,-0.818,-2.009,4.506,0.000,-8,3,-15
278.148,-0.818,-2.009,4.564,0.000,-13,0,-17
278.199,-0.818,-2.009,4.647,0.000,-13,0,-15
278.250,-0.818,-2.009,4.738,0.000,-14,0,-16
278.301,-0.818,-2.009,4.738,0.000,0,9,-14
278.352,-0.802,-2.022,4.761,0.000,2,14,-13
278.403,-0.784,-2.033,4.733,0.000,-4,14,-15
278.454,-0.784,-2.033,4.738,0.000,-1,13,-15
278.505,-0.784,-2.033,4.738,0.000,2,15,-14
278.556,-0.784,-2.033,4.736,0.000,-8,2,-15
278.607,-0.784,-2.033,4.788,0.000,-13,0,-17
278.658,-0.784,-2.033,4.867,0.000,-14,3,-15
278.709,-0.742,-2.052,4.938,0.000,-13,2,-16
278.760,-0.742,-2.052,4.938,0.000,-14,3,-15
278.811,-0.700,-2.066,5.023,0.000,0,10,-15
278.862,-0.655,-2.077,5.018,0.000,2,14,-13
278.913,-0.617,-2.086,5.014,0.000,-3,14,-15
278.964,-0.617,-2.086,5.014,0.000,0,14,-15
279.015,-0.600,-2.085,5.003,0.000,1,14,-15
279.067,-0.581,-2.086,4.984,0.000,-9,3,-15
279.169,-0.542,-2.085,5.128,0.000,-13,2,-16
279.220,-0.542,-2.085,5.128,0.000,-13,1,-16
279.271,-0.523,-2.082,5.206,0.000,-14,1,-15
279.323,-0.500,-2.080,5.286,0.000,-1,10,-15
279.374,-0.476,-2.078,5.262,0.000,2,14,-14
279.425,-0.476,-2.078,5.276,0.000,-4,13,-14
279.476,-0.458,-2.074,5.276,0.000,-10,4,-16
279.527,-0.435,-2.070,5.333,0.000,-13,-3,-16
279.578,-0.421,-2.066,5.443,0.000,-14,2,-16
279.629,-0.421,-2.066,5.512,0.000,-14,2,-15
279.681,-0.407,-2.057,5.512,0.000,0,10,-15
279.732,-0.407,-2.057,5.559,0.000,1,14,-14
279.783,-0.407,-2.057,5.546,0.000,1,14,-14
279.834,-0.407,-2.057,5.538,0.000,0,14,-15
279.885,-0.407,-2.057,5.537,0.000,0,15,-15
279.936,-0.407,-2.057,5.537,0.000,0,14,-15
279.987,-0.407,-2.057,5.523,0.000,6,15,-10
280.038,-0.377,-2.029,5.461,0.000,12,16,-4
280.089,-0.377,-2.029,5.356,0.000,14,16,0
280.140,-0.349,-2.002,5.356,0.000,13,15,0
280.191,-0.326,-1.975,5.269,0.000,13,15,0
280.242,-0.309,-1.953,5.166,0.000,14,15,0
280.293,-0.304,-1.949,5.066,0.000,13,15,0
280.344,-0.304,-1.949,4.987,0.000,12,16,-3
280.395,-0.299,-1.940,4.987,0.000,0,14,-10
280.446,-0.292,-1.936,4.949,0.000,-1,13,-15
280.497,-0.279,-1.931,4.961,0.000,4,15,-13
280.548,-0.279,-1.931,4.934,0.000,0,14,-14
280.599,-0.270,-1.928,4.934,0.000,0,15,-15
280.650,-0.256,-1.928,4.933,0.000,0,14,-14
280.701,-0.234,-1.922,4.931,0.000,0,15,-14
280.752,-0.207,-1.917,4.930,0.000,0,15,-14
280.803,-0.207,-1.917,4.917,0.000,1,14,-15
280.905,-0.167,-1.906,4.903,0.000,0,15,-14
280.956,-0.150,-1.900,4.914,0.000,0,14,-14
281.007,-0.150,-1.900,4.902,0.000,0,14,-15
281.058,-0.135,-1.892,4.890,0.000,0,15,-14
281.109,-0.113,-1.884,4.890,0.000,0,15,-14
281.160,-0.094,-1.880,4.882,0.000,0,14,-14
281.211,-0.075,-1.876,4.882,0.000,0,15,-14
281.262,-0.075,-1.876,4.880,0.000,-1,14,-14
281.313,-0.057,-1.873,4.880,0.000,0,15,-15
281.415,-0.038,-1.869,4.871,0.000,0,14,-14
281.466,-0.038,-1.869,4.880,0.000,0,15,-14
281.517,-0.016,-1.865,4.868,0.000,0,14,-14
281.568,0.006,-1.860,4.868,0.000,0,14,-14
281.619,0.038,-1.855,4.865,0.000,0,15,-14
281.670,0.038,-1.855,4.856,0.000,0,14,-14
281.721,0.058,-1.850,4.865,0.000,0,14,-15
281.772,0.073,-1.847,4.865,0.000,0,15,-14
281.823,0.091,-1.842,4.855,0.000,0,14,-14
281.874,0.099,-1.839,4.862,0.000,0,15,-14
281.925,0.099,-1.839,4.861,0.000,0,14,-14
281.976,0.120,-1.835,4.845,0.000,0,14,-14
282.027,0.141,-1.831,4.845,0.000,0,14,-14
282.078,0.159,-1.827,4.841,0.000,0,14,-14
282.129,0.159,-1.827,4.846,0.000,0,15,-14
282.180,0.178,-1.823,4.852,0.000,0,14,-14
282.231,0.195,-1.819,4.852,0.000,0,14,-14
282.282,0.215,-1.814,4.855,0.000,0,14,-14
282.333,0.215,-1.814,4.842,0.000,0,14,-15
282.384,0.215,-1.814,4.853,0.000,0,15,-14
282.436,0.237,-1.808,4.865,0.000,-1,14,-14
282.487,0.262,-1.801,4.865,0.000,-2,13,-15
282.538,0.289,-1.793,4.867,0.000,-1,14,-14
282.590,0.289,-1.793,4.888,0.000,-1,14,-15
282.641,0.289,-1.793,4.889,0.000,0,13,-15
282.692,0.289,-1.793,4.903,0.000,0,13,-15
282.743,0.322,-1.785,4.903,0.000,0,13,-14
282.794,0.355,-1.778,4.907,0.000,0,14,-15
282.845,0.355,-1.778,4.908,0.000,1,14,-14
282.896,0.376,-1.774,4.906,0.000,0,14,-14
282.947,0.403,-1.772,4.906,0.000,1,13,-15
282.998,0.421,-1.771,4.931,0.000,0,14,-14
283.049,0.421,-1.771,4.927,0.000,0,14,-14
283.100,0.437,-1.773,4.934,0.000,0,14,-14
283.202,0.470,-1.764,4.941,0.000,0,14,-15
283.253,0.481,-1.759,4.959,0.000,-9,3,-15
283.304,0.481,-1.759,5.041,0.000,-14,0,-16
283.355,0.500,-1.748,5.125,0.000,-13,1,-15
283.406,0.523,-1.740,5.125,0.000,-14,1,-16
283.457,0.543,-1.735,5.212,0.000,-14,0,-15
283.508,0.543,-1.735,5.333,0.000,-14,0,-15
283.559,0.564,-1.726,5.397,0.000,-14,0,-16
283.610,0.581,-1.719,5.496,0.000,-13,0,-15
283.661,0.597,-1.703,5.496,0.000,-14,0,-15
283.712,0.597,-1.703,5.588,0.000,-14,0,-16
283.763,0.610,-1.687,5.690,0.000,-13,0,-15
283.814,0.619,-1.674,5.783,0.000,-13,0,-15
283.865,0.626,-1.660,5.859,0.000,-14,1,-16
283.916,0.626,-1.660,5.874,0.000,-13,0,-15
283.967,0.626,-1.660,5.958,0.000,-13,1,-16
284.018,0.626,-1.660,6.059,0.000,-13,3,-15
284.069,0.625,-1.644,6.131,0.000,-13,3,-16
284.121,0.625,-1.644,6.131,0.000,1,10,-15
284.172,0.625,-1.644,6.178,0.000,0,14,-14
284.223,0.625,-1.644,6.167,0.000,-1,14,-14
284.274,0.625,-1.644,6.177,0.000,2,15,-15
284.325,0.625,-1.644,6.165,0.000,2,14,-15
284.376,0.625,-1.644,6.165,0.000,0,14,-15
284.427,0.625,-1.644,6.151,0.000,0,15,-15
284.478,0.625,-1.644,6.148,0.000,-1,14,-14
284.529,0.625,-1.644,6.161,0.000,-1,14,-15
284.580,0.625,-1.644,6.161,0.000,0,14,-15
284.631,0.625,-1.644,6.165,0.000,0,14,-14
284.682,0.625,-1.644,6.166,0.000,0,15,-15
284.733,0.625,-1.644,6.150,0.000,0,14,-14
284.784,0.625,-1.644,6.178,0.000,1,14,-15
284.835,0.625,-1.644,6.178,0.000,0,14,-14
284.886,0.625,-1.644,6.166,0.000,0,14,-15
284.988,0.625,-1.644,6.159,0.000,0,14,-14
285.039,0.625,-1.644,6.159,0.000,-5,13,-15
285.091,0.625,-1.644,6.169,0.000,-9,8,-16
285.143,0.625,-1.644,6.228,0.000,-11,4,-17
285.194,0.625,-1.644,6.320,0.000,-11,3,-15
285.245,0.625,-1.644,6.412,0.000,-12,2,-16
285.296,0.625,-1.644,6.412,0.000,-13,3,-16
285.347,0.625,-1.644,6.479,0.000,-11,3,-15
285.398,0.635,-1.531,6.560,0.000,-12,2,-16
285.451,0.635,-1.531,6.646,0.000,-12,5,-16
285.502,0.635,-1.531,6.680,0.000,1,10,-14
285.553,0.635,-1.531,6.680,0.000,2,14,-14
285.604,0.635,-1.531,6.680,0.000,-1,14,-15
285.655,0.635,-1.531,6.666,0.000,-1,14,-14
285.706,0.635,-1.531,6.661,0.000,1,14,-15
285.757,0.635,-1.531,6.661,0.000,1,14,-15
285.808,0.635,-1.531,6.666,0.000,0,15,-15
285.860,0.635,-1.531,6.653,0.000,9,15,-3
285.911,0.635,-1.531,6.562,0.000,14,16,-2
285.964,0.635,-1.531,6.500,0.000,2,15,-11
286.015,0.635,-1.531,6.500,0.000,-2,13,-15
286.066,0.635,-1.531,6.483,0.000,4,14,-14
286.117,0.635,-1.531,6.469,0.000,1,14,-15
286.168,0.602,-1.239,6.469,0.000,-1,15,-15
286.219,0.602,-1.239,6.487,0.000,-1,14,-14
286.270,0.602,-1.239,6.487,0.000,0,14,-15
286.321,0.579,-1.093,6.476,0.000,1,14,-15
286.372,0.546,-1.036,6.472,0.000,1,15,-14
286.423,0.546,-1.036,6.466,0.000,0,14,-15
286.474,0.546,-1.036,6.466,0.000,0,14,-14
286.525,0.532,-1.000,6.453,0.000,0,14,-15
286.576,0.532,-1.000,6.454,0.000,0,15,-14
286.627,0.532,-1.000,6.453,0.000,0,14,-15
286.678,0.532,-1.000,6.459,0.000,0,14,-14
286.729,0.516,-0.963,6.459,0.000,-1,14,-15
286.780,0.502,-0.929,6.452,0.000,0,14,-14
286.831,0.488,-0.898,6.455,0.000,0,15,-15
286.882,0.476,-0.873,6.450,0.000,0,14,-14
286.933,0.476,-0.873,6.450,0.000,0,14,-14
286.984,0.467,-0.855,6.450,0.000,0,14,-15
287.035,0.472,-0.826,6.446,0.000,0,14,-14
287.086,0.476,-0.796,6.458,0.000,0,15,-15
287.137,0.476,-0.796,6.467,0.000,0,14,-14
287.188,0.480,-0.768,6.467,0.000,0,14,-14
287.239,0.482,-0.745,6.465,0.000,0,14,-15
287.290,0.467,-0.738,6.461,0.000,0,14,-14
287.341,0.467,-0.738,6.465,0.000,0,15,-14
287.392,0.452,-0.730,6.453,0.000,0,14,-14
287.443,0.435,-0.721,6.453,0.000,0,14,-14
287.494,0.419,-0.707,6.460,0.000,0,14,-15
287.545,0.406,-0.691,6.460,0.000,0,14,-14
287.596,0.406,-0.691,6.452,0.000,0,15,-14
287.647,0.393,-0.670,6.452,0.000,0,14,-14
287.698,0.382,-0.651,6.451,0.000,0,14,-14
287.749,0.382,-0.651,6.451,0.000,0,14,-14
287.800,0.382,-0.651,6.459,0.000,0,14,-14
287.851,0.370,-0.623,6.466,0.000,0,14,-15
287.953,0.346,-0.571,6.491,0.000,0,14,-14
288.004,0.334,-0.545,6.471,0.000,0,14,-14
288.055,0.334,-0.545,6.474,0.000,0,14,-14
288.106,0.325,-0.525,6.474,0.000,0,14,-14
288.157,0.315,-0.507,6.500,0.000,0,14,-15
288.208,0.306,-0.488,6.497,0.000,0,14,-14
288.259,0.306,-0.488,6.506,0.000,0,14,-14
288.310,0.297,-0.470,6.507,0.000,0,14,-14
288.361,0.288,-0.452,6.507,0.000,0,15,-14
288.412,0.280,-0.434,6.527,0.000,0,14,-14
288.463,0.280,-0.434,6.508,0.000,0,14,-14
288.514,0.271,-0.417,6.507,0.000,0,14,-15
288.565,0.263,-0.398,6.507,0.000,0,13,-13
288.616,0.254,-0.382,6.533,0.000,0,15,-15
288.667,0.245,-0.365,6.535,0.000,0,14,-13
288.718,0.245,-0.365,6.535,0.000,0,14,-15
288.769,0.236,-0.347,6.527,0.000,0,14,-14
288.820,0.227,-0.331,6.527,0.000,0,14,-14
288.871,0.219,-0.312,6.550,0.000,0,14,-14
288.922,0.219,-0.312,6.556,0.000,0,15,-14
288.973,0.210,-0.294,6.551,0.000,1,14,-14
289.024,0.201,-0.277,6.580,0.000,0,14,-14
289.075,0.192,-0.260,6.580,0.000,0,14,-14
289.126,0.182,-0.244,6.571,0.000,0,14,-14
289.177,0.182,-0.244,6.574,0.000,0,14,-14
289.228,0.173,-0.228,6.565,0.000,0,14,-14
289.279,0.163,-0.211,6.565,0.000,0,13,-14
289.330,0.155,-0.193,6.573,0.000,0,15,-14
289.381,0.155,-0.193,6.581,0.000,0,14,-14
289.432,0.147,-0.175,6.596,0.000,0,14,-14
289.483,0.139,-0.157,6.620,0.000,0,14,-14
289.534,0.130,-0.137,6.620,0.000,0,14,-14
289.585,0.130,-0.137,6.625,0.000,0,14,-14
289.636,0.122,-0.118,6.618,0.000,0,14,-14
289.687,0.114,-0.101,6.621,0.000,0,14,-14
289.738,0.105,-0.083,6.621,0.000,0,14,-14
289.789,0.097,-0.066,6.649,0.000,0,14,-14
289.840,0.097,-0.066,6.646,0.000,0,14,-14
289.891,0.087,-0.048,6.654,0.000,0,14,-14
289.942,0.079,-0.028,6.664,0.000,0,14,-14
289.993,0.070,-0.008,6.664,0.000,0,14,-14
290.044,0.070,-0.008,6.664,0.000,0,14,-14
290.095,0.061,0.010,6.654,0.000,0,14,-15
290.146,0.052,0.028,6.681,0.000,0,14,-14
290.197,0.042,0.047,6.681,0.000,0,14,-14
290.248,0.033,0.066,6.689,0.000,0,14,-14
290.299,0.033,0.066,6.704,0.000,0,15,-14
290.350,0.023,0.086,6.702,0.000,7,14,-8
290.401,0.013,0.106,6.607,0.000,12,16,-1
290.452,0.004,0.122,6.607,0.000,14,16,2
290.503,0.004,0.122,6.518,0.000,13,15,0
290.554,-0.001,0.135,6.415,0.000,14,14,-1
290.605,-0.007,0.146,6.328,0.000,13,15,-2
290.656,-0.010,0.155,6.213,0.000,13,15,0
290.707,-0.010,0.155,6.213,0.000,14,15,0
290.758,-0.012,0.163,6.121,0.000,13,15,0
290.809,-0.013,0.172,6.027,0.000,13,15,0
290.860,-0.011,0.180,5.913,0.000,13,16,-1
290.911,-0.008,0.188,5.913,0.000,13,15,0
290.962,-0.008,0.188,5.820,0.000,13,15,0
291.013,-0.007,0.195,5.734,0.000,14,16,-1
291.064,-0.004,0.200,5.644,0.000,12,15,-1
291.115,0.000,0.205,5.546,0.000,13,15,-2
291.166,0.000,0.205,5.546,0.000,13,15,-2
291.217,0.004,0.208,5.470,0.000,13,16,-1
291.268,0.009,0.212,5.361,0.000,13,15,-1
291.320,0.016,0.220,5.293,0.000,0,15,-10
291.371,0.022,0.216,5.293,0.000,-1,14,-14
291.422,0.022,0.216,5.313,0.000,-1,14,-14
291.473,0.032,0.216,5.289,0.000,0,15,-14
291.524,0.044,0.218,5.285,0.000,0,14,-15
291.575,0.056,0.222,5.305,0.000,1,15,-14
291.626,0.056,0.222,5.305,0.000,0,14,-15
291.677,0.070,0.238,5.300,0.000,0,15,-14
291.728,0.085,0.253,5.306,0.000,0,15,-14
291.779,0.100,0.267,5.301,0.000,0,14,-14
291.830,0.100,0.267,5.301,0.000,0,15,-15
291.881,0.115,0.280,5.298,0.000,0,14,-14
291.932,0.130,0.292,5.310,0.000,0,15,-14
291.983,0.146,0.305,5.306,0.000,0,14,-15
292.034,0.161,0.317,5.309,0.000,0,15,-14
292.085,0.161,0.317,5.309,0.000,0,14,-14
292.136,0.178,0.330,5.321,0.000,0,15,-15
292.187,0.194,0.343,5.306,0.000,0,14,-14
292.238,0.209,0.355,5.313,0.000,0,15,-14
292.289,0.209,0.355,5.316,0.000,0,14,-14
292.340,0.225,0.367,5.316,0.000,0,15,-15
292.391,0.240,0.378,5.307,0.000,-1,14,-14
292.442,0.256,0.387,5.328,0.000,0,15,-14
292.493,0.272,0.395,5.323,0.000,0,14,-14
292.544,0.272,0.395,5.323,0.000,0,15,-14
292.595,0.288,0.405,5.331,0.000,0,14,-15
292.646,0.303,0.418,5.326,0.000,0,14,-14
292.697,0.318,0.432,5.323,0.000,0,15,-14
292.748,0.318,0.432,5.332,0.000,0,14,-15
292.799,0.334,0.448,5.332,0.000,0,15,-14
292.850,0.334,0.448,5.340,0.000,0,14,-14
292.901,0.354,0.465,5.330,0.000,0,14,-14
292.952,0.373,0.481,5.345,0.000,-1,15,-14
293.003,0.373,0.481,5.345,0.000,0,14,-14
293.054,0.393,0.497,5.353,0.000,0,14,-15
293.105,0.393,0.497,5.352,0.000,0,14,-14
293.156,0.416,0.517,5.347,0.000,0,15,-14
293.207,0.416,0.517,5.353,0.000,0,14,-14
293.258,0.426,0.543,5.353,0.000,0,15,-14
293.309,0.438,0.568,5.351,0.000,0,14,-15
293.360,0.451,0.592,5.352,0.000,0,14,-14
293.411,0.451,0.592,5.352,0.000,0,14,-14
293.462,0.461,0.610,5.352,0.000,0,15,-14
293.513,0.482,0.618,5.362,0.000,-1,14,-14
293.564,0.482,0.618,5.362,0.000,0,14,-14
293.615,0.523,0.633,5.366,0.000,0,14,-14
293.666,0.523,0.633,5.389,0.000,0,15,-14
293.717,0.542,0.642,5.389,0.000,0,14,-14
293.768,0.560,0.652,5.372,0.000,0,14,-15
293.819,0.576,0.662,5.389,0.000,0,14,-14
293.870,0.576,0.662,5.376,0.000,0,14,-14
293.921,0.593,0.674,5.385,0.000,0,15,-14
293.972,0.609,0.687,5.385,0.000,0,14,-14
294.023,0.625,0.700,5.381,0.000,0,14,-15
294.074,0.642,0.711,5.397,0.000,0,14,-13
294.125,0.642,0.711,5.411,0.000,0,14,-15
294.176,0.657,0.721,5.411,0.000,0,14,-14
294.227,0.672,0.731,5.405,0.000,0,14,-14
294.278,0.688,0.740,5.417,0.000,0,15,-14
294.329,0.688,0.740,5.405,0.000,0,14,-14
294.380,0.703,0.751,5.410,0.000,0,14,-14
294.431,0.719,0.763,5.410,0.000,0,14,-14
294.482,0.734,0.774,5.411,0.000,0,15,-14
294.533,0.749,0.787,5.431,0.000,0,14,-14
294.584,0.749,0.787,5.439,0.000,0,14,-14
294.635,0.765,0.799,5.439,0.000,0,14,-14
294.686,0.781,0.814,5.427,0.000,0,14,-14
294.737,0.798,0.829,5.437,0.000,0,14,-14
294.788,0.798,0.829,5.433,0.000,0,14,-14
294.839,0.814,0.843,5.442,0.000,0,15,-14
294.890,0.830,0.857,5.442,0.000,0,14,-14
294.941,0.846,0.869,5.446,0.000,0,14,-14
294.992,0.846,0.869,5.448,0.000,0,14,-14
295.043,0.860,0.881,5.443,0.000,0,14,-15
295.094,0.876,0.892,5.443,0.000,0,14,-14
295.145,0.892,0.905,5.456,0.000,0,14,-14
295.196,0.907,0.915,5.450,0.000,0,14,-14
295.247,0.907,0.915,5.463,0.000,0,15,-14
295.298,0.907,0.915,5.468,0.000,2,14,-13
295.350,0.938,0.938,5.468,0.000,9,15,-3
295.401,0.954,0.950,5.400,0.000,14,16,1
295.452,0.954,0.950,5.310,0.000,13,15,-5
295.503,0.967,0.961,5.238,0.000,13,15,-2
295.554,0.977,0.970,5.139,0.000,14,15,-1
295.605,0.986,0.978,5.139,0.000,13,16,0
295.656,0.986,0.978,5.030,0.000,13,15,0
295.707,0.992,0.980,4.952,0.000,14,15,0
295.758,0.999,0.979,4.859,0.000,13,15,0
295.809,1.007,0.980,4.859,0.000,13,15,0
295.861,1.013,0.981,4.763,0.000,1,15,-9
295.912,1.013,0.981,4.733,0.000,-1,13,-14
295.963,1.021,0.983,4.739,0.000,2,15,-13
296.014,1.030,0.984,4.730,0.000,-1,14,-15
296.065,1.043,0.982,4.730,0.000,0,15,-14
296.116,1.058,0.978,4.724,0.000,0,15,-15
296.167,1.058,0.978,4.730,0.000,0,14,-14
296.218,1.076,0.974,4.718,0.000,1,15,-15
296.269,1.096,0.973,4.718,0.000,0,15,-14
296.320,1.116,0.970,4.711,0.000,0,14,-14
296.371,1.116,0.970,4.710,0.000,0,15,-14
296.422,1.139,0.967,4.709,0.000,0,14,-15
296.474,1.159,0.965,4.683,0.000,9,16,-3
296.525,1.179,0.963,4.683,0.000,13,16,0
296.576,1.179,0.963,4.580,0.000,14,16,-1
296.628,1.198,0.962,4.510,0.000,0,14,-10
296.679,1.215,0.961,4.516,0.000,-1,13,-14
296.730,1.230,0.959,4.516,0.000,1,15,-14
296.781,1.243,0.955,4.516,0.000,-1,14,-14
296.832,1.243,0.955,4.516,0.000,-1,15,-15
296.883,1.257,0.950,4.532,0.000,0,14,-14
296.934,1.274,0.943,4.531,0.000,2,15,-14
296.985,1.292,0.937,4.531,0.000,0,14,-15
297.036,1.292,0.937,4.536,0.000,0,15,-14
297.087,1.311,0.931,4.556,0.000,0,14,-15
297.139,1.331,0.925,4.565,0.000,9,16,-3
297.190,1.350,0.919,4.469,0.000,13,16,-1
297.242,1.368,0.914,4.469,0.000,0,15,-11
297.293,1.368,0.914,4.446,0.000,-1,13,-14
297.344,1.383,0.913,4.468,0.000,0,14,-14
297.395,1.397,0.909,4.487,0.000,-1,15,-14
297.446,1.410,0.905,4.495,0.000,0,14,-15
297.497,1.410,0.905,4.495,0.000,0,15,-15
297.548,1.425,0.898,4.501,0.000,0,14,-14
297.599,1.442,0.889,4.521,0.000,0,15,-15
297.651,1.461,0.880,4.538,0.000,9,15,-3
297.702,1.479,0.871,4.538,0.000,14,16,-1
297.753,1.479,0.871,4.448,0.000,13,16,-2
297.804,1.495,0.865,4.367,0.000,14,15,0
297.856,1.510,0.859,4.288,0.000,1,15,-9
297.907,1.517,0.853,4.293,0.000,1,13,-14
297.958,1.517,0.853,4.293,0.000,1,14,-14
298.009,1.524,0.847,4.297,0.000,-1,14,-15
298.060,1.531,0.838,4.315,0.000,-1,15,-14
298.111,1.539,0.827,4.334,0.000,0,14,-15
298.162,1.553,0.814,4.338,0.000,2,15,-14
298.215,1.553,0.814,4.320,0.000,9,16,-3
298.266,1.568,0.801,4.260,0.000,14,16,-1
298.317,1.582,0.788,4.163,0.000,13,15,-2
298.368,1.595,0.779,4.075,0.000,14,16,0
298.419,1.595,0.779,4.075,0.000,0,14,-9
298.470,1.603,0.771,4.027,0.000,-1,13,-14
298.521,1.608,0.763,4.022,0.000,1,15,-14
298.572,1.612,0.751,4.023,0.000,-1,14,-14
298.623,1.616,0.736,4.013,0.000,0,15,-14
298.674,1.616,0.736,4.013,0.000,0,14,-15
298.725,1.624,0.722,4.019,0.000,0,15,-14
298.776,1.635,0.707,3.988,0.000,0,14,-14
298.827,1.647,0.694,4.004,0.000,0,15,-15
298.878,1.647,0.694,4.004,0.000,1,15,-14
298.929,1.658,0.679,3.968,0.000,0,14,-15
298.980,1.668,0.663,3.962,0.000,0,15,-14
299.031,1.679,0.646,3.942,0.000,0,14,-15
299.082,1.679,0.646,3.910,0.000,0,15,-14
299.133,1.687,0.629,3.910,0.000,0,14,-14
299.184,1.697,0.611,3.906,0.000,0,15,-14
299.235,1.707,0.593,3.885,0.000,0,14,-14
299.286,1.718,0.575,3.865,0.000,0,15,-15
299.337,1.718,0.575,3.865,0.000,0,14,-14
299.388,1.728,0.556,3.847,0.000,0,15,-15
299.439,1.738,0.538,3.832,0.000,0,14,-14
299.490,1.748,0.519,3.830,0.000,0,14,-14
299.541,1.748,0.519,3.817,0.000,0,15,-14
299.592,1.754,0.500,3.817,0.000,0,14,-15
299.643,1.764,0.482,3.799,0.000,0,14,-14
299.694,1.772,0.464,3.782,0.000,0,15,-14
299.745,1.781,0.447,3.786,0.000,0,14,-14
299.796,1.781,0.447,3.786,0.000,0,14,-14
299.847,1.790,0.429,3.803,0.000,0,15,-14
299.898,1.799,0.412,3.775,0.000,0,14,-15
299.949,1.810,0.395,3.780,0.000,0,14,-14
300.000,1.810,0.395,3.769,0.000,0,15,-14
300.051,1.820,0.377,3.769,0.000,0,14,-14
300.102,1.831,0.360,3.772,0.000,0,14,-14
300.153,1.841,0.343,3.773,0.000,0,15,-14
300.204,1.841,0.343,3.778,0.000,0,14,-14
300.255,1.852,0.325,3.766,0.000,0,14,-14
300.306,1.862,0.308,3.766,0.000,0,14,-15
300.357,1.872,0.291,3.782,0.000,0,15,-14
300.408,1.882,0.273,3.767,0.000,0,14,-14
300.459,1.882,0.273,3.766,0.000,0,14,-14
300.510,1.891,0.256,3.766,0.000,0,14,-14
300.561,1.901,0.239,3.778,0.000,1,15,-14
300.612,1.910,0.222,3.762,0.000,9,15,-1
300.663,1.910,0.222,3.666,0.000,13,16,-1
300.714,1.919,0.205,3.587,0.000,13,15,-2
300.766,1.931,0.194,3.587,0.000,1,14,-9
300.817,1.934,0.182,3.553,0.000,0,13,-14
300.868,1.936,0.171,3.547,0.000,2,14,-14
300.919,1.936,0.171,3.563,0.000,-1,15,-15
300.970,1.939,0.159,3.563,0.000,0,14,-14
301.021,1.938,0.141,3.559,0.000,0,14,-15
301.072,1.945,0.123,3.568,0.000,1,15,-14
301.123,1.945,0.123,3.568,0.000,0,14,-15
301.174,1.952,0.104,3.539,0.000,9,15,-2
301.225,1.959,0.084,3.539,0.000,13,17,1
301.276,1.967,0.065,3.439,0.000,13,15,-4
301.327,1.967,0.065,3.367,0.000,14,15,-4
301.380,1.973,0.049,3.280,0.000,1,15,-10
301.431,1.974,0.034,3.298,0.000,-1,13,-14
301.482,1.975,0.022,3.298,0.000,0,14,-15
301.533,1.974,0.010,3.299,0.000,0,14,-14
301.584,1.974,0.010,3.321,0.000,-1,14,-15
301.635,1.972,-0.005,3.311,0.000,-1,15,-14
301.686,1.974,-0.022,3.311,0.000,-1,14,-14
301.737,1.975,-0.042,3.335,0.000,0,15,-15
301.788,1.975,-0.042,3.299,0.000,0,14,-14
301.839,1.975,-0.061,3.315,0.000,0,15,-14
301.891,1.976,-0.081,3.277,0.000,10,15,-3
301.942,1.976,-0.101,3.277,0.000,13,16,-1
301.993,1.976,-0.119,3.172,0.000,14,16,-1
302.044,1.976,-0.119,3.100,0.000,0,14,-9
302.095,1.977,-0.135,3.101,0.000,0,14,-14
302.146,1.975,-0.150,3.101,0.000,1,14,-14
302.197,1.972,-0.163,3.101,0.000,-1,14,-15
302.248,1.972,-0.163,3.090,0.000,-1,14,-14
302.299,1.966,-0.177,3.100,0.000,0,15,-15
302.350,1.958,-0.196,3.100,0.000,1,14,-14
302.401,1.951,-0.216,3.100,0.000,1,15,-15
302.503,1.945,-0.236,3.090,0.000,0,15,-14
302.554,1.939,-0.257,3.103,0.000,-1,14,-15
302.605,1.937,-0.276,3.097,0.000,0,14,-14
302.656,1.934,-0.297,3.097,0.000,0,15,-14
302.707,1.934,-0.297,3.110,0.000,0,14,-15
302.758,1.929,-0.317,3.103,0.000,0,15,-14
302.809,1.926,-0.337,3.111,0.000,0,14,-14
302.860,1.921,-0.357,3.111,0.000,0,14,-15
303.013,1.915,-0.396,3.102,0.000,0,14,-14
303.064,1.913,-0.416,3.096,0.000,0,15,-14
303.115,1.913,-0.436,3.096,0.000,0,14,-15
303.166,1.913,-0.436,3.106,0.000,0,14,-14
303.217,1.911,-0.456,3.112,0.000,0,14,-14
303.268,1.910,-0.475,3.112,0.000,0,15,-14
303.319,1.905,-0.494,3.112,0.000,0,14,-14
303.370,1.905,-0.494,3.100,0.000,0,14,-14
303.421,1.898,-0.512,3.117,0.000,1,14,-15
303.472,1.891,-0.530,3.107,0.000,0,14,-14
303.523,1.885,-0.548,3.100,0.000,0,15,-14
303.574,1.879,-0.566,3.100,0.000,0,14,-14
303.625,1.879,-0.566,3.103,0.000,0,14,-14
303.676,1.874,-0.584,3.119,0.000,0,14,-14
303.727,1.869,-0.603,3.103,0.000,0,14,-14
303.778,1.866,-0.622,3.103,0.000,0,14,-14
303.829,1.866,-0.622,3.109,0.000,0,15,-14
303.880,1.863,-0.641,3.111,0.000,0,14,-14
303.931,1.860,-0.660,3.118,0.000,0,14,-14
303.982,1.856,-0.678,3.102,0.000,0,14,-15
304.033,1.856,-0.678,3.102,0.000,0,14,-14
304.084,1.856,-0.678,3.109,0.000,0,14,-14
304.135,1.856,-0.678,3.113,0.000,0,14,-14
304.186,1.856,-0.678,3.103,0.000,0,14,-14
304.237,1.847,-0.711,3.109,0.000,0,15,-14
304.289,1.847,-0.711,3.109,0.000,3,14,-13
304.341,1.838,-0.744,3.108,0.000,6,16,-12
304.392,1.830,-0.777,3.060,0.000,6,15,-10
304.443,1.822,-0.809,3.030,0.000,6,15,-10
304.494,1.822,-0.809,3.030,0.000,6,15,-10
304.546,1.818,-0.827,2.991,0.000,6,15,-10
304.597,1.814,-0.845,2.959,0.000,6,15,-9
304.648,1.810,-0.862,2.934,0.000,5,15,-10
304.699,1.804,-0.875,2.894,0.000,6,15,-9
304.750,1.804,-0.875,2.894,0.000,5,16,-10
304.801,1.797,-0.888,2.872,0.000,5,15,-9
304.852,1.792,-0.901,2.817,0.000,5,15,-9
304.903,1.784,-0.914,2.794,0.000,6,15,-10
304.954,1.784,-0.914,2.794,0.000,5,15,-10
305.005,1.778,-0.928,2.754,0.000,4,16,-9
305.056,1.778,-0.928,2.731,0.000,4,15,-10
305.107,1.760,-0.952,2.696,0.000,5,15,-9
305.159,1.750,-0.963,2.677,0.000,4,16,-11
305.210,1.750,-0.963,2.677,0.000,3,15,-10
305.261,1.741,-0.977,2.654,0.000,3,15,-11
305.312,1.733,-0.991,2.636,0.000,4,16,-11
305.363,1.722,-1.005,2.592,0.000,3,15,-10
305.414,1.722,-1.005,2.578,0.000,4,15,-11
305.465,1.710,-1.019,2.578,0.000,2,16,-11
305.516,1.698,-1.032,2.563,0.000,3,15,-11
305.567,1.685,-1.045,2.548,0.000,4,16,-10
305.618,1.674,-1.058,2.525,0.000,3,15,-11
305.669,1.674,-1.058,2.525,0.000,3,15,-11
305.720,1.661,-1.070,2.510,0.000,3,16,-11
305.771,1.649,-1.081,2.467,0.000,4,15,-10
305.822,1.637,-1.092,2.446,0.000,3,16,-11
305.873,1.637,-1.092,2.431,0.000,3,16,-11
305.924,1.626,-1.103,2.431,0.000,4,15,-11
305.975,1.616,-1.114,2.409,0.000,4,16,-11
306.026,1.602,-1.123,2.358,0.000,4,15,-11
306.077,1.602,-1.123,2.345,0.000,2,16,-10
306.128,1.587,-1.132,2.345,0.000,3,15,-11
306.230,1.553,-1.149,2.295,0.000,3,16,-10
306.281,1.553,-1.149,2.271,0.000,3,15,-11
306.332,1.553,-1.149,2.251,0.000,3,16,-11
306.383,1.534,-1.158,2.251,0.000,4,15,-10
306.434,1.515,-1.169,2.212,0.000,3,16,-11
306.485,1.495,-1.177,2.175,0.000,3,16,-11
306.536,1.495,-1.177,2.165,0.000,4,15,-10
306.587,1.477,-1.184,2.132,0.000,4,16,-11
306.638,1.461,-1.189,2.132,0.000,3,16,-10
306.689,1.443,-1.194,2.109,0.000,3,15,-11
306.740,1.426,-1.200,2.082,0.000,3,16,-10
306.791,1.426,-1.200,2.030,0.000,4,16,-11
306.893,1.389,-1.204,2.044,0.000,3,16,-10
306.944,1.373,-1.207,1.995,0.000,3,16,-11
306.995,1.373,-1.207,1.966,0.000,4,15,-10
307.046,1.358,-1.211,1.938,0.000,3,16,-11
307.097,1.344,-1.217,1.938,0.000,4,16,-11
307.148,1.329,-1.227,1.885,0.000,3,16,-11
307.199,1.314,-1.234,1.852,0.000,4,16,-10
307.250,1.314,-1.234,1.825,0.000,4,15,-11
307.301,1.296,-1.238,1.825,0.000,2,16,-11
307.352,1.275,-1.243,1.772,0.000,4,16,-10
307.403,1.253,-1.241,1.740,0.000,3,16,-11
307.454,1.253,-1.241,1.723,0.000,3,16,-11
307.505,1.234,-1.242,1.705,0.000,4,15,-10
307.556,1.214,-1.240,1.705,0.000,3,16,-11
307.607,1.197,-1.237,1.669,0.000,3,16,-11
307.658,1.197,-1.237,1.634,0.000,4,16,-10
307.709,1.182,-1.237,1.550,0.000,4,16,-11
307.760,1.164,-1.233,1.550,0.000,4,15,-11
307.811,1.148,-1.232,1.547,0.000,3,16,-11
307.862,1.133,-1.231,1.485,0.000,3,16,-11
307.913,1.133,-1.231,1.479,0.000,4,16,-10
307.964,1.120,-1.232,1.430,0.000,3,15,-11
308.015,1.107,-1.231,1.430,0.000,3,16,-10
308.066,1.094,-1.230,1.378,0.000,3,16,-11
308.117,1.094,-1.230,1.344,0.000,4,16,-11
308.168,1.082,-1.227,1.322,0.000,3,16,-10
308.270,1.049,-1.220,1.270,0.000,3,16,-11
308.321,1.031,-1.214,1.219,0.000,4,15,-11
308.372,1.031,-1.214,1.173,0.000,4,16,-10
308.474,0.996,-1.200,1.151,0.000,3,16,-10
308.525,0.980,-1.189,1.091,0.000,3,16,-11
308.576,0.980,-1.189,1.043,0.000,3,16,-10
308.627,0.964,-1.180,1.008,0.000,3,16,-11
308.678,0.949,-1.170,0.951,0.000,3,15,-10
308.729,0.934,-1.160,0.951,0.000,4,16,-11
308.780,0.934,-1.160,0.919,0.000,3,16,-10
308.831,0.918,-1.154,0.877,0.000,4,16,-11
308.882,0.901,-1.136,0.829,0.000,3,16,-10
308.933,0.889,-1.126,0.829,0.000,4,16,-11
308.984,0.877,-1.115,0.783,0.000,4,16,-11
309.035,0.877,-1.115,0.764,0.000,3,16,-11
309.086,0.866,-1.103,0.703,0.000,3,16,-10
309.137,0.853,-1.099,0.654,0.000,3,16,-11
309.188,0.836,-1.085,0.654,0.000,3,16,-11
309.239,0.836,-1.085,0.634,0.000,3,16,-11
309.290,0.819,-1.071,0.613,0.000,3,15,-10
309.341,0.805,-1.058,0.549,0.000,3,16,-11
309.392,0.805,-1.058,0.549,0.000,4,16,-10
309.443,0.805,-1.058,0.498,0.000,3,16,-11
309.494,0.805,-1.058,0.470,0.000,4,16,-11
309.545,0.805,-1.058,0.435,0.000,4,16,-10
309.596,0.784,-1.038,0.386,0.000,4,16,-11
309.647,0.765,-1.019,0.386,0.000,3,16,-10
309.698,0.765,-1.019,0.386,0.000,3,16,-11
309.749,0.746,-1.000,0.318,0.000,3,16,-11
309.800,0.746,-1.000,0.289,0.000,3,16,-11
309.851,0.746,-1.000,0.289,0.000,4,16,-10
309.902,0.729,-0.962,0.270,0.000,3,16,-11
309.953,0.729,-0.962,0.240,0.000,3,16,-11
310.004,0.718,-0.935,0.215,0.000,4,16,-10
310.055,0.706,-0.908,0.153,0.000,3,16,-11
310.106,0.695,-0.880,0.153,0.000,4,16,-11
310.157,0.695,-0.880,0.131,0.000,4,16,-10
310.208,0.682,-0.870,0.109,0.000,3,16,-11
310.259,0.673,-0.856,0.092,0.000,3,16,-11
310.310,0.673,-0.856,0.063,0.000,3,16,-11
310.361,0.673,-0.856,0.063,0.000,4,16,-11
310.412,0.673,-0.856,0.029,0.000,3,16,-10
310.463,0.673,-0.856,0.013,0.000,3,16,-11
310.514,0.673,-0.856,-0.007,0.000,3,16,-11
310.565,0.673,-0.856,-0.007,0.000,4,16,-10
310.616,0.673,-0.856,-0.045,0.000,3,16,-11
310.667,0.659,-0.821,-0.069,0.000,4,16,-11
310.718,0.647,-0.784,-0.097,0.000,3,16,-10
310.769,0.636,-0.746,-0.124,0.000,4,16,-11
310.820,0.636,-0.746,-0.124,0.000,3,16,-11
310.871,0.627,-0.705,-0.142,0.000,3,16,-11
310.922,0.625,-0.685,-0.171,0.000,3,16,-10
310.973,0.624,-0.667,-0.175,0.000,4,16,-11
311.024,0.624,-0.651,-0.175,0.000,3,16,-10
311.075,0.624,-0.651,-0.209,0.000,3,16,-11
311.126,0.624,-0.637,-0.228,0.000,4,16,-11
311.177,0.624,-0.637,-0.253,0.000,3,16,-10
311.228,0.624,-0.637,-0.281,0.000,4,16,-11
311.279,0.624,-0.637,-0.281,0.000,3,16,-10
311.330,0.624,-0.637,-0.277,0.000,4,16,-11
311.381,0.624,-0.637,-0.307,0.000,4,16,-11
311.432,0.624,-0.637,-0.332,0.000,3,16,-10
311.483,0.625,-0.604,-0.332,0.000,3,16,-11
311.534,0.625,-0.604,-0.345,0.000,3,16,-11
311.585,0.629,-0.571,-0.357,0.000,4,16,-11
311.636,0.635,-0.534,-0.385,0.000,3,17,-11
311.687,0.642,-0.498,-0.404,0.000,3,16,-10
311.738,0.642,-0.498,-0.404,0.000,4,16,-11
311.789,0.649,-0.479,-0.412,0.000,3,16,-10
311.840,0.655,-0.460,-0.425,0.000,3,16,-11
311.891,0.662,-0.443,-0.473,0.000,4,16,-10
311.942,0.662,-0.443,-0.464,0.000,4,16,-11
311.993,0.668,-0.427,-0.464,0.000,3,16,-11
312.044,0.673,-0.412,-0.502,0.000,3,16,-11
312.095,0.681,-0.395,-0.516,0.000,3,16,-10
312.146,0.697,-0.373,-0.518,0.000,3,16,-11
312.197,0.697,-0.373,-0.518,0.000,4,16,-11
312.248,0.710,-0.353,-0.533,0.000,4,16,-11
312.299,0.710,-0.353,-0.571,0.000,3,16,-10
312.350,0.710,-0.353,-0.588,0.000,4,16,-11
312.401,0.710,-0.353,-0.611,0.000,3,17,-10
312.452,0.727,-0.334,-0.611,0.000,4,16,-11
312.503,0.743,-0.315,-0.650,0.000,4,16,-10
312.554,0.749,-0.303,-0.664,0.000,4,16,-11
312.605,0.761,-0.284,-0.668,0.000,4,16,-11
312.656,0.761,-0.284,-0.668,0.000,2,16,-10
312.707,0.772,-0.266,-0.707,0.000,4,16,-10
312.758,0.783,-0.251,-0.731,0.000,4,16,-11
312.809,0.795,-0.233,-0.750,0.000,3,16,-10
312.860,0.795,-0.233,-0.779,0.000,4,16,-11
312.911,0.808,-0.215,-0.779,0.000,3,17,-10
312.962,0.821,-0.203,-0.800,0.000,4,16,-11
313.013,0.834,-0.191,-0.832,0.000,4,16,-10
313.064,0.834,-0.191,-0.857,0.000,4,16,-11
313.115,0.846,-0.184,-0.857,0.000,4,16,-10
313.166,0.858,-0.178,-0.893,0.000,3,16,-11
313.217,0.870,-0.170,-0.921,0.000,3,16,-10
313.268,0.882,-0.162,-0.931,0.000,4,16,-10
313.319,0.882,-0.162,-0.966,0.000,3,16,-10
313.370,0.895,-0.152,-0.966,0.000,4,16,-11
313.421,0.910,-0.144,-1.002,0.000,4,17,-10
313.472,0.925,-0.136,-1.011,0.000,3,16,-10
313.524,0.925,-0.136,-1.050,0.000,4,16,-11
313.575,0.941,-0.127,-1.060,0.000,3,16,-11
313.626,0.957,-0.120,-1.060,0.000,5,16,-10
313.677,0.973,-0.113,-1.106,0.000,3,17,-11
313.728,0.989,-0.105,-1.135,0.000,4,16,-10
313.779,0.989,-0.105,-1.139,0.000,3,16,-11
313.830,1.006,-0.100,-1.139,0.000,2,16,-11
313.881,1.023,-0.093,-1.180,0.000,4,16,-10
313.932,1.039,-0.090,-1.192,0.000,3,16,-11
313.983,1.039,-0.090,-1.222,0.000,4,16,-10
314.034,1.056,-0.089,-1.261,0.000,3,17,-11
314.086,1.073,-0.087,-1.261,0.000,4,16,-10
314.137,1.073,-0.087,-1.287,0.000,3,16,-11
314.188,1.073,-0.087,-1.309,0.000,4,16,-10
314.239,1.094,-0.086,-1.332,0.000,5,16,-11
314.290,1.115,-0.085,-1.332,0.000,3,16,-10
314.341,1.137,-0.081,-1.368,0.000,3,16,-11
314.392,1.137,-0.081,-1.378,0.000,3,16,-11
314.443,1.137,-0.081,-1.400,0.000,3,17,-11
314.494,1.137,-0.081,-1.428,0.000,3,16,-10
314.545,1.167,-0.077,-1.428,0.000,4,16,-11
314.596,1.194,-0.075,-1.454,0.000,3,16,-11
314.647,1.194,-0.075,-1.508,0.000,3,16,-10
314.698,1.220,-0.077,-1.527,0.000,3,16,-11
314.749,1.246,-0.082,-1.574,0.000,4,16,-11
314.800,1.246,-0.082,-1.574,0.000,4,17,-10
314.851,1.281,-0.093,-1.602,0.000,4,16,-11
314.902,1.281,-0.093,-1.627,0.000,3,16,-11
314.953,1.299,-0.094,-1.659,0.000,3,16,-10
315.004,1.317,-0.098,-1.659,0.000,4,16,-11
315.055,1.334,-0.099,-1.697,0.000,3,16,-10
315.106,1.334,-0.099,-1.739,0.000,4,16,-11
315.157,1.352,-0.098,-1.764,0.000,3,17,-11
315.208,1.370,-0.101,-1.821,0.000,4,16,-11
315.259,1.389,-0.103,-1.821,0.000,3,16,-10
315.310,1.408,-0.109,-1.844,0.000,4,16,-11
315.361,1.408,-0.109,-1.900,0.000,4,16,-10
315.412,1.426,-0.117,-1.933,0.000,4,16,-11
315.463,1.443,-0.122,-1.933,0.000,3,17,-11
315.514,1.459,-0.125,-1.980,0.000,3,16,-10
315.565,1.459,-0.125,-2.000,0.000,3,16,-10
315.616,1.473,-0.129,-2.036,0.000,4,16,-11
315.720,1.502,-0.141,-2.063,0.000,3,16,-10
315.771,1.517,-0.152,-2.107,0.000,4,16,-11
315.822,1.517,-0.152,-2.132,0.000,3,16,-10
315.873,1.517,-0.152,-2.170,0.000,4,17,-11
315.924,1.535,-0.162,-2.199,0.000,4,16,-11
316.026,1.552,-0.174,-2.237,0.000,3,16,-11
316.077,1.569,-0.186,-2.258,0.000,3,16,-10
316.128,1.586,-0.197,-2.287,0.000,3,16,-11
316.179,1.601,-0.209,-2.287,0.000,4,17,-11
316.231,1.601,-0.209,-2.313,0.000,4,16,-10
316.282,1.615,-0.220,-2.356,0.000,3,16,-10
316.333,1.630,-0.231,-2.381,0.000,3,16,-11
316.384,1.640,-0.247,-2.391,0.000,4,17,-10
316.435,1.649,-0.263,-2.391,0.000,4,16,-11
316.486,1.649,-0.263,-2.433,0.000,4,16,-10
316.537,1.657,-0.279,-2.467,0.000,4,16,-10
316.588,1.666,-0.296,-2.493,0.000,4,16,-11
316.639,1.677,-0.307,-2.493,0.000,3,17,-11
316.690,1.677,-0.307,-2.509,0.000,3,16,-10
316.741,1.687,-0.320,-2.552,0.000,4,16,-11
316.792,1.697,-0.336,-2.577,0.000,4,16,-10
316.843,1.705,-0.351,-2.607,0.000,3,17,-10
316.894,1.712,-0.369,-2.607,0.000,4,16,-11
316.945,1.712,-0.369,-2.631,0.000,3,16,-10
316.996,1.712,-0.369,-2.670,0.000,4,16,-10
317.047,1.712,-0.369,-2.683,0.000,4,17,-11
317.098,1.721,-0.398,-2.729,0.000,4,16,-10
317.150,1.721,-0.398,-2.729,0.000,5,16,-11
317.202,1.721,-0.398,-2.749,0.000,3,17,-11
317.253,1.730,-0.426,-2.786,0.000,4,16,-10
317.304,1.736,-0.459,-2.805,0.000,3,16,-10
317.355,1.736,-0.459,-2.805,0.000,3,16,-11
317.406,1.736,-0.459,-2.828,0.000,4,17,-10
317.457,1.745,-0.494,-2.866,0.000,4,16,-11
317.508,1.751,-0.519,-2.887,0.000,3,16,-11
317.559,1.756,-0.544,-2.922,0.000,4,16,-10
317.610,1.756,-0.544,-2.922,0.000,4,17,-11
317.661,1.758,-0.561,-2.967,0.000,4,16,-10
317.712,1.758,-0.561,-2.987,0.000,4,16,-10
317.763,1.760,-0.584,-3.019,0.000,3,16,-10
317.814,1.760,-0.584,-3.019,0.000,3,16,-10
317.865,1.760,-0.608,-3.053,0.000,4,17,-11
317.916,1.759,-0.630,-3.077,0.000,3,16,-10
317.967,1.763,-0.659,-3.101,0.000,4,16,-10
318.018,1.761,-0.679,-3.144,0.000,3,16,-11
318.069,1.761,-0.679,-3.144,0.000,4,16,-10
318.120,1.760,-0.699,-3.172,0.000,4,17,-11
318.171,1.760,-0.699,-3.199,0.000,3,16,-10
318.222,1.760,-0.699,-3.235,0.000,4,16,-10
318.273,1.760,-0.699,-3.235,0.000,3,16,-11
318.324,1.760,-0.699,-3.249,0.000,3,16,-10
318.375,1.760,-0.699,-3.280,0.000,3,17,-11
318.426,1.760,-0.699,-3.310,0.000,4,16,-11
318.477,1.760,-0.699,-3.332,0.000,3,16,-10
318.528,1.760,-0.699,-3.332,0.000,3,16,-10
318.630,1.745,-0.775,-3.380,0.000,3,16,-10
318.681,1.737,-0.814,-3.422,0.000,4,16,-11
318.732,1.737,-0.814,-3.441,0.000,4,16,-11
318.783,1.737,-0.814,-3.441,0.000,4,16,-10
318.834,1.737,-0.814,-3.479,0.000,4,16,-10
318.885,1.737,-0.814,-3.505,0.000,3,17,-11
318.936,1.737,-0.814,-3.538,0.000,3,16,-11
318.987,1.737,-0.814,-3.538,0.000,3,16,-10
319.038,1.737,-0.814,-3.546,0.000,4,17,-11
319.089,1.737,-0.814,-3.590,0.000,3,16,-10
319.140,1.737,-0.814,-3.615,0.000,4,16,-11
319.191,1.737,-0.814,-3.626,0.000,3,17,-11
319.243,1.710,-0.877,-3.626,0.000,4,16,-11
319.294,1.688,-0.917,-3.668,0.000,4,16,-10
319.396,1.662,-0.957,-3.728,0.000,4,16,-10
319.447,1.635,-0.993,-3.728,0.000,3,16,-11
319.498,1.624,-1.004,-3.749,0.000,3,17,-11
319.550,1.612,-1.017,-3.767,0.000,3,16,-11
319.601,1.600,-1.029,-3.795,0.000,4,17,-10
319.653,1.600,-1.029,-3.816,0.000,3,16,-11
319.704,1.588,-1.041,-3.816,0.000,4,16,-11
319.756,1.577,-1.051,-3.865,0.000,3,17,-11
319.807,1.566,-1.062,-3.871,0.000,3,16,-11
319.910,1.552,-1.068,-3.948,0.000,4,16,-10
319.961,1.538,-1.076,-3.948,0.000,4,16,-11
320.013,1.520,-1.086,-3.964,0.000,2,17,-11
320.064,1.520,-1.086,-3.984,0.000,3,16,-10
320.115,1.503,-1.094,-4.007,0.000,4,16,-11
320.166,1.487,-1.105,-4.007,0.000,3,17,-10
320.268,1.457,-1.117,-4.105,0.000,4,16,-10
320.319,1.457,-1.117,-4.102,0.000,3,16,-10
320.370,1.440,-1.123,-4.136,0.000,3,16,-11
320.421,1.424,-1.129,-4.136,0.000,3,17,-11
320.472,1.398,-1.139,-4.168,0.000,4,16,-11
320.523,1.398,-1.139,-4.196,0.000,4,16,-10
320.574,1.382,-1.147,-4.273,0.000,4,16,-11
320.625,1.365,-1.149,-4.268,0.000,3,17,-10
320.676,1.350,-1.153,-4.268,0.000,3,16,-11
320.727,1.350,-1.153,-4.284,0.000,3,16,-11
320.778,1.342,-1.155,-4.348,0.000,3,16,-10
320.829,1.325,-1.160,-4.379,0.000,3,17,-11
320.880,1.309,-1.169,-4.379,0.000,3,16,-10
320.931,1.291,-1.175,-4.394,0.000,4,16,-11
320.982,1.291,-1.175,-4.434,0.000,4,16,-11
321.033,1.273,-1.180,-4.476,0.000,-2,16,-13
321.085,1.258,-1.186,-4.445,0.000,-10,15,-15
321.136,1.229,-1.191,-4.445,0.000,-1,16,-14
321.187,1.229,-1.191,-4.431,0.000,1,16,-14
321.238,1.210,-1.195,-4.432,0.000,-3,16,-13
321.289,1.180,-1.200,-4.456,0.000,-2,15,-14
321.340,1.148,-1.203,-4.456,0.000,0,17,-14
321.391,1.131,-1.206,-4.475,0.000,1,15,-13
321.442,1.131,-1.206,-4.474,0.000,1,16,-14
321.493,1.107,-1.209,-4.496,0.000,0,16,-14
321.544,1.093,-1.210,-4.519,0.000,-1,16,-14
321.595,1.082,-1.210,-4.519,0.000,0,16,-14
321.646,1.082,-1.210,-4.524,0.000,0,16,-13
321.697,1.069,-1.212,-4.525,0.000,0,15,-14
321.748,1.055,-1.213,-4.557,0.000,0,16,-14
321.799,1.055,-1.213,-4.570,0.000,0,16,-14
321.850,1.022,-1.216,-4.570,0.000,0,16,-14
321.901,1.022,-1.216,-4.584,0.000,0,16,-14
321.952,0.998,-1.216,-4.598,0.000,0,15,-14
322.003,0.975,-1.215,-4.632,0.000,0,16,-14
322.054,0.953,-1.215,-4.632,0.000,0,16,-14
322.105,0.953,-1.215,-4.661,0.000,1,15,-14
322.156,0.933,-1.215,-4.671,0.000,0,16,-14
322.207,0.915,-1.215,-4.686,0.000,0,15,-14
322.258,0.895,-1.215,-4.719,0.000,0,16,-14
322.309,0.895,-1.215,-4.719,0.000,0,16,-14
322.360,0.874,-1.215,-4.743,0.000,0,15,-14
322.411,0.851,-1.215,-4.758,0.000,0,16,-14
322.462,0.832,-1.214,-4.785,0.000,0,15,-14
322.513,0.811,-1.213,-4.785,0.000,0,16,-14
322.564,0.811,-1.213,-4.796,0.000,0,15,-14
322.615,0.789,-1.212,-4.811,0.000,0,16,-14
322.666,0.769,-1.212,-4.830,0.000,0,15,-14
322.717,0.747,-1.210,-4.836,0.000,0,15,-14
322.768,0.747,-1.210,-4.836,0.000,0,16,-14
322.819,0.726,-1.209,-4.878,0.000,0,15,-13
322.870,0.706,-1.209,-4.889,0.000,0,15,-14
322.921,0.684,-1.207,-4.921,0.000,0,16,-15
322.972,0.661,-1.205,-4.921,0.000,0,15,-14
323.023,0.661,-1.205,-4.942,0.000,0,15,-14
323.074,0.639,-1.205,-4.938,0.000,0,16,-14
323.125,0.618,-1.203,-4.956,0.000,0,15,-14
323.176,0.597,-1.202,-4.983,0.000,0,15,-14
323.227,0.597,-1.202,-4.983,0.000,0,15,-14
323.278,0.577,-1.200,-4.976,0.000,0,15,-14
323.329,0.558,-1.200,-4.993,0.000,0,16,-14
323.380,0.538,-1.199,-5.013,0.000,0,15,-14
323.431,0.538,-1.199,-5.017,0.000,0,15,-14
323.482,0.520,-1.198,-5.000,0.000,0,15,-14
323.533,0.502,-1.199,-5.005,0.000,0,15,-14
323.584,0.482,-1.201,-5.014,0.000,0,15,-14
323.635,0.464,-1.201,-5.022,0.000,0,15,-14
323.686,0.464,-1.201,-5.022,0.000,0,15,-14
323.737,0.443,-1.201,-5.012,0.000,0,15,-14
323.788,0.418,-1.198,-5.045,0.000,0,15,-14
323.839,0.392,-1.191,-5.044,0.000,0,15,-14
323.890,0.392,-1.191,-5.039,0.000,0,15,-14
323.941,0.366,-1.185,-5.039,0.000,0,14,-14
323.992,0.342,-1.180,-5.055,0.000,0,15,-14
324.043,0.323,-1.176,-5.050,0.000,0,15,-14
324.094,0.305,-1.173,-5.040,0.000,0,15,-14
324.145,0.305,-1.173,-5.040,0.000,0,15,-14
324.196,0.285,-1.170,-5.047,0.000,0,15,-14
324.247,0.263,-1.163,-5.058,0.000,0,14,-14
324.298,0.263,-1.163,-5.065,0.000,0,15,-14
324.349,0.263,-1.163,-5.047,0.000,0,15,-14
324.400,0.236,-1.159,-5.047,0.000,0,15,-14
324.451,0.236,-1.159,-5.057,0.000,0,14,-14
324.502,0.204,-1.152,-5.059,0.000,0,15,-14
324.553,0.204,-1.152,-5.045,0.000,0,15,-14
324.604,0.204,-1.152,-5.045,0.000,0,14,-14
324.655,0.146,-1.143,-5.053,0.000,0,15,-14
324.706,0.122,-1.138,-5.055,0.000,0,14,-14
324.757,0.104,-1.135,-5.055,0.000,0,15,-14
324.808,0.104,-1.135,-5.050,0.000,0,14,-15
324.859,0.085,-1.132,-5.050,0.000,0,15,-13
324.910,0.085,-1.132,-5.040,0.000,0,14,-14
324.961,0.051,-1.128,-5.030,0.000,0,15,-14
325.012,0.051,-1.128,-5.033,0.000,0,14,-14
325.063,0.033,-1.125,-5.040,0.000,0,15,-15
325.114,0.016,-1.123,-5.035,0.000,0,14,-13
325.165,-0.002,-1.120,-5.032,0.000,0,14,-14
325.216,-0.030,-1.118,-5.026,0.000,0,15,-15
325.267,-0.030,-1.118,-5.005,0.000,0,14,-14
325.318,-0.049,-1.114,-5.005,0.000,0,14,-14
325.420,-0.087,-1.107,-4.989,0.000,0,14,-14
325.471,-0.087,-1.107,-4.983,0.000,0,14,-14
325.522,-0.098,-1.103,-4.998,0.000,0,15,-14
325.573,-0.117,-1.100,-4.998,0.000,0,14,-14
325.624,-0.136,-1.098,-4.976,0.000,0,14,-14
325.675,-0.156,-1.096,-4.961,0.000,0,14,-14
325.726,-0.156,-1.096,-4.942,0.000,0,15,-14
325.777,-0.177,-1.094,-4.942,0.000,0,14,-14
325.828,-0.206,-1.089,-4.929,0.000,0,14,-14
325.879,-0.237,-1.081,-4.912,0.000,0,14,-14
325.930,-0.237,-1.081,-4.889,0.000,0,15,-14
325.981,-0.260,-1.069,-4.865,0.000,0,14,-14
326.032,-0.282,-1.061,-4.865,0.000,0,14,-14
326.083,-0.294,-1.057,-4.845,0.000,-1,14,-14
326.134,-0.294,-1.057,-4.819,0.000,0,15,-14
326.185,-0.300,-1.055,-4.802,0.000,0,14,-15
326.236,-0.315,-1.058,-4.802,0.000,0,14,-14
326.287,-0.328,-1.058,-4.773,0.000,0,14,-14
326.338,-0.345,-1.054,-4.756,0.000,0,14,-14
326.389,-0.345,-1.054,-4.723,0.000,0,14,-14
326.440,-0.364,-1.051,-4.690,0.000,0,15,-14
326.491,-0.384,-1.047,-4.690,0.000,0,14,-14
326.542,-0.405,-1.043,-4.640,0.000,0,14,-14
326.593,-0.405,-1.043,-4.603,0.000,0,14,-14
326.644,-0.426,-1.040,-4.575,0.000,0,14,-14
326.695,-0.448,-1.038,-4.575,0.000,0,14,-14
326.746,-0.469,-1.037,-4.561,0.000,0,14,-14
326.797,-0.469,-1.037,-4.521,0.000,0,14,-14
326.848,-0.490,-1.037,-4.469,0.000,0,14,-14
326.899,-0.509,-1.035,-4.444,0.000,0,15,-14
326.950,-0.531,-1.032,-4.444,0.000,0,14,-14
327.001,-0.551,-1.028,-4.427,0.000,0,14,-14
327.052,-0.551,-1.028,-4.405,0.000,0,14,-14
327.103,-0.571,-1.024,-4.365,0.000,0,14,-14
327.155,-0.593,-1.020,-4.353,0.000,2,15,-14
327.208,-0.612,-1.016,-4.353,0.000,5,16,-12
327.260,-0.633,-1.011,-4.365,0.000,6,15,-9
327.312,-0.633,-1.011,-4.394,0.000,3,15,-12
327.363,-0.652,-1.007,-4.387,0.000,0,14,-13
327.414,-0.670,-1.002,-4.386,0.000,-1,14,-13
327.465,-0.687,-0.997,-4.383,0.000,0,15,-14
327.516,-0.687,-0.997,-4.344,0.000,2,14,-14
327.567,-0.704,-0.993,-4.340,0.000,0,15,-14
327.670,-0.742,-0.985,-4.394,0.000,13,16,1
327.722,-0.742,-0.985,-4.482,0.000,13,15,-4
327.824,-0.762,-0.981,-4.648,0.000,1,14,-8
327.875,-0.780,-0.978,-4.644,0.000,0,13,-15
327.926,-0.795,-0.973,-4.644,0.000,2,14,-14
327.977,-0.795,-0.973,-4.647,0.000,0,14,-14
328.028,-0.810,-0.967,-4.650,0.000,-2,14,-14
328.079,-0.822,-0.960,-4.658,0.000,0,15,-15
328.130,-0.838,-0.950,-4.658,0.000,0,14,-13
328.181,-0.855,-0.940,-4.637,0.000,2,15,-15
328.232,-0.855,-0.940,-4.652,0.000,0,14,-14
328.283,-0.871,-0.931,-4.652,0.000,-1,14,-14
328.334,-0.889,-0.921,-4.715,0.000,8,15,-3
328.385,-0.905,-0.912,-4.715,0.000,14,17,-1
328.436,-0.905,-0.912,-4.814,0.000,13,15,0
328.487,-0.920,-0.902,-4.940,0.000,13,15,0
328.538,-0.931,-0.892,-5.022,0.000,14,15,0
328.589,-0.940,-0.888,-5.022,0.000,1,15,-9
328.640,-0.940,-0.888,-5.022,0.000,-2,13,-14
328.691,-0.945,-0.885,-5.065,0.000,5,14,-14
328.742,-0.950,-0.880,-5.114,0.000,1,15,-15
328.793,-0.958,-0.872,-5.112,0.000,-2,14,-14
328.844,-0.965,-0.860,-5.112,0.000,-1,15,-15
328.895,-0.965,-0.860,-5.095,0.000,1,14,-14
328.946,-0.975,-0.843,-5.111,0.000,0,15,-15
328.997,-0.988,-0.828,-5.113,0.000,0,15,-14
329.048,-1.001,-0.812,-5.138,0.000,-1,14,-15
329.099,-1.001,-0.812,-5.138,0.000,0,15,-14
329.150,-1.015,-0.796,-5.120,0.000,0,15,-14
329.201,-1.029,-0.780,-5.146,0.000,0,14,-15
329.252,-1.043,-0.765,-5.195,0.000,9,15,-3
329.303,-1.043,-0.765,-5.195,0.000,13,16,-2
329.354,-1.055,-0.749,-5.306,0.000,13,16,-2
329.405,-1.065,-0.735,-5.402,0.000,4,15,-8
329.456,-1.073,-0.724,-5.415,0.000,-5,13,-14
329.507,-1.078,-0.712,-5.390,0.000,-2,13,-14
329.558,-1.078,-0.712,-5.390,0.000,2,15,-14
329.609,-1.083,-0.701,-5.415,0.000,1,15,-14
329.660,-1.090,-0.688,-5.433,0.000,0,14,-14
329.711,-1.097,-0.674,-5.427,0.000,-1,15,-15
329.762,-1.097,-0.674,-5.427,0.000,-1,14,-14
329.813,-1.106,-0.657,-5.420,0.000,0,15,-14
329.864,-1.114,-0.640,-5.440,0.000,9,15,-3
329.915,-1.122,-0.622,-5.552,0.000,14,16,0
329.966,-1.129,-0.606,-5.640,0.000,13,15,-2
330.017,-1.129,-0.606,-5.640,0.000,14,16,-1
330.068,-1.133,-0.592,-5.745,0.000,2,14,-9
330.119,-1.139,-0.585,-5.755,0.000,-3,13,-14
330.170,-1.142,-0.576,-5.761,0.000,1,14,-15
330.221,-1.142,-0.576,-5.761,0.000,2,15,-14
330.272,-1.146,-0.566,-5.777,0.000,0,15,-14
330.323,-1.147,-0.550,-5.780,0.000,0,14,-15
330.374,-1.149,-0.530,-5.792,0.000,0,15,-14
330.425,-1.149,-0.530,-5.781,0.000,-1,15,-15
330.476,-1.152,-0.509,-5.781,0.000,1,14,-14
330.527,-1.155,-0.488,-5.793,0.000,0,15,-15
330.578,-1.161,-0.470,-5.781,0.000,-1,14,-14
330.629,-1.165,-0.451,-5.794,0.000,0,15,-15
330.680,-1.165,-0.451,-5.806,0.000,0,15,-14
330.731,-1.170,-0.431,-5.806,0.000,0,14,-14
330.782,-1.175,-0.411,-5.818,0.000,0,15,-15
330.833,-1.181,-0.391,-5.847,0.000,0,14,-14
330.884,-1.181,-0.391,-5.846,0.000,0,14,-15
330.935,-1.184,-0.368,-5.846,0.000,0,15,-14
330.986,-1.187,-0.347,-5.835,0.000,0,14,-14
331.037,-1.190,-0.327,-5.841,0.000,0,15,-15
331.139,-1.192,-0.307,-5.700,0.000,-14,2,-17
331.190,-1.195,-0.287,-5.700,0.000,0,10,-14
331.241,-1.197,-0.269,-5.688,0.000,2,14,-13
331.292,-1.201,-0.251,-5.692,0.000,-4,14,-14
331.343,-1.201,-0.251,-5.673,0.000,-2,14,-15
331.394,-1.206,-0.233,-5.673,0.000,2,15,-14
331.445,-1.206,-0.233,-5.692,0.000,0,14,-14
331.496,-1.206,-0.233,-5.702,0.000,0,15,-14
331.548,-1.206,-0.233,-5.730,0.000,9,15,-5
331.651,-1.218,-0.201,-5.832,0.000,12,15,-4
331.702,-1.231,-0.173,-5.921,0.000,2,14,-11
331.753,-1.240,-0.144,-5.939,0.000,-2,14,-14
331.804,-1.240,-0.144,-5.948,0.000,2,14,-14
331.855,-1.246,-0.117,-5.956,0.000,0,14,-14
331.906,-1.246,-0.117,-5.956,0.000,0,15,-14
331.957,-1.246,-0.098,-5.953,0.000,2,14,-15
332.008,-1.246,-0.098,-5.961,0.000,0,14,-14
332.059,-1.246,-0.076,-5.952,0.000,0,15,-14
332.110,-1.250,-0.052,-5.952,0.000,-1,14,-14
332.161,-1.256,-0.028,-5.980,0.000,0,15,-15
332.212,-1.261,-0.008,-5.971,0.000,0,14,-14
332.263,-1.261,-0.008,-5.992,0.000,0,14,-14
332.314,-1.266,0.011,-5.952,0.000,0,15,-14
332.365,-1.270,0.030,-5.952,0.000,0,14,-15
332.416,-1.274,0.048,-5.990,0.000,0,14,-14
332.467,-1.274,0.048,-5.980,0.000,0,14,-14
332.518,-1.278,0.067,-5.971,0.000,0,15,-14
332.569,-1.281,0.086,-5.971,0.000,0,14,-14
332.620,-1.285,0.104,-5.969,0.000,0,15,-15
332.671,-1.288,0.126,-5.985,0.000,1,14,-14
332.722,-1.288,0.126,-5.992,0.000,0,14,-14
332.773,-1.291,0.146,-5.985,0.000,0,14,-14
332.824,-1.292,0.167,-5.985,0.000,0,14,-14
332.875,-1.293,0.189,-5.997,0.000,0,15,-14
332.926,-1.293,0.189,-5.995,0.000,0,14,-14
332.977,-1.292,0.210,-5.989,0.000,0,14,-14
333.028,-1.293,0.231,-5.989,0.000,0,14,-14
333.079,-1.293,0.252,-5.994,0.000,0,14,-15
333.130,-1.293,0.252,-6.018,0.000,0,15,-14
333.181,-1.296,0.271,-6.017,0.000,0,14,-14
333.232,-1.301,0.292,-6.008,0.000,0,14,-14
333.283,-1.306,0.311,-6.008,0.000,0,14,-14
333.334,-1.311,0.331,-5.991,0.000,0,15,-14
333.385,-1.311,0.331,-6.010,0.000,0,14,-14
333.436,-1.315,0.351,-6.015,0.000,0,14,-14
333.487,-1.315,0.351,-5.992,0.000,0,14,-14
333.538,-1.317,0.376,-5.992,0.000,0,14,-14
333.589,-1.317,0.376,-6.010,0.000,0,14,-14
333.640,-1.317,0.401,-5.995,0.000,0,15,-14
333.691,-1.317,0.401,-6.014,0.000,0,14,-14
333.742,-1.317,0.401,-6.014,0.000,0,14,-15
333.793,-1.317,0.401,-6.005,0.000,0,14,-14
333.844,-1.317,0.401,-6.014,0.000,0,14,-14
333.895,-1.317,0.401,-6.013,0.000,0,14,-14
333.946,-1.320,0.446,-6.032,0.000,0,14,-14
333.997,-1.324,0.490,-6.032,0.000,0,14,-14
334.048,-1.324,0.490,-6.028,0.000,0,14,-14
334.099,-1.328,0.529,-6.031,0.000,0,15,-14
334.150,-1.332,0.568,-6.017,0.000,0,14,-14
334.201,-1.335,0.588,-6.017,0.000,0,13,-14
334.252,-1.335,0.588,-6.006,0.000,0,15,-14
334.303,-1.335,0.588,-6.014,0.000,0,14,-15
334.354,-1.341,0.627,-6.018,0.000,0,14,-14
334.405,-1.341,0.627,-6.026,0.000,0,14,-14
334.456,-1.346,0.650,-6.026,0.000,0,14,-14
334.507,-1.346,0.650,-6.029,0.000,0,14,-14
334.558,-1.349,0.674,-6.018,0.000,0,14,-14
334.609,-1.355,0.693,-6.008,0.000,0,14,-14
334.660,-1.359,0.717,-6.008,0.000,0,14,-14
334.711,-1.359,0.717,-6.016,0.000,0,14,-14
334.762,-1.363,0.735,-6.034,0.000,0,14,-14
334.813,-1.368,0.754,-6.026,0.000,0,15,-14
334.864,-1.371,0.776,-6.011,0.000,0,14,-14
334.915,-1.371,0.776,-6.011,0.000,0,14,-14
334.966,-1.375,0.795,-6.018,0.000,0,14,-15
335.017,-1.375,0.795,-6.025,0.000,0,14,-13
335.068,-1.378,0.820,-6.009,0.000,0,14,-14
335.119,-1.383,0.840,-6.001,0.000,0,14,-14
335.170,-1.383,0.840,-6.001,0.000,0,14,-14
335.221,-1.388,0.859,-6.018,0.000,0,14,-15
335.272,-1.393,0.880,-6.018,0.000,0,14,-14
335.323,-1.397,0.897,-6.009,0.000,0,14,-14
335.374,-1.397,0.897,-6.009,0.000,0,14,-14
335.425,-1.404,0.920,-6.007,0.000,0,14,-14
335.476,-1.409,0.943,-6.009,0.000,0,14,-14
335.527,-1.409,0.959,-6.020,0.000,0,14,-14
335.578,-1.410,0.982,-6.019,0.000,0,14,-14
335.629,-1.410,0.982,-6.019,0.000,0,15,-14
335.681,-1.402,1.004,-6.001,0.000,0,14,-14
335.733,-1.396,1.025,-6.000,0.000,9,15,-3
335.784,-1.401,1.055,-6.111,0.000,13,16,-1
335.835,-1.401,1.055,-6.111,0.000,13,15,0
335.886,-1.407,1.068,-6.211,0.000,1,14,-9
335.937,-1.418,1.080,-6.224,0.000,0,13,-14
335.988,-1.424,1.090,-6.243,0.000,1,14,-14
336.039,-1.424,1.090,-6.227,0.000,-1,14,-14
336.090,-1.424,1.090,-6.227,0.000,0,14,-14
336.141,-1.424,1.102,-6.219,0.000,10,15,-3
336.192,-1.421,1.123,-6.283,0.000,13,16,-1
336.243,-1.420,1.151,-6.360,0.000,13,15,-1
336.294,-1.420,1.151,-6.473,0.000,14,15,0
336.345,-1.419,1.179,-6.473,0.000,14,15,1
336.396,-1.419,1.198,-6.573,0.000,13,16,0
336.447,-1.420,1.213,-6.659,0.000,13,15,-2
336.498,-1.420,1.213,-6.736,0.000,9,15,-6
336.549,-1.419,1.221,-6.736,0.000,0,14,-12
336.600,-1.418,1.229,-6.746,0.000,-2,13,-14
336.651,-1.418,1.229,-6.742,0.000,0,15,-14
336.702,-1.412,1.243,-6.719,0.000,0,15,-14
336.753,-1.412,1.243,-6.731,0.000,2,14,-15
336.804,-1.402,1.261,-6.731,0.000,0,14,-14
336.855,-1.390,1.279,-6.702,0.000,-1,15,-14
336.906,-1.376,1.298,-6.703,0.000,0,14,-14
336.957,-1.376,1.298,-6.710,0.000,0,15,-14
337.008,-1.365,1.315,-6.710,0.000,0,14,-14
337.059,-1.353,1.330,-6.687,0.000,0,15,-14
337.110,-1.340,1.345,-6.704,0.000,0,14,-14
337.161,-1.330,1.362,-6.689,0.000,0,15,-15
337.212,-1.330,1.362,-6.684,0.000,0,14,-14
337.263,-1.330,1.362,-6.684,0.000,0,14,-14
337.314,-1.306,1.392,-6.691,0.000,0,15,-14
337.365,-1.306,1.392,-6.670,0.000,1,14,-14
337.416,-1.306,1.392,-6.672,0.000,0,14,-14
337.467,-1.293,1.411,-6.672,0.000,0,14,-14
337.518,-1.278,1.429,-6.673,0.000,0,15,-14
337.569,-1.264,1.450,-6.675,0.000,0,14,-14
337.620,-1.264,1.450,-6.667,0.000,1,14,-14
337.671,-1.250,1.469,-6.655,0.000,0,14,-14
337.722,-1.239,1.486,-6.655,0.000,0,15,-14
337.773,-1.228,1.503,-6.650,0.000,0,14,-14
337.824,-1.217,1.521,-6.660,0.000,0,14,-14
337.875,-1.217,1.521,-6.655,0.000,0,14,-14
337.926,-1.207,1.537,-6.645,0.000,0,14,-14
337.977,-1.196,1.555,-6.647,0.000,0,15,-14
338.028,-1.186,1.571,-6.644,0.000,0,14,-14
338.079,-1.186,1.571,-6.621,0.000,0,14,-14
338.130,-1.174,1.586,-6.635,0.000,0,14,-15
338.181,-1.163,1.605,-6.635,0.000,0,15,-14
338.232,-1.151,1.621,-6.623,0.000,0,14,-14
338.283,-1.139,1.637,-6.632,0.000,0,14,-14
338.334,-1.139,1.637,-6.616,0.000,0,14,-14
338.385,-1.127,1.653,-6.603,0.000,0,15,-14
338.436,-1.116,1.669,-6.603,0.000,0,14,-15
338.487,-1.105,1.685,-6.616,0.000,0,14,-14
338.538,-1.105,1.685,-6.604,0.000,0,14,-14
338.589,-1.094,1.701,-6.602,0.000,0,14,-14
338.641,-1.082,1.716,-6.602,0.000,9,15,-3
338.692,-1.070,1.733,-6.642,0.000,13,16,-3
338.743,-1.070,1.733,-6.734,0.000,13,15,-2
338.794,-1.060,1.749,-6.820,0.000,13,16,-1
338.845,-1.050,1.757,-6.911,0.000,1,14,-9
338.896,-1.042,1.766,-6.911,0.000,0,13,-14
338.947,-1.035,1.772,-6.883,0.000,2,15,-14
338.998,-1.035,1.772,-6.894,0.000,0,14,-14
339.049,-1.026,1.778,-6.911,0.000,-2,14,-15
339.101,-1.014,1.790,-6.911,0.000,8,15,-3
339.152,-1.002,1.802,-6.911,0.000,14,17,-1
339.254,-0.988,1.814,-7.090,0.000,13,15,-1
339.305,-0.976,1.822,-7.198,0.000,14,16,0
339.356,-0.966,1.830,-7.198,0.000,14,15,0
339.407,-0.966,1.830,-7.280,0.000,13,15,-1
339.458,-0.966,1.830,-7.378,0.000,14,15,0
339.509,-0.958,1.835,-7.464,0.000,13,15,-2
339.560,-0.948,1.838,-7.543,0.000,13,15,-2
339.611,-0.939,1.838,-7.543,0.000,13,16,-2
339.662,-0.939,1.838,-7.630,0.000,14,15,-1
339.713,-0.931,1.836,-7.717,0.000,13,16,-2
339.764,-0.931,1.836,-7.805,0.000,13,15,-2
339.815,-0.915,1.827,-7.805,0.000,13,15,-2
339.866,-0.908,1.823,-7.861,0.000,13,16,-1
339.917,-0.908,1.823,-7.970,0.000,13,15,-1
339.968,-0.901,1.819,-8.052,0.000,12,16,-2
340.019,-0.897,1.816,-8.143,0.000,13,15,0
340.070,-0.890,1.811,-8.143,0.000,13,15,-1
340.121,-0.890,1.811,-8.216,0.000,13,16,0
340.172,-0.885,1.809,-8.299,0.000,13,15,0
340.224,-0.879,1.798,-8.365,0.000,-2,15,-10
340.275,-0.873,1.792,-8.365,0.000,-2,14,-15
340.326,-0.873,1.792,-8.337,0.000,0,14,-14
340.377,-0.869,1.785,-8.342,0.000,-1,15,-15
340.428,-0.865,1.771,-8.335,0.000,0,15,-15
340.479,-0.857,1.766,-8.334,0.000,0,15,-15
340.530,-0.847,1.751,-8.334,0.000,1,15,-14
340.581,-0.847,1.751,-8.325,0.000,1,15,-15
340.632,-0.833,1.735,-8.329,0.000,0,15,-15
340.683,-0.818,1.720,-8.339,0.000,0,15,-15
340.734,-0.806,1.703,-8.336,0.000,-1,15,-14
340.785,-0.806,1.703,-8.336,0.000,0,15,-15
340.836,-0.793,1.686,-8.321,0.000,0,14,-14
340.887,-0.781,1.669,-8.339,0.000,0,15,-15
340.938,-0.768,1.652,-8.340,0.000,5,16,-13
340.990,-0.755,1.636,-8.340,0.000,11,16,-3
341.041,-0.755,1.636,-8.414,0.000,13,16,4
341.092,-0.744,1.622,-8.518,0.000,13,15,-1
341.143,-0.736,1.605,-8.605,0.000,14,15,0
341.194,-0.731,1.600,-8.695,0.000,13,16,0
341.245,-0.731,1.600,-8.695,0.000,13,15,0
341.296,-0.731,1.600,-8.794,0.000,13,15,0
341.347,-0.727,1.591,-8.880,0.000,14,16,0
341.398,-0.722,1.584,-8.978,0.000,13,15,0
341.449,-0.722,1.584,-8.978,0.000,13,16,0
341.500,-0.716,1.582,-9.071,0.000,13,15,0
341.551,-0.712,1.575,-9.174,0.000,13,15,0
341.602,-0.709,1.573,-9.267,0.000,13,16,1
341.653,-0.709,1.568,-9.363,0.000,13,15,1
341.704,-0.709,1.568,-9.363,0.000,12,16,0
341.755,-0.711,1.563,-9.465,0.000,13,15,-1
341.806,-0.713,1.557,-9.564,0.000,13,16,0
341.857,-0.717,1.551,-9.663,0.000,12,15,-1
341.908,-0.717,1.551,-9.663,0.000,13,16,0
341.959,-0.722,1.548,-9.750,0.000,13,15,-1
342.010,-0.727,1.544,-9.849,0.000,12,16,-1
342.061,-0.732,1.538,-9.953,0.000,-1,15,-9
342.112,-0.737,1.533,-9.934,0.000,-1,14,-15
342.163,-0.737,1.533,-9.934,0.000,-1,15,-14
342.214,-0.743,1.524,-9.935,0.000,-2,15,-14
342.265,-0.755,1.517,-9.953,0.000,0,15,-15
342.316,-0.770,1.510,-9.952,0.000,0,15,-14
342.367,-0.770,1.510,-9.980,0.000,1,15,-15
342.418,-0.785,1.496,-9.980,0.000,0,15,-14
342.469,-0.802,1.485,-9.976,0.000,0,15,-15
342.520,-0.817,1.470,-9.994,0.000,0,16,-14
342.571,-0.817,1.470,-10.000,0.000,0,14,-14
342.622,-0.833,1.456,-10.000,0.000,0,16,-15
342.673,-0.851,1.445,-10.001,0.000,0,15,-14
342.724,-0.868,1.434,-10.005,0.000,-1,15,-14
342.775,-0.886,1.424,-9.988,0.000,0,15,-15
342.826,-0.886,1.424,-10.012,0.000,0,15,-14
342.877,-0.909,1.410,-10.012,0.000,0,15,-15
342.928,-0.926,1.398,-10.013,0.000,0,14,-14
342.979,-0.943,1.386,-10.022,0.000,0,15,-14
343.030,-0.943,1.386,-10.033,0.000,0,15,-15
343.081,-0.960,1.374,-10.033,0.000,0,15,-14
343.132,-0.960,1.374,-10.038,0.000,0,15,-14
343.183,-0.976,1.362,-10.032,0.000,0,15,-14
343.234,-0.998,1.349,-10.038,0.000,0,14,-15
343.285,-0.998,1.349,-10.063,0.000,0,15,-14
343.336,-1.020,1.335,-10.063,0.000,0,15,-14
343.387,-1.041,1.321,-10.042,0.000,0,14,-14
343.438,-1.059,1.311,-10.059,0.000,0,15,-15
343.489,-1.059,1.311,-10.068,0.000,0,14,-14
343.540,-1.076,1.300,-10.068,0.000,0,15,-14
343.591,-1.092,1.289,-10.088,0.000,0,15,-14
343.642,-1.109,1.278,-10.078,0.000,0,14,-14
343.693,-1.109,1.278,-10.083,0.000,0,15,-14
343.744,-1.126,1.267,-10.078,0.000,0,14,-14
343.795,-1.144,1.259,-10.078,0.000,0,15,-14
343.846,-1.161,1.250,-10.084,0.000,0,14,-14
343.948,-1.180,1.241,-10.068,0.000,0,14,-15
343.999,-1.196,1.231,-10.068,0.000,-9,3,-15
344.050,-1.196,1.231,-10.068,0.000,-13,3,-16
344.101,-1.228,1.207,-9.946,0.000,-13,2,-15
344.152,-1.228,1.207,-9.874,0.000,-14,0,-16
344.203,-1.245,1.198,-9.776,0.000,-13,0,-15
344.254,-1.259,1.187,-9.776,0.000,-14,0,-16
344.305,-1.268,1.174,-9.678,0.000,-13,0,-15
344.356,-1.279,1.162,-9.573,0.000,-13,3,-15
344.407,-1.279,1.162,-9.516,0.000,-11,6,-15
344.458,-1.287,1.147,-9.422,0.000,-9,7,-15
344.509,-1.293,1.131,-9.422,0.000,-10,6,-16
344.560,-1.300,1.115,-9.383,0.000,-10,7,-15
344.611,-1.300,1.115,-9.337,0.000,-9,6,-16
344.663,-1.303,1.095,-9.259,0.000,-11,1,-16
344.715,-1.302,1.081,-9.259,0.000,-13,1,-16
344.766,-1.304,1.061,-9.145,0.000,-12,4,-15
344.818,-1.304,1.061,-9.081,0.000,2,11,-15
344.869,-1.308,1.044,-9.077,0.000,2,14,-14
344.920,-1.310,1.022,-9.094,0.000,-1,14,-14
344.971,-1.314,0.995,-9.094,0.000,1,13,-15
345.022,-1.311,0.971,-9.086,0.000,0,14,-15
345.073,-1.311,0.971,-9.078,0.000,0,14,-15
345.124,-1.313,0.949,-9.069,0.000,0,14,-14
345.175,-1.314,0.931,-9.086,0.000,0,15,-15
345.227,-1.314,0.913,-9.086,0.000,-10,1,-16
345.279,-1.314,0.913,-9.018,0.000,-13,2,-16
345.330,-1.316,0.895,-8.921,0.000,-14,1,-16
345.382,-1.311,0.876,-8.853,0.000,0,9,-15
345.433,-1.304,0.853,-8.853,0.000,0,13,-13
345.484,-1.300,0.833,-8.848,0.000,-1,14,-15
345.535,-1.300,0.833,-8.822,0.000,2,14,-14
345.586,-1.297,0.818,-8.841,0.000,0,14,-15
345.637,-1.294,0.802,-8.834,0.000,0,15,-15
345.688,-1.291,0.785,-8.834,0.000,-2,14,-14
345.739,-1.291,0.785,-8.842,0.000,-1,14,-15
345.841,-1.279,0.746,-8.824,0.000,0,14,-15
345.893,-1.273,0.726,-8.771,0.000,-9,3,-16
345.944,-1.267,0.706,-8.771,0.000,-14,2,-16
345.995,-1.267,0.706,-8.680,0.000,-13,1,-16
346.047,-1.262,0.688,-8.595,0.000,-1,10,-15
346.098,-1.260,0.663,-8.590,0.000,1,13,-13
346.149,-1.260,0.652,-8.590,0.000,-1,14,-15
346.200,-1.260,0.652,-8.585,0.000,2,14,-14
346.251,-1.258,0.645,-8.591,0.000,0,15,-14
346.302,-1.253,0.619,-8.601,0.000,-1,14,-15
346.354,-1.243,0.602,-8.546,0.000,-10,3,-16
346.405,-1.234,0.568,-8.546,0.000,-13,2,-16
346.456,-1.234,0.568,-8.460,0.000,-14,1,-15
346.507,-1.220,0.537,-8.359,0.000,-14,1,-16
346.559,-1.203,0.532,-8.290,0.000,-1,9,-15
346.610,-1.189,0.526,-8.295,0.000,2,14,-14
346.661,-1.189,0.526,-8.281,0.000,-5,14,-14
346.712,-1.173,0.524,-8.275,0.000,0,14,-15
346.763,-1.159,0.520,-8.273,0.000,-1,14,-14
346.814,-1.147,0.509,-8.271,0.000,-1,14,-15
346.865,-1.132,0.499,-8.271,0.000,0,15,-14
346.916,-1.132,0.499,-8.253,0.000,0,14,-15
346.967,-1.117,0.488,-8.229,0.000,1,14,-14
347.018,-1.101,0.475,-8.234,0.000,0,15,-15
347.069,-1.089,0.463,-8.223,0.000,0,14,-14
347.120,-1.089,0.463,-8.223,0.000,0,14,-15
347.171,-1.072,0.451,-8.210,0.000,0,15,-14
347.222,-1.055,0.439,-8.232,0.000,0,14,-15
347.273,-1.037,0.427,-8.223,0.000,0,14,-14
347.324,-1.016,0.416,-8.223,0.000,0,15,-15
347.375,-1.016,0.416,-8.212,0.000,0,14,-14
347.426,-1.000,0.404,-8.206,0.000,0,14,-15
347.478,-0.983,0.393,-8.204,0.000,-8,6,-15
347.530,-0.967,0.381,-8.112,0.000,-13,0,-16
347.581,-0.967,0.381,-8.112,0.000,-12,2,-16
347.632,-0.952,0.369,-8.019,0.000,0,10,-14
347.683,-0.935,0.359,-8.000,0.000,2,14,-13
347.734,-0.920,0.351,-8.011,0.000,-2,15,-15
347.785,-0.920,0.351,-8.011,0.000,1,14,-14
347.836,-0.905,0.344,-8.000,0.000,0,14,-15
347.887,-0.888,0.338,-8.013,0.000,0,15,-14
347.938,-0.883,0.342,-8.007,0.000,0,14,-14
347.989,-0.876,0.344,-8.020,0.000,-1,14,-15
348.040,-0.876,0.344,-8.020,0.000,0,14,-14
348.091,-0.867,0.345,-8.013,0.000,0,15,-15
348.142,-0.856,0.343,-8.011,0.000,0,14,-14
348.193,-0.832,0.330,-8.016,0.000,0,14,-14
348.244,-0.793,0.315,-8.034,0.000,0,15,-14
348.295,-0.793,0.315,-8.034,0.000,0,14,-14
348.346,-0.769,0.300,-8.034,0.000,0,14,-15
348.397,-0.769,0.300,-8.027,0.000,0,15,-14
348.448,-0.724,0.273,-8.032,0.000,0,14,-14
348.499,-0.724,0.273,-8.032,0.000,0,14,-15
348.550,-0.724,0.273,-8.033,0.000,0,14,-14
348.601,-0.700,0.250,-8.040,0.000,0,14,-14
348.652,-0.680,0.240,-8.036,0.000,0,15,-14
348.703,-0.680,0.240,-8.056,0.000,0,14,-15
348.754,-0.660,0.230,-8.056,0.000,0,14,-14
348.805,-0.644,0.221,-8.043,0.000,0,14,-14
348.856,-0.625,0.212,-8.084,0.000,0,14,-14
348.907,-0.607,0.202,-8.081,0.000,0,14,-15
348.958,-0.607,0.202,-8.081,0.000,0,15,-14
349.009,-0.590,0.192,-8.077,0.000,0,14,-14
349.060,-0.570,0.184,-8.079,0.000,0,14,-14
349.111,-0.552,0.175,-8.098,0.000,1,14,-14
349.162,-0.552,0.175,-8.095,0.000,0,14,-14
349.213,-0.533,0.166,-8.095,0.000,0,14,-14
349.264,-0.514,0.157,-8.109,0.000,0,14,-15
349.315,-0.495,0.147,-8.125,0.000,0,15,-14
349.366,-0.495,0.147,-8.141,0.000,0,13,-14
349.468,-0.480,0.137,-8.141,0.000,0,14,-14
349.519,-0.446,0.119,-8.161,0.000,-8,6,-15
349.571,-0.429,0.110,-8.088,0.000,-12,0,-17
349.623,-0.429,0.110,-8.037,0.000,-1,8,-15
349.674,-0.409,0.100,-8.037,0.000,2,13,-12
349.725,-0.392,0.091,-8.046,0.000,-4,13,-14
349.776,-0.375,0.084,-8.031,0.000,0,14,-14
349.827,-0.359,0.077,-8.047,0.000,-1,14,-15
349.879,-0.359,0.077,-8.021,0.000,-9,5,-15
349.930,-0.342,0.071,-8.021,0.000,0,6,-15
349.981,-0.323,0.065,-7.997,0.000,0,13,-14
350.032,-0.305,0.059,-8.006,0.000,-1,13,-14
350.083,-0.305,0.059,-8.028,0.000,0,14,-14
350.134,-0.289,0.055,-8.028,0.000,1,14,-14
350.185,-0.270,0.052,-8.047,0.000,0,15,-14
350.237,-0.254,0.048,-8.045,0.000,-7,14,-14
350.288,-0.254,0.048,-8.025,0.000,-9,15,-13
350.339,-0.235,0.045,-8.000,0.000,-10,14,-12
350.390,-0.215,0.042,-8.000,0.000,-10,15,-11
350.442,-0.197,0.041,-7.977,0.000,-1,3,0
350.493,-0.177,0.043,-8.024,0.000,3,0,2
350.544,-0.177,0.043,-8.058,0.000,0,3,-3
350.595,-0.159,0.047,-8.043,0.000,-1,-1,-1
350.646,-0.159,0.047,-8.043,0.000,2,1,2
350.697,-0.145,0.051,-8.062,0.000,0,1,2
350.748,-0.145,0.051,-8.067,0.000,-1,0,-1
350.799,-0.136,0.054,-8.061,0.000,-1,0,0
350.850,-0.134,0.056,-8.061,0.000,0,0,1
350.901,-0.134,0.056,-8.060,0.000,1,-1,0
350.952,-0.134,0.057,-8.069,0.000,0,0,0
351.003,-0.134,0.057,-8.041,0.000,0,0,0
351.054,-0.134,0.057,-8.077,0.000,0,0,0
351.105,-0.133,0.057,-8.077,0.000,0,0,0
351.156,-0.134,0.056,-8.056,0.000,0,0,0
351.207,-0.134,0.056,-8.058,0.000,0,0,-1
351.258,-0.133,0.055,-8.062,0.000,0,0,0
351.309,-0.134,0.055,-8.062,0.000,0,0,0
351.360,-0.133,0.055,-8.061,0.000,-1,0,0
351.411,-0.133,0.055,-8.063,0.000,0,0,0
351.462,-0.133,0.055,-8.071,0.000,0,0,0
351.513,-0.133,0.055,-8.056,0.000,0,0,0
351.564,-0.133,0.055,-8.056,0.000,0,1,0
351.615,-0.133,0.055,-8.048,0.000,0,0,0
351.666,-0.133,0.055,-8.067,0.000,0,0,0
351.717,-0.134,0.056,-8.062,0.000,0,0,0
351.768,-0.134,0.056,-8.062,0.000,0,0,0
351.819,-0.134,0.056,-8.048,0.000,0,0,0
351.870,-0.134,0.056,-8.050,0.000,0,0,0
351.921,-0.133,0.056,-8.059,0.000,0,0,0
351.972,-0.132,0.056,-8.060,0.000,0,0,0
352.023,-0.133,0.056,-8.060,0.000,0,0,0
352.074,-0.133,0.056,-8.062,0.000,0,0,0
352.125,-0.134,0.056,-8.057,0.000,0,0,0
352.176,-0.134,0.056,-8.056,0.000,0,0,0
352.227,-0.133,0.056,-8.048,0.000,0,0,0
352.278,-0.132,0.057,-8.048,0.000,0,0,0
352.329,-0.132,0.057,-8.056,0.000,0,0,0
352.380,-0.131,0.057,-8.063,0.000,0,0,0
352.431,-0.131,0.057,-8.065,0.000,0,0,0
352.482,-0.132,0.057,-8.065,0.000,0,0,0
352.533,-0.132,0.057,-8.050,0.000,0,0,0
352.584,-0.132,0.056,-8.054,0.000,0,0,0
352.635,-0.132,0.056,-8.063,0.000,0,0,0
352.686,-0.132,0.056,-8.062,0.000,0,0,0
352.737,-0.132,0.056,-8.062,0.000,0,0,0
352.788,-0.133,0.057,-8.062,0.000,0,0,0
352.839,-0.133,0.057,-8.058,0.000,0,0,0
352.890,-0.133,0.057,-8.063,0.000,0,0,0
352.941,-0.133,0.057,-8.063,0.000,0,0,0
352.992,-0.133,0.057,-8.067,0.000,0,0,0
353.043,-0.133,0.057,-8.063,0.000,0,0,0
353.094,-0.134,0.057,-8.056,0.000,0,0,0
353.145,-0.134,0.057,-8.054,0.000,0,0,0
353.196,-0.134,0.057,-8.054,0.000,0,0,0
353.247,-0.133,0.057,-8.050,0.000,0,0,0
353.298,-0.133,0.057,-8.056,0.000,0,0,0
353.349,-0.133,0.057,-8.064,0.000,0,0,0
353.400,-0.133,0.057,-8.064,0.000,0,0,0
353.451,-0.133,0.057,-8.055,0.000,0,0,0
353.502,-0.134,0.057,-8.060,0.000,0,0,0
353.553,-0.133,0.057,-8.058,0.000,0,0,0
353.604,-0.133,0.056,-8.063,0.000,0,0,0
353.655,-0.133,0.056,-8.063,0.000,0,0,0
353.706,-0.133,0.057,-8.059,0.000,0,0,0
353.757,-0.132,0.057,-8.062,0.000,0,0,0
353.808,-0.132,0.057,-8.052,0.000,0,0,0
353.859,-0.132,0.057,-8.065,0.000,0,0,0
353.910,-0.133,0.057,-8.065,0.000,0,0,0
353.961,-0.133,0.057,-8.077,0.000,0,0,0
354.012,-0.133,0.056,-8.069,0.000,0,0,0
354.063,-0.133,0.056,-8.064,0.000,0,0,0
354.114,-0.133,0.056,-8.064,0.000,0,0,0
354.165,-0.133,0.055,-8.065,0.000,0,0,0
354.216,-0.133,0.055,-8.052,0.000,0,0,0
354.267,-0.133,0.055,-8.061,0.000,0,0,0
354.318,-0.133,0.055,-8.063,0.000,0,0,0
354.369,-0.133,0.055,-8.063,0.000,0,0,0
354.420,-0.133,0.056,-8.073,0.000,0,0,0
354.471,-0.133,0.056,-8.069,0.000,0,0,0
354.522,-0.133,0.056,-8.051,0.000,0,0,0
354.573,-0.133,0.056,-8.051,0.000,0,0,0
354.624,-0.133,0.056,-8.062,0.000,0,0,0
354.675,-0.133,0.056,-8.054,0.000,0,0,0
354.726,-0.133,0.056,-8.052,0.000,0,0,0
354.777,-0.133,0.056,-8.065,0.000,0,0,0
354.828,-0.133,0.056,-8.065,0.000,0,0,0
354.879,-0.133,0.056,-8.069,0.000,0,0,0
354.930,-0.133,0.056,-8.069,0.000,0,0,0
354.981,-0.133,0.056,-8.060,0.000,0,0,0
355.032,-0.133,0.056,-8.060,0.000,0,0,0
355.083,-0.133,0.056,-8.048,0.000,0,0,0
